C:/Tools/mips-ps1/mips/bin/mipsel-none-elf-ld.exe: build/asm/data/data_8010CCD4_r00.data.s.o: in function `CarLogic_gObs':
(.data+0x10): multiple definition of `CarLogic_gObs'; build/recon/game/common/ai.cpp.o:(.data+0x10): first defined here
C:/Tools/mips-ps1/mips/bin/mipsel-none-elf-ld.exe: build/asm/data/data_8010CCD4_r00.data.s.o: in function `AI_Info':
(.data+0x1c): multiple definition of `AI_Info'; build/recon/game/common/ai.cpp.o:(.data+0x1c): first defined here
C:/Tools/mips-ps1/mips/bin/mipsel-none-elf-ld.exe: build/asm/data/data_8010CCD4_r01.data.s.o: in function `AIHigh_Player_kNumArrestsByLap':
(.data+0x0): multiple definition of `AIHigh_Player_kNumArrestsByLap'; build/recon/game/common/aih_play.cpp.o:(.data+0x0): first defined here
C:/Tools/mips-ps1/mips/bin/mipsel-none-elf-ld.exe: build/asm/data/data_8010CCD4_r03.data.s.o: in function `engineUpgrade':
(.data+0x0): multiple definition of `engineUpgrade'; build/recon/game/common/aispeeds.cpp.o:(.data+0x94): first defined here
C:/Tools/mips-ps1/mips/bin/mipsel-none-elf-ld.exe: build/asm/data/data_8010CCD4_r03.data.s.o: in function `suspensionUpgrade':
(.data+0x10): multiple definition of `suspensionUpgrade'; build/recon/game/common/aispeeds.cpp.o:(.data+0xa4): first defined here
C:/Tools/mips-ps1/mips/bin/mipsel-none-elf-ld.exe: build/asm/data/data_8010CCD4_r03.data.s.o: in function `aeroUpgrade':
(.data+0x20): multiple definition of `aeroUpgrade'; build/recon/game/common/aispeeds.cpp.o:(.data+0xb4): first defined here
C:/Tools/mips-ps1/mips/bin/mipsel-none-elf-ld.exe: build/asm/data/data_8010CCD4_r03.data.s.o: in function `Track2Speeds':
(.data+0x30): multiple definition of `Track2Speeds'; build/recon/game/common/aispeeds.cpp.o:(.data+0x0): first defined here
C:/Tools/mips-ps1/mips/bin/mipsel-none-elf-ld.exe: build/asm/data/data_8010CCD4_r03.data.s.o: in function `Track3Speeds':
(.data+0x54): multiple definition of `Track3Speeds'; build/recon/game/common/aispeeds.cpp.o:(.data+0x24): first defined here
C:/Tools/mips-ps1/mips/bin/mipsel-none-elf-ld.exe: build/asm/data/data_8010CCD4_r03.data.s.o: in function `Track5Speeds':
(.data+0x60): multiple definition of `Track5Speeds'; build/recon/game/common/aispeeds.cpp.o:(.data+0x30): first defined here
C:/Tools/mips-ps1/mips/bin/mipsel-none-elf-ld.exe: build/asm/data/data_8010CCD4_r03.data.s.o: in function `Track6Speeds':
(.data+0x6c): multiple definition of `Track6Speeds'; build/recon/game/common/aispeeds.cpp.o:(.data+0x3c): first defined here
C:/Tools/mips-ps1/mips/bin/mipsel-none-elf-ld.exe: build/asm/data/data_8010CCD4_r03.data.s.o: in function `Track7Speeds':
(.data+0x80): multiple definition of `Track7Speeds'; build/recon/game/common/aispeeds.cpp.o:(.data+0x50): first defined here
C:/Tools/mips-ps1/mips/bin/mipsel-none-elf-ld.exe: build/asm/data/data_8010CCD4_r03.data.s.o: in function `AISpeeds_TrackSpeeds':
(.data+0x98): multiple definition of `AISpeeds_TrackSpeeds'; build/recon/game/common/aispeeds.cpp.o:(.data+0x68): first defined here
C:/Tools/mips-ps1/mips/bin/mipsel-none-elf-ld.exe: build/asm/data/data_8010CCD4_r03.data.s.o: in function `leaderBoard':
(.data+0xc4): multiple definition of `leaderBoard'; build/recon/game/common/aispeeds.cpp.o:(.data+0xc4): first defined here
C:/Tools/mips-ps1/mips/bin/mipsel-none-elf-ld.exe: build/asm/data/data_8010CCD4_r03.data.s.o: in function `CaravanInfo':
(.data+0xd4): multiple definition of `CaravanInfo'; build/recon/game/common/aispeeds.cpp.o:(.data+0xd4): first defined here
C:/Tools/mips-ps1/mips/bin/mipsel-none-elf-ld.exe: build/asm/data/data_8010CCD4_r04.data.s.o: in function `gBankNumLookupTable':
(.data+0x0): multiple definition of `gBankNumLookupTable'; build/recon/game/common/audiocmn.cpp.o:(.data+0x54): first defined here
C:/Tools/mips-ps1/mips/bin/mipsel-none-elf-ld.exe: build/asm/data/data_8010CCD4_r04.data.s.o: in function `falseLapTrigNumsForward':
(.data+0x11c): multiple definition of `falseLapTrigNumsForward'; build/recon/game/common/audiocmn.cpp.o:(.data+0x170): first defined here
C:/Tools/mips-ps1/mips/bin/mipsel-none-elf-ld.exe: build/asm/data/data_8010CCD4_r04.data.s.o: in function `falseLapTrigNumsBackward':
(.data+0x16c): multiple definition of `falseLapTrigNumsBackward'; build/recon/game/common/audiocmn.cpp.o:(.data+0x1c0): first defined here
C:/Tools/mips-ps1/mips/bin/mipsel-none-elf-ld.exe: build/asm/data/data_8010CCD4_r04.data.s.o: in function `Xfade':
(.data+0x1bc): multiple definition of `Xfade'; build/recon/game/common/audiocmn.cpp.o:(.data+0x210): first defined here
C:/Tools/mips-ps1/mips/bin/mipsel-none-elf-ld.exe: build/asm/data/data_8010CCD4_r04.data.s.o: in function `AudioCmn_LanguageName':
(.data+0x2a4): multiple definition of `AudioCmn_LanguageName'; build/recon/game/common/audiocmn.cpp.o:(.data+0x2dc): first defined here
C:/Tools/mips-ps1/mips/bin/mipsel-none-elf-ld.exe: build/asm/data/data_8010CCD4_r04.data.s.o: in function `bSirenOn':
(.data+0x2c0): multiple definition of `bSirenOn'; build/recon/game/common/audiocmn.cpp.o:(.data+0x3a0): first defined here
C:/Tools/mips-ps1/mips/bin/mipsel-none-elf-ld.exe: build/asm/data/data_8010CCD4_r04.data.s.o: in function `bSirenPitchingUp':
(.data+0x2d8): multiple definition of `bSirenPitchingUp'; build/recon/game/common/audiocmn.cpp.o:(.data+0x2f8): first defined here
C:/Tools/mips-ps1/mips/bin/mipsel-none-elf-ld.exe: build/asm/data/data_8010CCD4_r04.data.s.o: in function `quickSirenActive':
(.data+0x2f0): multiple definition of `quickSirenActive'; build/recon/game/common/audiocmn.cpp.o:(.data+0x3b8): first defined here
C:/Tools/mips-ps1/mips/bin/mipsel-none-elf-ld.exe: build/asm/data/data_8010CCD4_r04.data.s.o: in function `sirenPitchWidth':
(.data+0x308): multiple definition of `sirenPitchWidth'; build/recon/game/common/audiocmn.cpp.o:(.data+0x310): first defined here
C:/Tools/mips-ps1/mips/bin/mipsel-none-elf-ld.exe: build/asm/data/data_8010CCD4_r04.data.s.o: in function `sirenCurrentPitch':
(.data+0x320): multiple definition of `sirenCurrentPitch'; build/recon/game/common/audiocmn.cpp.o:(.data+0x328): first defined here
C:/Tools/mips-ps1/mips/bin/mipsel-none-elf-ld.exe: build/asm/data/data_8010CCD4_r04.data.s.o: in function `slowSirenReps':
(.data+0x338): multiple definition of `slowSirenReps'; build/recon/game/common/audiocmn.cpp.o:(.data+0x340): first defined here
C:/Tools/mips-ps1/mips/bin/mipsel-none-elf-ld.exe: build/asm/data/data_8010CCD4_r04.data.s.o: in function `sirenCount':
(.data+0x350): multiple definition of `sirenCount'; build/recon/game/common/audiocmn.cpp.o:(.data+0x3d0): first defined here
C:/Tools/mips-ps1/mips/bin/mipsel-none-elf-ld.exe: build/asm/data/data_8010CCD4_r04.data.s.o: in function `reachedSirenMin':
(.data+0x368): multiple definition of `reachedSirenMin'; build/recon/game/common/audiocmn.cpp.o:(.data+0x3e8): first defined here
C:/Tools/mips-ps1/mips/bin/mipsel-none-elf-ld.exe: build/asm/data/data_8010CCD4_r04.data.s.o: in function `quickSirenTimeCount':
(.data+0x380): multiple definition of `quickSirenTimeCount'; build/recon/game/common/audiocmn.cpp.o:(.data+0x400): first defined here
C:/Tools/mips-ps1/mips/bin/mipsel-none-elf-ld.exe: build/asm/data/data_8010CCD4_r04.data.s.o: in function `AudioCmn_gReTrig':
(.data+0x398): multiple definition of `AudioCmn_gReTrig'; build/recon/game/common/audiocmn.cpp.o:(.data+0x418): first defined here
C:/Tools/mips-ps1/mips/bin/mipsel-none-elf-ld.exe: build/asm/data/data_8010CCD4_r04.data.s.o: in function `gSndBnk':
(.data+0x3d8): multiple definition of `gSndBnk'; build/recon/game/common/audiocmn.cpp.o:(.data+0x458): first defined here
C:/Tools/mips-ps1/mips/bin/mipsel-none-elf-ld.exe: build/asm/data/data_8010CCD4_r04.data.s.o: in function `gaChannel':
(.data+0x42c): multiple definition of `gaChannel'; build/recon/game/common/audiocmn.cpp.o:(.data+0x4ac): first defined here
C:/Tools/mips-ps1/mips/bin/mipsel-none-elf-ld.exe: build/asm/data/data_8010CCD4_r04.data.s.o: in function `AudioCmn_gSfxSlot':
(.data+0x664): multiple definition of `AudioCmn_gSfxSlot'; build/recon/game/common/audiocmn.cpp.o:(.data+0x6e4): first defined here
C:/Tools/mips-ps1/mips/bin/mipsel-none-elf-ld.exe: build/asm/data/data_8010CCD4_r04.data.s.o: in function `carbankname':
(.data+0x964): multiple definition of `carbankname'; build/recon/game/common/audiocmn.cpp.o:(.data+0x9e4): first defined here
C:/Tools/mips-ps1/mips/bin/mipsel-none-elf-ld.exe: build/asm/data/data_8010CCD4_r06.data.s.o: in function `Camera_gInfo':
(.data+0x0): multiple definition of `Camera_gInfo'; build/recon/game/common/camera.cpp.o:(.data+0x344): first defined here
C:/Tools/mips-ps1/mips/bin/mipsel-none-elf-ld.exe: build/asm/data/data_8010CCD4_r06.data.s.o: in function `Camera_gFlags':
(.data+0x2a4): multiple definition of `Camera_gFlags'; build/recon/game/common/camera.cpp.o:(.data+0x84): first defined here
C:/Tools/mips-ps1/mips/bin/mipsel-none-elf-ld.exe: build/asm/data/data_8010CCD4_r06.data.s.o: in function `camSpeedTable':
(.data+0x524): multiple definition of `camSpeedTable'; build/recon/game/common/camera.cpp.o:(.data+0x304): first defined here
C:/Tools/mips-ps1/mips/bin/mipsel-none-elf-ld.exe: build/asm/data/data_8010CCD4_r06.data.s.o: in function `feeler3':
(.data+0x540): multiple definition of `feeler3'; build/recon/game/common/camera.cpp.o:(.data+0x320): first defined here
C:/Tools/mips-ps1/mips/bin/mipsel-none-elf-ld.exe: build/asm/data/data_8010CCD4_r06.data.s.o: in function `Camera_gCopDist':
(.data+0x564): multiple definition of `Camera_gCopDist'; build/recon/game/common/camera.cpp.o:(.data+0x564): first defined here
C:/Tools/mips-ps1/mips/bin/mipsel-none-elf-ld.exe: build/asm/data/data_8010CCD4_r07.data.s.o: in function `Collide_gRegistry':
(.data+0x0): multiple definition of `Collide_gRegistry'; build/recon/game/common/collide.cpp.o:(.data+0x0): first defined here
C:/Tools/mips-ps1/mips/bin/mipsel-none-elf-ld.exe: build/asm/data/data_8010CCD4_r08.data.s.o: in function `Speech_gCarDescription':
(.data+0x0): multiple definition of `Speech_gCarDescription'; build/recon/game/common/speech.cpp.o:(.data+0x0): first defined here
C:/Tools/mips-ps1/mips/bin/mipsel-none-elf-ld.exe: build/asm/data/data_8010CCD4_r08.data.s.o: in function `Speech_gLocationDescription00':
(.data+0xf0): multiple definition of `Speech_gLocationDescription00'; build/recon/game/common/speech.cpp.o:(.data+0xf0): first defined here
C:/Tools/mips-ps1/mips/bin/mipsel-none-elf-ld.exe: build/asm/data/data_8010CCD4_r08.data.s.o: in function `Speech_gLocationDescription02':
(.data+0x158): multiple definition of `Speech_gLocationDescription02'; build/recon/game/common/speech.cpp.o:(.data+0x158): first defined here
C:/Tools/mips-ps1/mips/bin/mipsel-none-elf-ld.exe: build/asm/data/data_8010CCD4_r08.data.s.o: in function `Speech_gLocationDescription03':
(.data+0x1c8): multiple definition of `Speech_gLocationDescription03'; build/recon/game/common/speech.cpp.o:(.data+0x1c8): first defined here
C:/Tools/mips-ps1/mips/bin/mipsel-none-elf-ld.exe: build/asm/data/data_8010CCD4_r08.data.s.o: in function `Speech_gLocationDescription04':
(.data+0x230): multiple definition of `Speech_gLocationDescription04'; build/recon/game/common/speech.cpp.o:(.data+0x230): first defined here
C:/Tools/mips-ps1/mips/bin/mipsel-none-elf-ld.exe: build/asm/data/data_8010CCD4_r08.data.s.o: in function `Speech_gLocationDescription05':
(.data+0x278): multiple definition of `Speech_gLocationDescription05'; build/recon/game/common/speech.cpp.o:(.data+0x278): first defined here
C:/Tools/mips-ps1/mips/bin/mipsel-none-elf-ld.exe: build/asm/data/data_8010CCD4_r08.data.s.o: in function `Speech_gLocationDescription06':
(.data+0x2e8): multiple definition of `Speech_gLocationDescription06'; build/recon/game/common/speech.cpp.o:(.data+0x2e8): first defined here
C:/Tools/mips-ps1/mips/bin/mipsel-none-elf-ld.exe: build/asm/data/data_8010CCD4_r08.data.s.o: in function `Speech_gLocationDescription07':
(.data+0x340): multiple definition of `Speech_gLocationDescription07'; build/recon/game/common/speech.cpp.o:(.data+0x340): first defined here
C:/Tools/mips-ps1/mips/bin/mipsel-none-elf-ld.exe: build/asm/data/data_8010CCD4_r08.data.s.o: in function `Speech_gLocationDescription':
(.data+0x398): multiple definition of `Speech_gLocationDescription'; build/recon/game/common/speech.cpp.o:(.data+0x398): first defined here
C:/Tools/mips-ps1/mips/bin/mipsel-none-elf-ld.exe: build/asm/data/data_8010CCD4_r08.data.s.o: in function `Speech_gCallSignDescription':
(.data+0x3c4): multiple definition of `Speech_gCallSignDescription'; build/recon/game/common/speech.cpp.o:(.data+0x3c4): first defined here
C:/Tools/mips-ps1/mips/bin/mipsel-none-elf-ld.exe: build/asm/data/data_8010CCD4_r08.data.s.o: in function `Speech_gCopAttr':
(.data+0x418): multiple definition of `Speech_gCopAttr'; build/recon/game/common/speech.cpp.o:(.data+0x418): first defined here
C:/Tools/mips-ps1/mips/bin/mipsel-none-elf-ld.exe: build/asm/data/data_8010CCD4_r09.data.s.o: in function `gDLPixmap':
(.data+0x0): multiple definition of `gDLPixmap'; build/recon/game/common/genericpmx.cpp.o:(.data+0x0): first defined here
C:/Tools/mips-ps1/mips/bin/mipsel-none-elf-ld.exe: build/asm/data/data_8010CCD4_r09.data.s.o: in function `gSparkHPixmap':
(.data+0x28): multiple definition of `gSparkHPixmap'; build/recon/game/common/genericpmx.cpp.o:(.data+0x74): first defined here
C:/Tools/mips-ps1/mips/bin/mipsel-none-elf-ld.exe: build/asm/data/data_8010CCD4_r09.data.s.o: in function `gStartUpPixmap':
(.data+0x40): multiple definition of `gStartUpPixmap'; build/recon/game/common/genericpmx.cpp.o:(.data+0x8c): first defined here
C:/Tools/mips-ps1/mips/bin/mipsel-none-elf-ld.exe: build/asm/data/data_8010CCD4_r09.data.s.o: in function `gWeatherPixmap':
(.data+0x50): multiple definition of `gWeatherPixmap'; build/recon/game/common/genericpmx.cpp.o:(.data+0x9c): first defined here
C:/Tools/mips-ps1/mips/bin/mipsel-none-elf-ld.exe: build/asm/data/data_8010CCD4_r09.data.s.o: in function `gFlarePixmap':
(.data+0x5c): multiple definition of `gFlarePixmap'; build/recon/game/common/genericpmx.cpp.o:(.data+0x28): first defined here
C:/Tools/mips-ps1/mips/bin/mipsel-none-elf-ld.exe: build/asm/data/data_8010CCD4_r09.data.s.o: in function `gLightningPixmap':
(.data+0x68): multiple definition of `gLightningPixmap'; build/recon/game/common/genericpmx.cpp.o:(.data+0x34): first defined here
C:/Tools/mips-ps1/mips/bin/mipsel-none-elf-ld.exe: build/asm/data/data_8010CCD4_r09.data.s.o: in function `gPixmaps':
(.data+0xa8): multiple definition of `gPixmaps'; build/recon/game/common/genericpmx.cpp.o:(.data+0xa8): first defined here
C:/Tools/mips-ps1/mips/bin/mipsel-none-elf-ld.exe: build/asm/data/data_8010CCD4_r13.data.s.o: in function `gCView':
(.data+0x0): multiple definition of `gCView'; build/recon/game/common/render.cpp.o:(.data+0x0): first defined here
C:/Tools/mips-ps1/mips/bin/mipsel-none-elf-ld.exe: build/asm/data/data_8010CCD4_r15.data.s.o: in function `gHorizonPixmap':
(.data+0x0): multiple definition of `gHorizonPixmap'; build/recon/game/psx/hrzsku.cpp.o:(.data+0x0): first defined here
C:/Tools/mips-ps1/mips/bin/mipsel-none-elf-ld.exe: build/asm/data/data_8010CCD4_r15.data.s.o: in function `gHorizonExtraSkyPixmaps':
(.data+0x40): multiple definition of `gHorizonExtraSkyPixmaps'; build/recon/game/psx/hrzsku.cpp.o:(.data+0x40): first defined here
C:/Tools/mips-ps1/mips/bin/mipsel-none-elf-ld.exe: build/asm/data/data_8010CCD4_r15.data.s.o: in function `gSkyMesh':
(.data+0x80): multiple definition of `gSkyMesh'; build/recon/game/psx/hrzsku.cpp.o:(.data+0x80): first defined here
C:/Tools/mips-ps1/mips/bin/mipsel-none-elf-ld.exe: build/asm/data/data_8010CCD4_r15.data.s.o: in function `gSkyColor':
(.data+0x328): multiple definition of `gSkyColor'; build/recon/game/psx/hrzsku.cpp.o:(.data+0x328): first defined here
C:/Tools/mips-ps1/mips/bin/mipsel-none-elf-ld.exe: build/asm/data/data_8010CCD4_r15.data.s.o: in function `gSkyPixmapIndex':
(.data+0x47c): multiple definition of `gSkyPixmapIndex'; build/recon/game/psx/hrzsku.cpp.o:(.data+0x47c): first defined here
C:/Tools/mips-ps1/mips/bin/mipsel-none-elf-ld.exe: build/asm/data/data_8010CCD4_r15.data.s.o: in function `gpPmx':
(.data+0x4bc): multiple definition of `gpPmx'; build/recon/game/psx/hrzsku.cpp.o:(.data+0x4bc): first defined here
C:/Tools/mips-ps1/mips/bin/mipsel-none-elf-ld.exe: build/asm/data/data_8010CCD4_r15.data.s.o: in function `gHrzRingColor':
(.data+0x4fc): multiple definition of `gHrzRingColor'; build/recon/game/psx/hrzsku.cpp.o:(.data+0x4fc): first defined here
C:/Tools/mips-ps1/mips/bin/mipsel-none-elf-ld.exe: build/asm/data/data_8010CCD4_r15.data.s.o: in function `gfxPmxHeightPercentage':
(.data+0x584): multiple definition of `gfxPmxHeightPercentage'; build/recon/game/psx/hrzsku.cpp.o:(.data+0x584): first defined here
C:/Tools/mips-ps1/mips/bin/mipsel-none-elf-ld.exe: build/asm/data/data_8010CCD4_r15.data.s.o: in function `gHrz_Lightning':
(.data+0x5c4): multiple definition of `gHrz_Lightning'; build/recon/game/psx/hrzsku.cpp.o:(.data+0x5c4): first defined here
C:/Tools/mips-ps1/mips/bin/mipsel-none-elf-ld.exe: build/asm/data/data_8010CCD4_r15.data.s.o: in function `Hud_gElementPositions':
(.data+0x62c): multiple definition of `Hud_gElementPositions'; build/recon/game/psx/hud.cpp.o:(.data+0x0): first defined here
C:/Tools/mips-ps1/mips/bin/mipsel-none-elf-ld.exe: build/asm/data/data_8010CCD4_r15.data.s.o: in function `Hud_Character':
(.data+0x7b4): multiple definition of `Hud_Character'; build/recon/game/psx/hud.cpp.o:(.data+0x188): first defined here
C:/Tools/mips-ps1/mips/bin/mipsel-none-elf-ld.exe: build/asm/data/data_8010CCD4_r15.data.s.o: in function `fMapScaleX':
(.data+0x7c8): multiple definition of `fMapScaleX'; build/recon/game/psx/hud.cpp.o:(.data+0x19c): first defined here
C:/Tools/mips-ps1/mips/bin/mipsel-none-elf-ld.exe: build/asm/data/data_8010CCD4_r15.data.s.o: in function `fMapScaleY':
(.data+0x7f4): multiple definition of `fMapScaleY'; build/recon/game/psx/hud.cpp.o:(.data+0x1c8): first defined here
C:/Tools/mips-ps1/mips/bin/mipsel-none-elf-ld.exe: build/asm/data/data_8010CCD4_r15.data.s.o: in function `fMapOffX':
(.data+0x820): multiple definition of `fMapOffX'; build/recon/game/psx/hud.cpp.o:(.data+0x1f4): first defined here
C:/Tools/mips-ps1/mips/bin/mipsel-none-elf-ld.exe: build/asm/data/data_8010CCD4_r15.data.s.o: in function `fMapOffY':
(.data+0x838): multiple definition of `fMapOffY'; build/recon/game/psx/hud.cpp.o:(.data+0x20c): first defined here
C:/Tools/mips-ps1/mips/bin/mipsel-none-elf-ld.exe: build/asm/data/data_8010CCD4_r15.data.s.o: in function `fMapRotate':
(.data+0x850): multiple definition of `fMapRotate'; build/recon/game/psx/hud.cpp.o:(.data+0x224): first defined here
C:/Tools/mips-ps1/mips/bin/mipsel-none-elf-ld.exe: build/asm/data/data_8010CCD4_r15.data.s.o: in function `Hud_gMarkerColor':
(.data+0x868): multiple definition of `Hud_gMarkerColor'; build/recon/game/psx/hud.cpp.o:(.data+0x23c): first defined here
C:/Tools/mips-ps1/mips/bin/mipsel-none-elf-ld.exe: build/asm/data/data_8010CCD4_r15.data.s.o: in function `Hud_gCopMarkerColor':
(.data+0x898): multiple definition of `Hud_gCopMarkerColor'; build/recon/game/psx/hud.cpp.o:(.data+0x26c): first defined here
C:/Tools/mips-ps1/mips/bin/mipsel-none-elf-ld.exe: build/asm/data/data_8010CCD4_r15.data.s.o: in function `Night_gCopCountryLightTbl':
(.data+0xa20): multiple definition of `Night_gCopCountryLightTbl'; build/recon/game/psx/night.cpp.o:(.data+0x0): first defined here
C:/Tools/mips-ps1/mips/bin/mipsel-none-elf-ld.exe: build/asm/data/data_8010CCD4_r15.data.s.o: in function `Night_gLightningPauseAreas':
(.data+0xa34): multiple definition of `Night_gLightningPauseAreas'; build/recon/game/psx/night.cpp.o:(.data+0x24): first defined here
C:/Tools/mips-ps1/mips/bin/mipsel-none-elf-ld.exe: build/asm/data/data_8010CCD4_r15.data.s.o: in function `Night_gAdditiveHeadlightColor':
(.data+0xac4): multiple definition of `Night_gAdditiveHeadlightColor'; build/recon/game/psx/night.cpp.o:(.data+0xa4): first defined here
C:/Tools/mips-ps1/mips/bin/mipsel-none-elf-ld.exe: build/asm/data/data_8010CCD4_r16.data.s.o: in function `GPU_printf':
(.data+0x2628): multiple definition of `GPU_printf'; build/recon/syslib/psx/libgpu/SYS.c.o:(.bss+0x120): first defined here
C:/Tools/mips-ps1/mips/bin/mipsel-none-elf-ld.exe: build/asm/data/data_8010CCD4_r18.data.s.o: in function `sndcents':
(.data+0x2c4): multiple definition of `sndcents'; build/recon/eaclib/psx/sndpsxz/sclcptch.c.o:(.data+0x0): first defined here
C:/Tools/mips-ps1/mips/bin/mipsel-none-elf-ld.exe: build/recon/eaclib/psx/sndpsxz/snddata.c.o: in function `sndpsxlimits':
(.sdata+0x0): multiple definition of `sndpsxlimits'; build/asm/data/data_8010CCD4_r16.data.s.o:(.data+0x2464): first defined here
C:/Tools/mips-ps1/mips/bin/mipsel-none-elf-ld.exe: build/recon/game/psx/draww.cpp.o: in function `gIdentTemplate':
(.data+0x8): multiple definition of `gIdentTemplate'; build/asm/data/data_8010CCD4_r13.data.s.o:(.data+0x85f4): first defined here
C:/Tools/mips-ps1/mips/bin/mipsel-none-elf-ld.exe: build/recon/game/psx/draww.cpp.o: in function `trk0':
(.data+0x28): multiple definition of `trk0'; build/asm/data/data_8010CCD4_r13.data.s.o:(.data+0x8614): first defined here
C:/Tools/mips-ps1/mips/bin/mipsel-none-elf-ld.exe: build/recon/game/psx/draww.cpp.o: in function `trk4':
(.data+0x70): multiple definition of `trk4'; build/asm/data/data_8010CCD4_r13.data.s.o:(.data+0x865c): first defined here
C:/Tools/mips-ps1/mips/bin/mipsel-none-elf-ld.exe: build/recon/game/psx/draww.cpp.o: in function `gDiv':
(.data+0xd4): multiple definition of `gDiv'; build/asm/data/data_8010CCD4_r13.data.s.o:(.data+0x86ac): first defined here
C:/Tools/mips-ps1/mips/bin/mipsel-none-elf-ld.exe: build/recon/game/psx/draww.cpp.o: in function `animation_timer':
(.data+0x1c4): multiple definition of `animation_timer'; build/asm/data/data_8010CCD4_r13.data.s.o:(.data+0x879c): first defined here
C:/Tools/mips-ps1/mips/bin/mipsel-none-elf-ld.exe: build/recon/game/psx/draww.cpp.o: in function `gChunkObjInfo':
(.data+0x1f4): multiple definition of `gChunkObjInfo'; build/asm/data/data_8010CCD4_r13.data.s.o:(.data+0x87cc): first defined here
C:/Tools/mips-ps1/mips/bin/mipsel-none-elf-ld.exe: build/recon/game/psx/draww.cpp.o: in function `gVertex3d':
(.data+0x20c): multiple definition of `gVertex3d'; build/asm/data/data_8010CCD4_r13.data.s.o:(.data+0x87e4): first defined here
C:/Tools/mips-ps1/mips/bin/mipsel-none-elf-ld.exe: build/recon/syslib/psx/libcd/cddebug.c.o: in function `CD_comstr':
(.data+0x0): multiple definition of `CD_comstr'; build/asm/data/data_8010CCD4_r20.data.s.o:(.data+0x4c): first defined here
C:/Tools/mips-ps1/mips/bin/mipsel-none-elf-ld.exe: build/recon/syslib/psx/libcd/cddebug.c.o: in function `CD_intstr':
(.data+0x80): multiple definition of `CD_intstr'; build/asm/data/data_8010CCD4_r20.data.s.o:(.data+0xcc): first defined here
C:/Tools/mips-ps1/mips/bin/mipsel-none-elf-ld.exe: build/recon/syslib/psx/libpad/PAD.c.o: in function `_padFuncNextPort':
(.sdata+0x0): multiple definition of `_padFuncNextPort'; build/asm/data/data_8010CCD4_r18.data.s.o:(.data+0xe78): first defined here
C:/Tools/mips-ps1/mips/bin/mipsel-none-elf-ld.exe: build/recon/syslib/psx/libpad/PAD.c.o: in function `_padFuncClrInfo':
(.sdata+0x4): multiple definition of `_padFuncClrInfo'; build/asm/data/data_8010CCD4_r18.data.s.o:(.data+0xe7c): first defined here
C:/Tools/mips-ps1/mips/bin/mipsel-none-elf-ld.exe: build/recon/syslib/psx/libpad/PAD.c.o: in function `_padFuncGetTxd':
(.sdata+0x8): multiple definition of `_padFuncGetTxd'; build/asm/data/data_8010CCD4_r18.data.s.o:(.data+0xe80): first defined here
C:/Tools/mips-ps1/mips/bin/mipsel-none-elf-ld.exe: build/recon/syslib/psx/libpad/PAD.c.o: in function `_padFuncCurrLimit':
(.sdata+0xc): multiple definition of `_padFuncCurrLimit'; build/asm/data/data_8010CCD4_r18.data.s.o:(.data+0xe84): first defined here
C:/Tools/mips-ps1/mips/bin/mipsel-none-elf-ld.exe: build/recon/syslib/psx/libpad/PAD.c.o: in function `_padFuncPtr2Port':
(.sdata+0x10): multiple definition of `_padFuncPtr2Port'; build/asm/data/data_8010CCD4_r18.data.s.o:(.data+0xe88): first defined here
C:/Tools/mips-ps1/mips/bin/mipsel-none-elf-ld.exe: build/recon/syslib/psx/libpad/PAD.c.o: in function `_padFuncPort2Info':
(.sdata+0x14): multiple definition of `_padFuncPort2Info'; build/asm/data/data_8010CCD4_r18.data.s.o:(.data+0xe8c): first defined here
C:/Tools/mips-ps1/mips/bin/mipsel-none-elf-ld.exe: build/recon/syslib/psx/libpad/PAD.c.o: in function `_padFuncSendAuto':
(.sdata+0x18): multiple definition of `_padFuncSendAuto'; build/asm/data/data_8010CCD4_r18.data.s.o:(.data+0xe90): first defined here
C:/Tools/mips-ps1/mips/bin/mipsel-none-elf-ld.exe: build/recon/syslib/psx/libpad/PAD.c.o: in function `_padFuncChkEng':
(.sdata+0x1c): multiple definition of `_padFuncChkEng'; build/asm/data/data_8010CCD4_r18.data.s.o:(.data+0xe94): first defined here
C:/Tools/mips-ps1/mips/bin/mipsel-none-elf-ld.exe: build/recon/syslib/psx/libpad/PAD.c.o: in function `_padFuncRecvAuto':
(.sdata+0x20): multiple definition of `_padFuncRecvAuto'; build/asm/data/data_8010CCD4_r18.data.s.o:(.data+0xe98): first defined here
C:/Tools/mips-ps1/mips/bin/mipsel-none-elf-ld.exe: build/recon/syslib/psx/libpad/PAD.c.o: in function `_padFuncClrCmdNo':
(.sdata+0x24): multiple definition of `_padFuncClrCmdNo'; build/asm/data/data_8010CCD4_r18.data.s.o:(.data+0xe9c): first defined here
C:/Tools/mips-ps1/mips/bin/mipsel-none-elf-ld.exe: build/recon/syslib/psx/libpad/PAD.c.o: in function `_padFuncIntGun':
(.sdata+0x28): multiple definition of `_padFuncIntGun'; build/asm/data/data_8010CCD4_r18.data.s.o:(.data+0xea0): first defined here
C:/Tools/mips-ps1/mips/bin/mipsel-none-elf-ld.exe: build/recon/syslib/psx/libpad/PAD.c.o: in function `_padFuncSetGunPort':
(.sdata+0x2c): multiple definition of `_padFuncSetGunPort'; build/asm/data/data_8010CCD4_r18.data.s.o:(.data+0xea4): first defined here
C:/Tools/mips-ps1/mips/bin/mipsel-none-elf-ld.exe: build/recon/syslib/psx/libpad/PAD.c.o: in function `_padFuncGetGunPos':
(.sdata+0x30): multiple definition of `_padFuncGetGunPos'; build/asm/data/data_8010CCD4_r18.data.s.o:(.data+0xea8): first defined here
C:/Tools/mips-ps1/mips/bin/mipsel-none-elf-ld.exe: build/recon/syslib/psx/libpad/PAD.c.o: in function `_padInfoDir':
(.sdata+0x34): multiple definition of `_padInfoDir'; build/asm/data/data_8010CCD4_r18.data.s.o:(.data+0xeac): first defined here
C:/Tools/mips-ps1/mips/bin/mipsel-none-elf-ld.exe: build/recon/syslib/psx/libpad/PAD.c.o: in function `_padIntExec':
(.sdata+0x38): multiple definition of `_padIntExec'; build/asm/data/data_8010CCD4_r18.data.s.o:(.data+0xeb0): first defined here
C:/Tools/mips-ps1/mips/bin/mipsel-none-elf-ld.exe: build/recon/syslib/psx/libpad/PAD.c.o: in function `_padGunExec':
(.sdata+0x3c): multiple definition of `_padGunExec'; build/asm/data/data_8010CCD4_r18.data.s.o:(.data+0xeb4): first defined here
C:/Tools/mips-ps1/mips/bin/mipsel-none-elf-ld.exe: build/recon/syslib/psx/libpad/PAD.c.o: in function `_padSioChan':
(.sdata+0x40): multiple definition of `_padSioChan'; build/asm/data/data_8010CCD4_r18.data.s.o:(.data+0xeb8): first defined here
C:/Tools/mips-ps1/mips/bin/mipsel-none-elf-ld.exe: build/recon/syslib/psx/libpad/PAD.c.o: in function `_padSioState':
(.sdata+0x44): multiple definition of `_padSioState'; build/asm/data/data_8010CCD4_r18.data.s.o:(.data+0xebc): first defined here
C:/Tools/mips-ps1/mips/bin/mipsel-none-elf-ld.exe: build/recon/syslib/psx/libpad/PAD.c.o: in function `_padTotalCurr':
(.sdata+0x48): multiple definition of `_padTotalCurr'; build/asm/data/data_8010CCD4_r18.data.s.o:(.data+0xec0): first defined here
C:/Tools/mips-ps1/mips/bin/mipsel-none-elf-ld.exe: build/recon/syslib/psx/libpad/PAD.c.o: in function `_padModeMtap':
(.sdata+0x4c): multiple definition of `_padModeMtap'; build/asm/data/data_8010CCD4_r18.data.s.o:(.data+0xec4): first defined here
C:/Tools/mips-ps1/mips/bin/mipsel-none-elf-ld.exe: build/recon/syslib/psx/libpad/PAD.c.o: in function `_padChanStart':
(.sdata+0x50): multiple definition of `_padChanStart'; build/asm/data/data_8010CCD4_r18.data.s.o:(.data+0xec8): first defined here
C:/Tools/mips-ps1/mips/bin/mipsel-none-elf-ld.exe: build/recon/syslib/psx/libpad/PAD.c.o: in function `_padChanStop':
(.sdata+0x54): multiple definition of `_padChanStop'; build/asm/data/data_8010CCD4_r18.data.s.o:(.data+0xecc): first defined here
C:/Tools/mips-ps1/mips/bin/mipsel-none-elf-ld.exe: build/recon/syslib/psx/libpad/PAD.c.o: in function `_padFixResult':
(.data+0x0): multiple definition of `_padFixResult'; build/asm/data/data_8010CCD4_r18.data.s.o:(.data+0xed0): first defined here
C:/Tools/mips-ps1/mips/bin/mipsel-none-elf-ld.exe: build/recon/syslib/psx/libpad/PAD.c.o: in function `padIntFunc':
(.data+0x8): multiple definition of `padIntFunc'; build/asm/data/data_8010CCD4_r21.data.s.o:(.data+0xc): first defined here
C:/Tools/mips-ps1/mips/bin/mipsel-none-elf-ld.exe: build/recon/game/common/aihigh.cpp.o: in function `highLevelAIObjs':
(.data+0x38): multiple definition of `highLevelAIObjs'; build/asm/data/data_8010CCD4_r00.data.s.o:(.data+0x64): first defined here
C:/Tools/mips-ps1/mips/bin/mipsel-none-elf-ld.exe: build/asm/data/sdata_8013C54C_r01.sdata.s.o: in function `gBlockadeTypes':
(.sdata+0x0): multiple definition of `gBlockadeTypes'; build/recon/game/common/aih_play.cpp.o:(.data+0xc): first defined here
C:/Tools/mips-ps1/mips/bin/mipsel-none-elf-ld.exe: build/asm/data/sdata_8013C54C_r03.sdata.s.o: in function `Track0Speeds':
(.sdata+0x8): multiple definition of `Track0Speeds'; build/recon/game/common/aispeeds.cpp.o:(.sdata+0x0): first defined here
C:/Tools/mips-ps1/mips/bin/mipsel-none-elf-ld.exe: build/asm/data/sdata_8013C54C_r03.sdata.s.o: in function `Track1Speeds':
(.sdata+0xc): multiple definition of `Track1Speeds'; build/recon/game/common/aispeeds.cpp.o:(.sdata+0x4): first defined here
C:/Tools/mips-ps1/mips/bin/mipsel-none-elf-ld.exe: build/asm/data/sdata_8013C54C_r03.sdata.s.o: in function `Track4Speeds':
(.sdata+0x10): multiple definition of `Track4Speeds'; build/recon/game/common/aispeeds.cpp.o:(.sdata+0x8): first defined here
C:/Tools/mips-ps1/mips/bin/mipsel-none-elf-ld.exe: build/asm/data/sdata_8013C54C_r03.sdata.s.o: in function `Track8Speeds':
(.sdata+0x14): multiple definition of `Track8Speeds'; build/recon/game/common/aispeeds.cpp.o:(.sdata+0xc): first defined here
C:/Tools/mips-ps1/mips/bin/mipsel-none-elf-ld.exe: build/asm/data/sdata_8013C54C_r03.sdata.s.o: in function `Track9Speeds':
(.sdata+0x18): multiple definition of `Track9Speeds'; build/recon/game/common/aispeeds.cpp.o:(.sdata+0x10): first defined here
C:/Tools/mips-ps1/mips/bin/mipsel-none-elf-ld.exe: build/asm/data/sdata_8013C54C_r03.sdata.s.o: in function `Track10Speeds':
(.sdata+0x1c): multiple definition of `Track10Speeds'; build/recon/game/common/aispeeds.cpp.o:(.sdata+0x14): first defined here
C:/Tools/mips-ps1/mips/bin/mipsel-none-elf-ld.exe: build/asm/data/sdata_8013C54C_r05.sdata.s.o: in function `trackMusicState':
(.sdata+0x0): multiple definition of `trackMusicState'; build/recon/game/common/audiocmn.cpp.o:(.sdata+0x1c): first defined here
C:/Tools/mips-ps1/mips/bin/mipsel-none-elf-ld.exe: build/asm/data/sdata_8013C54C_r05.sdata.s.o: in function `audioBackwardsDirection':
(.sdata+0x4): multiple definition of `audioBackwardsDirection'; build/recon/game/common/audiocmn.cpp.o:(.sdata+0x58): first defined here
C:/Tools/mips-ps1/mips/bin/mipsel-none-elf-ld.exe: build/asm/data/sdata_8013C54C_r05.sdata.s.o: in function `intensityFalseLapCounter':
(.sdata+0x8): multiple definition of `intensityFalseLapCounter'; build/recon/game/common/audiocmn.cpp.o:(.sdata+0x5c): first defined here
C:/Tools/mips-ps1/mips/bin/mipsel-none-elf-ld.exe: build/asm/data/sdata_8013C54C_r05.sdata.s.o: in function `falseLapCounter':
(.sdata+0xc): multiple definition of `falseLapCounter'; build/recon/game/common/audiocmn.cpp.o:(.sdata+0x60): first defined here
C:/Tools/mips-ps1/mips/bin/mipsel-none-elf-ld.exe: build/asm/data/sdata_8013C54C_r05.sdata.s.o: in function `gMusicStyle':
(.sdata+0x10): multiple definition of `gMusicStyle'; build/recon/game/common/audiocmn.cpp.o:(.sdata+0x64): first defined here
C:/Tools/mips-ps1/mips/bin/mipsel-none-elf-ld.exe: build/asm/data/sdata_8013C54C_r05.sdata.s.o: in function `countdown':
(.sdata+0x14): multiple definition of `countdown'; build/recon/game/common/audiocmn.cpp.o:(.sdata+0x68): first defined here
C:/Tools/mips-ps1/mips/bin/mipsel-none-elf-ld.exe: build/asm/data/sdata_8013C54C_r05.sdata.s.o: in function `FadingMusic':
(.sdata+0x15): multiple definition of `FadingMusic'; build/recon/game/common/audiocmn.cpp.o:(.sdata+0x69): first defined here
C:/Tools/mips-ps1/mips/bin/mipsel-none-elf-ld.exe: build/asm/data/sdata_8013C54C_r05.sdata.s.o: in function `StartedNewMusic':
(.sdata+0x16): multiple definition of `StartedNewMusic'; build/recon/game/common/audiocmn.cpp.o:(.sdata+0x6a): first defined here
C:/Tools/mips-ps1/mips/bin/mipsel-none-elf-ld.exe: build/asm/data/sdata_8013C54C_r05.sdata.s.o: in function `recordLapTime':
(.sdata+0x18): multiple definition of `recordLapTime'; build/recon/game/common/audiocmn.cpp.o:(.sdata+0x6c): first defined here
C:/Tools/mips-ps1/mips/bin/mipsel-none-elf-ld.exe: build/asm/data/sdata_8013C54C_r05.sdata.s.o: in function `AudioCmn_kAudioOn':
(.sdata+0x1c): multiple definition of `AudioCmn_kAudioOn'; build/recon/game/common/audiocmn.cpp.o:(.sdata+0x20): first defined here
C:/Tools/mips-ps1/mips/bin/mipsel-none-elf-ld.exe: build/asm/data/sdata_8013C54C_r05.sdata.s.o: in function `AudioCmn_kAudioStreamingOn':
(.sdata+0x20): multiple definition of `AudioCmn_kAudioStreamingOn'; build/recon/game/common/audiocmn.cpp.o:(.sdata+0x24): first defined here
C:/Tools/mips-ps1/mips/bin/mipsel-none-elf-ld.exe: build/asm/data/sdata_8013C54C_r05.sdata.s.o: in function `SgameSFXvol':
(.sdata+0x24): multiple definition of `SgameSFXvol'; build/recon/game/common/audiocmn.cpp.o:(.sdata+0x28): first defined here
C:/Tools/mips-ps1/mips/bin/mipsel-none-elf-ld.exe: build/asm/data/sdata_8013C54C_r05.sdata.s.o: in function `gMasterMusicLevel':
(.sdata+0x28): multiple definition of `gMasterMusicLevel'; build/recon/game/common/audiocmn.cpp.o:(.sdata+0x2c): first defined here
C:/Tools/mips-ps1/mips/bin/mipsel-none-elf-ld.exe: build/asm/data/sdata_8013C54C_r05.sdata.s.o: in function `gMasterSFXLevel':
(.sdata+0x2c): multiple definition of `gMasterSFXLevel'; build/recon/game/common/audiocmn.cpp.o:(.sdata+0x30): first defined here
C:/Tools/mips-ps1/mips/bin/mipsel-none-elf-ld.exe: build/asm/data/sdata_8013C54C_r05.sdata.s.o: in function `gMasterEngineLevel':
(.sdata+0x30): multiple definition of `gMasterEngineLevel'; build/recon/game/common/audiocmn.cpp.o:(.sdata+0x34): first defined here
C:/Tools/mips-ps1/mips/bin/mipsel-none-elf-ld.exe: build/asm/data/sdata_8013C54C_r05.sdata.s.o: in function `gMasterFENarrationLevel':
(.sdata+0x34): multiple definition of `gMasterFENarrationLevel'; build/recon/game/common/audiocmn.cpp.o:(.sdata+0x38): first defined here
C:/Tools/mips-ps1/mips/bin/mipsel-none-elf-ld.exe: build/asm/data/sdata_8013C54C_r05.sdata.s.o: in function `gMasterAmbientLevel':
(.sdata+0x38): multiple definition of `gMasterAmbientLevel'; build/recon/game/common/audiocmn.cpp.o:(.sdata+0x3c): first defined here
C:/Tools/mips-ps1/mips/bin/mipsel-none-elf-ld.exe: build/asm/data/sdata_8013C54C_r05.sdata.s.o: in function `previousSFXLevel':
(.sdata+0x3c): multiple definition of `previousSFXLevel'; build/recon/game/common/audiocmn.cpp.o:(.sdata+0x40): first defined here
C:/Tools/mips-ps1/mips/bin/mipsel-none-elf-ld.exe: build/asm/data/sdata_8013C54C_r05.sdata.s.o: in function `AudioCmn_musicInteractive':
(.sdata+0x40): multiple definition of `AudioCmn_musicInteractive'; build/recon/game/common/audiocmn.cpp.o:(.sdata+0x44): first defined here
C:/Tools/mips-ps1/mips/bin/mipsel-none-elf-ld.exe: build/asm/data/sdata_8013C54C_r05.sdata.s.o: in function `gFEmusicON':
(.sdata+0x44): multiple definition of `gFEmusicON'; build/recon/game/common/audiocmn.cpp.o:(.sdata+0x48): first defined here
C:/Tools/mips-ps1/mips/bin/mipsel-none-elf-ld.exe: build/asm/data/sdata_8013C54C_r05.sdata.s.o: in function `NumSFXOn':
(.sdata+0x48): multiple definition of `NumSFXOn'; build/recon/game/common/audiocmn.cpp.o:(.sdata+0x70): first defined here
C:/Tools/mips-ps1/mips/bin/mipsel-none-elf-ld.exe: build/asm/data/sdata_8013C54C_r05.sdata.s.o: in function `gStereoMode':
(.sdata+0x4c): multiple definition of `gStereoMode'; build/recon/game/common/audiocmn.cpp.o:(.sdata+0x4c): first defined here
C:/Tools/mips-ps1/mips/bin/mipsel-none-elf-ld.exe: build/asm/data/sdata_8013C54C_r05.sdata.s.o: in function `fReverbOn':
(.sdata+0x50): multiple definition of `fReverbOn'; build/recon/game/common/audiocmn.cpp.o:(.sdata+0x74): first defined here
C:/Tools/mips-ps1/mips/bin/mipsel-none-elf-ld.exe: build/asm/data/sdata_8013C54C_r05.sdata.s.o: in function `fReverbLevel':
(.sdata+0x51): multiple definition of `fReverbLevel'; build/recon/game/common/audiocmn.cpp.o:(.sdata+0x50): first defined here
C:/Tools/mips-ps1/mips/bin/mipsel-none-elf-ld.exe: build/asm/data/sdata_8013C54C_r05.sdata.s.o: in function `falseLapTrigCur':
(.sdata+0x8c): multiple definition of `falseLapTrigCur'; build/recon/game/common/audiocmn.cpp.o:(.sdata+0x78): first defined here
C:/Tools/mips-ps1/mips/bin/mipsel-none-elf-ld.exe: build/asm/data/sdata_8013C54C_r05.sdata.s.o: in function `flaseLapTrigTrack':
(.sdata+0x90): multiple definition of `flaseLapTrigTrack'; build/recon/game/common/audiocmn.cpp.o:(.sdata+0x7c): first defined here
C:/Tools/mips-ps1/mips/bin/mipsel-none-elf-ld.exe: build/asm/data/sdata_8013C54C_r05.sdata.s.o: in function `currentLap':
(.sdata+0x94): multiple definition of `currentLap'; build/recon/game/common/audiocmn.cpp.o:(.sdata+0x80): first defined here
C:/Tools/mips-ps1/mips/bin/mipsel-none-elf-ld.exe: build/asm/data/sdata_8013C54C_r05.sdata.s.o: in function `bestLapTime':
(.sdata+0x98): multiple definition of `bestLapTime'; build/recon/game/common/audiocmn.cpp.o:(.data+0x9f0): first defined here
C:/Tools/mips-ps1/mips/bin/mipsel-none-elf-ld.exe: build/asm/data/sdata_8013C54C_r05.sdata.s.o: in function `gtotallaptimes':
(.sdata+0xa0): multiple definition of `gtotallaptimes'; build/recon/game/common/audiocmn.cpp.o:(.data+0x9f8): first defined here
C:/Tools/mips-ps1/mips/bin/mipsel-none-elf-ld.exe: build/asm/data/sdata_8013C54C_r05.sdata.s.o: in function `AudioCmn_gPlayerArrested':
(.sdata+0xa8): multiple definition of `AudioCmn_gPlayerArrested'; build/recon/game/common/audiocmn.cpp.o:(.data+0xa00): first defined here
C:/Tools/mips-ps1/mips/bin/mipsel-none-elf-ld.exe: build/asm/data/sdata_8013C54C_r05.sdata.s.o: in function `AudioCmn_gCursorSndHandle':
(.sdata+0xb0): multiple definition of `AudioCmn_gCursorSndHandle'; build/recon/game/common/audiocmn.cpp.o:(.sdata+0x84): first defined here
C:/Tools/mips-ps1/mips/bin/mipsel-none-elf-ld.exe: build/asm/data/sdata_8013C54C_r05.sdata.s.o: in function `AudioCmn_gLastFade':
(.sdata+0xb4): multiple definition of `AudioCmn_gLastFade'; build/recon/game/common/audiocmn.cpp.o:(.sdata+0x88): first defined here
C:/Tools/mips-ps1/mips/bin/mipsel-none-elf-ld.exe: build/asm/data/sdata_8013C54C_r05.sdata.s.o: in function `AudioCmn_gLoadTables':
(.sdata+0xb8): multiple definition of `AudioCmn_gLoadTables'; build/recon/game/common/audiocmn.cpp.o:(.sdata+0x8c): first defined here
C:/Tools/mips-ps1/mips/bin/mipsel-none-elf-ld.exe: build/asm/data/sdata_8013C54C_r05.sdata.s.o: in function `AudioCmn_gCruiseTables':
(.sdata+0xbc): multiple definition of `AudioCmn_gCruiseTables'; build/recon/game/common/audiocmn.cpp.o:(.sdata+0x90): first defined here
C:/Tools/mips-ps1/mips/bin/mipsel-none-elf-ld.exe: build/asm/data/sdata_8013C54C_r05.sdata.s.o: in function `AudioCmn_gResume':
(.sdata+0xc0): multiple definition of `AudioCmn_gResume'; build/recon/game/common/audiocmn.cpp.o:(.sdata+0x94): first defined here
C:/Tools/mips-ps1/mips/bin/mipsel-none-elf-ld.exe: build/asm/data/sdata_8013C54C_r05.sdata.s.o: in function `AudioCmn_gStreamRestartTimer':
(.sdata+0xc4): multiple definition of `AudioCmn_gStreamRestartTimer'; build/recon/game/common/audiocmn.cpp.o:(.sdata+0x98): first defined here
C:/Tools/mips-ps1/mips/bin/mipsel-none-elf-ld.exe: build/asm/data/sdata_8013C54C_r05.sdata.s.o: in function `fMysticWindON':
(.sdata+0xc8): multiple definition of `fMysticWindON'; build/recon/game/common/audiocmn.cpp.o:(.sdata+0x9c): first defined here
C:/Tools/mips-ps1/mips/bin/mipsel-none-elf-ld.exe: build/asm/data/sdata_8013C54C_r05.sdata.s.o: in function `fAmbientRangeON':
(.sdata+0xcc): multiple definition of `fAmbientRangeON'; build/recon/game/common/audiocmn.cpp.o:(.sdata+0xa0): first defined here
C:/Tools/mips-ps1/mips/bin/mipsel-none-elf-ld.exe: build/asm/data/sdata_8013C54C_r05.sdata.s.o: in function `currentWindVal':
(.sdata+0xd0): multiple definition of `currentWindVal'; build/recon/game/common/audiocmn.cpp.o:(.data+0xa08): first defined here
C:/Tools/mips-ps1/mips/bin/mipsel-none-elf-ld.exe: build/asm/data/sdata_8013C54C_r05.sdata.s.o: in function `nextWindVal':
(.sdata+0xd8): multiple definition of `nextWindVal'; build/recon/game/common/audiocmn.cpp.o:(.data+0xa10): first defined here
C:/Tools/mips-ps1/mips/bin/mipsel-none-elf-ld.exe: build/asm/data/sdata_8013C54C_r05.sdata.s.o: in function `currentWindPan':
(.sdata+0xe0): multiple definition of `currentWindPan'; build/recon/game/common/audiocmn.cpp.o:(.sdata+0xa4): first defined here
C:/Tools/mips-ps1/mips/bin/mipsel-none-elf-ld.exe: build/asm/data/sdata_8013C54C_r05.sdata.s.o: in function `nextWindPan':
(.sdata+0xe4): multiple definition of `nextWindPan'; build/recon/game/common/audiocmn.cpp.o:(.sdata+0xa8): first defined here
C:/Tools/mips-ps1/mips/bin/mipsel-none-elf-ld.exe: build/asm/data/sdata_8013C54C_r05.sdata.s.o: in function `gQuickSirenCount':
(.sdata+0xe8): multiple definition of `gQuickSirenCount'; build/recon/game/common/audiocmn.cpp.o:(.sdata+0xac): first defined here
C:/Tools/mips-ps1/mips/bin/mipsel-none-elf-ld.exe: build/asm/data/sdata_8013C54C_r05.sdata.s.o: in function `AudioCmn_ThunderAmp':
(.sdata+0xec): multiple definition of `AudioCmn_ThunderAmp'; build/recon/game/common/audiocmn.cpp.o:(.sdata+0xb0): first defined here
C:/Tools/mips-ps1/mips/bin/mipsel-none-elf-ld.exe: build/asm/data/sdata_8013C54C_r05.sdata.s.o: in function `AudioCmn_ThunderAzi':
(.sdata+0xf0): multiple definition of `AudioCmn_ThunderAzi'; build/recon/game/common/audiocmn.cpp.o:(.sdata+0xb4): first defined here
C:/Tools/mips-ps1/mips/bin/mipsel-none-elf-ld.exe: build/asm/data/sdata_8013C54C_r05.sdata.s.o: in function `AudioCmn_ThunderDel':
(.sdata+0xf4): multiple definition of `AudioCmn_ThunderDel'; build/recon/game/common/audiocmn.cpp.o:(.sdata+0xb8): first defined here
C:/Tools/mips-ps1/mips/bin/mipsel-none-elf-ld.exe: build/asm/data/sdata_8013C54C_r07.sdata.s.o: in function `AudioEng_g':
(.sdata+0x0): multiple definition of `AudioEng_g'; build/recon/game/common/audioeng.cpp.o:(.sdata+0x18): first defined here
C:/Tools/mips-ps1/mips/bin/mipsel-none-elf-ld.exe: build/asm/data/sdata_8013C54C_r08.sdata.s.o: in function `SceneLoaded':
(.sdata+0x0): multiple definition of `SceneLoaded'; build/recon/game/common/bworld.cpp.o:(.sdata+0x8): first defined here
C:/Tools/mips-ps1/mips/bin/mipsel-none-elf-ld.exe: build/asm/data/sdata_8013C54C_r08.sdata.s.o: in function `gCurrContext':
(.sdata+0x38): multiple definition of `gCurrContext'; build/recon/game/common/bworld.cpp.o:(.sdata+0xc): first defined here
C:/Tools/mips-ps1/mips/bin/mipsel-none-elf-ld.exe: build/asm/data/sdata_8013C54C_r08.sdata.s.o: in function `gSpikeBelt':
(.sdata+0x3c): multiple definition of `gSpikeBelt'; build/recon/game/common/bworld.cpp.o:(.sdata+0x10): first defined here
C:/Tools/mips-ps1/mips/bin/mipsel-none-elf-ld.exe: build/asm/data/sdata_8013C54C_r08.sdata.s.o: in function `gSpikeBeltSlice':
(.sdata+0x40): multiple definition of `gSpikeBeltSlice'; build/recon/game/common/bworld.cpp.o:(.sdata+0x14): first defined here
C:/Tools/mips-ps1/mips/bin/mipsel-none-elf-ld.exe: build/asm/data/sdata_8013C54C_r08.sdata.s.o: in function `gSpikeBeltChunk':
(.sdata+0x44): multiple definition of `gSpikeBeltChunk'; build/recon/game/common/bworld.cpp.o:(.sdata+0x18): first defined here
C:/Tools/mips-ps1/mips/bin/mipsel-none-elf-ld.exe: build/asm/data/sdata_8013C54C_r08.sdata.s.o: in function `gSpikeBeltX':
(.sdata+0x48): multiple definition of `gSpikeBeltX'; build/recon/game/common/bworld.cpp.o:(.sdata+0x1c): first defined here
C:/Tools/mips-ps1/mips/bin/mipsel-none-elf-ld.exe: build/asm/data/sdata_8013C54C_r08.sdata.s.o: in function `gBWSlice':
(.sdata+0x4c): multiple definition of `gBWSlice'; build/recon/game/common/bworld.cpp.o:(.sdata+0x20): first defined here
C:/Tools/mips-ps1/mips/bin/mipsel-none-elf-ld.exe: build/asm/data/sdata_8013C54C_r08.sdata.s.o: in function `BWorld_gChunkCount':
(.sdata+0x50): multiple definition of `BWorld_gChunkCount'; build/recon/game/common/bworld.cpp.o:(.sdata+0x24): first defined here
C:/Tools/mips-ps1/mips/bin/mipsel-none-elf-ld.exe: build/asm/data/sdata_8013C54C_r08.sdata.s.o: in function `gSpikeBeltWidth':
(.sdata+0x54): multiple definition of `gSpikeBeltWidth'; build/recon/game/common/bworld.cpp.o:(.sdata+0x28): first defined here
C:/Tools/mips-ps1/mips/bin/mipsel-none-elf-ld.exe: build/asm/data/sdata_8013C54C_r08.sdata.s.o: in function `gSpikeBeltColourTableIndex':
(.sdata+0x58): multiple definition of `gSpikeBeltColourTableIndex'; build/recon/game/common/bworld.cpp.o:(.sdata+0x2c): first defined here
C:/Tools/mips-ps1/mips/bin/mipsel-none-elf-ld.exe: build/asm/data/sdata_8013C54C_r08.sdata.s.o: in function `BW_gCopCarObj':
(.sdata+0x5c): multiple definition of `BW_gCopCarObj'; build/recon/game/common/bworld.cpp.o:(.sdata+0x30): first defined here
C:/Tools/mips-ps1/mips/bin/mipsel-none-elf-ld.exe: build/asm/data/sdata_8013C54C_r08.sdata.s.o: in function `gVi2':
(.sdata+0x60): multiple definition of `gVi2'; build/recon/game/common/bworld.cpp.o:(.sdata+0x34): first defined here
C:/Tools/mips-ps1/mips/bin/mipsel-none-elf-ld.exe: build/asm/data/sdata_8013C54C_r09.sdata.s.o: in function `Collide_gRaiseUp':
(.sdata+0x0): multiple definition of `Collide_gRaiseUp'; build/recon/game/common/collide.cpp.o:(.sdata+0x0): first defined here
C:/Tools/mips-ps1/mips/bin/mipsel-none-elf-ld.exe: build/asm/data/sdata_8013C54C_r09.sdata.s.o: in function `frictionLess':
(.sdata+0x4): multiple definition of `frictionLess'; build/recon/game/common/collide.cpp.o:(.sdata+0x4): first defined here
C:/Tools/mips-ps1/mips/bin/mipsel-none-elf-ld.exe: build/asm/data/sdata_8013C54C_r09.sdata.s.o: in function `Collide_gNumRegistered':
(.sdata+0x8): multiple definition of `Collide_gNumRegistered'; build/recon/game/common/collide.cpp.o:(.sdata+0x8): first defined here
C:/Tools/mips-ps1/mips/bin/mipsel-none-elf-ld.exe: build/asm/data/sdata_8013C54C_r09.sdata.s.o: in function `findClosestSideDave':
(.sdata+0xc): multiple definition of `findClosestSideDave'; build/recon/game/common/collide.cpp.o:(.sdata+0xc): first defined here
C:/Tools/mips-ps1/mips/bin/mipsel-none-elf-ld.exe: build/asm/data/sdata_8013C54C_r09.sdata.s.o: in function `obj0':
(.sdata+0x10): multiple definition of `obj0'; build/recon/game/common/collide.cpp.o:(.sdata+0x10): first defined here
C:/Tools/mips-ps1/mips/bin/mipsel-none-elf-ld.exe: build/asm/data/sdata_8013C54C_r09.sdata.s.o: in function `obj1':
(.sdata+0x14): multiple definition of `obj1'; build/recon/game/common/collide.cpp.o:(.sdata+0x14): first defined here
C:/Tools/mips-ps1/mips/bin/mipsel-none-elf-ld.exe: build/asm/data/sdata_8013C54C_r09.sdata.s.o: in function `pNormal':
(.sdata+0x18): multiple definition of `pNormal'; build/recon/game/common/collide.cpp.o:(.sdata+0x18): first defined here
C:/Tools/mips-ps1/mips/bin/mipsel-none-elf-ld.exe: build/asm/data/sdata_8013C54C_r09.sdata.s.o: in function `pP':
(.sdata+0x1c): multiple definition of `pP'; build/recon/game/common/collide.cpp.o:(.sdata+0x1c): first defined here
C:/Tools/mips-ps1/mips/bin/mipsel-none-elf-ld.exe: build/asm/data/sdata_8013C54C_r09.sdata.s.o: in function `cdsectorreseek':
(.sdata+0x850): multiple definition of `cdsectorreseek'; build/recon/game/common/copspeak.cpp.o:(.sdata+0x44): first defined here
C:/Tools/mips-ps1/mips/bin/mipsel-none-elf-ld.exe: build/asm/data/sdata_8013C54C_r09.sdata.s.o: in function `CopSpeak_gHandleCount':
(.sdata+0x854): multiple definition of `CopSpeak_gHandleCount'; build/recon/game/common/copspeak.cpp.o:(.sdata+0x48): first defined here
C:/Tools/mips-ps1/mips/bin/mipsel-none-elf-ld.exe: build/asm/data/sdata_8013C54C_r09.sdata.s.o: in function `CopSpeak_gQueueHead':
(.sdata+0x89c): multiple definition of `CopSpeak_gQueueHead'; build/recon/game/common/copspeak.cpp.o:(.sdata+0x4c): first defined here
C:/Tools/mips-ps1/mips/bin/mipsel-none-elf-ld.exe: build/asm/data/sdata_8013C54C_r09.sdata.s.o: in function `CopSpeak_gQueuePlay':
(.sdata+0x8a0): multiple definition of `CopSpeak_gQueuePlay'; build/recon/game/common/copspeak.cpp.o:(.sdata+0x50): first defined here
C:/Tools/mips-ps1/mips/bin/mipsel-none-elf-ld.exe: build/asm/data/sdata_8013C54C_r09.sdata.s.o: in function `CopSpeak_gSpchHandle':
(.sdata+0x8a4): multiple definition of `CopSpeak_gSpchHandle'; build/recon/game/common/copspeak.cpp.o:(.sdata+0x54): first defined here
C:/Tools/mips-ps1/mips/bin/mipsel-none-elf-ld.exe: build/asm/data/sdata_8013C54C_r09.sdata.s.o: in function `CopSpeak_gNumTrackSfx':
(.sdata+0x8a8): multiple definition of `CopSpeak_gNumTrackSfx'; build/recon/game/common/copspeak.cpp.o:(.sdata+0x58): first defined here
C:/Tools/mips-ps1/mips/bin/mipsel-none-elf-ld.exe: build/asm/data/sdata_8013C54C_r09.sdata.s.o: in function `CopSpeak_gQueueLoad':
(.sdata+0x8ac): multiple definition of `CopSpeak_gQueueLoad'; build/recon/game/common/copspeak.cpp.o:(.sdata+0x5c): first defined here
C:/Tools/mips-ps1/mips/bin/mipsel-none-elf-ld.exe: build/asm/data/sdata_8013C54C_r09.sdata.s.o: in function `CopSpeak_gQueueReady':
(.sdata+0x8b0): multiple definition of `CopSpeak_gQueueReady'; build/recon/game/common/copspeak.cpp.o:(.sdata+0x60): first defined here
C:/Tools/mips-ps1/mips/bin/mipsel-none-elf-ld.exe: build/asm/data/sdata_8013C54C_r09.sdata.s.o: in function `CopSpeak_gWrongWay':
(.sdata+0x8b4): multiple definition of `CopSpeak_gWrongWay'; build/recon/game/common/copspeak.cpp.o:(.sdata+0x64): first defined here
C:/Tools/mips-ps1/mips/bin/mipsel-none-elf-ld.exe: build/asm/data/sdata_8013C54C_r09.sdata.s.o: in function `CopSpeak_gBuffer':
(.sdata+0x8b8): multiple definition of `CopSpeak_gBuffer'; build/recon/game/common/copspeak.cpp.o:(.sdata+0x68): first defined here
C:/Tools/mips-ps1/mips/bin/mipsel-none-elf-ld.exe: build/asm/data/sdata_8013C54C_r09.sdata.s.o: in function `CopSpeak_gBufferLow':
(.sdata+0x8bc): multiple definition of `CopSpeak_gBufferLow'; build/recon/game/common/copspeak.cpp.o:(.sdata+0x6c): first defined here
C:/Tools/mips-ps1/mips/bin/mipsel-none-elf-ld.exe: build/asm/data/sdata_8013C54C_r09.sdata.s.o: in function `CopSpeak_gBufferStart':
(.sdata+0x8be): multiple definition of `CopSpeak_gBufferStart'; build/recon/game/common/copspeak.cpp.o:(.sdata+0x6e): first defined here
C:/Tools/mips-ps1/mips/bin/mipsel-none-elf-ld.exe: build/asm/data/sdata_8013C54C_r09.sdata.s.o: in function `CopSpeak_gBufferEnd':
(.sdata+0x8c0): multiple definition of `CopSpeak_gBufferEnd'; build/recon/game/common/copspeak.cpp.o:(.sdata+0x70): first defined here
C:/Tools/mips-ps1/mips/bin/mipsel-none-elf-ld.exe: build/asm/data/sdata_8013C54C_r09.sdata.s.o: in function `CopSpeak_gBufferHigh':
(.sdata+0x8c2): multiple definition of `CopSpeak_gBufferHigh'; build/recon/game/common/copspeak.cpp.o:(.sdata+0x72): first defined here
C:/Tools/mips-ps1/mips/bin/mipsel-none-elf-ld.exe: build/asm/data/sdata_8013C54C_r09.sdata.s.o: in function `CopSpeak_gStaticHandle':
(.sdata+0x8c4): multiple definition of `CopSpeak_gStaticHandle'; build/recon/game/common/copspeak.cpp.o:(.sdata+0x74): first defined here
C:/Tools/mips-ps1/mips/bin/mipsel-none-elf-ld.exe: build/asm/data/sdata_8013C54C_r09.sdata.s.o: in function `CopSpeak_gStaticPatch':
(.sdata+0x8cc): multiple definition of `CopSpeak_gStaticPatch'; build/recon/game/common/copspeak.cpp.o:(.sdata+0x7c): first defined here
C:/Tools/mips-ps1/mips/bin/mipsel-none-elf-ld.exe: build/asm/data/sdata_8013C54C_r10.sdata.s.o: in function `gMPauseUpdateNextTime':
(.sdata+0x0): multiple definition of `gMPauseUpdateNextTime'; build/recon/game/common/mpause.cpp.o:(.sdata+0x18): first defined here
C:/Tools/mips-ps1/mips/bin/mipsel-none-elf-ld.exe: build/asm/data/sdata_8013C54C_r10.sdata.s.o: in function `InGameSelectListAudioMode':
(.sdata+0x4): multiple definition of `InGameSelectListAudioMode'; build/recon/game/common/mpause.cpp.o:(.sdata+0x0): first defined here
C:/Tools/mips-ps1/mips/bin/mipsel-none-elf-ld.exe: build/asm/data/sdata_8013C54C_r10.sdata.s.o: in function `SelectListConfig':
(.sdata+0xc): multiple definition of `SelectListConfig'; build/recon/game/common/mpause.cpp.o:(.sdata+0x8): first defined here
C:/Tools/mips-ps1/mips/bin/mipsel-none-elf-ld.exe: build/asm/data/sdata_8013C54C_r10.sdata.s.o: in function `gMPauseUpdate':
(.sdata+0x24): multiple definition of `gMPauseUpdate'; build/recon/game/common/mpause.cpp.o:(.sdata+0x14): first defined here
C:/Tools/mips-ps1/mips/bin/mipsel-none-elf-ld.exe: build/asm/data/sdata_8013C54C_r10.sdata.s.o: in function `gPauseMenuDefs':
(.sdata+0x28): multiple definition of `gPauseMenuDefs'; build/recon/game/common/mpause.cpp.o:(.sdata+0x10): first defined here
C:/Tools/mips-ps1/mips/bin/mipsel-none-elf-ld.exe: build/asm/data/sdata_8013C54C_r10.sdata.s.o: in function `gMusicInSimIsOn':
(.sdata+0x30): multiple definition of `gMusicInSimIsOn'; build/recon/game/common/nfs3.cpp.o:(.sdata+0x0): first defined here
C:/Tools/mips-ps1/mips/bin/mipsel-none-elf-ld.exe: build/asm/data/sdata_8013C54C_r10.sdata.s.o: in function `gUseFrontend':
(.sdata+0x34): multiple definition of `gUseFrontend'; build/recon/game/common/nfs3.cpp.o:(.sdata+0x4): first defined here
C:/Tools/mips-ps1/mips/bin/mipsel-none-elf-ld.exe: build/asm/data/sdata_8013C54C_r10.sdata.s.o: in function `gFECheats':
(.sdata+0x38): multiple definition of `gFECheats'; build/recon/game/common/nfs3.cpp.o:(.sdata+0x8): first defined here
C:/Tools/mips-ps1/mips/bin/mipsel-none-elf-ld.exe: build/asm/data/sdata_8013C54C_r10.sdata.s.o: in function `gFEBonus':
(.sdata+0x3c): multiple definition of `gFEBonus'; build/recon/game/common/nfs3.cpp.o:(.sdata+0xc): first defined here
C:/Tools/mips-ps1/mips/bin/mipsel-none-elf-ld.exe: build/asm/data/sdata_8013C54C_r10.sdata.s.o: in function `gFEBigHandle':
(.sdata+0x40): multiple definition of `gFEBigHandle'; build/recon/game/common/nfs3.cpp.o:(.sdata+0x10): first defined here
C:/Tools/mips-ps1/mips/bin/mipsel-none-elf-ld.exe: build/asm/data/sdata_8013C54C_r10.sdata.s.o: in function `MEMCARDFRONTENDISINITTED':
(.sdata+0x44): multiple definition of `MEMCARDFRONTENDISINITTED'; build/recon/game/common/nfs3.cpp.o:(.sdata+0x14): first defined here
C:/Tools/mips-ps1/mips/bin/mipsel-none-elf-ld.exe: build/asm/data/sdata_8013C54C_r10.sdata.s.o: in function `gCheckTotalTime':
(.sdata+0x48): multiple definition of `gCheckTotalTime'; build/recon/game/common/nfs3.cpp.o:(.sdata+0x18): first defined here
C:/Tools/mips-ps1/mips/bin/mipsel-none-elf-ld.exe: build/asm/data/sdata_8013C54C_r10.sdata.s.o: in function `gCheckLapTime':
(.sdata+0x49): multiple definition of `gCheckLapTime'; build/recon/game/common/nfs3.cpp.o:(.sdata+0x19): first defined here
C:/Tools/mips-ps1/mips/bin/mipsel-none-elf-ld.exe: build/asm/data/sdata_8013C54C_r10.sdata.s.o: in function `gUpdateTournamentInfoFlag':
(.sdata+0x4a): multiple definition of `gUpdateTournamentInfoFlag'; build/recon/game/common/nfs3.cpp.o:(.sdata+0x1a): first defined here
C:/Tools/mips-ps1/mips/bin/mipsel-none-elf-ld.exe: build/asm/data/sdata_8013C54C_r10.sdata.s.o: in function `gUpdateKnockoutInfoFlag':
(.sdata+0x4b): multiple definition of `gUpdateKnockoutInfoFlag'; build/recon/game/common/nfs3.cpp.o:(.sdata+0x1b): first defined here
C:/Tools/mips-ps1/mips/bin/mipsel-none-elf-ld.exe: build/asm/data/sdata_8013C54C_r10.sdata.s.o: in function `gKnockOutSpeechFlag':
(.sdata+0x4c): multiple definition of `gKnockOutSpeechFlag'; build/recon/game/common/nfs3.cpp.o:(.sdata+0x1c): first defined here
C:/Tools/mips-ps1/mips/bin/mipsel-none-elf-ld.exe: build/asm/data/sdata_8013C54C_r10.sdata.s.o: in function `gCalculateVictory':
(.sdata+0x4d): multiple definition of `gCalculateVictory'; build/recon/game/common/nfs3.cpp.o:(.sdata+0x1d): first defined here
C:/Tools/mips-ps1/mips/bin/mipsel-none-elf-ld.exe: build/asm/data/sdata_8013C54C_r10.sdata.s.o: in function `gPlayerEnteredNameAlready':
(.sdata+0x50): multiple definition of `gPlayerEnteredNameAlready'; build/recon/game/common/nfs3.cpp.o:(.sdata+0x20): first defined here
C:/Tools/mips-ps1/mips/bin/mipsel-none-elf-ld.exe: build/asm/data/sdata_8013C54C_r10.sdata.s.o: in function `nfs_sysInfo':
(.sdata+0x74): multiple definition of `nfs_sysInfo'; build/recon/game/common/nfs3.cpp.o:(.sdata+0x24): first defined here
C:/Tools/mips-ps1/mips/bin/mipsel-none-elf-ld.exe: build/asm/data/sdata_8013C54C_r10.sdata.s.o: in function `missionManager':
(.sdata+0x78): multiple definition of `missionManager'; build/recon/game/common/nfs3.cpp.o:(.sdata+0x28): first defined here
C:/Tools/mips-ps1/mips/bin/mipsel-none-elf-ld.exe: build/asm/data/sdata_8013C54C_r10.sdata.s.o: in function `finishOrder':
(.sdata+0x80): multiple definition of `finishOrder'; build/recon/game/common/nfs3.cpp.o:(.sdata+0x30): first defined here
C:/Tools/mips-ps1/mips/bin/mipsel-none-elf-ld.exe: build/asm/data/sdata_8013C54C_r13.sdata.s.o: in function `R3DCar_InMenu':
(.sdata+0x0): multiple definition of `R3DCar_InMenu'; build/recon/game/common/r3dcar.cpp.o:(.sdata+0x5c): first defined here
C:/Tools/mips-ps1/mips/bin/mipsel-none-elf-ld.exe: build/asm/data/sdata_8013C54C_r13.sdata.s.o: in function `R3DCar_aSyncLoading':
(.sdata+0x60): multiple definition of `R3DCar_aSyncLoading'; build/recon/game/common/r3dcar.cpp.o:(.sdata+0x60): first defined here
C:/Tools/mips-ps1/mips/bin/mipsel-none-elf-ld.exe: build/asm/data/sdata_8013C54C_r13.sdata.s.o: in function `R3DCar_orientMat':
(.sdata+0x64): multiple definition of `R3DCar_orientMat'; build/recon/game/common/r3dcar.cpp.o:(.sdata+0x64): first defined here
C:/Tools/mips-ps1/mips/bin/mipsel-none-elf-ld.exe: build/asm/data/sdata_8013C54C_r13.sdata.s.o: in function `R3DCar_position':
(.sdata+0x68): multiple definition of `R3DCar_position'; build/recon/game/common/r3dcar.cpp.o:(.sdata+0x68): first defined here
C:/Tools/mips-ps1/mips/bin/mipsel-none-elf-ld.exe: build/asm/data/sdata_8013C54C_r13.sdata.s.o: in function `R3DCar_center':
(.sdata+0x6c): multiple definition of `R3DCar_center'; build/recon/game/common/r3dcar.cpp.o:(.sdata+0x6c): first defined here
C:/Tools/mips-ps1/mips/bin/mipsel-none-elf-ld.exe: build/asm/data/sdata_8013C54C_r13.sdata.s.o: in function `R3DCar_shadowFlag':
(.sdata+0x74): multiple definition of `R3DCar_shadowFlag'; build/recon/game/common/r3dcar.cpp.o:(.sdata+0x74): first defined here
C:/Tools/mips-ps1/mips/bin/mipsel-none-elf-ld.exe: build/asm/data/sdata_8013C54C_r13.sdata.s.o: in function `R3DCar_shadowColour':
(.sdata+0x78): multiple definition of `R3DCar_shadowColour'; build/recon/game/common/r3dcar.cpp.o:(.sdata+0x78): first defined here
C:/Tools/mips-ps1/mips/bin/mipsel-none-elf-ld.exe: build/asm/data/sdata_8013C54C_r13.sdata.s.o: in function `R3DCar_eMapColour':
(.sdata+0x7c): multiple definition of `R3DCar_eMapColour'; build/recon/game/common/r3dcar.cpp.o:(.sdata+0x7c): first defined here
C:/Tools/mips-ps1/mips/bin/mipsel-none-elf-ld.exe: build/asm/data/sdata_8013C54C_r13.sdata.s.o: in function `R3DCar_yawCam':
(.sdata+0x80): multiple definition of `R3DCar_yawCam'; build/recon/game/common/r3dcar.cpp.o:(.sdata+0x80): first defined here
C:/Tools/mips-ps1/mips/bin/mipsel-none-elf-ld.exe: build/asm/data/sdata_8013C54C_r13.sdata.s.o: in function `R3DCar_Clock':
(.sdata+0x84): multiple definition of `R3DCar_Clock'; build/recon/game/common/r3dcar.cpp.o:(.sdata+0x84): first defined here
C:/Tools/mips-ps1/mips/bin/mipsel-none-elf-ld.exe: build/asm/data/sdata_8013C54C_r13.sdata.s.o: in function `R3DCar_ClockLast':
(.sdata+0x88): multiple definition of `R3DCar_ClockLast'; build/recon/game/common/r3dcar.cpp.o:(.sdata+0x88): first defined here
C:/Tools/mips-ps1/mips/bin/mipsel-none-elf-ld.exe: build/asm/data/sdata_8013C54C_r13.sdata.s.o: in function `R3DCar_BigFile':
(.sdata+0x8c): multiple definition of `R3DCar_BigFile'; build/recon/game/common/r3dcar.cpp.o:(.sdata+0x8c): first defined here
C:/Tools/mips-ps1/mips/bin/mipsel-none-elf-ld.exe: build/asm/data/sdata_8013C54C_r13.sdata.s.o: in function `R3DCar_LicenseShapeFile':
(.sdata+0x90): multiple definition of `R3DCar_LicenseShapeFile'; build/recon/game/common/r3dcar.cpp.o:(.sdata+0x90): first defined here
C:/Tools/mips-ps1/mips/bin/mipsel-none-elf-ld.exe: build/asm/data/sdata_8013C54C_r13.sdata.s.o: in function `R3DCar_subOt':
(.sdata+0x94): multiple definition of `R3DCar_subOt'; build/recon/game/common/r3dcar.cpp.o:(.sdata+0x94): first defined here
C:/Tools/mips-ps1/mips/bin/mipsel-none-elf-ld.exe: build/asm/data/sdata_8013C54C_r13.sdata.s.o: in function `R3DCar_rightHandDrive':
(.sdata+0x98): multiple definition of `R3DCar_rightHandDrive'; build/recon/game/common/r3dcar.cpp.o:(.sdata+0x98): first defined here
C:/Tools/mips-ps1/mips/bin/mipsel-none-elf-ld.exe: build/asm/data/sdata_8013C54C_r13.sdata.s.o: in function `Render_gBlurEffectDepth1':
(.sdata+0x9c): multiple definition of `Render_gBlurEffectDepth1'; build/recon/game/common/render.cpp.o:(.sdata+0x8): first defined here
C:/Tools/mips-ps1/mips/bin/mipsel-none-elf-ld.exe: build/asm/data/sdata_8013C54C_r13.sdata.s.o: in function `Render_gBlurEffectDepth2':
(.sdata+0xa0): multiple definition of `Render_gBlurEffectDepth2'; build/recon/game/common/render.cpp.o:(.sdata+0xc): first defined here
C:/Tools/mips-ps1/mips/bin/mipsel-none-elf-ld.exe: build/asm/data/sdata_8013C54C_r13.sdata.s.o: in function `Render_gBlurEffectMode':
(.sdata+0xa4): multiple definition of `Render_gBlurEffectMode'; build/recon/game/common/render.cpp.o:(.sdata+0x10): first defined here
C:/Tools/mips-ps1/mips/bin/mipsel-none-elf-ld.exe: build/asm/data/sdata_8013C54C_r13.sdata.s.o: in function `Draw_gPlayer1View':
(.sdata+0xa8): multiple definition of `Draw_gPlayer1View'; build/recon/game/common/render.cpp.o:(.sdata+0x14): first defined here
C:/Tools/mips-ps1/mips/bin/mipsel-none-elf-ld.exe: build/asm/data/sdata_8013C54C_r13.sdata.s.o: in function `Draw_gPlayer2View':
(.sdata+0xac): multiple definition of `Draw_gPlayer2View'; build/recon/game/common/render.cpp.o:(.sdata+0x18): first defined here
C:/Tools/mips-ps1/mips/bin/mipsel-none-elf-ld.exe: build/asm/data/sdata_8013C54C_r13.sdata.s.o: in function `gPauseMenuRect':
(.sdata+0xb0): multiple definition of `gPauseMenuRect'; build/recon/game/common/render.cpp.o:(.sdata+0x1c): first defined here
C:/Tools/mips-ps1/mips/bin/mipsel-none-elf-ld.exe: build/asm/data/sdata_8013C54C_r13.sdata.s.o: in function `D_8013D3D6':
(.sdata+0xb2): multiple definition of `D_8013D3D6'; build/recon/game/common/render.cpp.o:(.sdata+0x1e): first defined here
C:/Tools/mips-ps1/mips/bin/mipsel-none-elf-ld.exe: build/asm/data/sdata_8013C54C_r13.sdata.s.o: in function `D_8013D3D8':
(.sdata+0xb4): multiple definition of `D_8013D3D8'; build/recon/game/common/render.cpp.o:(.sdata+0x20): first defined here
C:/Tools/mips-ps1/mips/bin/mipsel-none-elf-ld.exe: build/asm/data/sdata_8013C54C_r13.sdata.s.o: in function `D_8013D3DA':
(.sdata+0xb6): multiple definition of `D_8013D3DA'; build/recon/game/common/render.cpp.o:(.sdata+0x22): first defined here
C:/Tools/mips-ps1/mips/bin/mipsel-none-elf-ld.exe: build/asm/data/sdata_8013C54C_r13.sdata.s.o: in function `gPauseRender':
(.sdata+0xb8): multiple definition of `gPauseRender'; build/recon/game/common/render.cpp.o:(.sdata+0x24): first defined here
C:/Tools/mips-ps1/mips/bin/mipsel-none-elf-ld.exe: build/asm/data/sdata_8013C54C_r13.sdata.s.o: in function `Draw_gRearView':
(.sdata+0xbc): multiple definition of `Draw_gRearView'; build/recon/game/common/render.cpp.o:(.sdata+0x28): first defined here
C:/Tools/mips-ps1/mips/bin/mipsel-none-elf-ld.exe: build/asm/data/sdata_8013C54C_r13.sdata.s.o: in function `Render_gDebugView':
(.sdata+0xc0): multiple definition of `Render_gDebugView'; build/recon/game/common/render.cpp.o:(.sdata+0x2c): first defined here
C:/Tools/mips-ps1/mips/bin/mipsel-none-elf-ld.exe: build/asm/data/sdata_8013C54C_r13.sdata.s.o: in function `Render_gPauseMenuView':
(.sdata+0xc4): multiple definition of `Render_gPauseMenuView'; build/recon/game/common/render.cpp.o:(.sdata+0x30): first defined here
C:/Tools/mips-ps1/mips/bin/mipsel-none-elf-ld.exe: build/asm/data/sdata_8013C54C_r15.sdata.s.o: in function `InBetween':
(.sdata+0x0): multiple definition of `InBetween'; build/recon/game/common/sim.cpp.o:(.sdata+0x0): first defined here
C:/Tools/mips-ps1/mips/bin/mipsel-none-elf-ld.exe: build/asm/data/sdata_8013C54C_r15.sdata.s.o: in function `unPauseDelay':
(.sdata+0x1c): multiple definition of `unPauseDelay'; build/recon/game/common/sim.cpp.o:(.sdata+0x4): first defined here
C:/Tools/mips-ps1/mips/bin/mipsel-none-elf-ld.exe: build/asm/data/sdata_8013C54C_r15.sdata.s.o: in function `skipRender':
(.sdata+0x20): multiple definition of `skipRender'; build/recon/game/common/sim.cpp.o:(.sdata+0x8): first defined here
C:/Tools/mips-ps1/mips/bin/mipsel-none-elf-ld.exe: build/asm/data/sdata_8013C54C_r15.sdata.s.o: in function `quitType':
(.sdata+0x24): multiple definition of `quitType'; build/recon/game/common/sim.cpp.o:(.sdata+0xc): first defined here
C:/Tools/mips-ps1/mips/bin/mipsel-none-elf-ld.exe: build/asm/data/sdata_8013C54C_r15.sdata.s.o: in function `gSimQueue_Ticker':
(.sdata+0x28): multiple definition of `gSimQueue_Ticker'; build/recon/game/common/simqueue.cpp.o:(.sdata+0x0): first defined here
C:/Tools/mips-ps1/mips/bin/mipsel-none-elf-ld.exe: build/asm/data/sdata_8013C54C_r15.sdata.s.o: in function `gSimQueue_BlockSelf':
(.sdata+0x2c): multiple definition of `gSimQueue_BlockSelf'; build/recon/game/common/simqueue.cpp.o:(.sdata+0x4): first defined here
C:/Tools/mips-ps1/mips/bin/mipsel-none-elf-ld.exe: build/asm/data/sdata_8013C54C_r15.sdata.s.o: in function `gSimQueue_BlockOther':
(.sdata+0x30): multiple definition of `gSimQueue_BlockOther'; build/recon/game/common/simqueue.cpp.o:(.sdata+0x8): first defined here
C:/Tools/mips-ps1/mips/bin/mipsel-none-elf-ld.exe: build/asm/data/sdata_8013C54C_r16.sdata.s.o: in function `wordFile':
(.sdata+0x0): multiple definition of `wordFile'; build/recon/game/common/textsys.cpp.o:(.sdata+0x4): first defined here
C:/Tools/mips-ps1/mips/bin/mipsel-none-elf-ld.exe: build/asm/data/sdata_8013C54C_r16.sdata.s.o: in function `Track_gInViewList':
(.sdata+0x54): multiple definition of `Track_gInViewList'; build/recon/game/common/track.cpp.o:(.sdata+0x24): first defined here
C:/Tools/mips-ps1/mips/bin/mipsel-none-elf-ld.exe: build/asm/data/sdata_8013C54C_r16.sdata.s.o: in function `Track_gInViewCount':
(.sdata+0x58): multiple definition of `Track_gInViewCount'; build/recon/game/common/track.cpp.o:(.sdata+0x4c): first defined here
C:/Tools/mips-ps1/mips/bin/mipsel-none-elf-ld.exe: build/asm/data/sdata_8013C54C_r16.sdata.s.o: in function `Track_header':
(.sdata+0x5c): multiple definition of `Track_header'; build/recon/game/common/track.cpp.o:(.sdata+0x28): first defined here
C:/Tools/mips-ps1/mips/bin/mipsel-none-elf-ld.exe: build/asm/data/sdata_8013C54C_r16.sdata.s.o: in function `Track_chunkList':
(.sdata+0x60): multiple definition of `Track_chunkList'; build/recon/game/common/track.cpp.o:(.sdata+0x8): first defined here
C:/Tools/mips-ps1/mips/bin/mipsel-none-elf-ld.exe: build/asm/data/sdata_8013C54C_r16.sdata.s.o: in function `gPersistObjDef':
(.sdata+0x64): multiple definition of `gPersistObjDef'; build/recon/game/common/track.cpp.o:(.sdata+0x34): first defined here
C:/Tools/mips-ps1/mips/bin/mipsel-none-elf-ld.exe: build/asm/data/sdata_8013C54C_r16.sdata.s.o: in function `gPersistObjInst':
(.sdata+0x68): multiple definition of `gPersistObjInst'; build/recon/game/common/track.cpp.o:(.sdata+0x14): first defined here
C:/Tools/mips-ps1/mips/bin/mipsel-none-elf-ld.exe: build/asm/data/sdata_8013C54C_r16.sdata.s.o: in function `gPersistMidgroundObjInst':
(.sdata+0x6c): multiple definition of `gPersistMidgroundObjInst'; build/recon/game/common/track.cpp.o:(.sdata+0xc): first defined here
C:/Tools/mips-ps1/mips/bin/mipsel-none-elf-ld.exe: build/asm/data/sdata_8013C54C_r16.sdata.s.o: in function `gPersistObjDefBoundingSpheres':
(.sdata+0x70): multiple definition of `gPersistObjDefBoundingSpheres'; build/recon/game/common/track.cpp.o:(.sdata+0x10): first defined here
C:/Tools/mips-ps1/mips/bin/mipsel-none-elf-ld.exe: build/asm/data/sdata_8013C54C_r16.sdata.s.o: in function `Track_gSaveSurface':
(.sdata+0x74): multiple definition of `Track_gSaveSurface'; build/recon/game/common/track.cpp.o:(.sdata+0x44): first defined here
C:/Tools/mips-ps1/mips/bin/mipsel-none-elf-ld.exe: build/asm/data/sdata_8013C54C_r16.sdata.s.o: in function `Track_materials':
(.sdata+0x78): multiple definition of `Track_materials'; build/recon/game/common/track.cpp.o:(.sdata+0x18): first defined here
C:/Tools/mips-ps1/mips/bin/mipsel-none-elf-ld.exe: build/asm/data/sdata_8013C54C_r16.sdata.s.o: in function `Track_gObjDefs':
(.sdata+0x7c): multiple definition of `Track_gObjDefs'; build/recon/game/common/track.cpp.o:(.sdata+0x1c): first defined here
C:/Tools/mips-ps1/mips/bin/mipsel-none-elf-ld.exe: build/asm/data/sdata_8013C54C_r16.sdata.s.o: in function `Track_mem':
(.sdata+0x80): multiple definition of `Track_mem'; build/recon/game/common/track.cpp.o:(.sdata+0x30): first defined here
C:/Tools/mips-ps1/mips/bin/mipsel-none-elf-ld.exe: build/asm/data/sdata_8013C54C_r16.sdata.s.o: in function `gtrackNumber':
(.sdata+0x84): multiple definition of `gtrackNumber'; build/recon/game/common/track.cpp.o:(.sdata+0x50): first defined here
C:/Tools/mips-ps1/mips/bin/mipsel-none-elf-ld.exe: build/asm/data/sdata_8013C54C_r16.sdata.s.o: in function `gObjDefOffsetsGroup':
(.sdata+0x88): multiple definition of `gObjDefOffsetsGroup'; build/recon/game/common/track.cpp.o:(.sdata+0x38): first defined here
C:/Tools/mips-ps1/mips/bin/mipsel-none-elf-ld.exe: build/asm/data/sdata_8013C54C_r16.sdata.s.o: in function `Track_gControllerCount':
(.sdata+0x8c): multiple definition of `Track_gControllerCount'; build/recon/game/common/track.cpp.o:(.sdata+0x48): first defined here
C:/Tools/mips-ps1/mips/bin/mipsel-none-elf-ld.exe: build/asm/data/sdata_8013C54C_r16.sdata.s.o: in function `Track_gMatController':
(.sdata+0x90): multiple definition of `Track_gMatController'; build/recon/game/common/track.cpp.o:(.sdata+0x2c): first defined here
C:/Tools/mips-ps1/mips/bin/mipsel-none-elf-ld.exe: build/asm/data/sdata_8013C54C_r16.sdata.s.o: in function `Chunk_numLight':
(.sdata+0x94): multiple definition of `Chunk_numLight'; build/recon/game/common/track.cpp.o:(.sdata+0x20): first defined here
C:/Tools/mips-ps1/mips/bin/mipsel-none-elf-ld.exe: build/asm/data/sdata_8013C54C_r17.sdata.s.o: in function `CarIO_carPixMap':
(.sdata+0x218): multiple definition of `CarIO_carPixMap'; build/recon/game/psx/cario.cpp.o:(.sdata+0x1c): first defined here
C:/Tools/mips-ps1/mips/bin/mipsel-none-elf-ld.exe: build/asm/data/sdata_8013C54C_r17.sdata.s.o: in function `CarIO_carPixMapCount':
(.sdata+0x238): multiple definition of `CarIO_carPixMapCount'; build/recon/game/psx/cario.cpp.o:(.sdata+0x30): first defined here
C:/Tools/mips-ps1/mips/bin/mipsel-none-elf-ld.exe: build/asm/data/sdata_8013C54C_r17.sdata.s.o: in function `CarIO_carVRamCount':
(.sdata+0x23c): multiple definition of `CarIO_carVRamCount'; build/recon/game/psx/cario.cpp.o:(.sdata+0x34): first defined here
C:/Tools/mips-ps1/mips/bin/mipsel-none-elf-ld.exe: build/asm/data/sdata_8013C54C_r17.sdata.s.o: in function `CarIO_licenseSFX_Count':
(.sdata+0x240): multiple definition of `CarIO_licenseSFX_Count'; build/recon/game/psx/cario.cpp.o:(.sdata+0x38): first defined here
C:/Tools/mips-ps1/mips/bin/mipsel-none-elf-ld.exe: build/asm/data/sdata_8013C54C_r17.sdata.s.o: in function `CarIO_Plate1':
(.sdata+0x244): multiple definition of `CarIO_Plate1'; build/recon/game/psx/cario.cpp.o:(.sdata+0x20): first defined here
C:/Tools/mips-ps1/mips/bin/mipsel-none-elf-ld.exe: build/asm/data/sdata_8013C54C_r17.sdata.s.o: in function `CarIO_Plate2':
(.sdata+0x24c): multiple definition of `CarIO_Plate2'; build/recon/game/psx/cario.cpp.o:(.sdata+0x28): first defined here
C:/Tools/mips-ps1/mips/bin/mipsel-none-elf-ld.exe: build/asm/data/sdata_8013C54C_r17.sdata.s.o: in function `Draw_gDoVSync':
(.sdata+0x2a4): multiple definition of `Draw_gDoVSync'; build/recon/game/psx/draw.cpp.o:(.sdata+0x10): first defined here
C:/Tools/mips-ps1/mips/bin/mipsel-none-elf-ld.exe: build/asm/data/sdata_8013C54C_r17.sdata.s.o: in function `Draw_gNumView':
(.sdata+0x2a8): multiple definition of `Draw_gNumView'; build/recon/game/psx/draw.cpp.o:(.sdata+0x24): first defined here
C:/Tools/mips-ps1/mips/bin/mipsel-none-elf-ld.exe: build/asm/data/sdata_8013C54C_r17.sdata.s.o: in function `Draw_gViewOtSize':
(.sdata+0x2ac): multiple definition of `Draw_gViewOtSize'; build/recon/game/psx/draw.cpp.o:(.sdata+0x18): first defined here
C:/Tools/mips-ps1/mips/bin/mipsel-none-elf-ld.exe: build/asm/data/sdata_8013C54C_r17.sdata.s.o: in function `gFlip':
(.sdata+0x2b0): multiple definition of `gFlip'; build/recon/game/psx/draw.cpp.o:(.sdata+0x1c): first defined here
C:/Tools/mips-ps1/mips/bin/mipsel-none-elf-ld.exe: build/asm/data/sdata_8013C54C_r17.sdata.s.o: in function `gLoop':
(.sdata+0x2b4): multiple definition of `gLoop'; build/recon/game/psx/draw.cpp.o:(.sdata+0x2c): first defined here
C:/Tools/mips-ps1/mips/bin/mipsel-none-elf-ld.exe: build/asm/data/sdata_8013C54C_r17.sdata.s.o: in function `Draw_gMidGroundOtz':
(.sdata+0x2b8): multiple definition of `Draw_gMidGroundOtz'; build/recon/game/psx/draw.cpp.o:(.sdata+0x14): first defined here
C:/Tools/mips-ps1/mips/bin/mipsel-none-elf-ld.exe: build/asm/data/sdata_8013C54C_r17.sdata.s.o: in function `Draw_gMaxPrim':
(.sdata+0x2bc): multiple definition of `Draw_gMaxPrim'; build/recon/game/psx/draw.cpp.o:(.sdata+0x20): first defined here
C:/Tools/mips-ps1/mips/bin/mipsel-none-elf-ld.exe: build/asm/data/sdata_8013C54C_r17.sdata.s.o: in function `gTotalMem':
(.sdata+0x2c0): multiple definition of `gTotalMem'; build/recon/game/psx/draw.cpp.o:(.sdata+0x30): first defined here
C:/Tools/mips-ps1/mips/bin/mipsel-none-elf-ld.exe: build/asm/data/sdata_8013C54C_r17.sdata.s.o: in function `DrawC_gEnvMap':
(.sdata+0x2ec): multiple definition of `DrawC_gEnvMap'; build/recon/game/psx/drawc.cpp.o:(.sdata+0x8): first defined here
C:/Tools/mips-ps1/mips/bin/mipsel-none-elf-ld.exe: build/asm/data/sdata_8013C54C_r17.sdata.s.o: in function `DrawC_gShadow':
(.sdata+0x2f0): multiple definition of `DrawC_gShadow'; build/recon/game/psx/drawc.cpp.o:(.sdata+0x18): first defined here
C:/Tools/mips-ps1/mips/bin/mipsel-none-elf-ld.exe: build/asm/data/sdata_8013C54C_r17.sdata.s.o: in function `DrawC_gEnvMapMax':
(.sdata+0x2f4): multiple definition of `DrawC_gEnvMapMax'; build/recon/game/psx/drawc.cpp.o:(.sdata+0xc): first defined here
C:/Tools/mips-ps1/mips/bin/mipsel-none-elf-ld.exe: build/asm/data/sdata_8013C54C_r17.sdata.s.o: in function `DrawC_gShadowMax':
(.sdata+0x2f8): multiple definition of `DrawC_gShadowMax'; build/recon/game/psx/drawc.cpp.o:(.sdata+0x1c): first defined here
C:/Tools/mips-ps1/mips/bin/mipsel-none-elf-ld.exe: build/asm/data/sdata_8013C54C_r17.sdata.s.o: in function `DrawC_gMenuLightsDirection':
(.sdata+0x308): multiple definition of `DrawC_gMenuLightsDirection'; build/recon/game/psx/drawc.cpp.o:(.sdata+0x10): first defined here
C:/Tools/mips-ps1/mips/bin/mipsel-none-elf-ld.exe: build/asm/data/sdata_8013C54C_r17.sdata.s.o: in function `DrawC_gWetRoad':
(.sdata+0x30c): multiple definition of `DrawC_gWetRoad'; build/recon/game/psx/drawc.cpp.o:(.sdata+0x20): first defined here
C:/Tools/mips-ps1/mips/bin/mipsel-none-elf-ld.exe: build/asm/data/sdata_8013C54C_r17.sdata.s.o: in function `DrawC_gReflectOffset':
(.sdata+0x310): multiple definition of `DrawC_gReflectOffset'; build/recon/game/psx/drawc.cpp.o:(.sdata+0x14): first defined here
C:/Tools/mips-ps1/mips/bin/mipsel-none-elf-ld.exe: build/asm/data/sdata_8013C54C_r18.sdata.s.o: in function `stackSpeedUpEnbabledFlag':
(.sdata+0x0): multiple definition of `stackSpeedUpEnbabledFlag'; build/recon/game/psx/draww.cpp.o:(.sdata+0x48): first defined here
C:/Tools/mips-ps1/mips/bin/mipsel-none-elf-ld.exe: build/asm/data/sdata_8013C54C_r18.sdata.s.o: in function `gWSavePtr':
(.sdata+0x14): multiple definition of `gWSavePtr'; build/recon/game/psx/draww.cpp.o:(.sdata+0x4c): first defined here
C:/Tools/mips-ps1/mips/bin/mipsel-none-elf-ld.exe: build/asm/data/sdata_8013C54C_r18.sdata.s.o: in function `gSD_gt4counter':
(.sdata+0x18): multiple definition of `gSD_gt4counter'; build/recon/game/psx/draww.cpp.o:(.sdata+0x50): first defined here
C:/Tools/mips-ps1/mips/bin/mipsel-none-elf-ld.exe: build/asm/data/sdata_8013C54C_r18.sdata.s.o: in function `gSD_gt3counter':
(.sdata+0x1c): multiple definition of `gSD_gt3counter'; build/recon/game/psx/draww.cpp.o:(.sdata+0x54): first defined here
C:/Tools/mips-ps1/mips/bin/mipsel-none-elf-ld.exe: build/asm/data/sdata_8013C54C_r18.sdata.s.o: in function `gVi':
(.sdata+0x20): multiple definition of `gVi'; build/recon/game/psx/draww.cpp.o:(.sdata+0x58): first defined here
C:/Tools/mips-ps1/mips/bin/mipsel-none-elf-ld.exe: build/asm/data/sdata_8013C54C_r19.sdata.s.o: in function `font_clutx':
(.sdata+0x0): multiple definition of `font_clutx'; build/recon/game/psx/font.cpp.o:(.sdata+0x0): first defined here
C:/Tools/mips-ps1/mips/bin/mipsel-none-elf-ld.exe: build/asm/data/sdata_8013C54C_r19.sdata.s.o: in function `font_cluty':
(.sdata+0x4): multiple definition of `font_cluty'; build/recon/game/psx/font.cpp.o:(.sdata+0x4): first defined here
C:/Tools/mips-ps1/mips/bin/mipsel-none-elf-ld.exe: build/asm/data/sdata_8013C54C_r19.sdata.s.o: in function `font_tint':
(.sdata+0x8): multiple definition of `font_tint'; build/recon/game/psx/font.cpp.o:(.sdata+0x8): first defined here
C:/Tools/mips-ps1/mips/bin/mipsel-none-elf-ld.exe: build/asm/data/sdata_8013C54C_r19.sdata.s.o: in function `font_abr':
(.sdata+0xc): multiple definition of `font_abr'; build/recon/game/psx/font.cpp.o:(.sdata+0xc): first defined here
C:/Tools/mips-ps1/mips/bin/mipsel-none-elf-ld.exe: build/asm/data/sdata_8013C54C_r19.sdata.s.o: in function `gFontClut':
(.sdata+0x10): multiple definition of `gFontClut'; build/recon/game/psx/font.cpp.o:(.sdata+0x10): first defined here
C:/Tools/mips-ps1/mips/bin/mipsel-none-elf-ld.exe: build/asm/data/sdata_8013C54C_r19.sdata.s.o: in function `gFontSpaceWidth':
(.sdata+0x12): multiple definition of `gFontSpaceWidth'; build/recon/game/psx/font.cpp.o:(.sdata+0x12): first defined here
C:/Tools/mips-ps1/mips/bin/mipsel-none-elf-ld.exe: build/asm/data/sdata_8013C54C_r19.sdata.s.o: in function `font_currentTPage':
(.sdata+0x14): multiple definition of `font_currentTPage'; build/recon/game/psx/font.cpp.o:(.sdata+0x14): first defined here
C:/Tools/mips-ps1/mips/bin/mipsel-none-elf-ld.exe: build/asm/data/sdata_8013C54C_r20.sdata.s.o: in function `Hrz_gTrackSpec':
(.sdata+0x10): multiple definition of `Hrz_gTrackSpec'; build/recon/game/psx/hrzsku.cpp.o:(.sdata+0x10): first defined here
C:/Tools/mips-ps1/mips/bin/mipsel-none-elf-ld.exe: build/asm/data/sdata_8013C54C_r20.sdata.s.o: in function `Sky_gTrackSpec':
(.sdata+0x14): multiple definition of `Sky_gTrackSpec'; build/recon/game/psx/hrzsku.cpp.o:(.sdata+0x14): first defined here
C:/Tools/mips-ps1/mips/bin/mipsel-none-elf-ld.exe: build/asm/data/sdata_8013C54C_r20.sdata.s.o: in function `gRngCoordTop':
(.sdata+0x18): multiple definition of `gRngCoordTop'; build/recon/game/psx/hrzsku.cpp.o:(.sdata+0x18): first defined here
C:/Tools/mips-ps1/mips/bin/mipsel-none-elf-ld.exe: build/asm/data/sdata_8013C54C_r20.sdata.s.o: in function `HudminChar':
(.sdata+0x24): multiple definition of `HudminChar'; build/recon/game/psx/hud.cpp.o:(.sdata+0x8): first defined here
C:/Tools/mips-ps1/mips/bin/mipsel-none-elf-ld.exe: build/asm/data/sdata_8013C54C_r20.sdata.s.o: in function `HudsecChar':
(.sdata+0x2c): multiple definition of `HudsecChar'; build/recon/game/psx/hud.cpp.o:(.sdata+0x10): first defined here
C:/Tools/mips-ps1/mips/bin/mipsel-none-elf-ld.exe: build/asm/data/sdata_8013C54C_r20.sdata.s.o: in function `Hud_gWingmanInterface':
(.sdata+0x38): multiple definition of `Hud_gWingmanInterface'; build/recon/game/psx/hud.cpp.o:(.sdata+0x88): first defined here
C:/Tools/mips-ps1/mips/bin/mipsel-none-elf-ld.exe: build/asm/data/sdata_8013C54C_r20.sdata.s.o: in function `Hud_gWingmanFlashIcon':
(.sdata+0x3c): multiple definition of `Hud_gWingmanFlashIcon'; build/recon/game/psx/hud.cpp.o:(.sdata+0x8c): first defined here
C:/Tools/mips-ps1/mips/bin/mipsel-none-elf-ld.exe: build/asm/data/sdata_8013C54C_r20.sdata.s.o: in function `Hud_gWingmanFlashTicks':
(.sdata+0x40): multiple definition of `Hud_gWingmanFlashTicks'; build/recon/game/psx/hud.cpp.o:(.sdata+0x90): first defined here
C:/Tools/mips-ps1/mips/bin/mipsel-none-elf-ld.exe: build/asm/data/sdata_8013C54C_r20.sdata.s.o: in function `Hud_gDebugInfo':
(.sdata+0x48): multiple definition of `Hud_gDebugInfo'; build/recon/game/psx/hud.cpp.o:(.sdata+0x18): first defined here
C:/Tools/mips-ps1/mips/bin/mipsel-none-elf-ld.exe: build/asm/data/sdata_8013C54C_r20.sdata.s.o: in function `HudBustedOverlay':
(.sdata+0xb0): multiple definition of `HudBustedOverlay'; build/recon/game/psx/hud.cpp.o:(.sdata+0x98): first defined here
C:/Tools/mips-ps1/mips/bin/mipsel-none-elf-ld.exe: build/asm/data/sdata_8013C54C_r20.sdata.s.o: in function `Hud_gCdActive':
(.sdata+0xb4): multiple definition of `Hud_gCdActive'; build/recon/game/psx/hud.cpp.o:(.sdata+0x9c): first defined here
C:/Tools/mips-ps1/mips/bin/mipsel-none-elf-ld.exe: build/asm/data/sdata_8013C54C_r20.sdata.s.o: in function `Hud_ActivateCDPlayer':
(.sdata+0xb8): multiple definition of `Hud_ActivateCDPlayer'; build/recon/game/psx/hud.cpp.o:(.sdata+0xa0): first defined here
C:/Tools/mips-ps1/mips/bin/mipsel-none-elf-ld.exe: build/asm/data/sdata_8013C54C_r20.sdata.s.o: in function `BTC_Countdown':
(.sdata+0xbc): multiple definition of `BTC_Countdown'; build/recon/game/psx/hud.cpp.o:(.sdata+0xa4): first defined here
C:/Tools/mips-ps1/mips/bin/mipsel-none-elf-ld.exe: build/asm/data/sdata_8013C54C_r20.sdata.s.o: in function `FinalBTC_Countdown':
(.sdata+0xc0): multiple definition of `FinalBTC_Countdown'; build/recon/game/psx/hud.cpp.o:(.sdata+0xa8): first defined here
C:/Tools/mips-ps1/mips/bin/mipsel-none-elf-ld.exe: build/asm/data/sdata_8013C54C_r20.sdata.s.o: in function `Hud_BeTheCop':
(.sdata+0xc4): multiple definition of `Hud_BeTheCop'; build/recon/game/psx/hud.cpp.o:(.sdata+0xac): first defined here
C:/Tools/mips-ps1/mips/bin/mipsel-none-elf-ld.exe: build/asm/data/sdata_8013C54C_r20.sdata.s.o: in function `Hud_kTurnSongOffNext':
(.sdata+0xc8): multiple definition of `Hud_kTurnSongOffNext'; build/recon/game/psx/hud.cpp.o:(.sdata+0xb0): first defined here
C:/Tools/mips-ps1/mips/bin/mipsel-none-elf-ld.exe: build/asm/data/sdata_8013C54C_r20.sdata.s.o: in function `HudBustedOverlayPlayer':
(.sdata+0xcc): multiple definition of `HudBustedOverlayPlayer'; build/recon/game/psx/hud.cpp.o:(.sdata+0xb4): first defined here
C:/Tools/mips-ps1/mips/bin/mipsel-none-elf-ld.exe: build/asm/data/sdata_8013C54C_r20.sdata.s.o: in function `mapMarkerMCos':
(.sdata+0xd0): multiple definition of `mapMarkerMCos'; build/recon/game/psx/hud.cpp.o:(.sdata+0xb8): first defined here
C:/Tools/mips-ps1/mips/bin/mipsel-none-elf-ld.exe: build/asm/data/sdata_8013C54C_r20.sdata.s.o: in function `mapMarkerMSin':
(.sdata+0xd4): multiple definition of `mapMarkerMSin'; build/recon/game/psx/hud.cpp.o:(.sdata+0xbc): first defined here
C:/Tools/mips-ps1/mips/bin/mipsel-none-elf-ld.exe: build/asm/data/sdata_8013C54C_r20.sdata.s.o: in function `Hud_gHudView':
(.sdata+0xd8): multiple definition of `Hud_gHudView'; build/recon/game/psx/hud.cpp.o:(.sdata+0xc0): first defined here
C:/Tools/mips-ps1/mips/bin/mipsel-none-elf-ld.exe: build/asm/data/sdata_8013C54C_r20.sdata.s.o: in function `Hud_gMapView':
(.sdata+0xe0): multiple definition of `Hud_gMapView'; build/recon/game/psx/hud.cpp.o:(.sdata+0xc8): first defined here
C:/Tools/mips-ps1/mips/bin/mipsel-none-elf-ld.exe: build/asm/data/sdata_8013C54C_r20.sdata.s.o: in function `Hud_gTacView':
(.sdata+0xe8): multiple definition of `Hud_gTacView'; build/recon/game/psx/hud.cpp.o:(.sdata+0xd0): first defined here
C:/Tools/mips-ps1/mips/bin/mipsel-none-elf-ld.exe: build/asm/data/sdata_8013C54C_r20.sdata.s.o: in function `Hud_gStatsView':
(.sdata+0xf0): multiple definition of `Hud_gStatsView'; build/recon/game/psx/hud.cpp.o:(.sdata+0xd8): first defined here
C:/Tools/mips-ps1/mips/bin/mipsel-none-elf-ld.exe: build/asm/data/sdata_8013C54C_r20.sdata.s.o: in function `HudMapOffsetY':
(.sdata+0xf4): multiple definition of `HudMapOffsetY'; build/recon/game/psx/hud.cpp.o:(.sdata+0xdc): first defined here
C:/Tools/mips-ps1/mips/bin/mipsel-none-elf-ld.exe: build/asm/data/sdata_8013C54C_r20.sdata.s.o: in function `gMapRotate':
(.sdata+0xf8): multiple definition of `gMapRotate'; build/recon/game/psx/hud.cpp.o:(.sdata+0xe0): first defined here
C:/Tools/mips-ps1/mips/bin/mipsel-none-elf-ld.exe: build/asm/data/sdata_8013C54C_r20.sdata.s.o: in function `gMapScaleX':
(.sdata+0xfc): multiple definition of `gMapScaleX'; build/recon/game/psx/hud.cpp.o:(.sdata+0xe4): first defined here
C:/Tools/mips-ps1/mips/bin/mipsel-none-elf-ld.exe: build/asm/data/sdata_8013C54C_r20.sdata.s.o: in function `gMapScaleY':
(.sdata+0x100): multiple definition of `gMapScaleY'; build/recon/game/psx/hud.cpp.o:(.sdata+0xe8): first defined here
C:/Tools/mips-ps1/mips/bin/mipsel-none-elf-ld.exe: build/asm/data/sdata_8013C54C_r20.sdata.s.o: in function `gMapOffX':
(.sdata+0x104): multiple definition of `gMapOffX'; build/recon/game/psx/hud.cpp.o:(.sdata+0xec): first defined here
C:/Tools/mips-ps1/mips/bin/mipsel-none-elf-ld.exe: build/asm/data/sdata_8013C54C_r20.sdata.s.o: in function `gMapOffY':
(.sdata+0x108): multiple definition of `gMapOffY'; build/recon/game/psx/hud.cpp.o:(.sdata+0xf0): first defined here
C:/Tools/mips-ps1/mips/bin/mipsel-none-elf-ld.exe: build/asm/data/sdata_8013C54C_r20.sdata.s.o: in function `Hud_gCdLastTick':
(.sdata+0x10c): multiple definition of `Hud_gCdLastTick'; build/recon/game/psx/hud.cpp.o:(.sdata+0xf4): first defined here
C:/Tools/mips-ps1/mips/bin/mipsel-none-elf-ld.exe: build/asm/data/sdata_8013C54C_r20.sdata.s.o: in function `Hud_gCdScrollTitle':
(.sdata+0x110): multiple definition of `Hud_gCdScrollTitle'; build/recon/game/psx/hud.cpp.o:(.sdata+0xf8): first defined here
C:/Tools/mips-ps1/mips/bin/mipsel-none-elf-ld.exe: build/asm/data/sdata_8013C54C_r20.sdata.s.o: in function `smallShapeFile':
(.sdata+0x158): multiple definition of `smallShapeFile'; build/recon/game/psx/loading.cpp.o:(.sdata+0x0): first defined here
C:/Tools/mips-ps1/mips/bin/mipsel-none-elf-ld.exe: build/asm/data/sdata_8013C54C_r20.sdata.s.o: in function `totalAvailMem':
(.sdata+0x164): multiple definition of `totalAvailMem'; build/recon/game/psx/loading.cpp.o:(.sdata+0x4): first defined here
C:/Tools/mips-ps1/mips/bin/mipsel-none-elf-ld.exe: build/asm/data/sdata_8013C54C_r20.sdata.s.o: in function `Night_gDrawLightning':
(.sdata+0x168): multiple definition of `Night_gDrawLightning'; build/recon/game/psx/night.cpp.o:(.sdata+0x36): first defined here
C:/Tools/mips-ps1/mips/bin/mipsel-none-elf-ld.exe: build/asm/data/sdata_8013C54C_r20.sdata.s.o: in function `Night_gPlayerLightingTable':
(.sdata+0x16c): multiple definition of `Night_gPlayerLightingTable'; build/recon/game/psx/night.cpp.o:(.sdata+0x38): first defined here
C:/Tools/mips-ps1/mips/bin/mipsel-none-elf-ld.exe: build/asm/data/sdata_8013C54C_r20.sdata.s.o: in function `Night_gCopLightingTableRed':
(.sdata+0x170): multiple definition of `Night_gCopLightingTableRed'; build/recon/game/psx/night.cpp.o:(.sdata+0x3c): first defined here
C:/Tools/mips-ps1/mips/bin/mipsel-none-elf-ld.exe: build/asm/data/sdata_8013C54C_r20.sdata.s.o: in function `Night_gCopLightingTableBlue':
(.sdata+0x174): multiple definition of `Night_gCopLightingTableBlue'; build/recon/game/psx/night.cpp.o:(.sdata+0x40): first defined here
C:/Tools/mips-ps1/mips/bin/mipsel-none-elf-ld.exe: build/asm/data/sdata_8013C54C_r20.sdata.s.o: in function `Night_gWeatherLightingTable':
(.sdata+0x178): multiple definition of `Night_gWeatherLightingTable'; build/recon/game/psx/night.cpp.o:(.sdata+0x44): first defined here
C:/Tools/mips-ps1/mips/bin/mipsel-none-elf-ld.exe: build/asm/data/sdata_8013C54C_r20.sdata.s.o: in function `D_8013D9F4':
(.sdata+0x17c): multiple definition of `D_8013D9F4'; build/recon/game/psx/night.cpp.o:(.sdata+0x48): first defined here
C:/Tools/mips-ps1/mips/bin/mipsel-none-elf-ld.exe: build/asm/data/sdata_8013C54C_r20.sdata.s.o: in function `CopCarTypeLights':
(.sdata+0x180): multiple definition of `CopCarTypeLights'; build/recon/game/psx/night.cpp.o:(.sdata+0x4): first defined here
C:/Tools/mips-ps1/mips/bin/mipsel-none-elf-ld.exe: build/asm/data/sdata_8013C54C_r20.sdata.s.o: in function `gNight_renderNight':
(.sdata+0x1b0): multiple definition of `gNight_renderNight'; build/recon/game/psx/night.cpp.o:(.sdata+0x4c): first defined here
C:/Tools/mips-ps1/mips/bin/mipsel-none-elf-ld.exe: build/asm/data/sdata_8013C54C_r20.sdata.s.o: in function `Night_gXDist':
(.sdata+0x1b4): multiple definition of `Night_gXDist'; build/recon/game/psx/night.cpp.o:(.sdata+0x50): first defined here
C:/Tools/mips-ps1/mips/bin/mipsel-none-elf-ld.exe: build/asm/data/sdata_8013C54C_r20.sdata.s.o: in function `Night_gZNear':
(.sdata+0x1b8): multiple definition of `Night_gZNear'; build/recon/game/psx/night.cpp.o:(.sdata+0x54): first defined here
C:/Tools/mips-ps1/mips/bin/mipsel-none-elf-ld.exe: build/asm/data/sdata_8013C54C_r20.sdata.s.o: in function `Night_gZDist':
(.sdata+0x1bc): multiple definition of `Night_gZDist'; build/recon/game/psx/night.cpp.o:(.sdata+0x58): first defined here
C:/Tools/mips-ps1/mips/bin/mipsel-none-elf-ld.exe: build/asm/data/sdata_8013C54C_r20.sdata.s.o: in function `Night_gXDistShift':
(.sdata+0x1c0): multiple definition of `Night_gXDistShift'; build/recon/game/psx/night.cpp.o:(.sdata+0x5c): first defined here
C:/Tools/mips-ps1/mips/bin/mipsel-none-elf-ld.exe: build/asm/data/sdata_8013C54C_r20.sdata.s.o: in function `Night_gZDistShift':
(.sdata+0x1c4): multiple definition of `Night_gZDistShift'; build/recon/game/psx/night.cpp.o:(.sdata+0x60): first defined here
C:/Tools/mips-ps1/mips/bin/mipsel-none-elf-ld.exe: build/asm/data/sdata_8013C54C_r20.sdata.s.o: in function `Night_gNightTbl':
(.sdata+0x1c8): multiple definition of `Night_gNightTbl'; build/recon/game/psx/night.cpp.o:(.sdata+0x64): first defined here
C:/Tools/mips-ps1/mips/bin/mipsel-none-elf-ld.exe: build/asm/data/sdata_8013C54C_r20.sdata.s.o: in function `Night_gLightningType':
(.sdata+0x1cc): multiple definition of `Night_gLightningType'; build/recon/game/psx/night.cpp.o:(.sdata+0x68): first defined here
C:/Tools/mips-ps1/mips/bin/mipsel-none-elf-ld.exe: build/asm/data/sdata_8013C54C_r20.sdata.s.o: in function `Night_gCurrentNightColor':
(.sdata+0x1d0): multiple definition of `Night_gCurrentNightColor'; build/recon/game/psx/night.cpp.o:(.sdata+0x6c): first defined here
C:/Tools/mips-ps1/mips/bin/mipsel-none-elf-ld.exe: build/asm/data/sdata_8013C54C_r20.sdata.s.o: in function `Night_gCopColor':
(.sdata+0x1d4): multiple definition of `Night_gCopColor'; build/recon/game/psx/night.cpp.o:(.sdata+0x70): first defined here
C:/Tools/mips-ps1/mips/bin/mipsel-none-elf-ld.exe: build/asm/data/sdata_8013C54C_r20.sdata.s.o: in function `D_8013DA50':
(.sdata+0x1d8): multiple definition of `D_8013DA50'; build/recon/game/psx/night.cpp.o:(.sdata+0x74): first defined here
C:/Tools/mips-ps1/mips/bin/mipsel-none-elf-ld.exe: build/asm/data/sdata_8013C54C_r20.sdata.s.o: in function `Night_gNightAmbientColor':
(.sdata+0x1dc): multiple definition of `Night_gNightAmbientColor'; build/recon/game/psx/night.cpp.o:(.sdata+0x78): first defined here
C:/Tools/mips-ps1/mips/bin/mipsel-none-elf-ld.exe: build/asm/data/sdata_8013C54C_r20.sdata.s.o: in function `Night_gColor':
(.sdata+0x1e0): multiple definition of `Night_gColor'; build/recon/game/psx/night.cpp.o:(.sdata+0x7c): first defined here
C:/Tools/mips-ps1/mips/bin/mipsel-none-elf-ld.exe: build/asm/data/sdata_8013C54C_r20.sdata.s.o: in function `Night_gTotalLights':
(.sdata+0x1e8): multiple definition of `Night_gTotalLights'; build/recon/game/psx/night.cpp.o:(.sdata+0x84): first defined here
C:/Tools/mips-ps1/mips/bin/mipsel-none-elf-ld.exe: build/asm/data/sdata_8013C54C_r20.sdata.s.o: in function `Night_gLightning':
(.sdata+0x1ec): multiple definition of `Night_gLightning'; build/recon/game/psx/night.cpp.o:(.sdata+0x88): first defined here
C:/Tools/mips-ps1/mips/bin/mipsel-none-elf-ld.exe: build/asm/data/sdata_8013C54C_r20.sdata.s.o: in function `Night_gNextLightning':
(.sdata+0x1f0): multiple definition of `Night_gNextLightning'; build/recon/game/psx/night.cpp.o:(.sdata+0x8c): first defined here
C:/Tools/mips-ps1/mips/bin/mipsel-none-elf-ld.exe: build/asm/data/sdata_8013C54C_r20.sdata.s.o: in function `Night_gEndNextLightning':
(.sdata+0x1f4): multiple definition of `Night_gEndNextLightning'; build/recon/game/psx/night.cpp.o:(.sdata+0x90): first defined here
C:/Tools/mips-ps1/mips/bin/mipsel-none-elf-ld.exe: build/asm/data/sdata_8013C54C_r20.sdata.s.o: in function `Night_gNextFlicker':
(.sdata+0x1f8): multiple definition of `Night_gNextFlicker'; build/recon/game/psx/night.cpp.o:(.sdata+0x94): first defined here
C:/Tools/mips-ps1/mips/bin/mipsel-none-elf-ld.exe: build/asm/data/sdata_8013C54C_r20.sdata.s.o: in function `Night_gFlashAzimuth':
(.sdata+0x1fc): multiple definition of `Night_gFlashAzimuth'; build/recon/game/psx/night.cpp.o:(.sdata+0x98): first defined here
C:/Tools/mips-ps1/mips/bin/mipsel-none-elf-ld.exe: build/asm/data/sdata_8013C54C_r20.sdata.s.o: in function `Night_gShowForks':
(.sdata+0x200): multiple definition of `Night_gShowForks'; build/recon/game/psx/night.cpp.o:(.sdata+0x9c): first defined here
C:/Tools/mips-ps1/mips/bin/mipsel-none-elf-ld.exe: build/asm/data/sdata_8013C54C_r20.sdata.s.o: in function `Night_gFlashIntensity':
(.sdata+0x204): multiple definition of `Night_gFlashIntensity'; build/recon/game/psx/night.cpp.o:(.sdata+0xa0): first defined here
C:/Tools/mips-ps1/mips/bin/mipsel-none-elf-ld.exe: build/asm/data/sdata_8013C54C_r20.sdata.s.o: in function `Night_gPlayerHeadLightColor':
(.sdata+0x208): multiple definition of `Night_gPlayerHeadLightColor'; build/recon/game/psx/night.cpp.o:(.sdata+0xa4): first defined here
C:/Tools/mips-ps1/mips/bin/mipsel-none-elf-ld.exe: build/asm/data/sdata_8013C54C_r20.sdata.s.o: in function `Night_gWeatherColor':
(.sdata+0x210): multiple definition of `Night_gWeatherColor'; build/recon/game/psx/night.cpp.o:(.sdata+0xac): first defined here
C:/Tools/mips-ps1/mips/bin/mipsel-none-elf-ld.exe: build/asm/data/sdata_8013C54C_r20.sdata.s.o: in function `D_8013DA8C':
(.sdata+0x214): multiple definition of `D_8013DA8C'; build/recon/game/psx/night.cpp.o:(.sdata+0xb0): first defined here
C:/Tools/mips-ps1/mips/bin/mipsel-none-elf-ld.exe: build/asm/data/sdata_8013C54C_r20.sdata.s.o: in function `gNightInitCache':
(.sdata+0x218): multiple definition of `gNightInitCache'; build/recon/game/psx/night.cpp.o:(.sdata+0xb4): first defined here
C:/Tools/mips-ps1/mips/bin/mipsel-none-elf-ld.exe: build/asm/data/sdata_8013C54C_r20.sdata.s.o: in function `gTableCache':
(.sdata+0x21c): multiple definition of `gTableCache'; build/recon/game/psx/night.cpp.o:(.sdata+0xb8): first defined here
C:/Tools/mips-ps1/mips/bin/mipsel-none-elf-ld.exe: build/asm/data/sdata_8013C54C_r20.sdata.s.o: in function `nightfile':
(.sdata+0x220): multiple definition of `nightfile'; build/recon/game/psx/night.cpp.o:(.sdata+0xbc): first defined here
C:/Tools/mips-ps1/mips/bin/mipsel-none-elf-ld.exe: build/asm/data/sdata_8013C54C_r20.sdata.s.o: in function `gSysStartUp':
(.sdata+0x224): multiple definition of `gSysStartUp'; build/recon/game/psx/platform.cpp.o:(.sdata+0x10): first defined here
C:/Tools/mips-ps1/mips/bin/mipsel-none-elf-ld.exe: build/asm/data/sdata_8013C54C_r20.sdata.s.o: in function `gLowMemory':
(.sdata+0x238): multiple definition of `gLowMemory'; build/recon/game/psx/platform.cpp.o:(.sdata+0x4): first defined here
C:/Tools/mips-ps1/mips/bin/mipsel-none-elf-ld.exe: build/asm/data/sdata_8013C54C_r20.sdata.s.o: in function `gHighMemory':
(.sdata+0x23c): multiple definition of `gHighMemory'; build/recon/game/psx/platform.cpp.o:(.sdata+0x8): first defined here
C:/Tools/mips-ps1/mips/bin/mipsel-none-elf-ld.exe: build/asm/data/sdata_8013C54C_r20.sdata.s.o: in function `gCurrentMemory':
(.sdata+0x240): multiple definition of `gCurrentMemory'; build/recon/game/psx/platform.cpp.o:(.sdata+0xc): first defined here
C:/Tools/mips-ps1/mips/bin/mipsel-none-elf-ld.exe: build/asm/data/sdata_8013C54C_r20.sdata.s.o: in function `gTotalMemory':
(.sdata+0x244): multiple definition of `gTotalMemory'; build/recon/game/psx/platform.cpp.o:(.sdata+0x0): first defined here
C:/Tools/mips-ps1/mips/bin/mipsel-none-elf-ld.exe: build/asm/data/sdata_8013C54C_r20.sdata.s.o: in function `gSm':
(.sdata+0x250): multiple definition of `gSm'; build/recon/game/psx/skidmark.cpp.o:(.sdata+0x0): first defined here
C:/Tools/mips-ps1/mips/bin/mipsel-none-elf-ld.exe: build/asm/data/sdata_8013C54C_r20.sdata.s.o: in function `gCountSm':
(.sdata+0x254): multiple definition of `gCountSm'; build/recon/game/psx/skidmark.cpp.o:(.sdata+0x4): first defined here
C:/Tools/mips-ps1/mips/bin/mipsel-none-elf-ld.exe: build/asm/data/sdata_8013C54C_r20.sdata.s.o: in function `gUseSm':
(.sdata+0x258): multiple definition of `gUseSm'; build/recon/game/psx/skidmark.cpp.o:(.sdata+0x8): first defined here
C:/Tools/mips-ps1/mips/bin/mipsel-none-elf-ld.exe: build/asm/data/sdata_8013C54C_r20.sdata.s.o: in function `gMaxSChunk':
(.sdata+0x25c): multiple definition of `gMaxSChunk'; build/recon/game/psx/skidmark.cpp.o:(.sdata+0xc): first defined here
C:/Tools/mips-ps1/mips/bin/mipsel-none-elf-ld.exe: build/asm/data/sdata_8013C54C_r22.sdata.s.o: in function `gCurrentNumSplats':
(.sdata+0x0): multiple definition of `gCurrentNumSplats'; build/recon/game/psx/weather.cpp.o:(.sdata+0x38): first defined here
C:/Tools/mips-ps1/mips/bin/mipsel-none-elf-ld.exe: build/asm/data/sdata_8013C54C_r22.sdata.s.o: in function `Weather_gWasDrawn':
(.sdata+0x4): multiple definition of `Weather_gWasDrawn'; build/recon/game/psx/weather.cpp.o:(.sdata+0x0): first defined here
C:/Tools/mips-ps1/mips/bin/mipsel-none-elf-ld.exe: build/asm/data/sdata_8013C54C_r22.sdata.s.o: in function `Weather_gPos':
(.sdata+0x8): multiple definition of `Weather_gPos'; build/recon/game/psx/weather.cpp.o:(.sdata+0x4): first defined here
C:/Tools/mips-ps1/mips/bin/mipsel-none-elf-ld.exe: build/asm/data/sdata_8013C54C_r22.sdata.s.o: in function `Weather_gSplatInfo':
(.sdata+0xc): multiple definition of `Weather_gSplatInfo'; build/recon/game/psx/weather.cpp.o:(.sdata+0x8): first defined here
C:/Tools/mips-ps1/mips/bin/mipsel-none-elf-ld.exe: build/asm/data/sdata_8013C54C_r22.sdata.s.o: in function `Weather_gPrevPos':
(.sdata+0x10): multiple definition of `Weather_gPrevPos'; build/recon/game/psx/weather.cpp.o:(.sdata+0xc): first defined here
C:/Tools/mips-ps1/mips/bin/mipsel-none-elf-ld.exe: build/asm/data/sdata_8013C54C_r22.sdata.s.o: in function `Weather_gTrackSpec':
(.sdata+0x24): multiple definition of `Weather_gTrackSpec'; build/recon/game/psx/weather.cpp.o:(.sdata+0x10): first defined here
C:/Tools/mips-ps1/mips/bin/mipsel-none-elf-ld.exe: build/asm/data/sdata_8013C54C_r22.sdata.s.o: in function `Weather_gSplatInfoServer':
(.sdata+0x28): multiple definition of `Weather_gSplatInfoServer'; build/recon/game/psx/weather.cpp.o:(.sdata+0x48): first defined here
C:/Tools/mips-ps1/mips/bin/mipsel-none-elf-ld.exe: build/asm/data/sdata_8013C54C_r22.sdata.s.o: in function `Weather_gPServer':
(.sdata+0x30): multiple definition of `Weather_gPServer'; build/recon/game/psx/weather.cpp.o:(.sdata+0x50): first defined here
C:/Tools/mips-ps1/mips/bin/mipsel-none-elf-ld.exe: build/asm/data/sdata_8013C54C_r22.sdata.s.o: in function `Weather_gPrevPServer':
(.sdata+0x38): multiple definition of `Weather_gPrevPServer'; build/recon/game/psx/weather.cpp.o:(.sdata+0x58): first defined here
C:/Tools/mips-ps1/mips/bin/mipsel-none-elf-ld.exe: build/asm/data/sdata_8013C54C_r22.sdata.s.o: in function `Weather_gDrawnServer':
(.sdata+0x40): multiple definition of `Weather_gDrawnServer'; build/recon/game/psx/weather.cpp.o:(.sdata+0x60): first defined here
C:/Tools/mips-ps1/mips/bin/mipsel-none-elf-ld.exe: build/asm/data/sdata_8013C54C_r22.sdata.s.o: in function `Weather_gType':
(.sdata+0x4c): multiple definition of `Weather_gType'; build/recon/game/psx/weather.cpp.o:(.sdata+0x14): first defined here
C:/Tools/mips-ps1/mips/bin/mipsel-none-elf-ld.exe: build/asm/data/sdata_8013C54C_r22.sdata.s.o: in function `Weather_gDensityGoalState':
(.sdata+0x50): multiple definition of `Weather_gDensityGoalState'; build/recon/game/psx/weather.cpp.o:(.sdata+0x18): first defined here
C:/Tools/mips-ps1/mips/bin/mipsel-none-elf-ld.exe: build/asm/data/sdata_8013C54C_r22.sdata.s.o: in function `Weather_gIntensityGoalState':
(.sdata+0x54): multiple definition of `Weather_gIntensityGoalState'; build/recon/game/psx/weather.cpp.o:(.sdata+0x1c): first defined here
C:/Tools/mips-ps1/mips/bin/mipsel-none-elf-ld.exe: build/asm/data/sdata_8013C54C_r22.sdata.s.o: in function `Weather_gDensityChangeFactor':
(.sdata+0x58): multiple definition of `Weather_gDensityChangeFactor'; build/recon/game/psx/weather.cpp.o:(.sdata+0x20): first defined here
C:/Tools/mips-ps1/mips/bin/mipsel-none-elf-ld.exe: build/asm/data/sdata_8013C54C_r22.sdata.s.o: in function `Weather_gIntensityChangeFactor':
(.sdata+0x5c): multiple definition of `Weather_gIntensityChangeFactor'; build/recon/game/psx/weather.cpp.o:(.sdata+0x24): first defined here
C:/Tools/mips-ps1/mips/bin/mipsel-none-elf-ld.exe: build/asm/data/sdata_8013C54C_r22.sdata.s.o: in function `Weather_gDensityTimerGoal':
(.sdata+0x60): multiple definition of `Weather_gDensityTimerGoal'; build/recon/game/psx/weather.cpp.o:(.sdata+0x28): first defined here
C:/Tools/mips-ps1/mips/bin/mipsel-none-elf-ld.exe: build/asm/data/sdata_8013C54C_r22.sdata.s.o: in function `Weather_gIntensityTimerGoal':
(.sdata+0x64): multiple definition of `Weather_gIntensityTimerGoal'; build/recon/game/psx/weather.cpp.o:(.sdata+0x2c): first defined here
C:/Tools/mips-ps1/mips/bin/mipsel-none-elf-ld.exe: build/asm/data/sdata_8013C54C_r22.sdata.s.o: in function `Weather_gSnowTrack':
(.sdata+0x68): multiple definition of `Weather_gSnowTrack'; build/recon/game/psx/weather.cpp.o:(.sdata+0x30): first defined here
C:/Tools/mips-ps1/mips/bin/mipsel-none-elf-ld.exe: build/asm/data/sdata_8013C54C_r22.sdata.s.o: in function `Weather_gTrackIntensityLimit':
(.sdata+0x6c): multiple definition of `Weather_gTrackIntensityLimit'; build/recon/game/psx/weather.cpp.o:(.sdata+0x34): first defined here
C:/Tools/mips-ps1/mips/bin/mipsel-none-elf-ld.exe: build/asm/data/sdata_8013C54C_r23.sdata.s.o: in function `D_8013DD34':
(.sdata+0x8): multiple definition of `D_8013DD34'; build/recon/eaclib/psx/eacpsxz/fileroot.c.o:(.sbss+0x0): first defined here
C:/Tools/mips-ps1/mips/bin/mipsel-none-elf-ld.exe: build/asm/data/sdata_8013C54C_r23.sdata.s.o: in function `D_8013DD40':
(.sdata+0x14): multiple definition of `D_8013DD40'; build/recon/eaclib/psx/eacpsxz/fileroot.c.o:(.sbss+0x4): first defined here
C:/Tools/mips-ps1/mips/bin/mipsel-none-elf-ld.exe: build/recon/game/psx/device.cpp.o: in function `Device_gPaused':
(.sdata+0x0): multiple definition of `Device_gPaused'; build/asm/data/sdata_8013C54C_r17.sdata.s.o:(.sdata+0x27c): first defined here
C:/Tools/mips-ps1/mips/bin/mipsel-none-elf-ld.exe: build/recon/game/psx/device.cpp.o: in function `Device_gForcePause':
(.sdata+0x4): multiple definition of `Device_gForcePause'; build/asm/data/sdata_8013C54C_r17.sdata.s.o:(.sdata+0x274): first defined here
C:/Tools/mips-ps1/mips/bin/mipsel-none-elf-ld.exe: build/recon/game/psx/device.cpp.o: in function `Device_gPausePort':
(.sdata+0x8): multiple definition of `Device_gPausePort'; build/asm/data/sdata_8013C54C_r17.sdata.s.o:(.sdata+0x278): first defined here
C:/Tools/mips-ps1/mips/bin/mipsel-none-elf-ld.exe: build/recon/game/psx/device.cpp.o: in function `Device_gPausePortIndex':
(.sdata+0xc): multiple definition of `Device_gPausePortIndex'; build/asm/data/sdata_8013C54C_r17.sdata.s.o:(.sdata+0x290): first defined here
C:/Tools/mips-ps1/mips/bin/mipsel-none-elf-ld.exe: build/recon/game/psx/device.cpp.o: in function `Device_gToggleTime':
(.sdata+0x10): multiple definition of `Device_gToggleTime'; build/asm/data/sdata_8013C54C_r17.sdata.s.o:(.sdata+0x280): first defined here
C:/Tools/mips-ps1/mips/bin/mipsel-none-elf-ld.exe: build/recon/game/psx/device.cpp.o: in function `Device_gPrev':
(.sdata+0x18): multiple definition of `Device_gPrev'; build/asm/data/sdata_8013C54C_r17.sdata.s.o:(.sdata+0x288): first defined here
C:/Tools/mips-ps1/mips/bin/mipsel-none-elf-ld.exe: build/recon/game/psx/overlays.cpp.o: in function `StatsTimer':
(.sdata+0x8): multiple definition of `StatsTimer'; build/asm/data/sdata_8013C54C_r20.sdata.s.o:(.sdata+0x120): first defined here
C:/Tools/mips-ps1/mips/bin/mipsel-none-elf-ld.exe: build/recon/game/psx/overlays.cpp.o: in function `D_8013D99C':
(.sdata+0xc): multiple definition of `D_8013D99C'; build/asm/data/sdata_8013C54C_r20.sdata.s.o:(.sdata+0x124): first defined here
C:/Tools/mips-ps1/mips/bin/mipsel-none-elf-ld.exe: build/recon/game/psx/overlays.cpp.o: in function `Hud_NextPerp':
(.sdata+0x10): multiple definition of `Hud_NextPerp'; build/asm/data/sdata_8013C54C_r20.sdata.s.o:(.sdata+0x11c): first defined here
C:/Tools/mips-ps1/mips/bin/mipsel-none-elf-ld.exe: build/recon/syslib/psx/libc/CTYPE0.c.o: in function `_ctype_':
(.rodata+0x0): multiple definition of `_ctype_'; build/asm/data/data_8010CCD4_r18.data.s.o:(.data+0x3d0): first defined here
C:/Tools/mips-ps1/mips/bin/mipsel-none-elf-ld.exe: build/asm/data/data_8010CCD4_o00.data.s.o: in function `AIHigh_BasicPerp_PlayerCaughtSpeed':
(.data+0x0): multiple definition of `AIHigh_BasicPerp_PlayerCaughtSpeed'; build/recon/game/common/aih_basicperp.cpp.o:(.data+0x0): first defined here
C:/Tools/mips-ps1/mips/bin/mipsel-none-elf-ld.exe: build/asm/data/data_8010CCD4_o00.data.s.o: in function `AIHigh_BasicPerp_PlayerCaughtDeltaY':
(.data+0xc): multiple definition of `AIHigh_BasicPerp_PlayerCaughtDeltaY'; build/recon/game/common/aih_basicperp.cpp.o:(.data+0xc): first defined here
C:/Tools/mips-ps1/mips/bin/mipsel-none-elf-ld.exe: build/asm/data/data_8010CCD4_o00.data.s.o: in function `AIHigh_BasicPerp_MinDeltaSpeed':
(.data+0x18): multiple definition of `AIHigh_BasicPerp_MinDeltaSpeed'; build/recon/game/common/aih_basicperp.cpp.o:(.data+0x18): first defined here
C:/Tools/mips-ps1/mips/bin/mipsel-none-elf-ld.exe: build/asm/data/data_8010CCD4_o00.data.s.o: in function `AIHigh_BasicPerp_CopCaughtSpeed':
(.data+0x24): multiple definition of `AIHigh_BasicPerp_CopCaughtSpeed'; build/recon/game/common/aih_basicperp.cpp.o:(.data+0x24): first defined here
C:/Tools/mips-ps1/mips/bin/mipsel-none-elf-ld.exe: build/asm/data/data_8010CCD4_o00.data.s.o: in function `AIHigh_BasicPerp_CaughtDistance':
(.data+0x30): multiple definition of `AIHigh_BasicPerp_CaughtDistance'; build/recon/game/common/aih_basicperp.cpp.o:(.data+0x30): first defined here
C:/Tools/mips-ps1/mips/bin/mipsel-none-elf-ld.exe: build/asm/data/data_8010CCD4_o01.data.s.o: in function `AIH_BTC_Cop_1HC1HP_StageTimes':
(.data+0x0): multiple definition of `AIH_BTC_Cop_1HC1HP_StageTimes'; build/recon/game/common/aih_btccop.cpp.o:(.data+0x0): first defined here
C:/Tools/mips-ps1/mips/bin/mipsel-none-elf-ld.exe: build/asm/data/data_8010CCD4_o01.data.s.o: in function `AIH_BTCCop_chasePositions':
(.data+0xc): multiple definition of `AIH_BTCCop_chasePositions'; build/recon/game/common/aih_btccop.cpp.o:(.data+0xc): first defined here
C:/Tools/mips-ps1/mips/bin/mipsel-none-elf-ld.exe: build/asm/data/data_8010CCD4_o02.data.s.o: in function `strategyChart':
(.data+0x0): multiple definition of `strategyChart'; build/recon/game/common/aih_btcperp.cpp.o:(.data+0x0): first defined here
C:/Tools/mips-ps1/mips/bin/mipsel-none-elf-ld.exe: build/asm/data/data_8010CCD4_o02.data.s.o: in function `AIHigh_BTC_uTurnProb1000Skills':
(.data+0x10): multiple definition of `AIHigh_BTC_uTurnProb1000Skills'; build/recon/game/common/aih_btcperp.cpp.o:(.data+0x10): first defined here
C:/Tools/mips-ps1/mips/bin/mipsel-none-elf-ld.exe: build/asm/data/data_8010CCD4_o03.data.s.o: in function `AIHigh_Cop_AggressionData':
(.data+0x0): multiple definition of `AIHigh_Cop_AggressionData'; build/recon/game/common/aih_cop.cpp.o:(.data+0x0): first defined here
C:/Tools/mips-ps1/mips/bin/mipsel-none-elf-ld.exe: build/asm/data/data_8010CCD4_o03.data.s.o: in function `AICop_skillDelay':
(.data+0x3c): multiple definition of `AICop_skillDelay'; build/recon/game/common/aih_cop.cpp.o:(.data+0x3c): first defined here
C:/Tools/mips-ps1/mips/bin/mipsel-none-elf-ld.exe: build/asm/data/data_8010CCD4_o03.data.s.o: in function `AIH_Cop_chasePositions':
(.data+0x48): multiple definition of `AIH_Cop_chasePositions'; build/recon/game/common/aih_cop.cpp.o:(.data+0x48): first defined here
C:/Tools/mips-ps1/mips/bin/mipsel-none-elf-ld.exe: build/asm/data/data_8010CCD4_o03.data.s.o: in function `NitroDistanceMeters':
(.data+0x120): multiple definition of `NitroDistanceMeters'; build/recon/game/common/aih_cop.cpp.o:(.data+0x120): first defined here
C:/Tools/mips-ps1/mips/bin/mipsel-none-elf-ld.exe: build/asm/data/data_8010CCD4_o04.data.s.o: in function `twoLapCopGame':
(.data+0x0): multiple definition of `twoLapCopGame'; build/recon/game/common/aicop.cpp.o:(.data+0x0): first defined here
C:/Tools/mips-ps1/mips/bin/mipsel-none-elf-ld.exe: build/asm/data/data_8010CCD4_o04.data.s.o: in function `fourLapCopGame':
(.data+0xd0): multiple definition of `fourLapCopGame'; build/recon/game/common/aicop.cpp.o:(.data+0xd0): first defined here
C:/Tools/mips-ps1/mips/bin/mipsel-none-elf-ld.exe: build/asm/data/data_8010CCD4_o04.data.s.o: in function `twoLapCopGameSplit':
(.data+0x1d4): multiple definition of `twoLapCopGameSplit'; build/recon/game/common/aicop.cpp.o:(.data+0x1d4): first defined here
C:/Tools/mips-ps1/mips/bin/mipsel-none-elf-ld.exe: build/asm/data/data_8010CCD4_o04.data.s.o: in function `fourLapCopGameSplit':
(.data+0x2a4): multiple definition of `fourLapCopGameSplit'; build/recon/game/common/aicop.cpp.o:(.data+0x2a4): first defined here
C:/Tools/mips-ps1/mips/bin/mipsel-none-elf-ld.exe: build/asm/data/data_8010CCD4_o04.data.s.o: in function `twoLapCopGame1H1AI':
(.data+0x374): multiple definition of `twoLapCopGame1H1AI'; build/recon/game/common/aicop.cpp.o:(.data+0x374): first defined here
C:/Tools/mips-ps1/mips/bin/mipsel-none-elf-ld.exe: build/asm/data/data_8010CCD4_o04.data.s.o: in function `fourLapCopGame1H1AI':
(.data+0x444): multiple definition of `fourLapCopGame1H1AI'; build/recon/game/common/aicop.cpp.o:(.data+0x444): first defined here
C:/Tools/mips-ps1/mips/bin/mipsel-none-elf-ld.exe: build/asm/data/data_8010CCD4_o04.data.s.o: in function `copGame':
(.data+0x548): multiple definition of `copGame'; build/recon/game/common/aicop.cpp.o:(.data+0x548): first defined here
C:/Tools/mips-ps1/mips/bin/mipsel-none-elf-ld.exe: build/asm/data/data_8010CCD4_o04.data.s.o: in function `AICop_spikeBelt':
(.data+0x578): multiple definition of `AICop_spikeBelt'; build/recon/game/common/aicop.cpp.o:(.data+0x578): first defined here
C:/Tools/mips-ps1/mips/bin/mipsel-none-elf-ld.exe: build/asm/data/data_8010CCD4_o05.data.s.o: in function `trafcfg':
(.data+0x0): multiple definition of `trafcfg'; build/recon/game/common/aiinit.cpp.o:(.data+0x0): first defined here
C:/Tools/mips-ps1/mips/bin/mipsel-none-elf-ld.exe: build/asm/data/data_8010CCD4_o06.data.s.o: in function `AIPerson_blockMaxDistance':
(.data+0x0): multiple definition of `AIPerson_blockMaxDistance'; build/recon/game/common/func_va_data.cpp.o:(.data+0x0): first defined here
C:/Tools/mips-ps1/mips/bin/mipsel-none-elf-ld.exe: build/asm/data/data_8010CCD4_o06.data.s.o: in function `AIPerson_blockMinDistance':
(.data+0x10): multiple definition of `AIPerson_blockMinDistance'; build/recon/game/common/func_va_data.cpp.o:(.data+0x10): first defined here
C:/Tools/mips-ps1/mips/bin/mipsel-none-elf-ld.exe: build/asm/data/data_8010CCD4_o06.data.s.o: in function `AIPerson_oncomingLookAhead':
(.data+0x20): multiple definition of `AIPerson_oncomingLookAhead'; build/recon/game/common/func_va_data.cpp.o:(.data+0x20): first defined here
C:/Tools/mips-ps1/mips/bin/mipsel-none-elf-ld.exe: build/asm/data/data_8010CCD4_o06.data.s.o: in function `AIPerson_laneSwerve':
(.data+0x30): multiple definition of `AIPerson_laneSwerve'; build/recon/game/common/func_va_data.cpp.o:(.data+0x30): first defined here
C:/Tools/mips-ps1/mips/bin/mipsel-none-elf-ld.exe: build/asm/data/data_8010CCD4_o06.data.s.o: in function `AIPerson_swerveChangeProb':
(.data+0x70): multiple definition of `AIPerson_swerveChangeProb'; build/recon/game/common/func_va_data.cpp.o:(.data+0x70): first defined here
C:/Tools/mips-ps1/mips/bin/mipsel-none-elf-ld.exe: build/asm/data/data_8010CCD4_o06.data.s.o: in function `AIPerson_brakeMultiplier':
(.data+0x80): multiple definition of `AIPerson_brakeMultiplier'; build/recon/game/common/func_va_data.cpp.o:(.data+0x80): first defined here
C:/Tools/mips-ps1/mips/bin/mipsel-none-elf-ld.exe: build/asm/data/data_8010CCD4_o06.data.s.o: in function `AIPerson_attackActivationHits':
(.data+0x90): multiple definition of `AIPerson_attackActivationHits'; build/recon/game/common/func_va_data.cpp.o:(.data+0x90): first defined here
C:/Tools/mips-ps1/mips/bin/mipsel-none-elf-ld.exe: build/asm/data/data_8010CCD4_o06.data.s.o: in function `AIPerson_attackTimes':
(.data+0xa0): multiple definition of `AIPerson_attackTimes'; build/recon/game/common/func_va_data.cpp.o:(.data+0xa0): first defined here
C:/Tools/mips-ps1/mips/bin/mipsel-none-elf-ld.exe: build/asm/data/data_8010CCD4_o06.data.s.o: in function `AIPerson_fishtailAngles':
(.data+0xb0): multiple definition of `AIPerson_fishtailAngles'; build/recon/game/common/func_va_data.cpp.o:(.data+0xb0): first defined here
C:/Tools/mips-ps1/mips/bin/mipsel-none-elf-ld.exe: build/asm/data/data_8010CCD4_o06.data.s.o: in function `AIPerson_gripLossProbPerSecond':
(.data+0xc0): multiple definition of `AIPerson_gripLossProbPerSecond'; build/recon/game/common/func_va_data.cpp.o:(.data+0xc0): first defined here
C:/Tools/mips-ps1/mips/bin/mipsel-none-elf-ld.exe: build/asm/data/data_8010CCD4_o06.data.s.o: in function `AIPerson_gripLossMinFactor':
(.data+0xd0): multiple definition of `AIPerson_gripLossMinFactor'; build/recon/game/common/func_va_data.cpp.o:(.data+0xd0): first defined here
C:/Tools/mips-ps1/mips/bin/mipsel-none-elf-ld.exe: build/asm/data/data_8010CCD4_o06.data.s.o: in function `AIPerson_gripLossRecoveryPerTick':
(.data+0xe0): multiple definition of `AIPerson_gripLossRecoveryPerTick'; build/recon/game/common/func_va_data.cpp.o:(.data+0xe0): first defined here
C:/Tools/mips-ps1/mips/bin/mipsel-none-elf-ld.exe: build/asm/data/data_8010CCD4_o06.data.s.o: in function `AIPerson_minimumWipeOutTicks':
(.data+0xf0): multiple definition of `AIPerson_minimumWipeOutTicks'; build/recon/game/common/func_va_data.cpp.o:(.data+0xf0): first defined here
C:/Tools/mips-ps1/mips/bin/mipsel-none-elf-ld.exe: build/asm/data/data_8010CCD4_o06.data.s.o: in function `AIPerson_randomWipeOutTicks':
(.data+0x104): multiple definition of `AIPerson_randomWipeOutTicks'; build/recon/game/common/func_va_data.cpp.o:(.data+0x104): first defined here
C:/Tools/mips-ps1/mips/bin/mipsel-none-elf-ld.exe: build/asm/data/data_8010CCD4_o06.data.s.o: in function `AIPerson_rearEndProbMask':
(.data+0x118): multiple definition of `AIPerson_rearEndProbMask'; build/recon/game/common/func_va_data.cpp.o:(.data+0x118): first defined here
C:/Tools/mips-ps1/mips/bin/mipsel-none-elf-ld.exe: build/asm/data/data_8010CCD4_o06.data.s.o: in function `AIPerson_smackProbMask':
(.data+0x128): multiple definition of `AIPerson_smackProbMask'; build/recon/game/common/func_va_data.cpp.o:(.data+0x128): first defined here
C:/Tools/mips-ps1/mips/bin/mipsel-none-elf-ld.exe: build/asm/data/data_8010CCD4_o06.data.s.o: in function `AIPerson_bestLineAbilities':
(.data+0x138): multiple definition of `AIPerson_bestLineAbilities'; build/recon/game/common/func_va_data.cpp.o:(.data+0x138): first defined here
C:/Tools/mips-ps1/mips/bin/mipsel-none-elf-ld.exe: build/asm/data/data_8010CCD4_o06.data.s.o: in function `AIPerson_glueTable':
(.data+0x148): multiple definition of `AIPerson_glueTable'; build/recon/game/common/func_va_data.cpp.o:(.data+0x148): first defined here
C:/Tools/mips-ps1/mips/bin/mipsel-none-elf-ld.exe: build/asm/data/data_8010CCD4_o06.data.s.o: in function `AIPerson_PersonalityData':
(.data+0x19c): multiple definition of `AIPerson_PersonalityData'; build/recon/game/common/func_va_data.cpp.o:(.data+0x19c): first defined here
C:/Tools/mips-ps1/mips/bin/mipsel-none-elf-ld.exe: build/asm/data/data_8010CCD4_o06.data.s.o: in function `AIPerson_ScriptData':
(.data+0x490): multiple definition of `AIPerson_ScriptData'; build/recon/game/common/func_va_data.cpp.o:(.data+0x490): first defined here
C:/Tools/mips-ps1/mips/bin/mipsel-none-elf-ld.exe: build/asm/data/data_8010CCD4_o07.data.s.o: in function `AIPhysicConfig':
(.data+0x0): multiple definition of `AIPhysicConfig'; build/recon/game/common/aiphysic.cpp.o:(.data+0x0): first defined here
C:/Tools/mips-ps1/mips/bin/mipsel-none-elf-ld.exe: build/asm/data/data_8010CCD4_o08.data.s.o: in function `AITune_BTC':
(.data+0x0): multiple definition of `AITune_BTC'; build/recon/game/common/aitune.cpp.o:(.data+0x0): first defined here
C:/Tools/mips-ps1/mips/bin/mipsel-none-elf-ld.exe: build/asm/data/data_8010CCD4_o08.data.s.o: in function `AITune_BTCPerpAccMults':
(.data+0x54): multiple definition of `AITune_BTCPerpAccMults'; build/recon/game/common/aitune.cpp.o:(.data+0x54): first defined here
C:/Tools/mips-ps1/mips/bin/mipsel-none-elf-ld.exe: build/asm/data/data_8010CCD4_o08.data.s.o: in function `AITune_trackInfo':
(.data+0x60): multiple definition of `AITune_trackInfo'; build/recon/game/common/aitune.cpp.o:(.data+0x60): first defined here
C:/Tools/mips-ps1/mips/bin/mipsel-none-elf-ld.exe: build/asm/data/data_8010CCD4_o08.data.s.o: in function `AITune_accelerationScale':
(.data+0xf0): multiple definition of `AITune_accelerationScale'; build/recon/game/common/aitune.cpp.o:(.data+0xf0): first defined here
C:/Tools/mips-ps1/mips/bin/mipsel-none-elf-ld.exe: build/asm/data/data_8010CCD4_o08.data.s.o: in function `copTuningInfo':
(.data+0x148): multiple definition of `copTuningInfo'; build/recon/game/common/aitune.cpp.o:(.data+0x148): first defined here
C:/Tools/mips-ps1/mips/bin/mipsel-none-elf-ld.exe: build/asm/data/data_8010CCD4_o08.data.s.o: in function `AITune_MaxTraffic':
(.data+0x1a8): multiple definition of `AITune_MaxTraffic'; build/recon/game/common/aitune.cpp.o:(.data+0x1a8): first defined here
C:/Tools/mips-ps1/mips/bin/mipsel-none-elf-ld.exe: build/asm/data/data_8010CCD4_o08.data.s.o: in function `AITune_LifeTimer':
(.data+0x1c8): multiple definition of `AITune_LifeTimer'; build/recon/game/common/aitune.cpp.o:(.data+0x1c8): first defined here
C:/Tools/mips-ps1/mips/bin/mipsel-none-elf-ld.exe: build/asm/data/data_8010CCD4_o09.data.s.o: in function `inverseLaneWidthTable':
(.data+0x0): multiple definition of `inverseLaneWidthTable'; build/recon/game/common/AIWORLD.cpp.o:(.data+0x0): first defined here
C:/Tools/mips-ps1/mips/bin/mipsel-none-elf-ld.exe: build/asm/data/data_8010CCD4_o10.data.s.o: in function `animSlots':
(.data+0x0): multiple definition of `animSlots'; build/recon/game/common/anim.cpp.o:(.data+0x0): first defined here
C:/Tools/mips-ps1/mips/bin/mipsel-none-elf-ld.exe: build/asm/data/data_8010CCD4_o10.data.s.o: in function `Anim_gInstanceFromIndex':
(.data+0x80): multiple definition of `Anim_gInstanceFromIndex'; build/recon/game/common/anim.cpp.o:(.data+0x80): first defined here
C:/Tools/mips-ps1/mips/bin/mipsel-none-elf-ld.exe: build/asm/data/data_8010CCD4_o10.data.s.o: in function `animScripts':
(.data+0x100): multiple definition of `animScripts'; build/recon/game/common/anim.cpp.o:(.data+0x100): first defined here
C:/Tools/mips-ps1/mips/bin/mipsel-none-elf-ld.exe: build/asm/data/data_8010CCD4_o11.data.s.o: in function `AudioClc_gPlayer':
(.data+0x34): multiple definition of `AudioClc_gPlayer'; build/recon/game/common/audioclc.cpp.o:(.data+0x34): first defined here
C:/Tools/mips-ps1/mips/bin/mipsel-none-elf-ld.exe: build/asm/data/data_8010CCD4_o11.data.s.o: in function `AudioClc_gClosest':
(.data+0xd4): multiple definition of `AudioClc_gClosest'; build/recon/game/common/audioclc.cpp.o:(.data+0xd4): first defined here
C:/Tools/mips-ps1/mips/bin/mipsel-none-elf-ld.exe: build/asm/data/data_8010CCD4_o11.data.s.o: in function `AudioClc_gRenderView':
(.data+0x1b4): multiple definition of `AudioClc_gRenderView'; build/recon/game/common/audioclc.cpp.o:(.data+0x1b4): first defined here
C:/Tools/mips-ps1/mips/bin/mipsel-none-elf-ld.exe: build/asm/data/data_8010CCD4_o11.data.s.o: in function `AudioClc_PursuitTime':
(.data+0x238): multiple definition of `AudioClc_PursuitTime'; build/recon/game/common/audioclc.cpp.o:(.data+0x238): first defined here
C:/Tools/mips-ps1/mips/bin/mipsel-none-elf-ld.exe: build/asm/data/data_8010CCD4_o12.data.s.o: in function `gWorldMat':
(.data+0x0): multiple definition of `gWorldMat'; build/recon/game/common/bworld.cpp.o:(.data+0x0): first defined here
C:/Tools/mips-ps1/mips/bin/mipsel-none-elf-ld.exe: build/asm/data/data_8010CCD4_o12.data.s.o: in function `gNightMat':
(.data+0x24): multiple definition of `gNightMat'; build/recon/game/common/bworld.cpp.o:(.data+0x24): first defined here
C:/Tools/mips-ps1/mips/bin/mipsel-none-elf-ld.exe: build/asm/data/data_8010CCD4_o12.data.s.o: in function `gCopMat':
(.data+0x48): multiple definition of `gCopMat'; build/recon/game/common/bworld.cpp.o:(.data+0x48): first defined here
C:/Tools/mips-ps1/mips/bin/mipsel-none-elf-ld.exe: build/asm/data/data_8010CCD4_o12.data.s.o: in function `gContextMan':
(.data+0x6c): multiple definition of `gContextMan'; build/recon/game/common/bworld.cpp.o:(.data+0x6c): first defined here
C:/Tools/mips-ps1/mips/bin/mipsel-none-elf-ld.exe: build/asm/data/data_8010CCD4_o12.data.s.o: in function `BWorld_gChunkBuildList':
(.data+0x1ac): multiple definition of `BWorld_gChunkBuildList'; build/recon/game/common/bworld.cpp.o:(.data+0x1ac): first defined here
C:/Tools/mips-ps1/mips/bin/mipsel-none-elf-ld.exe: build/asm/data/data_8010CCD4_o13.data.s.o: in function `BWSM_NormalCache':
(.data+0x0): multiple definition of `BWSM_NormalCache'; build/recon/game/common/bworldSm.cpp.o:(.data+0x0): first defined here
C:/Tools/mips-ps1/mips/bin/mipsel-none-elf-ld.exe: build/asm/data/data_8010CCD4_o14.data.s.o: in function `Cars_topSpeedCap':
(.data+0x0): multiple definition of `Cars_topSpeedCap'; build/recon/game/common/cars.cpp.o:(.data+0x0): first defined here
C:/Tools/mips-ps1/mips/bin/mipsel-none-elf-ld.exe: build/asm/data/data_8010CCD4_o14.data.s.o: in function `Cars_kSkidMarkSurface':
(.data+0x98): multiple definition of `Cars_kSkidMarkSurface'; build/recon/game/common/cars.cpp.o:(.data+0x98): first defined here
C:/Tools/mips-ps1/mips/bin/mipsel-none-elf-ld.exe: build/asm/data/data_8010CCD4_o14.data.s.o: in function `Cars_gList':
(.data+0x1b4): multiple definition of `Cars_gList'; build/recon/game/common/cars.cpp.o:(.data+0x1b4): first defined here
C:/Tools/mips-ps1/mips/bin/mipsel-none-elf-ld.exe: build/asm/data/data_8010CCD4_o14.data.s.o: in function `Cars_gRaceCarList':
(.data+0x1d8): multiple definition of `Cars_gRaceCarList'; build/recon/game/common/cars.cpp.o:(.data+0x1d8): first defined here
C:/Tools/mips-ps1/mips/bin/mipsel-none-elf-ld.exe: build/asm/data/data_8010CCD4_o14.data.s.o: in function `Cars_gAICarList':
(.data+0x1fc): multiple definition of `Cars_gAICarList'; build/recon/game/common/cars.cpp.o:(.data+0x1fc): first defined here
C:/Tools/mips-ps1/mips/bin/mipsel-none-elf-ld.exe: build/asm/data/data_8010CCD4_o14.data.s.o: in function `Cars_gHumanRaceCarList':
(.data+0x220): multiple definition of `Cars_gHumanRaceCarList'; build/recon/game/common/cars.cpp.o:(.data+0x220): first defined here
C:/Tools/mips-ps1/mips/bin/mipsel-none-elf-ld.exe: build/asm/data/data_8010CCD4_o14.data.s.o: in function `Cars_gAIRaceCarList':
(.data+0x244): multiple definition of `Cars_gAIRaceCarList'; build/recon/game/common/cars.cpp.o:(.data+0x244): first defined here
C:/Tools/mips-ps1/mips/bin/mipsel-none-elf-ld.exe: build/asm/data/data_8010CCD4_o14.data.s.o: in function `Cars_gTrafficCarList':
(.data+0x268): multiple definition of `Cars_gTrafficCarList'; build/recon/game/common/cars.cpp.o:(.data+0x268): first defined here
C:/Tools/mips-ps1/mips/bin/mipsel-none-elf-ld.exe: build/asm/data/data_8010CCD4_o14.data.s.o: in function `Cars_gCopCarList':
(.data+0x28c): multiple definition of `Cars_gCopCarList'; build/recon/game/common/cars.cpp.o:(.data+0x28c): first defined here
C:/Tools/mips-ps1/mips/bin/mipsel-none-elf-ld.exe: build/asm/data/data_8010CCD4_o14.data.s.o: in function `Cars_gLifeBasisCarList':
(.data+0x2b0): multiple definition of `Cars_gLifeBasisCarList'; build/recon/game/common/cars.cpp.o:(.data+0x2b0): first defined here
C:/Tools/mips-ps1/mips/bin/mipsel-none-elf-ld.exe: build/asm/data/data_8010CCD4_o14.data.s.o: in function `Cars_gSortedList':
(.data+0x2d4): multiple definition of `Cars_gSortedList'; build/recon/game/common/cars.cpp.o:(.data+0x2d4): first defined here
C:/Tools/mips-ps1/mips/bin/mipsel-none-elf-ld.exe: build/asm/data/data_8010CCD4_o14.data.s.o: in function `Cars_gTotalSortedList':
(.data+0x2f8): multiple definition of `Cars_gTotalSortedList'; build/recon/game/common/cars.cpp.o:(.data+0x2f8): first defined here
C:/Tools/mips-ps1/mips/bin/mipsel-none-elf-ld.exe: build/asm/data/data_8010CCD4_o14.data.s.o: in function `Cars_gNewCarStatsList':
(.data+0x31c): multiple definition of `Cars_gNewCarStatsList'; build/recon/game/common/cars.cpp.o:(.data+0x31c): first defined here
C:/Tools/mips-ps1/mips/bin/mipsel-none-elf-ld.exe: build/asm/data/data_8010CCD4_o14.data.s.o: in function `InfiniteMassNewton':
(.data+0x8bc): multiple definition of `InfiniteMassNewton'; build/recon/game/common/cars.cpp.o:(.data+0x8bc): first defined here
C:/Tools/mips-ps1/mips/bin/mipsel-none-elf-ld.exe: build/asm/data/data_8010CCD4_o15.data.s.o: in function `clock_realTime':
(.data+0x0): multiple definition of `clock_realTime'; build/recon/game/common/clock.cpp.o:(.data+0x0): first defined here
C:/Tools/mips-ps1/mips/bin/mipsel-none-elf-ld.exe: build/asm/data/data_8010CCD4_o16.data.s.o: in function `HudPmx_gHudNumberUV':
(.data+0x0): multiple definition of `HudPmx_gHudNumberUV'; build/recon/game/common/hudpmx.cpp.o:(.data+0x0): first defined here
C:/Tools/mips-ps1/mips/bin/mipsel-none-elf-ld.exe: build/asm/data/data_8010CCD4_o16.data.s.o: in function `HudPmx_gShapes':
(.data+0x28): multiple definition of `HudPmx_gShapes'; build/recon/game/common/hudpmx.cpp.o:(.data+0x28): first defined here
C:/Tools/mips-ps1/mips/bin/mipsel-none-elf-ld.exe: build/asm/data/data_8010CCD4_o17.data.s.o: in function `Copspeak_gBank':
(.data+0x0): multiple definition of `Copspeak_gBank'; build/recon/game/common/copspeak.cpp.o:(.data+0x0): first defined here
C:/Tools/mips-ps1/mips/bin/mipsel-none-elf-ld.exe: build/asm/data/data_8010CCD4_o17.data.s.o: in function `CopSpeak_gRequest':
(.data+0x40): multiple definition of `CopSpeak_gRequest'; build/recon/game/common/copspeak.cpp.o:(.data+0x40): first defined here
C:/Tools/mips-ps1/mips/bin/mipsel-none-elf-ld.exe: build/asm/data/data_8010CCD4_o17.data.s.o: in function `CopSpeak_gCurrent':
(.data+0x60): multiple definition of `CopSpeak_gCurrent'; build/recon/game/common/copspeak.cpp.o:(.data+0x60): first defined here
C:/Tools/mips-ps1/mips/bin/mipsel-none-elf-ld.exe: build/asm/data/data_8010CCD4_o17.data.s.o: in function `CopSpeak_gQueue':
(.data+0x80): multiple definition of `CopSpeak_gQueue'; build/recon/game/common/copspeak.cpp.o:(.data+0x80): first defined here
C:/Tools/mips-ps1/mips/bin/mipsel-none-elf-ld.exe: build/asm/data/data_8010CCD4_o17.data.s.o: in function `CopSpeak_gMusicStat':
(.data+0x880): multiple definition of `CopSpeak_gMusicStat'; build/recon/game/common/copspeak.cpp.o:(.data+0x880): first defined here
C:/Tools/mips-ps1/mips/bin/mipsel-none-elf-ld.exe: build/asm/data/data_8010CCD4_o18.data.s.o: in function `DashHUD_gInfo':
(.data+0x0): multiple definition of `DashHUD_gInfo'; build/recon/game/common/dashhud.cpp.o:(.data+0x0): first defined here
C:/Tools/mips-ps1/mips/bin/mipsel-none-elf-ld.exe: build/asm/data/data_8010CCD4_o19.data.s.o: in function `FEI_gList':
(.data+0x0): multiple definition of `FEI_gList'; build/recon/game/common/fei.cpp.o:(.data+0x0): first defined here
C:/Tools/mips-ps1/mips/bin/mipsel-none-elf-ld.exe: build/asm/data/data_8010CCD4_o20.data.s.o: in function `GameSetup_gData':
(.data+0x0): multiple definition of `GameSetup_gData'; build/recon/game/common/gmesetup.cpp.o:(.data+0x0): first defined here
C:/Tools/mips-ps1/mips/bin/mipsel-none-elf-ld.exe: build/asm/data/data_8010CCD4_o21.data.s.o: in function `Input_gHandler':
(.data+0x0): multiple definition of `Input_gHandler'; build/recon/game/common/input.cpp.o:(.data+0x0): first defined here
C:/Tools/mips-ps1/mips/bin/mipsel-none-elf-ld.exe: build/asm/data/data_8010CCD4_o21.data.s.o: in function `Input_gDBFlags':
(.data+0x2e0): multiple definition of `Input_gDBFlags'; build/recon/game/common/input.cpp.o:(.data+0x2e0): first defined here
C:/Tools/mips-ps1/mips/bin/mipsel-none-elf-ld.exe: build/asm/data/data_8010CCD4_o21.data.s.o: in function `Input_gInterfaceResults':
(.data+0x300): multiple definition of `Input_gInterfaceResults'; build/recon/game/common/input.cpp.o:(.data+0x300): first defined here
C:/Tools/mips-ps1/mips/bin/mipsel-none-elf-ld.exe: build/asm/data/data_8010CCD4_o21.data.s.o: in function `Input_gPressTime':
(.data+0x380): multiple definition of `Input_gPressTime'; build/recon/game/common/input.cpp.o:(.data+0x380): first defined here
C:/Tools/mips-ps1/mips/bin/mipsel-none-elf-ld.exe: build/asm/data/data_8010CCD4_o22.data.s.o: in function `befuddleExtensions':
(.data+0x0): multiple definition of `befuddleExtensions'; build/recon/game/common/nfs3.cpp.o:(.data+0x0): first defined here
C:/Tools/mips-ps1/mips/bin/mipsel-none-elf-ld.exe: build/asm/data/data_8010CCD4_o22.data.s.o: in function `carManager':
(.data+0x38): multiple definition of `carManager'; build/recon/game/common/nfs3.cpp.o:(.data+0x38): first defined here
C:/Tools/mips-ps1/mips/bin/mipsel-none-elf-ld.exe: build/asm/data/data_8010CCD4_o22.data.s.o: in function `frontEnd':
(.data+0x3c4): multiple definition of `frontEnd'; build/recon/game/common/nfs3.cpp.o:(.data+0x3c4): first defined here
C:/Tools/mips-ps1/mips/bin/mipsel-none-elf-ld.exe: build/asm/data/data_8010CCD4_o22.data.s.o: in function `trackManager':
(.data+0x814): multiple definition of `trackManager'; build/recon/game/common/nfs3.cpp.o:(.data+0x814): first defined here
C:/Tools/mips-ps1/mips/bin/mipsel-none-elf-ld.exe: build/asm/data/data_8010CCD4_o22.data.s.o: in function `tournamentManager':
(.data+0x89c): multiple definition of `tournamentManager'; build/recon/game/common/nfs3.cpp.o:(.data+0x89c): first defined here
C:/Tools/mips-ps1/mips/bin/mipsel-none-elf-ld.exe: build/asm/data/data_8010CCD4_o22.data.s.o: in function `CreditManager':
(.data+0xb20): multiple definition of `CreditManager'; build/recon/game/common/nfs3.cpp.o:(.data+0xb20): first defined here
C:/Tools/mips-ps1/mips/bin/mipsel-none-elf-ld.exe: build/asm/data/data_8010CCD4_o22.data.s.o: in function `Stats_gTrackRecords':
(.data+0xb58): multiple definition of `Stats_gTrackRecords'; build/recon/game/common/nfs3.cpp.o:(.data+0xb58): first defined here
C:/Tools/mips-ps1/mips/bin/mipsel-none-elf-ld.exe: build/asm/data/data_8010CCD4_o22.data.s.o: in function `gTournamentFinishOrder':
(.data+0x19f4): multiple definition of `gTournamentFinishOrder'; build/recon/game/common/nfs3.cpp.o:(.data+0x19f4): first defined here
C:/Tools/mips-ps1/mips/bin/mipsel-none-elf-ld.exe: build/asm/data/data_8010CCD4_o22.data.s.o: in function `befuddleTemp':
(.data+0x1a00): multiple definition of `befuddleTemp'; build/recon/game/common/nfs3.cpp.o:(.data+0x1a00): first defined here
C:/Tools/mips-ps1/mips/bin/mipsel-none-elf-ld.exe: build/asm/data/data_8010CCD4_o23.data.s.o: in function `gSimObjAnims':
(.data+0x0): multiple definition of `gSimObjAnims'; build/recon/game/common/object.cpp.o:(.data+0x0): first defined here
C:/Tools/mips-ps1/mips/bin/mipsel-none-elf-ld.exe: build/asm/data/data_8010CCD4_o24.data.s.o: in function `Paths_Paths':
(.data+0x0): multiple definition of `Paths_Paths'; build/recon/game/common/paths.cpp.o:(.data+0x0): first defined here
C:/Tools/mips-ps1/mips/bin/mipsel-none-elf-ld.exe: build/asm/data/data_8010CCD4_o25.data.s.o: in function `R3DCar_ObjectInfo':
(.data+0x0): multiple definition of `R3DCar_ObjectInfo'; build/recon/game/common/r3dcar.cpp.o:(.data+0x0): first defined here
C:/Tools/mips-ps1/mips/bin/mipsel-none-elf-ld.exe: build/asm/data/data_8010CCD4_o25.data.s.o: in function `R3DCar_Suspension':
(.data+0x158): multiple definition of `R3DCar_Suspension'; build/recon/game/common/r3dcar.cpp.o:(.data+0x158): first defined here
C:/Tools/mips-ps1/mips/bin/mipsel-none-elf-ld.exe: build/asm/data/data_8010CCD4_o25.data.s.o: in function `R3DCar_FlareOverlayIndex':
(.data+0x16c): multiple definition of `R3DCar_FlareOverlayIndex'; build/recon/game/common/r3dcar.cpp.o:(.data+0x16c): first defined here
C:/Tools/mips-ps1/mips/bin/mipsel-none-elf-ld.exe: build/asm/data/data_8010CCD4_o25.data.s.o: in function `R3DCar_FlareCopSirenType':
(.data+0x178): multiple definition of `R3DCar_FlareCopSirenType'; build/recon/game/common/r3dcar.cpp.o:(.data+0x178): first defined here
C:/Tools/mips-ps1/mips/bin/mipsel-none-elf-ld.exe: build/asm/data/data_8010CCD4_o25.data.s.o: in function `R3DCar_SignalBrakeFlare':
(.data+0x22c): multiple definition of `R3DCar_SignalBrakeFlare'; build/recon/game/common/r3dcar.cpp.o:(.data+0x22c): first defined here
C:/Tools/mips-ps1/mips/bin/mipsel-none-elf-ld.exe: build/asm/data/data_8010CCD4_o25.data.s.o: in function `R3DCar_RecessedLight':
(.data+0x248): multiple definition of `R3DCar_RecessedLight'; build/recon/game/common/r3dcar.cpp.o:(.data+0x248): first defined here
C:/Tools/mips-ps1/mips/bin/mipsel-none-elf-ld.exe: build/asm/data/data_8010CCD4_o25.data.s.o: in function `R3DCar_ForceDriveSide':
(.data+0x264): multiple definition of `R3DCar_ForceDriveSide'; build/recon/game/common/r3dcar.cpp.o:(.data+0x264): first defined here
C:/Tools/mips-ps1/mips/bin/mipsel-none-elf-ld.exe: build/asm/data/data_8010CCD4_o25.data.s.o: in function `R3DCar_DamageSpoiler':
(.data+0x280): multiple definition of `R3DCar_DamageSpoiler'; build/recon/game/common/r3dcar.cpp.o:(.data+0x280): first defined here
C:/Tools/mips-ps1/mips/bin/mipsel-none-elf-ld.exe: build/asm/data/data_8010CCD4_o25.data.s.o: in function `R3DCar_CopIndex':
(.data+0x29c): multiple definition of `R3DCar_CopIndex'; build/recon/game/common/r3dcar.cpp.o:(.data+0x29c): first defined here
C:/Tools/mips-ps1/mips/bin/mipsel-none-elf-ld.exe: build/asm/data/data_8010CCD4_o25.data.s.o: in function `R3DCar_CopCountry':
(.data+0x2bc): multiple definition of `R3DCar_CopCountry'; build/recon/game/common/r3dcar.cpp.o:(.data+0x2bc): first defined here
C:/Tools/mips-ps1/mips/bin/mipsel-none-elf-ld.exe: build/asm/data/data_8010CCD4_o25.data.s.o: in function `R3DCar_ObjectVisible':
(.data+0x2cc): multiple definition of `R3DCar_ObjectVisible'; build/recon/game/common/r3dcar.cpp.o:(.data+0x2cc): first defined here
C:/Tools/mips-ps1/mips/bin/mipsel-none-elf-ld.exe: build/asm/data/data_8010CCD4_o25.data.s.o: in function `R3DCar_shadowVertex':
(.data+0x308): multiple definition of `R3DCar_shadowVertex'; build/recon/game/common/r3dcar.cpp.o:(.data+0x308): first defined here
C:/Tools/mips-ps1/mips/bin/mipsel-none-elf-ld.exe: build/asm/data/data_8010CCD4_o25.data.s.o: in function `R3DCar_LoadedScenePointer':
(.data+0x328): multiple definition of `R3DCar_LoadedScenePointer'; build/recon/game/common/r3dcar.cpp.o:(.data+0x328): first defined here
C:/Tools/mips-ps1/mips/bin/mipsel-none-elf-ld.exe: build/asm/data/data_8010CCD4_o25.data.s.o: in function `R3DCar_LoadedSceneCounter':
(.data+0x4b8): multiple definition of `R3DCar_LoadedSceneCounter'; build/recon/game/common/r3dcar.cpp.o:(.data+0x4b8): first defined here
C:/Tools/mips-ps1/mips/bin/mipsel-none-elf-ld.exe: build/asm/data/data_8010CCD4_o25.data.s.o: in function `R3DCar_LoadedSceneCountry':
(.data+0x51c): multiple definition of `R3DCar_LoadedSceneCountry'; build/recon/game/common/r3dcar.cpp.o:(.data+0x51c): first defined here
C:/Tools/mips-ps1/mips/bin/mipsel-none-elf-ld.exe: build/asm/data/data_8010CCD4_o25.data.s.o: in function `R3DCar_LoadedSceneColor':
(.data+0x550): multiple definition of `R3DCar_LoadedSceneColor'; build/recon/game/common/r3dcar.cpp.o:(.data+0x550): first defined here
C:/Tools/mips-ps1/mips/bin/mipsel-none-elf-ld.exe: build/asm/data/data_8010CCD4_o25.data.s.o: in function `R3DCar_LoadedSceneVRam':
(.data+0x618): multiple definition of `R3DCar_LoadedSceneVRam'; build/recon/game/common/r3dcar.cpp.o:(.data+0x618): first defined here
C:/Tools/mips-ps1/mips/bin/mipsel-none-elf-ld.exe: build/asm/data/data_8010CCD4_o25.data.s.o: in function `R3DCar_PositionZ':
(.data+0x7a8): multiple definition of `R3DCar_PositionZ'; build/recon/game/common/r3dcar.cpp.o:(.data+0x7a8): first defined here
C:/Tools/mips-ps1/mips/bin/mipsel-none-elf-ld.exe: build/asm/data/data_8010CCD4_o25.data.s.o: in function `R3DCar_subOtStart':
(.data+0x7cc): multiple definition of `R3DCar_subOtStart'; build/recon/game/common/r3dcar.cpp.o:(.data+0x7cc): first defined here
C:/Tools/mips-ps1/mips/bin/mipsel-none-elf-ld.exe: build/asm/data/data_8010CCD4_o25.data.s.o: in function `R3DCar_EnvMapInfo':
(.data+0x7dc): multiple definition of `R3DCar_EnvMapInfo'; build/recon/game/common/r3dcar.cpp.o:(.data+0x7dc): first defined here
C:/Tools/mips-ps1/mips/bin/mipsel-none-elf-ld.exe: build/asm/data/data_8010CCD4_o26.data.s.o: in function `Force_rand_256':
(.data+0x0): multiple definition of `Force_rand_256'; build/recon/game/psx/force.cpp.o:(.data+0x0): first defined here
C:/Tools/mips-ps1/mips/bin/mipsel-none-elf-ld.exe: build/asm/data/data_8010CCD4_o26.data.s.o: in function `Force_g':
(.data+0x100): multiple definition of `Force_g'; build/recon/game/psx/force.cpp.o:(.data+0x100): first defined here
C:/Tools/mips-ps1/mips/bin/mipsel-none-elf-ld.exe: build/asm/data/data_8010CCD4_o27.data.s.o: in function `gfSpikePt0':
(.data+0x0): multiple definition of `gfSpikePt0'; build/recon/game/psx/flare.cpp.o:(.data+0x0): first defined here
C:/Tools/mips-ps1/mips/bin/mipsel-none-elf-ld.exe: build/asm/data/data_8010CCD4_o27.data.s.o: in function `gfSpikePt1':
(.data+0x10): multiple definition of `gfSpikePt1'; build/recon/game/psx/flare.cpp.o:(.data+0x10): first defined here
C:/Tools/mips-ps1/mips/bin/mipsel-none-elf-ld.exe: build/asm/data/data_8010CCD4_o27.data.s.o: in function `gfSpikePt2':
(.data+0x20): multiple definition of `gfSpikePt2'; build/recon/game/psx/flare.cpp.o:(.data+0x20): first defined here
C:/Tools/mips-ps1/mips/bin/mipsel-none-elf-ld.exe: build/asm/data/data_8010CCD4_o27.data.s.o: in function `gfOctPt1':
(.data+0x30): multiple definition of `gfOctPt1'; build/recon/game/psx/flare.cpp.o:(.data+0x30): first defined here
C:/Tools/mips-ps1/mips/bin/mipsel-none-elf-ld.exe: build/asm/data/data_8010CCD4_o27.data.s.o: in function `gfOctPt2':
(.data+0x40): multiple definition of `gfOctPt2'; build/recon/game/psx/flare.cpp.o:(.data+0x40): first defined here
C:/Tools/mips-ps1/mips/bin/mipsel-none-elf-ld.exe: build/asm/data/data_8010CCD4_o27.data.s.o: in function `gfHexPt1':
(.data+0x50): multiple definition of `gfHexPt1'; build/recon/game/psx/flare.cpp.o:(.data+0x50): first defined here
C:/Tools/mips-ps1/mips/bin/mipsel-none-elf-ld.exe: build/asm/data/data_8010CCD4_o27.data.s.o: in function `gfHexPt2':
(.data+0x5c): multiple definition of `gfHexPt2'; build/recon/game/psx/flare.cpp.o:(.data+0x5c): first defined here
C:/Tools/mips-ps1/mips/bin/mipsel-none-elf-ld.exe: build/asm/data/data_8010CCD4_o27.data.s.o: in function `Flare_gSpikes':
(.data+0x68): multiple definition of `Flare_gSpikes'; build/recon/game/psx/flare.cpp.o:(.data+0x68): first defined here
C:/Tools/mips-ps1/mips/bin/mipsel-none-elf-ld.exe: build/asm/data/data_8010CCD4_o27.data.s.o: in function `Flare_gOct':
(.data+0x88): multiple definition of `Flare_gOct'; build/recon/game/psx/flare.cpp.o:(.data+0x88): first defined here
C:/Tools/mips-ps1/mips/bin/mipsel-none-elf-ld.exe: build/asm/data/data_8010CCD4_o27.data.s.o: in function `Flare_gSmallOct':
(.data+0xc8): multiple definition of `Flare_gSmallOct'; build/recon/game/psx/flare.cpp.o:(.data+0xc8): first defined here
C:/Tools/mips-ps1/mips/bin/mipsel-none-elf-ld.exe: build/asm/data/data_8010CCD4_o27.data.s.o: in function `Flare_gHex':
(.data+0x108): multiple definition of `Flare_gHex'; build/recon/game/psx/flare.cpp.o:(.data+0x108): first defined here
C:/Tools/mips-ps1/mips/bin/mipsel-none-elf-ld.exe: build/asm/data/data_8010CCD4_o27.data.s.o: in function `Flare_gReflectHex':
(.data+0x138): multiple definition of `Flare_gReflectHex'; build/recon/game/psx/flare.cpp.o:(.data+0x138): first defined here
C:/Tools/mips-ps1/mips/bin/mipsel-none-elf-ld.exe: build/asm/data/data_8010CCD4_o27.data.s.o: in function `Flare_gQuad':
(.data+0x168): multiple definition of `Flare_gQuad'; build/recon/game/psx/flare.cpp.o:(.data+0x168): first defined here
C:/Tools/mips-ps1/mips/bin/mipsel-none-elf-ld.exe: build/asm/data/data_8010CCD4_o27.data.s.o: in function `Flare_gType':
(.data+0x188): multiple definition of `Flare_gType'; build/recon/game/psx/flare.cpp.o:(.data+0x188): first defined here
C:/Tools/mips-ps1/mips/bin/mipsel-none-elf-ld.exe: build/asm/data/data_8010CCD4_o27.data.s.o: in function `gOv':
(.data+0x3a8): multiple definition of `gOv'; build/recon/game/psx/flare.cpp.o:(.data+0x3a8): first defined here
C:/Tools/mips-ps1/mips/bin/mipsel-none-elf-ld.exe: build/asm/data/data_8010CCD4_o27.data.s.o: in function `Flare_gLensOct':
(.data+0x3c8): multiple definition of `Flare_gLensOct'; build/recon/game/psx/flare.cpp.o:(.data+0x3c8): first defined here
C:/Tools/mips-ps1/mips/bin/mipsel-none-elf-ld.exe: build/asm/data/data_8010CCD4_o27.data.s.o: in function `Flare_SunFlarePieces':
(.data+0x408): multiple definition of `Flare_SunFlarePieces'; build/recon/game/psx/flare.cpp.o:(.data+0x408): first defined here
C:/Tools/mips-ps1/mips/bin/mipsel-none-elf-ld.exe: build/asm/data/data_8010CCD4_o27.data.s.o: in function `gFlare_LensFlare':
(.data+0x498): multiple definition of `gFlare_LensFlare'; build/recon/game/psx/flare.cpp.o:(.data+0x498): first defined here
C:/Tools/mips-ps1/mips/bin/mipsel-none-elf-ld.exe: build/asm/data/data_8010CCD4_o28.data.s.o: in function `gMenuPixmap':
(.data+0x0): multiple definition of `gMenuPixmap'; build/recon/game/psx/texture.cpp.o:(.data+0x0): first defined here
C:/Tools/mips-ps1/mips/bin/mipsel-none-elf-ld.exe: build/asm/data/data_8010CCD4_o28.data.s.o: in function `gMenuPixmapAlloc':
(.data+0x20): multiple definition of `gMenuPixmapAlloc'; build/recon/game/psx/texture.cpp.o:(.data+0x20): first defined here
C:/Tools/mips-ps1/mips/bin/mipsel-none-elf-ld.exe: build/asm/data/data_8010CCD4_o29.data.s.o: in function `identitymatrix':
(.data+0x0): multiple definition of `identitymatrix'; build/recon/eaclib/psx/eacpsxz/matrix.c.o:(.rodata+0x0): first defined here
C:/Tools/mips-ps1/mips/bin/mipsel-none-elf-ld.exe: build/asm/data/data_8010CCD4_o30.data.s.o: in function `sndpdsafeloop':
(.data+0x0): multiple definition of `sndpdsafeloop'; build/recon/eaclib/psx/sndpsxz/slib.c.o:(.data+0x0): first defined here
C:/Tools/mips-ps1/mips/bin/mipsel-none-elf-ld.exe: build/asm/data/data_8010CCD4_o31.data.s.o: in function `isqrttbl':
(.data+0x0): multiple definition of `isqrttbl'; build/recon/eaclib/psx/eacpsxz/isqrt.c.o:(.data+0x0): first defined here
C:/Tools/mips-ps1/mips/bin/mipsel-none-elf-ld.exe: build/asm/data/data_8010CCD4_o32.data.s.o: in function `math_errno':
(.data+0x0): multiple definition of `math_errno'; build/recon/syslib/psx/libmath/FERR.c.o:(.data+0x0): first defined here
C:/Tools/mips-ps1/mips/bin/mipsel-none-elf-ld.exe: build/asm/data/data_8010CCD4_o32.data.s.o: in function `math_err_point':
(.data+0x4): multiple definition of `math_err_point'; build/recon/syslib/psx/libmath/FERR.c.o:(.data+0x4): first defined here
C:/Tools/mips-ps1/mips/bin/mipsel-none-elf-ld.exe: build/asm/data/data_8010CCD4_o33.data.s.o: in function `sndseed':
(.data+0x0): multiple definition of `sndseed'; build/recon/eaclib/psx/sndpsxz/snddata.c.o:(.data+0x0): first defined here
C:/Tools/mips-ps1/mips/bin/mipsel-none-elf-ld.exe: build/asm/data/front_data_o00.data.s.o: in function `textDefinitions':
(.data+0x0): multiple definition of `textDefinitions'; build/recon/frontend/common/fetextrender.cpp.o:(.data+0x0): first defined here
C:/Tools/mips-ps1/mips/bin/mipsel-none-elf-ld.exe: build/asm/data/front_data_o00.data.s.o: in function `gSemiTransText':
(.data+0x54): multiple definition of `gSemiTransText'; build/recon/frontend/common/fetextrender.cpp.o:(.data+0x54): first defined here
C:/Tools/mips-ps1/mips/bin/mipsel-none-elf-ld.exe: build/asm/data/front_data_o01.data.s.o: in function `kRGBVals':
(.data+0x0): multiple definition of `kRGBVals'; build/recon/frontend/common/fecolor.cpp.o:(.data+0x0): first defined here
C:/Tools/mips-ps1/mips/bin/mipsel-none-elf-ld.exe: build/asm/data/front_data_o02.data.s.o: in function `getKeyMappings':
(.data+0x0): multiple definition of `getKeyMappings'; build/recon/frontend/common/feinput.cpp.o:(.data+0x0): first defined here
C:/Tools/mips-ps1/mips/bin/mipsel-none-elf-ld.exe: build/asm/data/front_data_o03.data.s.o: in function `screenTournSelect':
(.data+0x4): multiple definition of `screenTournSelect'; build/recon/frontend/common/screentournselect.cpp.o:(.data+0x4): first defined here
C:/Tools/mips-ps1/mips/bin/mipsel-none-elf-ld.exe: build/asm/data/front_data_o04.data.s.o: in function `screenTrophyRoom':
(.data+0x0): multiple definition of `screenTrophyRoom'; build/recon/frontend/common/screentrophyroom.cpp.o:(.data+0x0): first defined here
C:/Tools/mips-ps1/mips/bin/mipsel-none-elf-ld.exe: build/asm/data/front_data_o04.data.s.o: in function `gSwapFileName':
(.data+0x4): multiple definition of `gSwapFileName'; build/recon/frontend/common/screentrophyroom.cpp.o:(.data+0x4): first defined here
C:/Tools/mips-ps1/mips/bin/mipsel-none-elf-ld.exe: build/asm/data/front_data_o05.data.s.o: in function `screenTrackSelect':
(.data+0x14): multiple definition of `screenTrackSelect'; build/recon/frontend/common/screentracks.cpp.o:(.data+0x14): first defined here
C:/Tools/mips-ps1/mips/bin/mipsel-none-elf-ld.exe: build/asm/data/front_data_o06.data.s.o: in function `screenTrackInfo':
(.data+0x14): multiple definition of `screenTrackInfo'; build/recon/frontend/common/screentrackinfo.cpp.o:(.data+0x14): first defined here
C:/Tools/mips-ps1/mips/bin/mipsel-none-elf-ld.exe: build/asm/data/front_data_o07.data.s.o: in function `screenDisplay':
(.data+0x0): multiple definition of `screenDisplay'; build/recon/frontend/common/screendisplay.cpp.o:(.data+0x0): first defined here
C:/Tools/mips-ps1/mips/bin/mipsel-none-elf-ld.exe: build/asm/data/front_data_o08.data.s.o: in function `screenAudio':
(.data+0x0): multiple definition of `screenAudio'; build/recon/frontend/common/screenaudio.cpp.o:(.data+0x0): first defined here
C:/Tools/mips-ps1/mips/bin/mipsel-none-elf-ld.exe: build/asm/data/front_data_o09.data.s.o: in function `minChar':
(.data+0x0): multiple definition of `minChar'; build/recon/frontend/common/stattool.cpp.o:(.data+0x0): first defined here
C:/Tools/mips-ps1/mips/bin/mipsel-none-elf-ld.exe: build/asm/data/front_data_o09.data.s.o: in function `secChar':
(.data+0x8): multiple definition of `secChar'; build/recon/frontend/common/stattool.cpp.o:(.data+0x8): first defined here
C:/Tools/mips-ps1/mips/bin/mipsel-none-elf-ld.exe: build/asm/data/front_data_r00.data.s.o: in function `gLargestUnused':
(.data+0x258): multiple definition of `gLargestUnused'; build/recon/frontend/common/feapp.cpp.o:(.data+0x8): first defined here
C:/Tools/mips-ps1/mips/bin/mipsel-none-elf-ld.exe: build/asm/data/front_data_r00.data.s.o: in function `FEApp':
(.data+0x260): multiple definition of `FEApp'; build/recon/frontend/common/feapp.cpp.o:(.data+0x0): first defined here
C:/Tools/mips-ps1/mips/bin/mipsel-none-elf-ld.exe: build/asm/data/front_data_r00.data.s.o: in function `gStopCommentaryNow':
(.data+0x268): multiple definition of `gStopCommentaryNow'; build/recon/frontend/common/feaudio.cpp.o:(.data+0x44): first defined here
C:/Tools/mips-ps1/mips/bin/mipsel-none-elf-ld.exe: build/asm/data/front_data_r00.data.s.o: in function `gCurrentVIV':
(.data+0x26c): multiple definition of `gCurrentVIV'; build/recon/frontend/common/feaudio.cpp.o:(.data+0x0): first defined here
C:/Tools/mips-ps1/mips/bin/mipsel-none-elf-ld.exe: build/asm/data/front_data_r00.data.s.o: in function `allLanguages':
(.data+0x270): multiple definition of `allLanguages'; build/recon/frontend/common/feaudio.cpp.o:(.data+0x4): first defined here
C:/Tools/mips-ps1/mips/bin/mipsel-none-elf-ld.exe: build/asm/data/front_data_r00.data.s.o: in function `ginfo':
(.data+0x288): multiple definition of `ginfo'; build/recon/frontend/common/feaudio.cpp.o:(.data+0x1c): first defined here
C:/Tools/mips-ps1/mips/bin/mipsel-none-elf-ld.exe: build/asm/data/front_data_r00.data.s.o: in function `currentSpeechViv':
(.data+0x2b0): multiple definition of `currentSpeechViv'; build/recon/frontend/common/feaudio.cpp.o:(.data+0x48): first defined here
C:/Tools/mips-ps1/mips/bin/mipsel-none-elf-ld.exe: build/asm/data/front_data_r00.data.s.o: in function `commentaryActualLevel':
(.data+0x2d8): multiple definition of `commentaryActualLevel'; build/recon/frontend/common/feaudio.cpp.o:(.data+0x40): first defined here
C:/Tools/mips-ps1/mips/bin/mipsel-none-elf-ld.exe: build/asm/data/front_data_r00.data.s.o: in function `cars_disableBonuses':
(.data+0x2e0): multiple definition of `cars_disableBonuses'; build/recon/frontend/common/fecars.cpp.o:(.data+0x64): first defined here
C:/Tools/mips-ps1/mips/bin/mipsel-none-elf-ld.exe: build/asm/data/front_data_r00.data.s.o: in function `gCarSelected':
(.data+0x2e4): multiple definition of `gCarSelected'; build/recon/frontend/common/fecars.cpp.o:(.data+0x0): first defined here
C:/Tools/mips-ps1/mips/bin/mipsel-none-elf-ld.exe: build/asm/data/front_data_r01.data.s.o: in function `CountryMeasurement':
(.data+0x0): multiple definition of `CountryMeasurement'; build/recon/frontend/common/fetracks.cpp.o:(.data+0x60): first defined here
C:/Tools/mips-ps1/mips/bin/mipsel-none-elf-ld.exe: build/asm/data/front_data_r01.data.s.o: in function `tracks_maxTrackIndex':
(.data+0x10): multiple definition of `tracks_maxTrackIndex'; build/recon/frontend/common/fetracks.cpp.o:(.data+0x70): first defined here
C:/Tools/mips-ps1/mips/bin/mipsel-none-elf-ld.exe: build/asm/data/front_data_r03.data.s.o: in function `gMenu_SubMenuPlayer':
(.data+0x4): multiple definition of `gMenu_SubMenuPlayer'; build/recon/frontend/common/femenu.cpp.o:(.data+0x0): first defined here
C:/Tools/mips-ps1/mips/bin/mipsel-none-elf-ld.exe: build/asm/data/front_data_r03.data.s.o: in function `currentSize':
(.data+0x24): multiple definition of `currentSize'; build/recon/frontend/common/fetools.cpp.o:(.data+0x0): first defined here
C:/Tools/mips-ps1/mips/bin/mipsel-none-elf-ld.exe: build/asm/data/front_data_r03.data.s.o: in function `overRide':
(.data+0x2c): multiple definition of `overRide'; build/recon/frontend/common/front.cpp.o:(.data+0x144): first defined here
C:/Tools/mips-ps1/mips/bin/mipsel-none-elf-ld.exe: build/asm/data/front_data_r03.data.s.o: in function `ComingIntoTheFrontEndTheVeryFirstTime':
(.data+0x30): multiple definition of `ComingIntoTheFrontEndTheVeryFirstTime'; build/recon/frontend/common/front.cpp.o:(.data+0x148): first defined here
C:/Tools/mips-ps1/mips/bin/mipsel-none-elf-ld.exe: build/asm/data/front_data_r03.data.s.o: in function `gFE_Cheats':
(.data+0x14c): multiple definition of `gFE_Cheats'; build/recon/frontend/common/front.cpp.o:(.data+0x14c): first defined here
C:/Tools/mips-ps1/mips/bin/mipsel-none-elf-ld.exe: build/asm/data/front_data_r03.data.s.o: in function `gPSXMemCardFull':
(.data+0x154): multiple definition of `gPSXMemCardFull'; build/recon/frontend/common/front.cpp.o:(.data+0x13c): first defined here
C:/Tools/mips-ps1/mips/bin/mipsel-none-elf-ld.exe: build/asm/data/front_data_r03.data.s.o: in function `colourChosen':
(.data+0x158): multiple definition of `colourChosen'; build/recon/frontend/common/front.cpp.o:(.data+0x11c): first defined here
C:/Tools/mips-ps1/mips/bin/mipsel-none-elf-ld.exe: build/asm/data/front_data_r03.data.s.o: in function `gAllScreens':
(.data+0x178): multiple definition of `gAllScreens'; build/recon/frontend/common/front.cpp.o:(.data+0x118): first defined here
C:/Tools/mips-ps1/mips/bin/mipsel-none-elf-ld.exe: build/asm/data/front_data_r03.data.s.o: in function `memCardReadOK':
(.data+0x17c): multiple definition of `memCardReadOK'; build/recon/frontend/common/front.cpp.o:(.data+0x140): first defined here
C:/Tools/mips-ps1/mips/bin/mipsel-none-elf-ld.exe: build/asm/data/front_data_r03.data.s.o: in function `CarLineup':
(.data+0x180): multiple definition of `CarLineup'; build/recon/frontend/common/front.cpp.o:(.data+0x154): first defined here
C:/Tools/mips-ps1/mips/bin/mipsel-none-elf-ld.exe: build/asm/data/front_data_r03.data.s.o: in function `picked':
(.data+0x1a4): multiple definition of `picked'; build/recon/frontend/common/front.cpp.o:(.data+0x178): first defined here
C:/Tools/mips-ps1/mips/bin/mipsel-none-elf-ld.exe: build/asm/data/front_data_r03.data.s.o: in function `SelectListNull':
(.data+0x1b4): multiple definition of `SelectListNull'; build/recon/frontend/common/femenudefs.cpp.o:(.data+0xe8): first defined here
C:/Tools/mips-ps1/mips/bin/mipsel-none-elf-ld.exe: build/asm/data/front_data_r03.data.s.o: in function `SelectListOffOn':
(.data+0x1b8): multiple definition of `SelectListOffOn'; build/recon/frontend/common/femenudefs.cpp.o:(.data+0x0): first defined here
C:/Tools/mips-ps1/mips/bin/mipsel-none-elf-ld.exe: build/asm/data/front_data_r03.data.s.o: in function `SelectListNormal':
(.data+0x1c0): multiple definition of `SelectListNormal'; build/recon/frontend/common/femenudefs.cpp.o:(.data+0x8): first defined here
C:/Tools/mips-ps1/mips/bin/mipsel-none-elf-ld.exe: build/asm/data/front_data_r03.data.s.o: in function `SelectListOpponentUpgrades':
(.data+0x1c8): multiple definition of `SelectListOpponentUpgrades'; build/recon/frontend/common/femenudefs.cpp.o:(.data+0x10): first defined here
C:/Tools/mips-ps1/mips/bin/mipsel-none-elf-ld.exe: build/asm/data/front_data_r03.data.s.o: in function `SelectListTrackDirection':
(.data+0x1d0): multiple definition of `SelectListTrackDirection'; build/recon/frontend/common/femenudefs.cpp.o:(.data+0x18): first defined here
C:/Tools/mips-ps1/mips/bin/mipsel-none-elf-ld.exe: build/asm/data/front_data_r03.data.s.o: in function `SelectListTransmission':
(.data+0x1d8): multiple definition of `SelectListTransmission'; build/recon/frontend/common/femenudefs.cpp.o:(.data+0x20): first defined here
C:/Tools/mips-ps1/mips/bin/mipsel-none-elf-ld.exe: build/asm/data/front_data_r03.data.s.o: in function `SelectListDisplaySpeed':
(.data+0x1e0): multiple definition of `SelectListDisplaySpeed'; build/recon/frontend/common/femenudefs.cpp.o:(.data+0x28): first defined here
C:/Tools/mips-ps1/mips/bin/mipsel-none-elf-ld.exe: build/asm/data/front_data_r03.data.s.o: in function `SelectListDisplayMap':
(.data+0x1ec): multiple definition of `SelectListDisplayMap'; build/recon/frontend/common/femenudefs.cpp.o:(.data+0x34): first defined here
C:/Tools/mips-ps1/mips/bin/mipsel-none-elf-ld.exe: build/asm/data/front_data_r03.data.s.o: in function `SelectListDisplayOpponentID':
(.data+0x1f4): multiple definition of `SelectListDisplayOpponentID'; build/recon/frontend/common/femenudefs.cpp.o:(.data+0x3c): first defined here
C:/Tools/mips-ps1/mips/bin/mipsel-none-elf-ld.exe: build/asm/data/front_data_r03.data.s.o: in function `SelectListSplitTime':
(.data+0x1fc): multiple definition of `SelectListSplitTime'; build/recon/frontend/common/femenudefs.cpp.o:(.data+0x44): first defined here
C:/Tools/mips-ps1/mips/bin/mipsel-none-elf-ld.exe: build/asm/data/front_data_r03.data.s.o: in function `SelectListSplitDisplay':
(.data+0x204): multiple definition of `SelectListSplitDisplay'; build/recon/frontend/common/femenudefs.cpp.o:(.data+0x4c): first defined here
C:/Tools/mips-ps1/mips/bin/mipsel-none-elf-ld.exe: build/asm/data/front_data_r03.data.s.o: in function `SelectListUpgrades':
(.data+0x20c): multiple definition of `SelectListUpgrades'; build/recon/frontend/common/femenudefs.cpp.o:(.data+0x54): first defined here
C:/Tools/mips-ps1/mips/bin/mipsel-none-elf-ld.exe: build/asm/data/front_data_r03.data.s.o: in function `SelectListControllerConfig':
(.data+0x214): multiple definition of `SelectListControllerConfig'; build/recon/frontend/common/femenudefs.cpp.o:(.data+0x5c): first defined here
C:/Tools/mips-ps1/mips/bin/mipsel-none-elf-ld.exe: build/asm/data/front_data_r03.data.s.o: in function `SelectListAudioMode':
(.data+0x21c): multiple definition of `SelectListAudioMode'; build/recon/frontend/common/femenudefs.cpp.o:(.data+0x64): first defined here
C:/Tools/mips-ps1/mips/bin/mipsel-none-elf-ld.exe: build/asm/data/front_data_r03.data.s.o: in function `menuDefs':
(.data+0x29c): multiple definition of `menuDefs'; build/recon/frontend/common/femenudefs.cpp.o:(.data+0xe4): first defined here
C:/Tools/mips-ps1/mips/bin/mipsel-none-elf-ld.exe: build/asm/data/front_data_r03.data.s.o: in function `productCode':
(.data+0x2b0): multiple definition of `productCode'; build/recon/frontend/common/fememcard.cpp.o:(.data+0x0): first defined here
C:/Tools/mips-ps1/mips/bin/mipsel-none-elf-ld.exe: build/asm/data/front_data_r03.data.s.o: in function `CURRENTLYUSINGMEMCARD':
(.data+0x2c0): multiple definition of `CURRENTLYUSINGMEMCARD'; build/recon/frontend/common/fememcard.cpp.o:(.bss+0x0): first defined here
C:/Tools/mips-ps1/mips/bin/mipsel-none-elf-ld.exe: build/asm/data/front_data_r03.data.s.o: in function `textSysMemCardFail_Index':
(.data+0x2c8): multiple definition of `textSysMemCardFail_Index'; build/recon/frontend/common/fememcard.cpp.o:(.data+0xc): first defined here
C:/Tools/mips-ps1/mips/bin/mipsel-none-elf-ld.exe: build/asm/data/front_data_r03.data.s.o: in function `screenPinkSlips':
(.data+0x6a8): multiple definition of `screenPinkSlips'; build/recon/frontend/common/screenpinkslips.cpp.o:(.data+0x0): first defined here
C:/Tools/mips-ps1/mips/bin/mipsel-none-elf-ld.exe: build/asm/data/front_data_r03.data.s.o: in function `screenTournamentStandings':
(.data+0x6ac): multiple definition of `screenTournamentStandings'; build/recon/frontend/common/screenpost.cpp.o:(.data+0x0): first defined here
C:/Tools/mips-ps1/mips/bin/mipsel-none-elf-ld.exe: build/asm/data/front_data_r03.data.s.o: in function `screenTournamentStandings3item':
(.data+0x6b0): multiple definition of `screenTournamentStandings3item'; build/recon/frontend/common/screenpost.cpp.o:(.data+0x4): first defined here
C:/Tools/mips-ps1/mips/bin/mipsel-none-elf-ld.exe: build/asm/data/front_data_r03.data.s.o: in function `screenPinkSlipStandings':
(.data+0x6b4): multiple definition of `screenPinkSlipStandings'; build/recon/frontend/common/screenpost.cpp.o:(.data+0x8): first defined here
C:/Tools/mips-ps1/mips/bin/mipsel-none-elf-ld.exe: build/asm/data/front_data_r03.data.s.o: in function `screenCarSelect':
(.data+0x880): multiple definition of `screenCarSelect'; build/recon/frontend/common/screencarselect.cpp.o:(.data+0x184): first defined here
C:/Tools/mips-ps1/mips/bin/mipsel-none-elf-ld.exe: build/asm/data/front_data_r04.data.s.o: in function `kBannerColors':
(.data+0x4): multiple definition of `kBannerColors'; build/recon/frontend/common/screentrophyinfo.cpp.o:(.data+0x0): first defined here
C:/Tools/mips-ps1/mips/bin/mipsel-none-elf-ld.exe: build/asm/data/front_data_r04.data.s.o: in function `screenTrophyInfo':
(.data+0x14): multiple definition of `screenTrophyInfo'; build/recon/frontend/common/screentrophyinfo.cpp.o:(.data+0x20): first defined here
C:/Tools/mips-ps1/mips/bin/mipsel-none-elf-ld.exe: build/asm/data/front_data_r04.data.s.o: in function `gSwapFileNameTI':
(.data+0x18): multiple definition of `gSwapFileNameTI'; build/recon/frontend/common/screentrophyinfo.cpp.o:(.data+0x10): first defined here
C:/Tools/mips-ps1/mips/bin/mipsel-none-elf-ld.exe: build/asm/data/front_data_r05.data.s.o: in function `ArrowLocations':
(.data+0x34): multiple definition of `ArrowLocations'; build/recon/frontend/common/screencontroller.cpp.o:(.data+0x8): first defined here
C:/Tools/mips-ps1/mips/bin/mipsel-none-elf-ld.exe: build/asm/data/front_data_r05.data.s.o: in function `TextLocations':
(.data+0x2c8): multiple definition of `TextLocations'; build/recon/frontend/common/screencontroller.cpp.o:(.data+0x29c): first defined here
C:/Tools/mips-ps1/mips/bin/mipsel-none-elf-ld.exe: build/asm/data/front_data_r05.data.s.o: in function `NumTexts':
(.data+0x5e8): multiple definition of `NumTexts'; build/recon/frontend/common/screencontroller.cpp.o:(.data+0x5bc): first defined here
C:/Tools/mips-ps1/mips/bin/mipsel-none-elf-ld.exe: build/asm/data/front_data_r05.data.s.o: in function `ControllerItemIndex':
(.data+0x614): multiple definition of `ControllerItemIndex'; build/recon/frontend/common/screencontroller.cpp.o:(.data+0x5e8): first defined here
C:/Tools/mips-ps1/mips/bin/mipsel-none-elf-ld.exe: build/asm/data/front_data_r05.data.s.o: in function `screenControllerConfig':
(.data+0x800): multiple definition of `screenControllerConfig'; build/recon/frontend/common/screencontroller.cpp.o:(.data+0x7f4): first defined here
C:/Tools/mips-ps1/mips/bin/mipsel-none-elf-ld.exe: build/asm/data/front_data_r07.data.s.o: in function `screenPinkSlipCongrats':
(.data+0x58): multiple definition of `screenPinkSlipCongrats'; build/recon/frontend/common/screencongrats.cpp.o:(.data+0x20): first defined here
C:/Tools/mips-ps1/mips/bin/mipsel-none-elf-ld.exe: build/asm/data/front_data_r07.data.s.o: in function `screenTournamentTrophy':
(.data+0x5c): multiple definition of `screenTournamentTrophy'; build/recon/frontend/common/screencongrats.cpp.o:(.data+0x24): first defined here
C:/Tools/mips-ps1/mips/bin/mipsel-none-elf-ld.exe: build/asm/data/front_data_r07.data.s.o: in function `screenBeTheCopCongrats':
(.data+0x60): multiple definition of `screenBeTheCopCongrats'; build/recon/frontend/common/screencongrats.cpp.o:(.data+0x28): first defined here
C:/Tools/mips-ps1/mips/bin/mipsel-none-elf-ld.exe: build/asm/data/front_data_r07.data.s.o: in function `screenTournamentCongrats':
(.data+0x64): multiple definition of `screenTournamentCongrats'; build/recon/frontend/common/screencongrats.cpp.o:(.data+0x2c): first defined here
C:/Tools/mips-ps1/mips/bin/mipsel-none-elf-ld.exe: build/asm/data/front_data_r07.data.s.o: in function `congratsSwapFileName':
(.data+0x68): multiple definition of `congratsSwapFileName'; build/recon/frontend/common/screencongrats.cpp.o:(.data+0x0): first defined here
C:/Tools/mips-ps1/mips/bin/mipsel-none-elf-ld.exe: build/asm/data/front_data_r07.data.s.o: in function `fPermFileNameBuf':
(.data+0x78): multiple definition of `fPermFileNameBuf'; build/recon/frontend/common/screencongrats.cpp.o:(.data+0x10): first defined here
C:/Tools/mips-ps1/mips/bin/mipsel-none-elf-ld.exe: build/asm/data/front_data_r08.data.s.o: in function `menu_kUserNameRows':
(.data+0x0): multiple definition of `menu_kUserNameRows'; build/recon/frontend/common/screenusername.cpp.o:(.data+0x0): first defined here
C:/Tools/mips-ps1/mips/bin/mipsel-none-elf-ld.exe: build/asm/data/front_data_r08.data.s.o: in function `MENUUSERNAME_STARTY':
(.data+0x2): multiple definition of `MENUUSERNAME_STARTY'
C:/Tools/mips-ps1/mips/bin/mipsel-none-elf-ld.exe: build/asm/data/front_data_r08.data.s.o: in function `screenUserName':
(.data+0x4): multiple definition of `screenUserName'; build/recon/frontend/common/screenusername.cpp.o:(.data+0x4): first defined here
C:/Tools/mips-ps1/mips/bin/mipsel-none-elf-ld.exe: build/asm/data/front_data_r08.data.s.o: in function `UserPermFileName':
(.data+0x8): multiple definition of `UserPermFileName'; build/recon/frontend/common/screenusername.cpp.o:(.data+0xc): first defined here
C:/Tools/mips-ps1/mips/bin/mipsel-none-elf-ld.exe: build/asm/data/front_data_r08.data.s.o: in function `kNoColor':
(.data+0x20): multiple definition of `kNoColor'; build/recon/frontend/psx/drawshp.cpp.o:(.sdata+0x0): first defined here
C:/Tools/mips-ps1/mips/bin/mipsel-none-elf-ld.exe: build/asm/data/sdata_8013C54C_o00.sdata.s.o: in function `AI_time':
(.sdata+0x0): multiple definition of `AI_time'; build/recon/game/common/ai.cpp.o:(.sdata+0x0): first defined here
C:/Tools/mips-ps1/mips/bin/mipsel-none-elf-ld.exe: build/asm/data/sdata_8013C54C_o00.sdata.s.o: in function `AI_elapsedTime':
(.sdata+0x4): multiple definition of `AI_elapsedTime'; build/recon/game/common/ai.cpp.o:(.sdata+0x4): first defined here
C:/Tools/mips-ps1/mips/bin/mipsel-none-elf-ld.exe: build/asm/data/sdata_8013C54C_o00.sdata.s.o: in function `AI_iTime':
(.sdata+0x8): multiple definition of `AI_iTime'; build/recon/game/common/ai.cpp.o:(.sdata+0x8): first defined here
C:/Tools/mips-ps1/mips/bin/mipsel-none-elf-ld.exe: build/asm/data/sdata_8013C54C_o01.sdata.s.o: in function `AIHigh_CopGameType':
(.sdata+0x0): multiple definition of `AIHigh_CopGameType'; build/recon/game/common/aihigh.cpp.o:(.sdata+0x0): first defined here
C:/Tools/mips-ps1/mips/bin/mipsel-none-elf-ld.exe: build/asm/data/sdata_8013C54C_o02.sdata.s.o: in function `_19AIHigh_BTC_HumanCop_lastInputRequestTick_':
(.sdata+0x0): multiple definition of `_19AIHigh_BTC_HumanCop_lastInputRequestTick_'; build/recon/game/common/aih_btccop.cpp.o:(.sdata+0x0): first defined here
C:/Tools/mips-ps1/mips/bin/mipsel-none-elf-ld.exe: build/asm/data/sdata_8013C54C_o03.sdata.s.o: in function `AICop_rawTriggers':
(.sdata+0x0): multiple definition of `AICop_rawTriggers'; build/recon/game/common/aicop.cpp.o:(.sdata+0x0): first defined here
C:/Tools/mips-ps1/mips/bin/mipsel-none-elf-ld.exe: build/asm/data/sdata_8013C54C_o03.sdata.s.o: in function `AICop_gRoadBlockState':
(.sdata+0x4): multiple definition of `AICop_gRoadBlockState'; build/recon/game/common/aicop.cpp.o:(.sdata+0x4): first defined here
C:/Tools/mips-ps1/mips/bin/mipsel-none-elf-ld.exe: build/asm/data/sdata_8013C54C_o03.sdata.s.o: in function `AICop_numArrestedHumans':
(.sdata+0x8): multiple definition of `AICop_numArrestedHumans'; build/recon/game/common/aicop.cpp.o:(.sdata+0x8): first defined here
C:/Tools/mips-ps1/mips/bin/mipsel-none-elf-ld.exe: build/asm/data/sdata_8013C54C_o04.sdata.s.o: in function `AITraffic_rawTriggers':
(.sdata+0x0): multiple definition of `AITraffic_rawTriggers'; build/recon/game/common/aiinit.cpp.o:(.sdata+0x0): first defined here
C:/Tools/mips-ps1/mips/bin/mipsel-none-elf-ld.exe: build/asm/data/sdata_8013C54C_o04.sdata.s.o: in function `AIInit_useSpreadForce':
(.sdata+0x4): multiple definition of `AIInit_useSpreadForce'; build/recon/game/common/aiinit.cpp.o:(.sdata+0x4): first defined here
C:/Tools/mips-ps1/mips/bin/mipsel-none-elf-ld.exe: build/asm/data/sdata_8013C54C_o04.sdata.s.o: in function `AIInit_forceHumanHandBrake':
(.sdata+0x8): multiple definition of `AIInit_forceHumanHandBrake'; build/recon/game/common/aiinit.cpp.o:(.sdata+0x8): first defined here
C:/Tools/mips-ps1/mips/bin/mipsel-none-elf-ld.exe: build/asm/data/sdata_8013C54C_o05.sdata.s.o: in function `AIPhysic_iTime':
(.sdata+0x0): multiple definition of `AIPhysic_iTime'; build/recon/game/common/aiphysic.cpp.o:(.sdata+0x0): first defined here
C:/Tools/mips-ps1/mips/bin/mipsel-none-elf-ld.exe: build/asm/data/sdata_8013C54C_o05.sdata.s.o: in function `AIPhysic_time':
(.sdata+0x4): multiple definition of `AIPhysic_time'; build/recon/game/common/aiphysic.cpp.o:(.sdata+0x4): first defined here
C:/Tools/mips-ps1/mips/bin/mipsel-none-elf-ld.exe: build/asm/data/sdata_8013C54C_o05.sdata.s.o: in function `AIPhysic_elapsedTime':
(.sdata+0x8): multiple definition of `AIPhysic_elapsedTime'; build/recon/game/common/aiphysic.cpp.o:(.sdata+0x8): first defined here
C:/Tools/mips-ps1/mips/bin/mipsel-none-elf-ld.exe: build/asm/data/sdata_8013C54C_o06.sdata.s.o: in function `AIDataRecord_BestLine':
(.sdata+0x0): multiple definition of `AIDataRecord_BestLine'; build/recon/game/common/aidatarecord.cpp.o:(.sdata+0x0): first defined here
C:/Tools/mips-ps1/mips/bin/mipsel-none-elf-ld.exe: build/asm/data/sdata_8013C54C_o06.sdata.s.o: in function `AIDataRecord_TrackCurve':
(.sdata+0x4): multiple definition of `AIDataRecord_TrackCurve'; build/recon/game/common/aidatarecord.cpp.o:(.sdata+0x4): first defined here
C:/Tools/mips-ps1/mips/bin/mipsel-none-elf-ld.exe: build/asm/data/sdata_8013C54C_o06.sdata.s.o: in function `AIDataRecord_WhichRecord':
(.sdata+0x8): multiple definition of `AIDataRecord_WhichRecord'; build/recon/game/common/aidatarecord.cpp.o:(.sdata+0x8): first defined here
C:/Tools/mips-ps1/mips/bin/mipsel-none-elf-ld.exe: build/asm/data/sdata_8013C54C_o06.sdata.s.o: in function `AIDataRecord_RecordMethod':
(.sdata+0xc): multiple definition of `AIDataRecord_RecordMethod'; build/recon/game/common/aidatarecord.cpp.o:(.sdata+0xc): first defined here
C:/Tools/mips-ps1/mips/bin/mipsel-none-elf-ld.exe: build/asm/data/sdata_8013C54C_o07.sdata.s.o: in function `triggerManagerCops':
(.sdata+0x0): multiple definition of `triggerManagerCops'; build/recon/game/common/aitriger.cpp.o:(.sdata+0x0): first defined here
C:/Tools/mips-ps1/mips/bin/mipsel-none-elf-ld.exe: build/asm/data/sdata_8013C54C_o07.sdata.s.o: in function `triggerManagerTraffic':
(.sdata+0x4): multiple definition of `triggerManagerTraffic'; build/recon/game/common/aitriger.cpp.o:(.sdata+0x4): first defined here
C:/Tools/mips-ps1/mips/bin/mipsel-none-elf-ld.exe: build/asm/data/sdata_8013C54C_o08.sdata.s.o: in function `AITune_oneWay':
(.sdata+0x0): multiple definition of `AITune_oneWay'; build/recon/game/common/aitune.cpp.o:(.sdata+0x0): first defined here
C:/Tools/mips-ps1/mips/bin/mipsel-none-elf-ld.exe: build/asm/data/sdata_8013C54C_o08.sdata.s.o: in function `AITune_driveSide':
(.sdata+0x4): multiple definition of `AITune_driveSide'; build/recon/game/common/aitune.cpp.o:(.sdata+0x4): first defined here
C:/Tools/mips-ps1/mips/bin/mipsel-none-elf-ld.exe: build/asm/data/sdata_8013C54C_o08.sdata.s.o: in function `AITune_gRoughLapTime':
(.sdata+0x8): multiple definition of `AITune_gRoughLapTime'; build/recon/game/common/aitune.cpp.o:(.sdata+0x8): first defined here
C:/Tools/mips-ps1/mips/bin/mipsel-none-elf-ld.exe: build/asm/data/sdata_8013C54C_o09.sdata.s.o: in function `AudioClc_gCameraVelocity':
(.sdata+0x0): multiple definition of `AudioClc_gCameraVelocity'; build/recon/game/common/audioclc.cpp.o:(.sdata+0x0): first defined here
C:/Tools/mips-ps1/mips/bin/mipsel-none-elf-ld.exe: build/asm/data/sdata_8013C54C_o09.sdata.s.o: in function `AudioClc_gRandomPhrase':
(.sdata+0x4): multiple definition of `AudioClc_gRandomPhrase'; build/recon/game/common/audioclc.cpp.o:(.sdata+0x4): first defined here
C:/Tools/mips-ps1/mips/bin/mipsel-none-elf-ld.exe: build/asm/data/sdata_8013C54C_o09.sdata.s.o: in function `AudioClc_gBullHornCount':
(.sdata+0x8): multiple definition of `AudioClc_gBullHornCount'; build/recon/game/common/audioclc.cpp.o:(.sdata+0x8): first defined here
C:/Tools/mips-ps1/mips/bin/mipsel-none-elf-ld.exe: build/asm/data/sdata_8013C54C_o09.sdata.s.o: in function `AudioClc_gBumpCopCount':
(.sdata+0xc): multiple definition of `AudioClc_gBumpCopCount'; build/recon/game/common/audioclc.cpp.o:(.sdata+0xc): first defined here
C:/Tools/mips-ps1/mips/bin/mipsel-none-elf-ld.exe: build/asm/data/sdata_8013C54C_o09.sdata.s.o: in function `AudioClc_gLastVoice':
(.sdata+0x10): multiple definition of `AudioClc_gLastVoice'; build/recon/game/common/audioclc.cpp.o:(.sdata+0x10): first defined here
C:/Tools/mips-ps1/mips/bin/mipsel-none-elf-ld.exe: build/asm/data/sdata_8013C54C_o09.sdata.s.o: in function `AudioClc_gLastphrase1':
(.sdata+0x14): multiple definition of `AudioClc_gLastphrase1'; build/recon/game/common/audioclc.cpp.o:(.sdata+0x14): first defined here
C:/Tools/mips-ps1/mips/bin/mipsel-none-elf-ld.exe: build/asm/data/sdata_8013C54C_o09.sdata.s.o: in function `AudioClc_gLastphrase2':
(.sdata+0x18): multiple definition of `AudioClc_gLastphrase2'; build/recon/game/common/audioclc.cpp.o:(.sdata+0x18): first defined here
C:/Tools/mips-ps1/mips/bin/mipsel-none-elf-ld.exe: build/asm/data/sdata_8013C54C_o09.sdata.s.o: in function `AudioClc_gLastphrase3':
(.sdata+0x1c): multiple definition of `AudioClc_gLastphrase3'; build/recon/game/common/audioclc.cpp.o:(.sdata+0x1c): first defined here
C:/Tools/mips-ps1/mips/bin/mipsel-none-elf-ld.exe: build/asm/data/sdata_8013C54C_o10.sdata.s.o: in function `AudioMus_g':
(.sdata+0x0): multiple definition of `AudioMus_g'; build/recon/game/common/audiomus.cpp.o:(.sdata+0x0): first defined here
C:/Tools/mips-ps1/mips/bin/mipsel-none-elf-ld.exe: build/asm/data/sdata_8013C54C_o11.sdata.s.o: in function `gGameAudioList':
(.sdata+0x4): multiple definition of `gGameAudioList'; build/recon/game/common/audedit.cpp.o:(.sdata+0x4): first defined here
C:/Tools/mips-ps1/mips/bin/mipsel-none-elf-ld.exe: build/asm/data/sdata_8013C54C_o12.sdata.s.o: in function `AudioTrk_g':
(.sdata+0x0): multiple definition of `AudioTrk_g'; build/recon/game/common/audiotrk.cpp.o:(.sdata+0x0): first defined here
C:/Tools/mips-ps1/mips/bin/mipsel-none-elf-ld.exe: build/asm/data/sdata_8013C54C_o13.sdata.s.o: in function `GlobalSimQuad':
(.sdata+0x0): multiple definition of `GlobalSimQuad'; build/recon/game/common/bworldSm.cpp.o:(.sdata+0x0): first defined here
C:/Tools/mips-ps1/mips/bin/mipsel-none-elf-ld.exe: build/asm/data/sdata_8013C54C_o13.sdata.s.o: in function `BWorldSm_slices':
(.sdata+0x4): multiple definition of `BWorldSm_slices'; build/recon/game/common/bworldSm.cpp.o:(.sdata+0x4): first defined here
C:/Tools/mips-ps1/mips/bin/mipsel-none-elf-ld.exe: build/asm/data/sdata_8013C54C_o13.sdata.s.o: in function `sim_Handle':
(.sdata+0x8): multiple definition of `sim_Handle'; build/recon/game/common/bworldSm.cpp.o:(.sdata+0x8): first defined here
C:/Tools/mips-ps1/mips/bin/mipsel-none-elf-ld.exe: build/asm/data/sdata_8013C54C_o13.sdata.s.o: in function `gNumSlices':
(.sdata+0xc): multiple definition of `gNumSlices'; build/recon/game/common/bworldSm.cpp.o:(.sdata+0xc): first defined here
C:/Tools/mips-ps1/mips/bin/mipsel-none-elf-ld.exe: build/asm/data/sdata_8013C54C_o13.sdata.s.o: in function `sim_File':
(.sdata+0x10): multiple definition of `sim_File'; build/recon/game/common/bworldSm.cpp.o:(.sdata+0x10): first defined here
C:/Tools/mips-ps1/mips/bin/mipsel-none-elf-ld.exe: build/asm/data/sdata_8013C54C_o13.sdata.s.o: in function `sim_ItemPtr':
(.sdata+0x14): multiple definition of `sim_ItemPtr'; build/recon/game/common/bworldSm.cpp.o:(.sdata+0x14): first defined here
C:/Tools/mips-ps1/mips/bin/mipsel-none-elf-ld.exe: build/asm/data/sdata_8013C54C_o13.sdata.s.o: in function `gMaxFindQuadSliceIterations':
(.sdata+0x18): multiple definition of `gMaxFindQuadSliceIterations'; build/recon/game/common/bworldSm.cpp.o:(.sdata+0x18): first defined here
C:/Tools/mips-ps1/mips/bin/mipsel-none-elf-ld.exe: build/asm/data/sdata_8013C54C_o13.sdata.s.o: in function `BWSM_NormalCacheSysTime':
(.sdata+0x1c): multiple definition of `BWSM_NormalCacheSysTime'; build/recon/game/common/bworldSm.cpp.o:(.sdata+0x1c): first defined here
C:/Tools/mips-ps1/mips/bin/mipsel-none-elf-ld.exe: build/asm/data/sdata_8013C54C_o14.sdata.s.o: in function `Camera_gGeomScreen':
(.sdata+0x0): multiple definition of `Camera_gGeomScreen'; build/recon/game/common/camera.cpp.o:(.sdata+0x0): first defined here
C:/Tools/mips-ps1/mips/bin/mipsel-none-elf-ld.exe: build/asm/data/sdata_8013C54C_o15.sdata.s.o: in function `frontLimit':
(.sdata+0x4): multiple definition of `frontLimit'; build/recon/game/common/cars.cpp.o:(.sdata+0x4): first defined here
C:/Tools/mips-ps1/mips/bin/mipsel-none-elf-ld.exe: build/asm/data/sdata_8013C54C_o15.sdata.s.o: in function `rearLimit':
(.sdata+0x8): multiple definition of `rearLimit'; build/recon/game/common/cars.cpp.o:(.sdata+0x8): first defined here
C:/Tools/mips-ps1/mips/bin/mipsel-none-elf-ld.exe: build/asm/data/sdata_8013C54C_o15.sdata.s.o: in function `Cars_gNumCars':
(.sdata+0x14): multiple definition of `Cars_gNumCars'; build/recon/game/common/cars.cpp.o:(.sdata+0x14): first defined here
C:/Tools/mips-ps1/mips/bin/mipsel-none-elf-ld.exe: build/asm/data/sdata_8013C54C_o15.sdata.s.o: in function `Cars_gNumRaceCars':
(.sdata+0x18): multiple definition of `Cars_gNumRaceCars'; build/recon/game/common/cars.cpp.o:(.sdata+0x18): first defined here
C:/Tools/mips-ps1/mips/bin/mipsel-none-elf-ld.exe: build/asm/data/sdata_8013C54C_o15.sdata.s.o: in function `Cars_gNumAICars':
(.sdata+0x1c): multiple definition of `Cars_gNumAICars'; build/recon/game/common/cars.cpp.o:(.sdata+0x1c): first defined here
C:/Tools/mips-ps1/mips/bin/mipsel-none-elf-ld.exe: build/asm/data/sdata_8013C54C_o15.sdata.s.o: in function `Cars_gNumHumanRaceCars':
(.sdata+0x20): multiple definition of `Cars_gNumHumanRaceCars'; build/recon/game/common/cars.cpp.o:(.sdata+0x20): first defined here
C:/Tools/mips-ps1/mips/bin/mipsel-none-elf-ld.exe: build/asm/data/sdata_8013C54C_o15.sdata.s.o: in function `Cars_gNumAIRaceCars':
(.sdata+0x24): multiple definition of `Cars_gNumAIRaceCars'; build/recon/game/common/cars.cpp.o:(.sdata+0x24): first defined here
C:/Tools/mips-ps1/mips/bin/mipsel-none-elf-ld.exe: build/asm/data/sdata_8013C54C_o15.sdata.s.o: in function `Cars_gNumTrafficCars':
(.sdata+0x28): multiple definition of `Cars_gNumTrafficCars'; build/recon/game/common/cars.cpp.o:(.sdata+0x28): first defined here
C:/Tools/mips-ps1/mips/bin/mipsel-none-elf-ld.exe: build/asm/data/sdata_8013C54C_o15.sdata.s.o: in function `Cars_gNumCopCars':
(.sdata+0x2c): multiple definition of `Cars_gNumCopCars'; build/recon/game/common/cars.cpp.o:(.sdata+0x2c): first defined here
C:/Tools/mips-ps1/mips/bin/mipsel-none-elf-ld.exe: build/asm/data/sdata_8013C54C_o15.sdata.s.o: in function `Cars_gNumLifeBasisCars':
(.sdata+0x30): multiple definition of `Cars_gNumLifeBasisCars'; build/recon/game/common/cars.cpp.o:(.sdata+0x30): first defined here
C:/Tools/mips-ps1/mips/bin/mipsel-none-elf-ld.exe: build/asm/data/sdata_8013C54C_o15.sdata.s.o: in function `accidentSlice':
(.sdata+0x34): multiple definition of `accidentSlice'; build/recon/game/common/cars.cpp.o:(.sdata+0x34): first defined here
C:/Tools/mips-ps1/mips/bin/mipsel-none-elf-ld.exe: build/asm/data/sdata_8013C54C_o16.sdata.s.o: in function `Chunk_lightTable':
(.sdata+0x0): multiple definition of `Chunk_lightTable'; build/recon/game/common/chunk.cpp.o:(.sdata+0x0): first defined here
C:/Tools/mips-ps1/mips/bin/mipsel-none-elf-ld.exe: build/asm/data/sdata_8013C54C_o16.sdata.s.o: in function `Chunk_chunkCenters':
(.sdata+0x4): multiple definition of `Chunk_chunkCenters'; build/recon/game/common/chunk.cpp.o:(.sdata+0x4): first defined here
C:/Tools/mips-ps1/mips/bin/mipsel-none-elf-ld.exe: build/asm/data/sdata_8013C54C_o17.sdata.s.o: in function `stopClock':
(.sdata+0x4): multiple definition of `stopClock'; build/recon/game/common/clock.cpp.o:(.sdata+0x4): first defined here
C:/Tools/mips-ps1/mips/bin/mipsel-none-elf-ld.exe: build/asm/data/sdata_8013C54C_o17.sdata.s.o: in function `generic128HzClock':
(.sdata+0x8): multiple definition of `generic128HzClock'; build/recon/game/common/clock.cpp.o:(.sdata+0x8): first defined here
C:/Tools/mips-ps1/mips/bin/mipsel-none-elf-ld.exe: build/asm/data/sdata_8013C54C_o18.sdata.s.o: in function `fastRandom':
(.sdata+0x0): multiple definition of `fastRandom'; build/recon/game/common/fastrand.cpp.o:(.sdata+0x0): first defined here
C:/Tools/mips-ps1/mips/bin/mipsel-none-elf-ld.exe: build/asm/data/sdata_8013C54C_o18.sdata.s.o: in function `randtemp':
(.sdata+0x4): multiple definition of `randtemp'; build/recon/game/common/fastrand.cpp.o:(.sdata+0x4): first defined here
C:/Tools/mips-ps1/mips/bin/mipsel-none-elf-ld.exe: build/asm/data/sdata_8013C54C_o18.sdata.s.o: in function `randSeed':
(.sdata+0x8): multiple definition of `randSeed'; build/recon/game/common/fastrand.cpp.o:(.sdata+0x8): first defined here
C:/Tools/mips-ps1/mips/bin/mipsel-none-elf-ld.exe: build/asm/data/sdata_8013C54C_o18.sdata.s.o: in function `numRandCalls':
(.sdata+0xc): multiple definition of `numRandCalls'; build/recon/game/common/fastrand.cpp.o:(.sdata+0xc): first defined here
C:/Tools/mips-ps1/mips/bin/mipsel-none-elf-ld.exe: build/asm/data/sdata_8013C54C_o19.sdata.s.o: in function `gDPixmap':
(.sdata+0xd0): multiple definition of `gDPixmap'; build/recon/game/common/genericpmx.cpp.o:(.sdata+0xd0): first defined here
C:/Tools/mips-ps1/mips/bin/mipsel-none-elf-ld.exe: build/asm/data/sdata_8013C54C_o19.sdata.s.o: in function `gSpikeBeltPixmap':
(.sdata+0xd4): multiple definition of `gSpikeBeltPixmap'; build/recon/game/common/genericpmx.cpp.o:(.sdata+0xd4): first defined here
C:/Tools/mips-ps1/mips/bin/mipsel-none-elf-ld.exe: build/asm/data/sdata_8013C54C_o19.sdata.s.o: in function `gShadowPixmap':
(.sdata+0xd8): multiple definition of `gShadowPixmap'; build/recon/game/common/genericpmx.cpp.o:(.sdata+0xd8): first defined here
C:/Tools/mips-ps1/mips/bin/mipsel-none-elf-ld.exe: build/asm/data/sdata_8013C54C_o19.sdata.s.o: in function `gSkidMarkPixmap':
(.sdata+0xe0): multiple definition of `gSkidMarkPixmap'; build/recon/game/common/genericpmx.cpp.o:(.sdata+0xe0): first defined here
C:/Tools/mips-ps1/mips/bin/mipsel-none-elf-ld.exe: build/asm/data/sdata_8013C54C_o19.sdata.s.o: in function `gSMokePixmap':
(.sdata+0xe8): multiple definition of `gSMokePixmap'; build/recon/game/common/genericpmx.cpp.o:(.sdata+0xe8): first defined here
C:/Tools/mips-ps1/mips/bin/mipsel-none-elf-ld.exe: build/asm/data/sdata_8013C54C_o19.sdata.s.o: in function `gSMokePalette':
(.sdata+0xf0): multiple definition of `gSMokePalette'; build/recon/game/common/genericpmx.cpp.o:(.sdata+0xf0): first defined here
C:/Tools/mips-ps1/mips/bin/mipsel-none-elf-ld.exe: build/asm/data/sdata_8013C54C_o19.sdata.s.o: in function `gDirtPalette':
(.sdata+0xf4): multiple definition of `gDirtPalette'; build/recon/game/common/genericpmx.cpp.o:(.sdata+0xf4): first defined here
C:/Tools/mips-ps1/mips/bin/mipsel-none-elf-ld.exe: build/asm/data/sdata_8013C54C_o19.sdata.s.o: in function `gGravelPixmap':
(.sdata+0xf8): multiple definition of `gGravelPixmap'; build/recon/game/common/genericpmx.cpp.o:(.sdata+0xf8): first defined here
C:/Tools/mips-ps1/mips/bin/mipsel-none-elf-ld.exe: build/asm/data/sdata_8013C54C_o19.sdata.s.o: in function `gGravelPalette':
(.sdata+0x100): multiple definition of `gGravelPalette'; build/recon/game/common/genericpmx.cpp.o:(.sdata+0x100): first defined here
C:/Tools/mips-ps1/mips/bin/mipsel-none-elf-ld.exe: build/asm/data/sdata_8013C54C_o19.sdata.s.o: in function `gGrassPalette':
(.sdata+0x104): multiple definition of `gGrassPalette'; build/recon/game/common/genericpmx.cpp.o:(.sdata+0x104): first defined here
C:/Tools/mips-ps1/mips/bin/mipsel-none-elf-ld.exe: build/asm/data/sdata_8013C54C_o19.sdata.s.o: in function `gSnowPalette':
(.sdata+0x108): multiple definition of `gSnowPalette'; build/recon/game/common/genericpmx.cpp.o:(.sdata+0x108): first defined here
C:/Tools/mips-ps1/mips/bin/mipsel-none-elf-ld.exe: build/asm/data/sdata_8013C54C_o19.sdata.s.o: in function `gLeafPixmap':
(.sdata+0x10c): multiple definition of `gLeafPixmap'; build/recon/game/common/genericpmx.cpp.o:(.sdata+0x10c): first defined here
C:/Tools/mips-ps1/mips/bin/mipsel-none-elf-ld.exe: build/asm/data/sdata_8013C54C_o19.sdata.s.o: in function `gDamagePixmap':
(.sdata+0x110): multiple definition of `gDamagePixmap'; build/recon/game/common/genericpmx.cpp.o:(.sdata+0x110): first defined here
C:/Tools/mips-ps1/mips/bin/mipsel-none-elf-ld.exe: build/asm/data/sdata_8013C54C_o20.sdata.s.o: in function `Input_gTime':
(.sdata+0x0): multiple definition of `Input_gTime'; build/recon/game/common/input.cpp.o:(.sdata+0x0): first defined here
C:/Tools/mips-ps1/mips/bin/mipsel-none-elf-ld.exe: build/asm/data/sdata_8013C54C_o20.sdata.s.o: in function `Input_gResults':
(.sdata+0x4): multiple definition of `Input_gResults'; build/recon/game/common/input.cpp.o:(.sdata+0x4): first defined here
C:/Tools/mips-ps1/mips/bin/mipsel-none-elf-ld.exe: build/asm/data/sdata_8013C54C_o20.sdata.s.o: in function `Input_gSim':
(.sdata+0xc): multiple definition of `Input_gSim'; build/recon/game/common/input.cpp.o:(.sdata+0xc): first defined here
C:/Tools/mips-ps1/mips/bin/mipsel-none-elf-ld.exe: build/asm/data/sdata_8013C54C_o20.sdata.s.o: in function `Input_gLookBehind':
(.sdata+0x10): multiple definition of `Input_gLookBehind'; build/recon/game/common/input.cpp.o:(.sdata+0x10): first defined here
C:/Tools/mips-ps1/mips/bin/mipsel-none-elf-ld.exe: build/asm/data/sdata_8013C54C_o20.sdata.s.o: in function `Input_gMode':
(.sdata+0x18): multiple definition of `Input_gMode'; build/recon/game/common/input.cpp.o:(.sdata+0x18): first defined here
C:/Tools/mips-ps1/mips/bin/mipsel-none-elf-ld.exe: build/asm/data/sdata_8013C54C_o21.sdata.s.o: in function `Object_customObjInst':
(.sdata+0x0): multiple definition of `Object_customObjInst'; build/recon/game/common/object.cpp.o:(.sdata+0x0): first defined here
C:/Tools/mips-ps1/mips/bin/mipsel-none-elf-ld.exe: build/asm/data/sdata_8013C54C_o21.sdata.s.o: in function `Object_customSimObjs':
(.sdata+0x4): multiple definition of `Object_customSimObjs'; build/recon/game/common/object.cpp.o:(.sdata+0x4): first defined here
C:/Tools/mips-ps1/mips/bin/mipsel-none-elf-ld.exe: build/asm/data/sdata_8013C54C_o21.sdata.s.o: in function `Object_customSFXInst':
(.sdata+0x8): multiple definition of `Object_customSFXInst'; build/recon/game/common/object.cpp.o:(.sdata+0x8): first defined here
C:/Tools/mips-ps1/mips/bin/mipsel-none-elf-ld.exe: build/asm/data/sdata_8013C54C_o21.sdata.s.o: in function `Object_customSliceNum':
(.sdata+0xc): multiple definition of `Object_customSliceNum'; build/recon/game/common/object.cpp.o:(.sdata+0xc): first defined here
C:/Tools/mips-ps1/mips/bin/mipsel-none-elf-ld.exe: build/asm/data/sdata_8013C54C_o21.sdata.s.o: in function `Object_IMassObjInst':
(.sdata+0x10): multiple definition of `Object_IMassObjInst'; build/recon/game/common/object.cpp.o:(.sdata+0x10): first defined here
C:/Tools/mips-ps1/mips/bin/mipsel-none-elf-ld.exe: build/asm/data/sdata_8013C54C_o21.sdata.s.o: in function `gNumIMassObjects':
(.sdata+0x14): multiple definition of `gNumIMassObjects'; build/recon/game/common/object.cpp.o:(.sdata+0x14): first defined here
C:/Tools/mips-ps1/mips/bin/mipsel-none-elf-ld.exe: build/asm/data/sdata_8013C54C_o22.sdata.s.o: in function `Paths_File':
(.sdata+0x0): multiple definition of `Paths_File'; build/recon/game/common/paths.cpp.o:(.sdata+0x0): first defined here
C:/Tools/mips-ps1/mips/bin/mipsel-none-elf-ld.exe: build/asm/data/sdata_8013C54C_o23.sdata.s.o: in function `gBrakeRatio':
(.sdata+0x0): multiple definition of `gBrakeRatio'; build/recon/game/common/physics.cpp.o:(.sdata+0x0): first defined here
C:/Tools/mips-ps1/mips/bin/mipsel-none-elf-ld.exe: build/asm/data/sdata_8013C54C_o23.sdata.s.o: in function `gGasRatio':
(.sdata+0x4): multiple definition of `gGasRatio'; build/recon/game/common/physics.cpp.o:(.sdata+0x4): first defined here
C:/Tools/mips-ps1/mips/bin/mipsel-none-elf-ld.exe: build/asm/data/sdata_8013C54C_o23.sdata.s.o: in function `gSteerRatio':
(.sdata+0x8): multiple definition of `gSteerRatio'; build/recon/game/common/physics.cpp.o:(.sdata+0x8): first defined here
C:/Tools/mips-ps1/mips/bin/mipsel-none-elf-ld.exe: build/asm/data/sdata_8013C54C_o23.sdata.s.o: in function `exceedRedline':
(.sdata+0x10): multiple definition of `exceedRedline'; build/recon/game/common/physics.cpp.o:(.sdata+0x10): first defined here
C:/Tools/mips-ps1/mips/bin/mipsel-none-elf-ld.exe: build/asm/data/sdata_8013C54C_o23.sdata.s.o: in function `roadMult':
(.sdata+0x14): multiple definition of `roadMult'; build/recon/game/common/physics.cpp.o:(.sdata+0x14): first defined here
C:/Tools/mips-ps1/mips/bin/mipsel-none-elf-ld.exe: build/asm/data/sdata_8013C54C_o23.sdata.s.o: in function `frontMult':
(.sdata+0x18): multiple definition of `frontMult'; build/recon/game/common/physics.cpp.o:(.sdata+0x18): first defined here
C:/Tools/mips-ps1/mips/bin/mipsel-none-elf-ld.exe: build/asm/data/sdata_8013C54C_o23.sdata.s.o: in function `rearMult':
(.sdata+0x1c): multiple definition of `rearMult'; build/recon/game/common/physics.cpp.o:(.sdata+0x1c): first defined here
C:/Tools/mips-ps1/mips/bin/mipsel-none-elf-ld.exe: build/asm/data/sdata_8013C54C_o23.sdata.s.o: in function `leftMult':
(.sdata+0x20): multiple definition of `leftMult'; build/recon/game/common/physics.cpp.o:(.sdata+0x20): first defined here
C:/Tools/mips-ps1/mips/bin/mipsel-none-elf-ld.exe: build/asm/data/sdata_8013C54C_o23.sdata.s.o: in function `rightMult':
(.sdata+0x24): multiple definition of `rightMult'; build/recon/game/common/physics.cpp.o:(.sdata+0x24): first defined here
C:/Tools/mips-ps1/mips/bin/mipsel-none-elf-ld.exe: build/asm/data/sdata_8013C54C_o23.sdata.s.o: in function `slippery':
(.sdata+0x28): multiple definition of `slippery'; build/recon/game/common/physics.cpp.o:(.sdata+0x28): first defined here
C:/Tools/mips-ps1/mips/bin/mipsel-none-elf-ld.exe: build/asm/data/sdata_8013C54C_o23.sdata.s.o: in function `steeringControl':
(.sdata+0x2c): multiple definition of `steeringControl'; build/recon/game/common/physics.cpp.o:(.sdata+0x2c): first defined here
C:/Tools/mips-ps1/mips/bin/mipsel-none-elf-ld.exe: build/asm/data/sdata_8013C54C_o23.sdata.s.o: in function `powerControl':
(.sdata+0x30): multiple definition of `powerControl'; build/recon/game/common/physics.cpp.o:(.sdata+0x30): first defined here
C:/Tools/mips-ps1/mips/bin/mipsel-none-elf-ld.exe: build/asm/data/sdata_8013C54C_o24.sdata.s.o: in function `Replay_Size':
(.sdata+0x0): multiple definition of `Replay_Size'; build/recon/game/common/replay.cpp.o:(.sdata+0x0): first defined here
C:/Tools/mips-ps1/mips/bin/mipsel-none-elf-ld.exe: build/asm/data/sdata_8013C54C_o24.sdata.s.o: in function `numValidCams':
(.sdata+0x4): multiple definition of `numValidCams'; build/recon/game/common/replay.cpp.o:(.sdata+0x4): first defined here
C:/Tools/mips-ps1/mips/bin/mipsel-none-elf-ld.exe: build/asm/data/sdata_8013C54C_o24.sdata.s.o: in function `Replay_ReplayMode':
(.sdata+0x8): multiple definition of `Replay_ReplayMode'; build/recon/game/common/replay.cpp.o:(.sdata+0x8): first defined here
C:/Tools/mips-ps1/mips/bin/mipsel-none-elf-ld.exe: build/asm/data/sdata_8013C54C_o24.sdata.s.o: in function `Replay_ReplayStorePtr':
(.sdata+0xc): multiple definition of `Replay_ReplayStorePtr'; build/recon/game/common/replay.cpp.o:(.sdata+0xc): first defined here
C:/Tools/mips-ps1/mips/bin/mipsel-none-elf-ld.exe: build/asm/data/sdata_8013C54C_o24.sdata.s.o: in function `Replay_ReplayGetPtr':
(.sdata+0x10): multiple definition of `Replay_ReplayGetPtr'; build/recon/game/common/replay.cpp.o:(.sdata+0x10): first defined here
C:/Tools/mips-ps1/mips/bin/mipsel-none-elf-ld.exe: build/asm/data/sdata_8013C54C_o25.sdata.s.o: in function `gGameSceneList':
(.sdata+0x0): multiple definition of `gGameSceneList'; build/recon/game/common/scene.cpp.o:(.sdata+0x0): first defined here
C:/Tools/mips-ps1/mips/bin/mipsel-none-elf-ld.exe: build/asm/data/sdata_8013C54C_o26.sdata.s.o: in function `gISouffle':
(.sdata+0x0): multiple definition of `gISouffle'; build/recon/game/common/souffle.cpp.o:(.sdata+0x0): first defined here
C:/Tools/mips-ps1/mips/bin/mipsel-none-elf-ld.exe: build/asm/data/sdata_8013C54C_o26.sdata.s.o: in function `gCISouffle':
(.sdata+0x4): multiple definition of `gCISouffle'; build/recon/game/common/souffle.cpp.o:(.sdata+0x4): first defined here
C:/Tools/mips-ps1/mips/bin/mipsel-none-elf-ld.exe: build/asm/data/sdata_8013C54C_o26.sdata.s.o: in function `gTMoveSouffle':
(.sdata+0x8): multiple definition of `gTMoveSouffle'; build/recon/game/common/souffle.cpp.o:(.sdata+0x8): first defined here
C:/Tools/mips-ps1/mips/bin/mipsel-none-elf-ld.exe: build/asm/data/sdata_8013C54C_o26.sdata.s.o: in function `gWindDir':
(.sdata+0xc): multiple definition of `gWindDir'; build/recon/game/common/souffle.cpp.o:(.sdata+0xc): first defined here
C:/Tools/mips-ps1/mips/bin/mipsel-none-elf-ld.exe: build/asm/data/sdata_8013C54C_o27.sdata.s.o: in function `gTAddCarWheelDelay':
(.sdata+0x0): multiple definition of `gTAddCarWheelDelay'; build/recon/game/common/trgsfx.cpp.o:(.sdata+0x0): first defined here
C:/Tools/mips-ps1/mips/bin/mipsel-none-elf-ld.exe: build/asm/data/sdata_8013C54C_o27.sdata.s.o: in function `gTAddCSmoke':
(.sdata+0x4): multiple definition of `gTAddCSmoke'; build/recon/game/common/trgsfx.cpp.o:(.sdata+0x4): first defined here
C:/Tools/mips-ps1/mips/bin/mipsel-none-elf-ld.exe: build/asm/data/sdata_8013C54C_o28.sdata.s.o: in function `grabValue':
(.sdata+0x0): multiple definition of `grabValue'; build/recon/game/common/aidebug.cpp.o:(.sdata+0x0): first defined here
C:/Tools/mips-ps1/mips/bin/mipsel-none-elf-ld.exe: build/asm/data/sdata_8013C54C_o29.sdata.s.o: in function `Audio_direct3davail':
(.sdata+0x0): multiple definition of `Audio_direct3davail'; build/recon/game/psx/audio.cpp.o:(.sdata+0x0): first defined here
C:/Tools/mips-ps1/mips/bin/mipsel-none-elf-ld.exe: build/asm/data/sdata_8013C54C_o29.sdata.s.o: in function `Audio_gHeap':
(.sdata+0x4): multiple definition of `Audio_gHeap'; build/recon/game/psx/audio.cpp.o:(.sdata+0x4): first defined here
C:/Tools/mips-ps1/mips/bin/mipsel-none-elf-ld.exe: build/asm/data/sdata_8013C54C_o30.sdata.s.o: in function `gSavePtr':
(.sdata+0x0): multiple definition of `gSavePtr'; build/recon/game/psx/drawdbg.cpp.o:(.sdata+0x0): first defined here
C:/Tools/mips-ps1/mips/bin/mipsel-none-elf-ld.exe: build/asm/data/sdata_8013C54C_o31.sdata.s.o: in function `Force_gActAlign':
(.sdata+0x0): multiple definition of `Force_gActAlign'; build/recon/game/psx/force.cpp.o:(.sdata+0x0): first defined here
C:/Tools/mips-ps1/mips/bin/mipsel-none-elf-ld.exe: build/asm/data/sdata_8013C54C_o31.sdata.s.o: in function `Force_gOffAlign':
(.sdata+0x8): multiple definition of `Force_gOffAlign'; build/recon/game/psx/force.cpp.o:(.sdata+0x8): first defined here
C:/Tools/mips-ps1/mips/bin/mipsel-none-elf-ld.exe: build/asm/data/sdata_8013C54C_o31.sdata.s.o: in function `Force_gTick':
(.sdata+0xe): multiple definition of `Force_gTick'
C:/Tools/mips-ps1/mips/bin/mipsel-none-elf-ld.exe: build/asm/data/sdata_8013C54C_o31.sdata.s.o: in function `Force_gVblHandle':
(.sdata+0x10): multiple definition of `Force_gVblHandle'; build/recon/game/psx/force.cpp.o:(.sdata+0x10): first defined here
C:/Tools/mips-ps1/mips/bin/mipsel-none-elf-ld.exe: build/asm/data/sdata_8013C54C_o32.sdata.s.o: in function `gfrgb':
(.sdata+0x0): multiple definition of `gfrgb'; build/recon/game/psx/flare.cpp.o:(.sdata+0x0): first defined here
C:/Tools/mips-ps1/mips/bin/mipsel-none-elf-ld.exe: build/asm/data/sdata_8013C54C_o32.sdata.s.o: in function `gfrgb2':
(.sdata+0x4): multiple definition of `gfrgb2'; build/recon/game/psx/flare.cpp.o:(.sdata+0x4): first defined here
C:/Tools/mips-ps1/mips/bin/mipsel-none-elf-ld.exe: build/asm/data/sdata_8013C54C_o32.sdata.s.o: in function `gscale':
(.sdata+0x8): multiple definition of `gscale'; build/recon/game/psx/flare.cpp.o:(.sdata+0x8): first defined here
C:/Tools/mips-ps1/mips/bin/mipsel-none-elf-ld.exe: build/asm/data/sdata_8013C54C_o33.sdata.s.o: in function `Texture_CarColor':
(.sdata+0x0): multiple definition of `Texture_CarColor'; build/recon/game/psx/texture.cpp.o:(.sdata+0x0): first defined here
C:/Tools/mips-ps1/mips/bin/mipsel-none-elf-ld.exe: build/asm/data/sdata_8013C54C_o33.sdata.s.o: in function `Texture_palCopy':
(.sdata+0x4): multiple definition of `Texture_palCopy'; build/recon/game/psx/texture.cpp.o:(.sdata+0x4): first defined here
C:/Tools/mips-ps1/mips/bin/mipsel-none-elf-ld.exe: build/asm/data/sdata_8013C54C_o33.sdata.s.o: in function `Texture_palNum':
(.sdata+0x8): multiple definition of `Texture_palNum'; build/recon/game/psx/texture.cpp.o:(.sdata+0x8): first defined here
C:/Tools/mips-ps1/mips/bin/mipsel-none-elf-ld.exe: build/asm/data/sdata_8013C54C_o33.sdata.s.o: in function `Texture_gNum4bitPal':
(.sdata+0xc): multiple definition of `Texture_gNum4bitPal'; build/recon/game/psx/texture.cpp.o:(.sdata+0xc): first defined here
C:/Tools/mips-ps1/mips/bin/mipsel-none-elf-ld.exe: build/asm/data/sdata_8013C54C_o33.sdata.s.o: in function `Texture_gNum8bitPal':
(.sdata+0x10): multiple definition of `Texture_gNum8bitPal'; build/recon/game/psx/texture.cpp.o:(.sdata+0x10): first defined here
C:/Tools/mips-ps1/mips/bin/mipsel-none-elf-ld.exe: build/asm/data/sdata_8013C54C_o33.sdata.s.o: in function `Texture_gP4bitPmx':
(.sdata+0x14): multiple definition of `Texture_gP4bitPmx'; build/recon/game/psx/texture.cpp.o:(.sdata+0x14): first defined here
C:/Tools/mips-ps1/mips/bin/mipsel-none-elf-ld.exe: build/asm/data/sdata_8013C54C_o33.sdata.s.o: in function `Texture_gP8bitPmx':
(.sdata+0x18): multiple definition of `Texture_gP8bitPmx'; build/recon/game/psx/texture.cpp.o:(.sdata+0x18): first defined here
C:/Tools/mips-ps1/mips/bin/mipsel-none-elf-ld.exe: build/asm/data/sdata_8013C54C_o33.sdata.s.o: in function `Texture_gPalette4bit':
(.sdata+0x1c): multiple definition of `Texture_gPalette4bit'; build/recon/game/psx/texture.cpp.o:(.sdata+0x1c): first defined here
C:/Tools/mips-ps1/mips/bin/mipsel-none-elf-ld.exe: build/asm/data/sdata_8013C54C_o33.sdata.s.o: in function `Texture_gPalette8bit':
(.sdata+0x20): multiple definition of `Texture_gPalette8bit'; build/recon/game/psx/texture.cpp.o:(.sdata+0x20): first defined here
C:/Tools/mips-ps1/mips/bin/mipsel-none-elf-ld.exe: build/asm/data/sdata_8013C54C_o33.sdata.s.o: in function `gFreePal4':
(.sdata+0x24): multiple definition of `gFreePal4'; build/recon/game/psx/texture.cpp.o:(.sdata+0x24): first defined here
C:/Tools/mips-ps1/mips/bin/mipsel-none-elf-ld.exe: build/asm/data/sdata_8013C54C_o33.sdata.s.o: in function `gNbFreePal4':
(.sdata+0x28): multiple definition of `gNbFreePal4'; build/recon/game/psx/texture.cpp.o:(.sdata+0x28): first defined here
C:/Tools/mips-ps1/mips/bin/mipsel-none-elf-ld.exe: build/asm/data/sdata_8013C54C_o33.sdata.s.o: in function `gFreePal8':
(.sdata+0x2c): multiple definition of `gFreePal8'; build/recon/game/psx/texture.cpp.o:(.sdata+0x2c): first defined here
C:/Tools/mips-ps1/mips/bin/mipsel-none-elf-ld.exe: build/asm/data/sdata_8013C54C_o33.sdata.s.o: in function `gNbFreePal8':
(.sdata+0x30): multiple definition of `gNbFreePal8'; build/recon/game/psx/texture.cpp.o:(.sdata+0x30): first defined here
C:/Tools/mips-ps1/mips/bin/mipsel-none-elf-ld.exe: build/asm/data/sdata_8013C54C_o34.sdata.s.o: in function `gZDepth':
(.sdata+0x0): multiple definition of `gZDepth'; build/recon/game/psx/textureprocess.cpp.o:(.sdata+0x0): first defined here
C:/Tools/mips-ps1/mips/bin/mipsel-none-elf-ld.exe: build/asm/data/sdata_8013C54C_o34.sdata.s.o: in function `TP_gZPaletteSystem':
(.sdata+0x4): multiple definition of `TP_gZPaletteSystem'; build/recon/game/psx/textureprocess.cpp.o:(.sdata+0x4): first defined here
C:/Tools/mips-ps1/mips/bin/mipsel-none-elf-ld.exe: build/asm/data/sdata_8013C54C_o34.sdata.s.o: in function `Fog_gNumKeys':
(.sdata+0x8): multiple definition of `Fog_gNumKeys'; build/recon/game/psx/textureprocess.cpp.o:(.sdata+0x8): first defined here
C:/Tools/mips-ps1/mips/bin/mipsel-none-elf-ld.exe: build/asm/data/sdata_8013C54C_o34.sdata.s.o: in function `Fog_gCurrentKey':
(.sdata+0xc): multiple definition of `Fog_gCurrentKey'; build/recon/game/psx/textureprocess.cpp.o:(.sdata+0xc): first defined here
C:/Tools/mips-ps1/mips/bin/mipsel-none-elf-ld.exe: build/asm/data/sdata_8013C54C_o34.sdata.s.o: in function `D_8013DB84':
(.sdata+0x10): multiple definition of `D_8013DB84'; build/recon/game/psx/textureprocess.cpp.o:(.sdata+0x10): first defined here
C:/Tools/mips-ps1/mips/bin/mipsel-none-elf-ld.exe: build/asm/data/sdata_8013C54C_o34.sdata.s.o: in function `Fog_gHeadKey':
(.sdata+0x14): multiple definition of `Fog_gHeadKey'; build/recon/game/psx/textureprocess.cpp.o:(.sdata+0x14): first defined here
C:/Tools/mips-ps1/mips/bin/mipsel-none-elf-ld.exe: build/asm/data/sdata_8013C54C_o34.sdata.s.o: in function `fogslicePos':
(.sdata+0x18): multiple definition of `fogslicePos'; build/recon/game/psx/textureprocess.cpp.o:(.sdata+0x18): first defined here
C:/Tools/mips-ps1/mips/bin/mipsel-none-elf-ld.exe: build/asm/data/sdata_8013C54C_o35.sdata.s.o: in function `TrackSpec_gPrevSpec':
(.sdata+0x0): multiple definition of `TrackSpec_gPrevSpec'; build/recon/game/psx/trackspec.cpp.o:(.sdata+0x0): first defined here
C:/Tools/mips-ps1/mips/bin/mipsel-none-elf-ld.exe: build/asm/data/sdata_8013C54C_o35.sdata.s.o: in function `TrackSpec_gCurrentSpec':
(.sdata+0x4): multiple definition of `TrackSpec_gCurrentSpec'; build/recon/game/psx/trackspec.cpp.o:(.sdata+0x4): first defined here
C:/Tools/mips-ps1/mips/bin/mipsel-none-elf-ld.exe: build/asm/data/sdata_8013C54C_o35.sdata.s.o: in function `TrackSpec_gMaxSpec':
(.sdata+0x8): multiple definition of `TrackSpec_gMaxSpec'; build/recon/game/psx/trackspec.cpp.o:(.sdata+0x8): first defined here
C:/Tools/mips-ps1/mips/bin/mipsel-none-elf-ld.exe: build/asm/data/sdata_8013C54C_o36.sdata.s.o: in function `TrsProj_precision':
(.sdata+0x0): multiple definition of `TrsProj_precision'; build/recon/game/psx/trsproj.cpp.o:(.sdata+0x0): first defined here
C:/Tools/mips-ps1/mips/bin/mipsel-none-elf-ld.exe: build/recon/game/common/minfront.cpp.o: in function `MinFront_ParseOptions__Fv':
(.text+0x4): undefined reference to `bigBuf'
C:/Tools/mips-ps1/mips/bin/mipsel-none-elf-ld.exe: (.text+0x8): undefined reference to `bigBuf'
C:/Tools/mips-ps1/mips/bin/mipsel-none-elf-ld.exe: build/recon/game/psx/fe3dmenu.cpp.o: in function `CameraLookAt__FP10matrixtdefP8coorddef':
(.text+0x1b0): undefined reference to `bigBuf'
C:/Tools/mips-ps1/mips/bin/mipsel-none-elf-ld.exe: (.text+0x1c4): undefined reference to `bigBuf'
C:/Tools/mips-ps1/mips/bin/mipsel-none-elf-ld.exe: build/recon/game/psx/fe3dmenu.cpp.o: in function `Draw_MenuRenderingView__FP8Car_tObjP13DRender_tViewiiiUliffii':
(.text+0x310): undefined reference to `showRoomFlag'
C:/Tools/mips-ps1/mips/bin/mipsel-none-elf-ld.exe: (.text+0x314): undefined reference to `showRoomFlag'
C:/Tools/mips-ps1/mips/bin/mipsel-none-elf-ld.exe: (.text+0x350): undefined reference to `showRoomFlag'
C:/Tools/mips-ps1/mips/bin/mipsel-none-elf-ld.exe: build/recon/frontend/common/feapp.cpp.o: in function `UpdateMusic__14tFEApplication':
(.text+0xe00): undefined reference to `bigBuf'
C:/Tools/mips-ps1/mips/bin/mipsel-none-elf-ld.exe: (.text+0xe08): undefined reference to `bigBuf'
C:/Tools/mips-ps1/mips/bin/mipsel-none-elf-ld.exe: (.text+0xe1c): undefined reference to `bigBuf'
C:/Tools/mips-ps1/mips/bin/mipsel-none-elf-ld.exe: (.text+0xe24): undefined reference to `bigBuf'
C:/Tools/mips-ps1/mips/bin/mipsel-none-elf-ld.exe: (.text+0xe38): undefined reference to `bigBuf'
C:/Tools/mips-ps1/mips/bin/mipsel-none-elf-ld.exe: build/recon/frontend/common/feapp.cpp.o:(.text+0xe40): more undefined references to `bigBuf' follow
C:/Tools/mips-ps1/mips/bin/mipsel-none-elf-ld.exe: build/recon/frontend/common/fedialog.cpp.o: in function `__12tDialogYesNo':
(.text+0x13f0): undefined reference to `__20tDialogMessageString'
C:/Tools/mips-ps1/mips/bin/mipsel-none-elf-ld.exe: build/recon/frontend/common/fecredits.cpp.o: in function `SetupCurrCredit__14tCreditManager':
(.text+0x284): undefined reference to `FECredits_lastFadeTick'
C:/Tools/mips-ps1/mips/bin/mipsel-none-elf-ld.exe: (.text+0x28c): undefined reference to `FECredits_lastFadeTick'
C:/Tools/mips-ps1/mips/bin/mipsel-none-elf-ld.exe: (.text+0x324): undefined reference to `FECredits_lastFadeTick'
C:/Tools/mips-ps1/mips/bin/mipsel-none-elf-ld.exe: (.text+0x328): undefined reference to `FECredits_lastFadeTick'
C:/Tools/mips-ps1/mips/bin/mipsel-none-elf-ld.exe: build/recon/frontend/common/screenpost.cpp.o: in function `ProcessInput__24tScreenPinkSlipStandings7tPlayerR13tInputKeyTypeR12tMenuCommand':
(.text+0x107c): undefined reference to `tScreen_ProcessInput__FP7tScreen7tPlayerR13tInputKeyTypeR12tMenuCommand'
C:/Tools/mips-ps1/mips/bin/mipsel-none-elf-ld.exe: build/recon/frontend/common/screencarselect.cpp.o: in function `DrawForeground__16tScreenCarSelect':
(.text+0x22e4): undefined reference to `showRoomFlag'
C:/Tools/mips-ps1/mips/bin/mipsel-none-elf-ld.exe: (.text+0x22e8): undefined reference to `showRoomFlag'
C:/Tools/mips-ps1/mips/bin/mipsel-none-elf-ld.exe: (.text+0x2638): undefined reference to `showRoomFlag'
C:/Tools/mips-ps1/mips/bin/mipsel-none-elf-ld.exe: (.text+0x2648): undefined reference to `showRoomFlag'
C:/Tools/mips-ps1/mips/bin/mipsel-none-elf-ld.exe: build/recon/frontend/common/screencarselect.cpp.o: in function `DrawBackground__20tScreenCarSelectDuel':
(.text+0x316c): undefined reference to `showRoomFlag'
C:/Tools/mips-ps1/mips/bin/mipsel-none-elf-ld.exe: build/recon/frontend/common/screencarselect.cpp.o:(.text+0x3170): more undefined references to `showRoomFlag' follow
C:/Tools/mips-ps1/mips/bin/mipsel-none-elf-ld.exe: small-data section too large; lower small-data size limit (see option -G)
build/recon/game/common/ai.cpp.o: in function `AI_AddCollidableObjects__FP8Car_tObjP5Group':
(.text+0x1db0): relocation truncated to fit: R_MIPS_GPREL16 against `.sbss'
(.text+0x1de0): relocation truncated to fit: R_MIPS_GPREL16 against `.sbss'
build/recon/game/common/audiocmn.cpp.o: in function `ChooseImpactSample__Fi6s_typeT1':
(.text+0x16d8): relocation truncated to fit: R_MIPS_GPREL16 against `.sbss'
(.text+0x17c0): relocation truncated to fit: R_MIPS_GPREL16 against `.sbss'
build/recon/game/common/audiocmn.cpp.o: in function `AudioCmn_SoundCar__FP8Car_tObjiiiiiii':
(.text+0x27ac): relocation truncated to fit: R_MIPS_GPREL16 against `.sbss'
(.text+0x27b8): relocation truncated to fit: R_MIPS_GPREL16 against `.sbss'
(.text+0x27f0): relocation truncated to fit: R_MIPS_GPREL16 against `.sbss'
build/recon/game/common/bworld.cpp.o: in function `UpdateContext__FP13DRender_tViewi':
(.text+0x6c): relocation truncated to fit: R_MIPS_GPREL16 against `gCurrContext'
(.text+0x7c): relocation truncated to fit: R_MIPS_GPREL16 against `gBWSlice'
(.text+0x84): relocation truncated to fit: R_MIPS_GPREL16 against `gCurrContext'
(.text+0x94): additional relocation overflows omitted from the output
C:/Tools/mips-ps1/mips/bin/mipsel-none-elf-ld.exe: build/recon/game/common/nfs3.cpp.o: in function `LoadFrontendOverlay__Fv':
(.text+0x718): undefined reference to `bigBuf'
C:/Tools/mips-ps1/mips/bin/mipsel-none-elf-ld.exe: (.text+0x71c): undefined reference to `bigBuf'
C:/Tools/mips-ps1/mips/bin/mipsel-none-elf-ld.exe: build/recon/eaclib/psx/sndpsxz/span.c.o: in function `SNDpan':
(.text+0xc): undefined reference to `gSndState'
C:/Tools/mips-ps1/mips/bin/mipsel-none-elf-ld.exe: (.text+0x14): undefined reference to `gSndState'
C:/Tools/mips-ps1/mips/bin/mipsel-none-elf-ld.exe: build/recon/eaclib/psx/sndpsxz/svol.c.o: in function `iSNDunsafevol':
(.text+0x30): undefined reference to `gSndState'
C:/Tools/mips-ps1/mips/bin/mipsel-none-elf-ld.exe: (.text+0x34): undefined reference to `gSndState'
C:/Tools/mips-ps1/mips/bin/mipsel-none-elf-ld.exe: build/recon/eaclib/psx/sndpsxz/svol.c.o: in function `SNDvol':
(.text+0xc4): undefined reference to `gSndState'
C:/Tools/mips-ps1/mips/bin/mipsel-none-elf-ld.exe: build/recon/eaclib/psx/sndpsxz/svol.c.o:(.text+0xc8): more undefined references to `gSndState' follow
C:/Tools/mips-ps1/mips/bin/mipsel-none-elf-ld.exe: build/recon/eaclib/psx/eacpsxz/savegp.c.o: in function `initgp':
(.text+0x0): undefined reference to `g_bootGP'
C:/Tools/mips-ps1/mips/bin/mipsel-none-elf-ld.exe: (.text+0x4): undefined reference to `g_bootGP'
C:/Tools/mips-ps1/mips/bin/mipsel-none-elf-ld.exe: build/recon/syslib/psx/libetc/VMODE.c.o: in function `SetVideoMode':
(.text+0x0): undefined reference to `g_videomode'
C:/Tools/mips-ps1/mips/bin/mipsel-none-elf-ld.exe: (.text+0x4): undefined reference to `g_videomode'
C:/Tools/mips-ps1/mips/bin/mipsel-none-elf-ld.exe: (.text+0x8): undefined reference to `g_videomode'
C:/Tools/mips-ps1/mips/bin/mipsel-none-elf-ld.exe: (.text+0x10): undefined reference to `g_videomode'
C:/Tools/mips-ps1/mips/bin/mipsel-none-elf-ld.exe: build/recon/syslib/psx/libetc/VMODE.c.o: in function `GetVideoMode':
(.text+0x14): undefined reference to `g_videomode'
C:/Tools/mips-ps1/mips/bin/mipsel-none-elf-ld.exe: build/recon/syslib/psx/libetc/VMODE.c.o:(.text+0x18): more undefined references to `g_videomode' follow
C:/Tools/mips-ps1/mips/bin/mipsel-none-elf-ld.exe: build/recon/syslib/psx/libgte/FGO_01.c.o: in function `RotMatrix':
(.text+0x20): undefined reference to `_rsincos'
C:/Tools/mips-ps1/mips/bin/mipsel-none-elf-ld.exe: (.text+0x28): undefined reference to `_rsincos'
C:/Tools/mips-ps1/mips/bin/mipsel-none-elf-ld.exe: (.text+0x48): undefined reference to `_rsincos'
C:/Tools/mips-ps1/mips/bin/mipsel-none-elf-ld.exe: (.text+0x50): undefined reference to `_rsincos'
C:/Tools/mips-ps1/mips/bin/mipsel-none-elf-ld.exe: (.text+0x84): undefined reference to `_rsincos'
C:/Tools/mips-ps1/mips/bin/mipsel-none-elf-ld.exe: build/recon/syslib/psx/libgte/FGO_01.c.o:(.text+0x8c): more undefined references to `_rsincos' follow
C:/Tools/mips-ps1/mips/bin/mipsel-none-elf-ld.exe: build/recon/syslib/psx/libgpu/FONT.c.o: in function `FntFlush':
(.text+0x74): undefined reference to `_fnt'
C:/Tools/mips-ps1/mips/bin/mipsel-none-elf-ld.exe: (.text+0x7c): undefined reference to `_fnt'
C:/Tools/mips-ps1/mips/bin/mipsel-none-elf-ld.exe: (.text+0x9c): undefined reference to `_fnt'
C:/Tools/mips-ps1/mips/bin/mipsel-none-elf-ld.exe: (.text+0xa0): undefined reference to `_fnt'
C:/Tools/mips-ps1/mips/bin/mipsel-none-elf-ld.exe: build/recon/syslib/psx/libgpu/FONT.c.o: in function `FntPrint':
(.text+0x38c): undefined reference to `_fnt'
C:/Tools/mips-ps1/mips/bin/mipsel-none-elf-ld.exe: build/recon/syslib/psx/libgpu/FONT.c.o:(.text+0x394): more undefined references to `_fnt' follow
C:/Tools/mips-ps1/mips/bin/mipsel-none-elf-ld.exe: build/recon/eaclib/psx/sndpsxz/stagpat.c.o: in function `iSNDplaytaggedtimbre':
(.text+0x61c): undefined reference to `iSNDplatformrate'
C:/Tools/mips-ps1/mips/bin/mipsel-none-elf-ld.exe: (.text+0x624): undefined reference to `iSNDplatformrate'
C:/Tools/mips-ps1/mips/bin/mipsel-none-elf-ld.exe: build/recon/syslib/psx/libcd/cdread.c.o: in function `_read_sync':
(.text+0x8): undefined reference to `_cdr'
C:/Tools/mips-ps1/mips/bin/mipsel-none-elf-ld.exe: (.text+0xc): undefined reference to `_cdr'
C:/Tools/mips-ps1/mips/bin/mipsel-none-elf-ld.exe: build/recon/syslib/psx/libcd/cdread.c.o: in function `_read_int':
(.text+0x40): undefined reference to `_cdr'
C:/Tools/mips-ps1/mips/bin/mipsel-none-elf-ld.exe: (.text+0x44): undefined reference to `_cdr'
C:/Tools/mips-ps1/mips/bin/mipsel-none-elf-ld.exe: (.text+0xdc): undefined reference to `_cdr'
C:/Tools/mips-ps1/mips/bin/mipsel-none-elf-ld.exe: build/recon/syslib/psx/libcd/cdread.c.o:(.text+0xe0): more undefined references to `_cdr' follow
C:/Tools/mips-ps1/mips/bin/mipsel-none-elf-ld.exe: build/recon/syslib/psx/libcd/event.c.o: in function `_cd_event_init':
(.text+0x98): undefined reference to `CD_init'
C:/Tools/mips-ps1/mips/bin/mipsel-none-elf-ld.exe: build/recon/syslib/psx/libapi/PAD.c.o: in function `ReadInitPadFlag':
(.text+0x0): undefined reference to `_init_pad_flag'
C:/Tools/mips-ps1/mips/bin/mipsel-none-elf-ld.exe: (.text+0x4): undefined reference to `_init_pad_flag'
C:/Tools/mips-ps1/mips/bin/mipsel-none-elf-ld.exe: build/recon/syslib/psx/libetc/INTR_DMA.c.o: in function `startIntrDMA':
(.text+0x28): undefined reference to `dma_cb'
C:/Tools/mips-ps1/mips/bin/mipsel-none-elf-ld.exe: (.text+0x2c): undefined reference to `dma_cb'
C:/Tools/mips-ps1/mips/bin/mipsel-none-elf-ld.exe: build/recon/syslib/psx/libetc/INTR_DMA.c.o: in function `_dma_isr':
(.text+0xbc): undefined reference to `dma_cb'
C:/Tools/mips-ps1/mips/bin/mipsel-none-elf-ld.exe: (.text+0xc0): undefined reference to `dma_cb'
C:/Tools/mips-ps1/mips/bin/mipsel-none-elf-ld.exe: build/recon/syslib/psx/libetc/INTR_DMA.c.o: in function `func_80106878':
(.text+0x1f0): undefined reference to `dma_cb'
C:/Tools/mips-ps1/mips/bin/mipsel-none-elf-ld.exe: build/recon/syslib/psx/libetc/INTR_DMA.c.o:(.text+0x1f4): more undefined references to `dma_cb' follow
