source	owner	status	retail_named	named_exact	named_missing	named_mismatch	retail_anonymous	anonymous_covered	retail_typedefs	typedefs_covered	source_extra_named	retail_duplicate_named	source_extra_anonymous	source_extra_typedefs	retail_duplicate_typedefs	source_duplicate_typedefs	detail
recon/eaclib/psx/eacpsxz/addtimer.c	..\eaclib\psx\eacpsxz.lib(addtimer.obj)	OK	0	0	0	0	0	0	0	0	0	0	0	0	0	0
recon/eaclib/psx/eacpsxz/asinfunc.c	..\eaclib\psx\eacpsxz.lib(asinfunc.obj)	OK	0	0	0	0	0	0	0	0	0	0	0	0	0	0
recon/eaclib/psx/eacpsxz/atanfunc.c	..\eaclib\psx\eacpsxz.lib(atanfunc.obj)	OK	0	0	0	0	0	0	0	0	0	0	0	0	0	0
recon/eaclib/psx/eacpsxz/blkfill.c	..\eaclib\psx\eacpsxz.lib(blkfill.obj)	OK	0	0	0	0	0	0	0	0	0	0	0	0	0	0
recon/eaclib/psx/eacpsxz/blkmov.c	..\eaclib\psx\eacpsxz.lib(blkmov.obj)	OK	0	0	0	0	0	0	0	0	0	0	0	0	0	0
recon/eaclib/psx/eacpsxz/callback.c	..\eaclib\psx\eacpsxz.lib(callback.obj)	OK	0	0	0	0	0	0	0	0	0	0	0	0	0	0
recon/eaclib/psx/eacpsxz/cdfs.c	..\eaclib\psx\eacpsxz.lib(cdfs.obj)	OK	0	0	0	0	0	0	0	0	0	0	0	0	0	0
recon/eaclib/psx/eacpsxz/cluttype.c	..\eaclib\psx\eacpsxz.lib(cluttype.obj)	OK	0	0	0	0	0	0	0	0	0	0	0	0	0	0
recon/eaclib/psx/eacpsxz/crc.c	..\eaclib\psx\eacpsxz.lib(crc.obj)	OK	0	0	0	0	0	0	0	0	0	0	0	0	0	0
recon/eaclib/psx/eacpsxz/crossprd.c	..\eaclib\psx\eacpsxz.lib(crossprd.obj)	OK	0	0	0	0	0	0	0	0	0	0	0	0	0	0
recon/eaclib/psx/eacpsxz/devsys.c	..\eaclib\psx\eacpsxz.lib(devsys.obj)	OK	0	0	0	0	0	0	0	0	0	0	0	0	0	0
recon/eaclib/psx/eacpsxz/exit.c	..\eaclib\psx\eacpsxz.lib(exit.obj)	OK	0	0	0	0	0	0	0	0	0	0	0	0	0	0
recon/eaclib/psx/eacpsxz/fastmovf.c	..\eaclib\psx\eacpsxz.lib(fastmovf.obj)	OK	0	0	0	0	0	0	0	0	0	0	0	0	0	0
recon/eaclib/psx/eacpsxz/fileroot.c	..\eaclib\psx\eacpsxz.lib(fileroot.obj)	OK	0	0	0	0	0	0	0	0	0	0	0	0	0	0
recon/eaclib/psx/eacpsxz/fixdatan.c	..\eaclib\psx\eacpsxz.lib(fixdatan.obj)	OK	0	0	0	0	0	0	0	0	0	0	0	0	0	0
recon/eaclib/psx/eacpsxz/fixddiv.c	..\eaclib\psx\eacpsxz.lib(fixddiv.obj)	OK	0	0	0	0	0	0	0	0	0	0	0	0	0	0
recon/eaclib/psx/eacpsxz/fixdinv.c	..\eaclib\psx\eacpsxz.lib(fixdinv.obj)	OK	0	0	0	0	0	0	0	0	0	0	0	0	0	0
recon/eaclib/psx/eacpsxz/fixdmult.c	..\eaclib\psx\eacpsxz.lib(fixdmult.obj)	OK	0	0	0	0	0	0	0	0	0	0	0	0	0	0
recon/eaclib/psx/eacpsxz/fixdsin.c	..\eaclib\psx\eacpsxz.lib(fixdsin.obj)	OK	0	0	0	0	0	0	0	0	0	0	0	0	0	0
recon/eaclib/psx/eacpsxz/fixdsqrt.c	..\eaclib\psx\eacpsxz.lib(fixdsqrt.obj)	OK	0	0	0	0	0	0	0	0	0	0	0	0	0	0
recon/eaclib/psx/eacpsxz/fsincos.c	..\eaclib\psx\eacpsxz.lib(fsincos.obj)	OK	0	0	0	0	0	0	0	0	0	0	0	0	0	0
recon/eaclib/psx/eacpsxz/getm.c	..\eaclib\psx\eacpsxz.lib(getm.obj)	OK	0	0	0	0	0	0	0	0	0	0	0	0	0	0
recon/eaclib/psx/eacpsxz/inittmr.c	..\eaclib\psx\eacpsxz.lib(inittmr.obj)	OK	0	0	0	0	0	0	0	0	0	0	0	0	0	0
recon/eaclib/psx/eacpsxz/isincos.c	..\eaclib\psx\eacpsxz.lib(isincos.obj)	OK	0	0	0	0	0	0	0	0	0	0	0	0	0	0
recon/eaclib/psx/eacpsxz/isqrt.c	..\eaclib\psx\eacpsxz.lib(isqrt.obj)	OK	0	0	0	0	0	0	0	0	0	0	0	0	0	0
recon/eaclib/psx/eacpsxz/isqrttbl.c	..\eaclib\psx\eacpsxz.lib(isqrttbl.obj)	OK	0	0	0	0	0	0	0	0	0	0	0	0	0	0
recon/eaclib/psx/eacpsxz/joystkn.c	..\eaclib\psx\eacpsxz.lib(joystkn.obj)	OK	0	0	0	0	0	0	0	0	0	0	0	0	0	0
recon/eaclib/psx/eacpsxz/loadshp.c	..\eaclib\psx\eacpsxz.lib(loadshp.obj)	OK	0	0	0	0	0	0	0	0	0	0	0	0	0	0
recon/eaclib/psx/eacpsxz/locatbig.c	..\eaclib\psx\eacpsxz.lib(locatbig.obj)	OK	0	0	0	0	0	0	0	0	0	0	0	0	0	0
recon/eaclib/psx/eacpsxz/locatshp.c	..\eaclib\psx\eacpsxz.lib(locatshp.obj)	OK	0	0	0	0	0	0	0	0	0	0	0	0	0	0
recon/eaclib/psx/eacpsxz/math64a.c	..\eaclib\psx\eacpsxz.lib(math64a.obj)	OK	0	0	0	0	0	0	0	0	0	0	0	0	0	0
recon/eaclib/psx/eacpsxz/matrix.c	..\eaclib\psx\eacpsxz.lib(matrix.obj)	OK	0	0	0	0	0	0	0	0	0	0	0	0	0	0
recon/eaclib/psx/eacpsxz/meminit.c	..\eaclib\psx\eacpsxz.lib(meminit.obj)	OK	0	0	0	0	0	0	0	0	0	0	0	0	0	0
recon/eaclib/psx/eacpsxz/memstd.c	..\eaclib\psx\eacpsxz.lib(memstd.obj)	OK	0	0	0	0	0	0	0	0	0	0	0	0	0	0
recon/eaclib/psx/eacpsxz/movf.c	..\eaclib\psx\eacpsxz.lib(movf.obj)	OK	0	0	0	0	0	0	0	0	0	0	0	0	0	0
recon/eaclib/psx/eacpsxz/nasync.c	..\eaclib\psx\eacpsxz.lib(nasync.obj)	OK	0	0	0	0	0	0	0	0	0	0	0	0	0	0
recon/eaclib/psx/eacpsxz/nfile.c	..\eaclib\psx\eacpsxz.lib(nfile.obj)	OK	0	0	0	0	0	0	0	0	0	0	0	0	0	0
recon/eaclib/psx/eacpsxz/nloadpk.c	..\eaclib\psx\eacpsxz.lib(nloadpk.obj)	OK	0	0	0	0	0	0	0	0	0	0	0	0	0	0
recon/eaclib/psx/eacpsxz/nsync.c	..\eaclib\psx\eacpsxz.lib(nsync.obj)	OK	0	0	0	0	0	0	0	0	0	0	0	0	0	0
recon/eaclib/psx/eacpsxz/nullfunc.c	..\eaclib\psx\eacpsxz.lib(nullfunc.obj)	OK	0	0	0	0	0	0	0	0	0	0	0	0	0	0
recon/eaclib/psx/eacpsxz/primate.c	..\eaclib\psx\eacpsxz.lib(primate.obj)	OK	0	0	0	0	0	0	0	0	0	0	0	0	0	0
recon/eaclib/psx/eacpsxz/random.c	..\eaclib\psx\eacpsxz.lib(random.obj)	OK	0	0	0	0	0	0	0	0	0	0	0	0	0	0
recon/eaclib/psx/eacpsxz/resize.c	..\eaclib\psx\eacpsxz.lib(resize.obj)	OK	0	0	0	0	0	0	0	0	0	0	0	0	0	0
recon/eaclib/psx/eacpsxz/savegp.c	..\eaclib\psx\eacpsxz.lib(savegp.obj)	OK	0	0	0	0	0	0	0	0	0	0	0	0	0	0
recon/eaclib/psx/eacpsxz/setfont.c		OWNER_MAP	0	0	0	0	0	0	0	0	0	0	0	0	0	0	0 owner candidates
recon/eaclib/psx/eacpsxz/shpclut.c	..\eaclib\psx\eacpsxz.lib(shpclut.obj)	OK	0	0	0	0	0	0	0	0	0	0	0	0	0	0
recon/eaclib/psx/eacpsxz/shpdepth.c	..\eaclib\psx\eacpsxz.lib(shpdepth.obj)	OK	0	0	0	0	0	0	0	0	0	0	0	0	0	0
recon/eaclib/psx/eacpsxz/shpsubs.c	..\eaclib\psx\eacpsxz.lib(shpsubs.obj)	OK	0	0	0	0	0	0	0	0	0	0	0	0	0	0
recon/eaclib/psx/eacpsxz/shptype.c	..\eaclib\psx\eacpsxz.lib(shptype.obj)	OK	0	0	0	0	0	0	0	0	0	0	0	0	0	0
recon/eaclib/psx/eacpsxz/sinfunc.c	..\eaclib\psx\eacpsxz.lib(sinfunc.obj)	OK	0	0	0	0	0	0	0	0	0	0	0	0	0	0
recon/eaclib/psx/eacpsxz/stream.c	..\eaclib\psx\eacpsxz.lib(stream.obj)	OK	0	0	0	0	0	0	0	0	0	0	0	0	0	0
recon/eaclib/psx/eacpsxz/stricmp.c	..\eaclib\psx\eacpsxz.lib(stricmp.obj)	OK	0	0	0	0	0	0	0	0	0	0	0	0	0	0
recon/eaclib/psx/eacpsxz/syncfile.c	..\eaclib\psx\eacpsxz.lib(syncfile.obj)	OK	0	0	0	0	0	0	0	0	0	0	0	0	0	0
recon/eaclib/psx/eacpsxz/systask.c	..\eaclib\psx\eacpsxz.lib(systask.obj)	OK	0	0	0	0	0	0	0	0	0	0	0	0	0	0
recon/eaclib/psx/eacpsxz/textcode.c	..\eaclib\psx\eacpsxz.lib(textcode.obj)	OK	0	0	0	0	0	0	0	0	0	0	0	0	0	0
recon/eaclib/psx/eacpsxz/textcrnt.c	..\eaclib\psx\eacpsxz.lib(textcrnt.obj)	OK	0	0	0	0	0	0	0	0	0	0	0	0	0	0
recon/eaclib/psx/eacpsxz/textfor.c	..\eaclib\psx\eacpsxz.lib(textfor.obj)	OK	0	0	0	0	0	0	0	0	0	0	0	0	0	0
recon/eaclib/psx/eacpsxz/threads.c	..\eaclib\psx\eacpsxz.lib(threads.obj)	OK	0	0	0	0	0	0	0	0	0	0	0	0	0	0
recon/eaclib/psx/eacpsxz/timer.c	..\eaclib\psx\eacpsxz.lib(timer.obj)	OK	0	0	0	0	0	0	0	0	0	0	0	0	0	0
recon/eaclib/psx/eacpsxz/trnsfrm.c	..\eaclib\psx\eacpsxz.lib(trnsfrm.obj)	OK	0	0	0	0	0	0	0	0	0	0	0	0	0	0
recon/eaclib/psx/eacpsxz/trnsmult.c	..\eaclib\psx\eacpsxz.lib(trnsmult.obj)	OK	0	0	0	0	0	0	0	0	0	0	0	0	0	0
recon/eaclib/psx/eacpsxz/trnspos.c	..\eaclib\psx\eacpsxz.lib(trnspos.obj)	OK	0	0	0	0	0	0	0	0	0	0	0	0	0	0
recon/eaclib/psx/eacpsxz/unbtree.c	..\eaclib\psx\eacpsxz.lib(unbtree.obj)	OK	0	0	0	0	0	0	0	0	0	0	0	0	0	0
recon/eaclib/psx/eacpsxz/unhuff.c	..\eaclib\psx\eacpsxz.lib(unhuff.obj)	OK	0	0	0	0	0	0	0	0	0	0	0	0	0	0
recon/eaclib/psx/eacpsxz/unref.c	..\eaclib\psx\eacpsxz.lib(unref.obj)	OK	0	0	0	0	0	0	0	0	0	0	0	0	0	0
recon/eaclib/psx/eacpsxz/vramfxya.c	..\eaclib\psx\eacpsxz.lib(vramfxya.obj)	OK	0	0	0	0	0	0	0	0	0	0	0	0	0	0
recon/eaclib/psx/eacpsxz/wildcard.c	..\eaclib\psx\eacpsxz.lib(wildcard.obj)	OK	0	0	0	0	0	0	0	0	0	0	0	0	0	0
recon/eaclib/psx/eacpsxz/xform.c	..\eaclib\psx\eacpsxz.lib(xform.obj)	OK	0	0	0	0	0	0	0	0	0	0	0	0	0	0
recon/eaclib/psx/pad.c	..\eaclib\psx\pad.obj	OK	20	20	0	0	3	3	41	41	0	1	0	0	0	0	retail_duplicate_named=TCBx1
recon/eaclib/psx/sndpsxz/s3dlow.c	..\eaclib\psx\sndpsxz.lib(s3dlow.obj)	OK	0	0	0	0	0	0	0	0	0	0	0	0	0	0
recon/eaclib/psx/sndpsxz/s3dpos.c	..\eaclib\psx\sndpsxz.lib(s3dpos.obj)	OK	0	0	0	0	0	0	0	0	0	0	0	0	0	0
recon/eaclib/psx/sndpsxz/saelib.c	..\eaclib\psx\sndpsxz.lib(saelib.obj)	OK	0	0	0	0	0	0	0	0	0	0	0	0	0	0
recon/eaclib/psx/sndpsxz/saetodv.c	..\eaclib\psx\sndpsxz.lib(saetodv.obj)	OK	0	0	0	0	0	0	0	0	0	0	0	0	0	0
recon/eaclib/psx/sndpsxz/saetolrv.c	..\eaclib\psx\sndpsxz.lib(saetolrv.obj)	OK	0	0	0	0	0	0	0	0	0	0	0	0	0	0
recon/eaclib/psx/sndpsxz/salloc.c	..\eaclib\psx\sndpsxz.lib(salloc.obj)	OK	0	0	0	0	0	0	0	0	0	0	0	0	0	0
recon/eaclib/psx/sndpsxz/sautovol.c	..\eaclib\psx\sndpsxz.lib(sautovol.obj)	OK	0	0	0	0	0	0	0	0	0	0	0	0	0	0
recon/eaclib/psx/sndpsxz/sbadd.c	..\eaclib\psx\sndpsxz.lib(sbadd.obj)	OK	0	0	0	0	0	0	0	0	0	0	0	0	0	0
recon/eaclib/psx/sndpsxz/sballoc.c	..\eaclib\psx\sndpsxz.lib(sballoc.obj)	OK	0	0	0	0	0	0	0	0	0	0	0	0	0	0
recon/eaclib/psx/sndpsxz/sbdload.c	..\eaclib\psx\sndpsxz.lib(sbdload.obj)	OK	0	0	0	0	0	0	0	0	0	0	0	0	0	0
recon/eaclib/psx/sndpsxz/sbend.c	..\eaclib\psx\sndpsxz.lib(sbend.obj)	OK	0	0	0	0	0	0	0	0	0	0	0	0	0	0
recon/eaclib/psx/sndpsxz/sbhdrcpy.c	..\eaclib\psx\sndpsxz.lib(sbhdrcpy.obj)	OK	0	0	0	0	0	0	0	0	0	0	0	0	0	0
recon/eaclib/psx/sndpsxz/sbhdrsze.c	..\eaclib\psx\sndpsxz.lib(sbhdrsze.obj)	OK	0	0	0	0	0	0	0	0	0	0	0	0	0	0
recon/eaclib/psx/sndpsxz/sbirmpat.c	..\eaclib\psx\sndpsxz.lib(sbirmpat.obj)	OK	0	0	0	0	0	0	0	0	0	0	0	0	0	0
recon/eaclib/psx/sndpsxz/sbremove.c	..\eaclib\psx\sndpsxz.lib(sbremove.obj)	OK	0	0	0	0	0	0	0	0	0	0	0	0	0	0
recon/eaclib/psx/sndpsxz/sbvalid.c	..\eaclib\psx\sndpsxz.lib(sbvalid.obj)	OK	0	0	0	0	0	0	0	0	0	0	0	0	0	0
recon/eaclib/psx/sndpsxz/scdvol.c	..\eaclib\psx\sndpsxz.lib(scdvol.obj)	OK	0	0	0	0	0	0	0	0	0	0	0	0	0	0
recon/eaclib/psx/sndpsxz/sclcptch.c	..\eaclib\psx\sndpsxz.lib(sclcptch.obj)	OK	0	0	0	0	0	0	0	0	0	0	0	0	0	0
recon/eaclib/psx/sndpsxz/sdata.c	..\eaclib\psx\sndpsxz.lib(sdata.obj)	OK	0	0	0	0	0	0	0	0	0	0	0	0	0	0
recon/eaclib/psx/sndpsxz/sdcdvol.c	..\eaclib\psx\sndpsxz.lib(sdcdvol.obj)	OK	0	0	0	0	0	0	0	0	0	0	0	0	0	0
recon/eaclib/psx/sndpsxz/sdfx.c	..\eaclib\psx\sndpsxz.lib(sdfx.obj)	OK	0	0	0	0	0	0	0	0	0	0	0	0	0	0
recon/eaclib/psx/sndpsxz/sdma.c	..\eaclib\psx\sndpsxz.lib(sdma.obj)	OK	0	0	0	0	0	0	0	0	0	0	0	0	0	0
recon/eaclib/psx/sndpsxz/sdmemlu.c	..\eaclib\psx\sndpsxz.lib(sdmemlu.obj)	OK	0	0	0	0	0	0	0	0	0	0	0	0	0	0
recon/eaclib/psx/sndpsxz/sdmemman.c	..\eaclib\psx\sndpsxz.lib(sdmemman.obj)	OK	0	0	0	0	0	0	0	0	0	0	0	0	0	0
recon/eaclib/psx/sndpsxz/sdpacket.c	..\eaclib\psx\sndpsxz.lib(sdpacket.obj)	OK	0	0	0	0	0	0	0	0	0	0	0	0	0	0
recon/eaclib/psx/sndpsxz/sdplapat.c	..\eaclib\psx\sndpsxz.lib(sdplapat.obj)	OK	0	0	0	0	0	0	0	0	0	0	0	0	0	0
recon/eaclib/psx/sndpsxz/sdresolv.c	..\eaclib\psx\sndpsxz.lib(sdresolv.obj)	OK	0	0	0	0	0	0	0	0	0	0	0	0	0	0
recon/eaclib/psx/sndpsxz/sdriver.c	..\eaclib\psx\sndpsxz.lib(sdriver.obj)	OK	0	0	0	0	0	0	0	0	0	0	0	0	0	0
recon/eaclib/psx/sndpsxz/sdspuirq.c	..\eaclib\psx\sndpsxz.lib(sdspuirq.obj)	OK	0	0	0	0	0	0	0	0	0	0	0	0	0	0
recon/eaclib/psx/sndpsxz/sdtimrem.c	..\eaclib\psx\sndpsxz.lib(sdtimrem.obj)	OK	0	0	0	0	0	0	0	0	0	0	0	0	0	0
recon/eaclib/psx/sndpsxz/seffect.c	..\eaclib\psx\sndpsxz.lib(seffect.obj)	OK	0	0	0	0	0	0	0	0	0	0	0	0	0	0
recon/eaclib/psx/sndpsxz/sfxlevel.c	..\eaclib\psx\sndpsxz.lib(sfxlevel.obj)	OK	0	0	0	0	0	0	0	0	0	0	0	0	0	0
recon/eaclib/psx/sndpsxz/sgetdata.c	..\eaclib\psx\sndpsxz.lib(sgetdata.obj)	OK	0	0	0	0	0	0	0	0	0	0	0	0	0	0
recon/eaclib/psx/sndpsxz/sgettag.c	..\eaclib\psx\sndpsxz.lib(sgettag.obj)	OK	0	0	0	0	0	0	0	0	0	0	0	0	0	0
recon/eaclib/psx/sndpsxz/sgetvol.c	..\eaclib\psx\sndpsxz.lib(sgetvol.obj)	OK	0	0	0	0	0	0	0	0	0	0	0	0	0	0
recon/eaclib/psx/sndpsxz/slib.c	..\eaclib\psx\sndpsxz.lib(slib.obj)	OK	0	0	0	0	0	0	0	0	0	0	0	0	0	0
recon/eaclib/psx/sndpsxz/slimits.c	..\eaclib\psx\sndpsxz.lib(slimits.obj)	OK	0	0	0	0	0	0	0	0	0	0	0	0	0	0
recon/eaclib/psx/sndpsxz/smasterv.c	..\eaclib\psx\sndpsxz.lib(smasterv.obj)	OK	0	0	0	0	0	0	0	0	0	0	0	0	0	0
recon/eaclib/psx/sndpsxz/smath64.c	..\eaclib\psx\sndpsxz.lib(smath64.obj)	OK	0	0	0	0	0	0	0	0	0	0	0	0	0	0
recon/eaclib/psx/sndpsxz/smemman.c	..\eaclib\psx\sndpsxz.lib(smemman.obj)	OK	0	0	0	0	0	0	0	0	0	0	0	0	0	0
recon/eaclib/psx/sndpsxz/sover.c	..\eaclib\psx\sndpsxz.lib(sover.obj)	OK	0	0	0	0	0	0	0	0	0	0	0	0	0	0
recon/eaclib/psx/sndpsxz/span.c	..\eaclib\psx\sndpsxz.lib(span.obj)	OK	0	0	0	0	0	0	0	0	0	0	0	0	0	0
recon/eaclib/psx/sndpsxz/spat2hdr.c	..\eaclib\psx\sndpsxz.lib(spat2hdr.obj)	OK	0	0	0	0	0	0	0	0	0	0	0	0	0	0
recon/eaclib/psx/sndpsxz/spatkey.c	..\eaclib\psx\sndpsxz.lib(spatkey.obj)	OK	0	0	0	0	0	0	0	0	0	0	0	0	0	0
recon/eaclib/psx/sndpsxz/spitch.c	..\eaclib\psx\sndpsxz.lib(spitch.obj)	OK	0	0	0	0	0	0	0	0	0	0	0	0	0	0
recon/eaclib/psx/sndpsxz/spktplay.c	..\eaclib\psx\sndpsxz.lib(spktplay.obj)	OK	0	0	0	0	0	0	0	0	0	0	0	0	0	0
recon/eaclib/psx/sndpsxz/splay.c	..\eaclib\psx\sndpsxz.lib(splay.obj)	OK	0	0	0	0	0	0	0	0	0	0	0	0	0	0
recon/eaclib/psx/sndpsxz/splysdef.c	..\eaclib\psx\sndpsxz.lib(splysdef.obj)	OK	0	0	0	0	0	0	0	0	0	0	0	0	0	0
recon/eaclib/psx/sndpsxz/spvoices.c	..\eaclib\psx\sndpsxz.lib(spvoices.obj)	OK	0	0	0	0	0	0	0	0	0	0	0	0	0	0
recon/eaclib/psx/sndpsxz/spvtolrv.c	..\eaclib\psx\sndpsxz.lib(spvtolrv.obj)	OK	0	0	0	0	0	0	0	0	0	0	0	0	0	0
recon/eaclib/psx/sndpsxz/srandom.c	..\eaclib\psx\sndpsxz.lib(srandom.obj)	OK	0	0	0	0	0	0	0	0	0	0	0	0	0	0
recon/eaclib/psx/sndpsxz/srrange.c	..\eaclib\psx\sndpsxz.lib(srrange.obj)	OK	0	0	0	0	0	0	0	0	0	0	0	0	0	0
recon/eaclib/psx/sndpsxz/sserver.c	..\eaclib\psx\sndpsxz.lib(sserver.obj)	OK	0	0	0	0	0	0	0	0	0	0	0	0	0	0
recon/eaclib/psx/sndpsxz/ssine.c	..\eaclib\psx\sndpsxz.lib(ssine.obj)	OK	0	0	0	0	0	0	0	0	0	0	0	0	0	0
recon/eaclib/psx/sndpsxz/sst.c	..\eaclib\psx\sndpsxz.lib(sst.obj)	OK	0	0	0	0	0	0	0	0	0	0	0	0	0	0
recon/eaclib/psx/sndpsxz/sstautov.c	..\eaclib\psx\sndpsxz.lib(sstautov.obj)	OK	0	0	0	0	0	0	0	0	0	0	0	0	0	0
recon/eaclib/psx/sndpsxz/sstgetrp.c	..\eaclib\psx\sndpsxz.lib(sstgetrp.obj)	OK	0	0	0	0	0	0	0	0	0	0	0	0	0	0
recon/eaclib/psx/sndpsxz/sstgetv.c	..\eaclib\psx\sndpsxz.lib(sstgetv.obj)	OK	0	0	0	0	0	0	0	0	0	0	0	0	0	0
recon/eaclib/psx/sndpsxz/sstop.c	..\eaclib\psx\sndpsxz.lib(sstop.obj)	OK	0	0	0	0	0	0	0	0	0	0	0	0	0	0
recon/eaclib/psx/sndpsxz/sstopall.c	..\eaclib\psx\sndpsxz.lib(sstopall.obj)	OK	0	0	0	0	0	0	0	0	0	0	0	0	0	0
recon/eaclib/psx/sndpsxz/sstovrhd.c	..\eaclib\psx\sndpsxz.lib(sstovrhd.obj)	OK	0	0	0	0	0	0	0	0	0	0	0	0	0	0
recon/eaclib/psx/sndpsxz/sstrstat.c	..\eaclib\psx\sndpsxz.lib(sstrstat.obj)	OK	0	0	0	0	0	0	0	0	0	0	0	0	0	0
recon/eaclib/psx/sndpsxz/sstsetgl.c	..\eaclib\psx\sndpsxz.lib(sstsetgl.obj)	OK	0	0	0	0	0	0	0	0	0	0	0	0	0	0
recon/eaclib/psx/sndpsxz/sstsetgs.c	..\eaclib\psx\sndpsxz.lib(sstsetgs.obj)	OK	0	0	0	0	0	0	0	0	0	0	0	0	0	0
recon/eaclib/psx/sndpsxz/sstsetpr.c	..\eaclib\psx\sndpsxz.lib(sstsetpr.obj)	OK	0	0	0	0	0	0	0	0	0	0	0	0	0	0
recon/eaclib/psx/sndpsxz/sststat.c	..\eaclib\psx\sndpsxz.lib(sststat.obj)	OK	0	0	0	0	0	0	0	0	0	0	0	0	0	0
recon/eaclib/psx/sndpsxz/sstvol.c	..\eaclib\psx\sndpsxz.lib(sstvol.obj)	OK	0	0	0	0	0	0	0	0	0	0	0	0	0	0
recon/eaclib/psx/sndpsxz/ssysinit.c	..\eaclib\psx\sndpsxz.lib(ssysinit.obj)	OK	0	0	0	0	0	0	0	0	0	0	0	0	0	0
recon/eaclib/psx/sndpsxz/ssysreal.c	..\eaclib\psx\sndpsxz.lib(ssysreal.obj)	OK	0	0	0	0	0	0	0	0	0	0	0	0	0	0
recon/eaclib/psx/sndpsxz/ssysserv.c	..\eaclib\psx\sndpsxz.lib(ssysserv.obj)	OK	0	0	0	0	0	0	0	0	0	0	0	0	0	0
recon/eaclib/psx/sndpsxz/stagpat.c	..\eaclib\psx\sndpsxz.lib(stagpat.obj)	OK	0	0	0	0	0	0	0	0	0	0	0	0	0	0
recon/eaclib/psx/sndpsxz/stimerem.c	..\eaclib\psx\sndpsxz.lib(stimerem.obj)	OK	0	0	0	0	0	0	0	0	0	0	0	0	0	0
recon/eaclib/psx/sndpsxz/svol.c	..\eaclib\psx\sndpsxz.lib(svol.obj)	OK	0	0	0	0	0	0	0	0	0	0	0	0	0	0
recon/eaclib/psx/spchpsxz/spchbank.c	..\eaclib\psx\spchpsxz.lib(spchbank.obj)	OK	0	0	0	0	0	0	0	0	0	0	0	0	0	0
recon/eaclib/psx/spchpsxz/spchdata.c	..\eaclib\psx\spchpsxz.lib(spchdata.obj)	OK	0	0	0	0	0	0	0	0	0	0	0	0	0	0
recon/eaclib/psx/spchpsxz/spchevnt.c	..\eaclib\psx\spchpsxz.lib(spchevnt.obj)	OK	0	0	0	0	0	0	0	0	0	0	0	0	0	0
recon/eaclib/psx/spchpsxz/spchinit.c	..\eaclib\psx\spchpsxz.lib(spchinit.obj)	OK	0	0	0	0	0	0	0	0	0	0	0	0	0	0
recon/eaclib/psx/spchpsxz/spchpick.c	..\eaclib\psx\spchpsxz.lib(spchpick.obj)	OK	0	0	0	0	0	0	0	0	0	0	0	0	0	0
recon/eaclib/psx/spchpsxz/spchrand.c	..\eaclib\psx\spchpsxz.lib(spchrand.obj)	OK	0	0	0	0	0	0	0	0	0	0	0	0	0	0
recon/eaclib/psx/spchpsxz/spchrslv.c	..\eaclib\psx\spchpsxz.lib(spchrslv.obj)	OK	0	0	0	0	0	0	0	0	0	0	0	0	0	0
recon/eaclib/psx/spchpsxz/spchrule.c	..\eaclib\psx\spchpsxz.lib(spchrule.obj)	OK	0	0	0	0	0	0	0	0	0	0	0	0	0	0
recon/eaclib/psx/spchpsxz/spchsamp.c	..\eaclib\psx\spchpsxz.lib(spchsamp.obj)	OK	0	0	0	0	0	0	0	0	0	0	0	0	0	0
recon/frontend/common/feapp.cpp	FEApp.obj	OK	171	171	0	0	2	2	468	322	0	3	0	0	237	114	retail_duplicate_named=tMenux1,tScreenx1,BO_tNewtonObjx1; typedef_count_missing=Trk_NewSimQuad:STRUCTx1,FE3d_zUV:STRUCTx1,Transformer_zUV:STRUCTx1,Transformer_zOverlay:STRUCTx1,tOwnedCarInfo:STRUCTx1,COORD16:STRUCTx1,Trk_Quad:STRUCTx1,AIScript_tReactionDetails:STRUCTx1,CCOORD16:STRUCTx1,Cars_tCollisionInfo:STRUCTx1,Draw_CarVertex:STRUCTx1,PCOORD16:STRUCTx1,Draw_PrimStruct:STRUCTx1,Transformer_zFacet:STRUCTx1,tTierInfo:STRUCTx2,Draw_SVertex:STRUCTx1,Draw_tPixMap:STRUCTx1,Sched_tFunctionSchedule:STRUCTx1,tCompetitor:STRUCTx2,tListIterator:STRUCTx3,Draw_tCacheHeader:STRUCTx1,tCarLineup:STRUCTx2,AISpeechInfo_t:STRUCTx1,Cars_tAudio:STRUCTx1,tDrawShapeExtended:STRUCTx1,Car_tControl:STRUCTx1,Transformer_zObj:STRUCTx1,tListIteratorCar:STRUCTx3,tMenuItem:STRUCTx14,FE3d_zObj:STRUCTx1,tMenuItemOptionsLeftRightChoice:STRUCTx2,tMenuItemOptionsTwoItemChoice:STRUCTx2; retail_duplicate_typedefs=237; source_duplicate_typedefs=114
recon/frontend/common/feaudio.cpp	Feaudio.obj	OK	91	91	0	0	2	2	231	164	0	2	0	0	84	21	retail_duplicate_named=BO_tNewtonObjx1,tMenux1; typedef_count_missing=Trk_NewSimQuad:STRUCTx1,Transformer_zUV:STRUCTx1,Transformer_zOverlay:STRUCTx1,COORD16:STRUCTx1,Trk_Quad:STRUCTx1,AIScript_tReactionDetails:STRUCTx1,CCOORD16:STRUCTx1,Cars_tCollisionInfo:STRUCTx1,Draw_CarVertex:STRUCTx1,PCOORD16:STRUCTx1,Draw_PrimStruct:STRUCTx1,Transformer_zFacet:STRUCTx1,Draw_SVertex:STRUCTx1,Draw_tPixMap:STRUCTx1,Sched_tFunctionSchedule:STRUCTx1,tListIterator:STRUCTx3,Draw_tCacheHeader:STRUCTx1,AISpeechInfo_t:STRUCTx1,Cars_tAudio:STRUCTx1,Car_tControl:STRUCTx1,Transformer_zObj:STRUCTx1,tMenuItem:STRUCTx15,BO_tNewtonCollisionInfo:STRUCTx1,Car_tWheel:STRUCTx1,GameSetup_tPerpData:STRUCTx1,AIScript_t:STRUCTx1,AIPerson_t:STRUCTx1,GameSetup_tControllerData:STRUCTx1,tMenu:STRUCTx15,DRender_tCalcView:STRUCTx1,Cars_tRenderInfo:STRUCTx1,Car_tStats:STRUCTx1; retail_duplicate_typedefs=84; source_duplicate_typedefs=21
recon/frontend/common/fecars.cpp	FECars.obj	OK	69	69	0	0	2	2	331	239	0	1	0	0	215	129	retail_duplicate_named=tMenux1; typedef_count_missing=COORD16:STRUCTx1,Draw_CarVertex:STRUCTx1,PCOORD16:STRUCTx1,Draw_PrimStruct:STRUCTx1,tTierInfo:STRUCTx2,Draw_SVertex:STRUCTx1,Draw_tPixMap:STRUCTx1,tCompetitor:STRUCTx2,tListIterator:STRUCTx3,Draw_tCacheHeader:STRUCTx1,tCarLineup:STRUCTx2,tListIteratorCar:STRUCTx3,tMenuItem:STRUCTx15,tTrackInfo:STRUCTx1,GameSetup_tPerpData:STRUCTx1,tAwardInformation:STRUCTx1,tTourneyInfo:STRUCTx3,GameSetup_tControllerData:STRUCTx1,tMenu:STRUCTx15,DRender_tCalcView:STRUCTx1,GameSetup_tCarData:STRUCTx1,GameSetup_tUserSetting:STRUCTx1,tCarInfo:STRUCTx9,tTournamentManager:STRUCTx15,tCarManager:STRUCTx8,tTournamentDefinition:STRUCTx1; retail_duplicate_typedefs=215; source_duplicate_typedefs=129
recon/frontend/common/fecheats.cpp	FECheats.obj	OK	112	112	0	0	2	2	308	188	0	3	0	0	139	27	retail_duplicate_named=tMenux1,tScreenx1,BO_tNewtonObjx1; typedef_count_missing=Trk_NewSimQuad:STRUCTx1,Transformer_zUV:STRUCTx1,Transformer_zOverlay:STRUCTx1,tOwnedCarInfo:STRUCTx1,COORD16:STRUCTx1,Trk_Quad:STRUCTx1,AIScript_tReactionDetails:STRUCTx1,CCOORD16:STRUCTx1,Cars_tCollisionInfo:STRUCTx1,Draw_CarVertex:STRUCTx1,PCOORD16:STRUCTx1,Draw_PrimStruct:STRUCTx1,Transformer_zFacet:STRUCTx1,tTierInfo:STRUCTx2,Draw_SVertex:STRUCTx1,Draw_tPixMap:STRUCTx1,Sched_tFunctionSchedule:STRUCTx1,tCompetitor:STRUCTx2,tListIterator:STRUCTx3,Draw_tCacheHeader:STRUCTx1,shapetbl:STRUCTx1,tCarLineup:STRUCTx2,AISpeechInfo_t:STRUCTx1,Cars_tAudio:STRUCTx1,Car_tControl:STRUCTx1,Transformer_zObj:STRUCTx1,tMenuItem:STRUCTx14,tTexture_ShapeInfo:STRUCTx1,tShapeInformation:STRUCTx1,tTrackInfo:STRUCTx1,BO_tNewtonCollisionInfo:STRUCTx1,Car_tWheel:STRUCTx1; retail_duplicate_typedefs=139; source_duplicate_typedefs=27
recon/frontend/common/fecredits.cpp	FECredits.obj	OK	105	105	0	0	2	2	282	190	0	3	0	0	121	35	retail_duplicate_named=tMenux1,tScreenx1,BO_tNewtonObjx1; typedef_count_missing=Trk_NewSimQuad:STRUCTx1,Transformer_zUV:STRUCTx1,Transformer_zOverlay:STRUCTx1,tOwnedCarInfo:STRUCTx1,COORD16:STRUCTx1,Trk_Quad:STRUCTx1,AIScript_tReactionDetails:STRUCTx1,CCOORD16:STRUCTx1,Cars_tCollisionInfo:STRUCTx1,Draw_CarVertex:STRUCTx1,PCOORD16:STRUCTx1,Draw_PrimStruct:STRUCTx1,Transformer_zFacet:STRUCTx1,Draw_SVertex:STRUCTx1,Draw_tPixMap:STRUCTx1,Sched_tFunctionSchedule:STRUCTx1,tListIterator:STRUCTx3,Draw_tCacheHeader:STRUCTx1,AISpeechInfo_t:STRUCTx1,Cars_tAudio:STRUCTx1,tDrawShapeExtended:STRUCTx1,Car_tControl:STRUCTx1,Transformer_zObj:STRUCTx1,tMenuItem:STRUCTx15,BO_tNewtonCollisionInfo:STRUCTx1,Car_tWheel:STRUCTx1,GameSetup_tPerpData:STRUCTx1,tCreditManager:STRUCTx1,AIScript_t:STRUCTx1,AIPerson_t:STRUCTx1,GameSetup_tControllerData:STRUCTx1,tScreen:STRUCTx1; retail_duplicate_typedefs=121; source_duplicate_typedefs=35
recon/frontend/common/fedialog.cpp	FEDialog.obj	OK	171	171	0	0	2	2	473	323	0	4	0	0	242	114	retail_duplicate_named=tMenux1,tScreenx1,BO_tNewtonObjx1,TCBx1; typedef_count_missing=Trk_NewSimQuad:STRUCTx1,Transformer_zUV:STRUCTx1,Transformer_zOverlay:STRUCTx1,tOwnedCarInfo:STRUCTx1,COORD16:STRUCTx1,Trk_Quad:STRUCTx1,AIScript_tReactionDetails:STRUCTx1,CCOORD16:STRUCTx1,Cars_tCollisionInfo:STRUCTx1,Draw_CarVertex:STRUCTx1,PCOORD16:STRUCTx1,Draw_PrimStruct:STRUCTx1,Transformer_zFacet:STRUCTx1,tTierInfo:STRUCTx2,Draw_SVertex:STRUCTx1,Draw_tPixMap:STRUCTx1,Sched_tFunctionSchedule:STRUCTx1,tCompetitor:STRUCTx2,tListIterator:STRUCTx3,Draw_tCacheHeader:STRUCTx1,tCarLineup:STRUCTx2,AISpeechInfo_t:STRUCTx1,Cars_tAudio:STRUCTx1,Car_tControl:STRUCTx1,Transformer_zObj:STRUCTx1,tListIteratorCar:STRUCTx3,tMenuItem:STRUCTx14,tMenuItemOptionsLeftRightChoice:STRUCTx2,tMenuItemOptionsTwoItemChoice:STRUCTx2,DIRENTRY:STRUCTx1,tBlankMenuItemNFS4LeftRightChoice:STRUCTx4,tInsideBoxControllerLeftRightSlider:STRUCTx2; retail_duplicate_typedefs=242; source_duplicate_typedefs=114
recon/frontend/common/fefades.cpp	fefades.obj	OK	35	35	0	0	2	2	89	81	0	0	0	0	8	0	typedef_count_missing=COORD16:STRUCTx1,Draw_CarVertex:STRUCTx1,PCOORD16:STRUCTx1,Draw_PrimStruct:STRUCTx1,Draw_SVertex:STRUCTx1,Draw_tPixMap:STRUCTx1,Draw_tCacheHeader:STRUCTx1,DRender_tCalcView:STRUCTx1; retail_duplicate_typedefs=8
recon/frontend/common/feinput.cpp	FEInput.obj	OK	55	55	0	0	2	2	154	104	0	1	0	0	52	5	retail_duplicate_named=tMenux1; typedef_count_missing=tOwnedCarInfo:STRUCTx1,COORD16:STRUCTx1,Draw_CarVertex:STRUCTx1,PCOORD16:STRUCTx1,Draw_PrimStruct:STRUCTx1,Draw_SVertex:STRUCTx1,Draw_tPixMap:STRUCTx1,tListIterator:STRUCTx3,Draw_tCacheHeader:STRUCTx1,tMenuItem:STRUCTx15,GameSetup_tPerpData:STRUCTx1,GameSetup_tControllerData:STRUCTx1,tMenu:STRUCTx15,DRender_tCalcView:STRUCTx1,GameSetup_tCarData:STRUCTx1,GameSetup_tUserSetting:STRUCTx1,tCarInfo:STRUCTx2,tCarManager:STRUCTx2; retail_duplicate_typedefs=52; source_duplicate_typedefs=5
recon/frontend/common/felines.cpp	felines.obj	OK	34	34	0	0	2	2	88	80	0	0	0	0	8	0	typedef_count_missing=COORD16:STRUCTx1,Draw_CarVertex:STRUCTx1,PCOORD16:STRUCTx1,Draw_PrimStruct:STRUCTx1,Draw_SVertex:STRUCTx1,Draw_tPixMap:STRUCTx1,Draw_tCacheHeader:STRUCTx1,DRender_tCalcView:STRUCTx1; retail_duplicate_typedefs=8
recon/frontend/common/fememcard.cpp	FEMemCard.obj	OK	131	131	0	0	2	2	367	255	0	4	0	0	170	82	retail_duplicate_named=tMenux1,tScreenx1,BO_tNewtonObjx1,TCBx1; typedef_count_missing=Trk_NewSimQuad:STRUCTx1,FE3d_zUV:STRUCTx1,Transformer_zUV:STRUCTx1,Transformer_zOverlay:STRUCTx1,COORD16:STRUCTx1,Trk_Quad:STRUCTx1,AIScript_tReactionDetails:STRUCTx1,CCOORD16:STRUCTx1,Cars_tCollisionInfo:STRUCTx1,Draw_CarVertex:STRUCTx1,PCOORD16:STRUCTx1,Draw_PrimStruct:STRUCTx1,Transformer_zFacet:STRUCTx1,tTierInfo:STRUCTx2,Draw_SVertex:STRUCTx1,Draw_tPixMap:STRUCTx1,Sched_tFunctionSchedule:STRUCTx1,tCompetitor:STRUCTx1,tListIterator:STRUCTx3,Draw_tCacheHeader:STRUCTx1,tCarLineup:STRUCTx2,AISpeechInfo_t:STRUCTx1,Cars_tAudio:STRUCTx1,Car_tControl:STRUCTx1,Transformer_zObj:STRUCTx1,tMenuItem:STRUCTx14,FE3d_zObj:STRUCTx1,tTexture_ShapeInfo:STRUCTx1,tShapeInformation:STRUCTx1,tTrackInfo:STRUCTx1,FE3d_zFacet:STRUCTx1,MCRDFILE_def:STRUCTx1; retail_duplicate_typedefs=170; source_duplicate_typedefs=82
recon/frontend/common/femenu.cpp	FEMenu.obj	OK	107	107	0	0	2	2	446	346	0	3	0	0	283	203	retail_duplicate_named=BO_tNewtonObjx1,tMenux1,tScreenx1; typedef_count_missing=Trk_NewSimQuad:STRUCTx1,Transformer_zUV:STRUCTx1,Transformer_zOverlay:STRUCTx1,tOwnedCarInfo:STRUCTx1,COORD16:STRUCTx1,Trk_Quad:STRUCTx1,AIScript_tReactionDetails:STRUCTx1,CCOORD16:STRUCTx1,Cars_tCollisionInfo:STRUCTx1,Draw_CarVertex:STRUCTx1,PCOORD16:STRUCTx1,Draw_PrimStruct:STRUCTx1,Transformer_zFacet:STRUCTx1,Draw_SVertex:STRUCTx1,Draw_tPixMap:STRUCTx1,Sched_tFunctionSchedule:STRUCTx1,tListIterator:STRUCTx1,tListIteratorMultiPlayer:STRUCTx3,Draw_tCacheHeader:STRUCTx1,AISpeechInfo_t:STRUCTx1,Cars_tAudio:STRUCTx1,Car_tControl:STRUCTx1,Transformer_zObj:STRUCTx1,tListIteratorDoubleIndexed:STRUCTx3,tMenuItem:STRUCTx6,BO_tNewtonCollisionInfo:STRUCTx1,Car_tWheel:STRUCTx1,GameSetup_tPerpData:STRUCTx1,AIScript_t:STRUCTx1,AIPerson_t:STRUCTx1,GameSetup_tControllerData:STRUCTx1,tScreen:STRUCTx1; retail_duplicate_typedefs=283; source_duplicate_typedefs=203
recon/frontend/common/femenudefs.cpp	FEMenuDefs.obj	OK	192	192	0	0	2	2	553	468	0	4	0	0	295	352	retail_duplicate_named=tMenux1,tScreenx1,TCBx1,BO_tNewtonObjx1; typedef_count_missing=Trk_NewSimQuad:STRUCTx1,FE3d_zUV:STRUCTx1,Transformer_zUV:STRUCTx1,Transformer_zOverlay:STRUCTx1,COORD16:STRUCTx1,Trk_Quad:STRUCTx1,AIScript_tReactionDetails:STRUCTx1,CCOORD16:STRUCTx1,Cars_tCollisionInfo:STRUCTx1,Draw_CarVertex:STRUCTx1,Force_tGlobal:STRUCTx1,PCOORD16:STRUCTx1,Draw_PrimStruct:STRUCTx1,Transformer_zFacet:STRUCTx1,tTierInfo:STRUCTx1,Draw_SVertex:STRUCTx1,Draw_tPixMap:STRUCTx1,Sched_tFunctionSchedule:STRUCTx1,tCompetitor:STRUCTx1,Draw_tCacheHeader:STRUCTx1,tCarLineup:STRUCTx1,AISpeechInfo_t:STRUCTx1,Cars_tAudio:STRUCTx1,Car_tControl:STRUCTx1,Transformer_zObj:STRUCTx1,tMenuItem:STRUCTx11,FE3d_zObj:STRUCTx1,tShapeInformation:STRUCTx1,FE3d_zFacet:STRUCTx1,BO_tNewtonCollisionInfo:STRUCTx1,Car_tWheel:STRUCTx1,GameSetup_tPerpData:STRUCTx1; retail_duplicate_typedefs=295; source_duplicate_typedefs=352
recon/frontend/common/femenuextended.cpp	FEMenuExtended.obj	OK	113	113	0	0	2	2	418	329	0	3	0	0	248	191	retail_duplicate_named=tMenux1,tScreenx1,BO_tNewtonObjx1; typedef_count_missing=Trk_NewSimQuad:STRUCTx1,Transformer_zUV:STRUCTx1,Transformer_zOverlay:STRUCTx1,tOwnedCarInfo:STRUCTx1,COORD16:STRUCTx1,Trk_Quad:STRUCTx1,AIScript_tReactionDetails:STRUCTx1,CCOORD16:STRUCTx1,Cars_tCollisionInfo:STRUCTx1,Draw_CarVertex:STRUCTx1,PCOORD16:STRUCTx1,Draw_PrimStruct:STRUCTx1,Transformer_zFacet:STRUCTx1,Draw_SVertex:STRUCTx1,Draw_tPixMap:STRUCTx1,Sched_tFunctionSchedule:STRUCTx1,tListIterator:STRUCTx2,Draw_tCacheHeader:STRUCTx1,AISpeechInfo_t:STRUCTx1,Cars_tAudio:STRUCTx1,tDrawShapeExtended:STRUCTx1,Car_tControl:STRUCTx1,Transformer_zObj:STRUCTx1,tMenuItem:STRUCTx7,tMenuItemOptionsLeftRightChoice:STRUCTx2,tTexture_ShapeInfo:STRUCTx2,tMenuItemOptionsTwoItemChoice:STRUCTx2,BO_tNewtonCollisionInfo:STRUCTx1,Car_tWheel:STRUCTx1,GameSetup_tPerpData:STRUCTx1,AIScript_t:STRUCTx1,AIPerson_t:STRUCTx1; retail_duplicate_typedefs=248; source_duplicate_typedefs=191
recon/frontend/common/femenuoptions.cpp	FeMenuOptions.obj	OK	165	165	0	0	2	2	607	461	0	3	0	0	380	278	retail_duplicate_named=tMenux1,tScreenx1,BO_tNewtonObjx1; typedef_count_missing=Trk_NewSimQuad:STRUCTx1,FE3d_zUV:STRUCTx1,Transformer_zUV:STRUCTx1,Transformer_zOverlay:STRUCTx1,tOwnedCarInfo:STRUCTx1,COORD16:STRUCTx1,Trk_Quad:STRUCTx1,AIScript_tReactionDetails:STRUCTx1,CCOORD16:STRUCTx1,Cars_tCollisionInfo:STRUCTx1,Draw_CarVertex:STRUCTx1,PCOORD16:STRUCTx1,Draw_PrimStruct:STRUCTx1,Transformer_zFacet:STRUCTx1,tTierInfo:STRUCTx2,Draw_SVertex:STRUCTx1,Draw_tPixMap:STRUCTx1,FLARE_PIECE_DEF:STRUCTx1,Sched_tFunctionSchedule:STRUCTx1,tCompetitor:STRUCTx2,Draw_tCacheHeader:STRUCTx1,tCarLineup:STRUCTx2,AISpeechInfo_t:STRUCTx1,Cars_tAudio:STRUCTx1,tDrawShapeExtended:STRUCTx1,Car_tControl:STRUCTx1,Transformer_zObj:STRUCTx1,tListIteratorCar:STRUCTx3,tMenuItem:STRUCTx7,FE3d_zObj:STRUCTx1,tMenuItemOptionsLeftRightChoice:STRUCTx2,tMenuItemOptionsTwoItemChoice:STRUCTx2; retail_duplicate_typedefs=380; source_duplicate_typedefs=278
recon/frontend/common/femission.cpp	FEMission.obj	OK	56	56	0	0	2	2	173	123	0	1	0	0	70	20	retail_duplicate_named=tMenux1; typedef_count_missing=tOwnedCarInfo:STRUCTx1,COORD16:STRUCTx1,Draw_CarVertex:STRUCTx1,PCOORD16:STRUCTx1,Draw_PrimStruct:STRUCTx1,Draw_SVertex:STRUCTx1,Draw_tPixMap:STRUCTx1,tListIterator:STRUCTx3,Draw_tCacheHeader:STRUCTx1,tMenuItem:STRUCTx15,GameSetup_tPerpData:STRUCTx1,GameSetup_tControllerData:STRUCTx1,tMenu:STRUCTx15,DRender_tCalcView:STRUCTx1,GameSetup_tCarData:STRUCTx1,GameSetup_tUserSetting:STRUCTx1,tCarInfo:STRUCTx2,tCarManager:STRUCTx2; retail_duplicate_typedefs=70; source_duplicate_typedefs=20
recon/frontend/common/fescreen.cpp	FEScreen.obj	OK	66	66	0	0	2	2	260	183	0	2	0	0	147	77	retail_duplicate_named=tMenux1,tScreenx1; typedef_count_missing=tOwnedCarInfo:STRUCTx1,COORD16:STRUCTx1,Draw_CarVertex:STRUCTx1,PCOORD16:STRUCTx1,Draw_PrimStruct:STRUCTx1,Draw_SVertex:STRUCTx1,Draw_tPixMap:STRUCTx1,tListIterator:STRUCTx3,Draw_tCacheHeader:STRUCTx1,tDrawShapeExtended:STRUCTx1,tMenuItem:STRUCTx14,tTexture_ShapeInfo:STRUCTx1,GameSetup_tPerpData:STRUCTx1,GameSetup_tControllerData:STRUCTx1,tScreen:STRUCTx4,tMenu:STRUCTx13,DRender_tCalcView:STRUCTx1,tDialogBase:STRUCTx7,tDialogMessageString:STRUCTx6,tDialogMessageStringWithTimeout:STRUCTx2,tDialogInteractive:STRUCTx3,tDialogYesNo:STRUCTx1,GameSetup_tCarData:STRUCTx1,GameSetup_tUserSetting:STRUCTx1,tCarInfo:STRUCTx2,tDialogHelp:STRUCTx5,tCarManager:STRUCTx2; retail_duplicate_typedefs=147; source_duplicate_typedefs=77
recon/frontend/common/fetextrender.cpp	FETextRender.obj	OK	93	93	0	0	2	2	261	157	0	3	0	0	112	20	retail_duplicate_named=BO_tNewtonObjx1,tMenux1,tScreenx1; typedef_count_missing=Trk_NewSimQuad:STRUCTx1,Transformer_zUV:STRUCTx1,Transformer_zOverlay:STRUCTx1,COORD16:STRUCTx1,Trk_Quad:STRUCTx1,AIScript_tReactionDetails:STRUCTx1,CCOORD16:STRUCTx1,Cars_tCollisionInfo:STRUCTx1,Draw_CarVertex:STRUCTx1,PCOORD16:STRUCTx1,Draw_PrimStruct:STRUCTx1,Transformer_zFacet:STRUCTx1,Draw_SVertex:STRUCTx1,Draw_tPixMap:STRUCTx1,Sched_tFunctionSchedule:STRUCTx1,tListIterator:STRUCTx3,Draw_tCacheHeader:STRUCTx1,shapetbl:STRUCTx1,AISpeechInfo_t:STRUCTx1,Cars_tAudio:STRUCTx1,Car_tControl:STRUCTx1,Transformer_zObj:STRUCTx1,tMenuItem:STRUCTx15,tTexture_ShapeInfo:STRUCTx1,tShapeInformation:STRUCTx1,BO_tNewtonCollisionInfo:STRUCTx1,Car_tWheel:STRUCTx1,GameSetup_tPerpData:STRUCTx1,AIScript_t:STRUCTx1,AIPerson_t:STRUCTx1,GameSetup_tControllerData:STRUCTx1,tScreen:STRUCTx2; retail_duplicate_typedefs=112; source_duplicate_typedefs=20
recon/frontend/common/fetools.cpp	Fetools.obj	OK	99	99	0	0	2	2	244	168	0	5	0	0	87	14	retail_duplicate_named=TCBx1,BO_tNewtonObjx1,tMenux1,tScreenx1,tOldMenux1; typedef_count_missing=Trk_NewSimQuad:STRUCTx1,Transformer_zUV:STRUCTx1,Transformer_zOverlay:STRUCTx1,tOwnedCarInfo:STRUCTx1,COORD16:STRUCTx1,Trk_Quad:STRUCTx1,AIScript_tReactionDetails:STRUCTx1,CCOORD16:STRUCTx1,Cars_tCollisionInfo:STRUCTx1,Draw_CarVertex:STRUCTx1,PCOORD16:STRUCTx1,Draw_PrimStruct:STRUCTx1,Transformer_zFacet:STRUCTx1,Draw_SVertex:STRUCTx1,Draw_tPixMap:STRUCTx1,Sched_tFunctionSchedule:STRUCTx1,tListIterator:STRUCTx3,Draw_tCacheHeader:STRUCTx1,AISpeechInfo_t:STRUCTx1,Cars_tAudio:STRUCTx1,tDrawShapeExtended:STRUCTx1,Car_tControl:STRUCTx1,Transformer_zObj:STRUCTx1,tMenuItem:STRUCTx15,tShapeInformation:STRUCTx1,BO_tNewtonCollisionInfo:STRUCTx1,Car_tWheel:STRUCTx1,GameSetup_tPerpData:STRUCTx1,AIScript_t:STRUCTx1,AIPerson_t:STRUCTx1,GameSetup_tControllerData:STRUCTx1,tScreen:STRUCTx2; retail_duplicate_typedefs=87; source_duplicate_typedefs=14
recon/frontend/common/fetourn.cpp	FETourn.obj	OK	102	102	0	0	2	2	381	277	0	2	0	0	222	129	retail_duplicate_named=BO_tNewtonObjx1,tMenux1; typedef_count_missing=Trk_NewSimQuad:STRUCTx1,Transformer_zUV:STRUCTx1,Transformer_zOverlay:STRUCTx1,tOwnedCarInfo:STRUCTx1,COORD16:STRUCTx1,Trk_Quad:STRUCTx1,AIScript_tReactionDetails:STRUCTx1,CCOORD16:STRUCTx1,Cars_tCollisionInfo:STRUCTx1,Draw_CarVertex:STRUCTx1,PCOORD16:STRUCTx1,Draw_PrimStruct:STRUCTx1,Transformer_zFacet:STRUCTx1,tTierInfo:STRUCTx1,Draw_SVertex:STRUCTx1,Draw_tPixMap:STRUCTx1,Sched_tFunctionSchedule:STRUCTx1,tListIterator:STRUCTx3,Draw_tCacheHeader:STRUCTx1,tCarLineup:STRUCTx1,AISpeechInfo_t:STRUCTx1,Cars_tAudio:STRUCTx1,Car_tControl:STRUCTx1,Transformer_zObj:STRUCTx1,tMenuItem:STRUCTx15,tTrackInfo:STRUCTx1,BO_tNewtonCollisionInfo:STRUCTx1,Car_tWheel:STRUCTx1,GameSetup_tPerpData:STRUCTx1,AIScript_t:STRUCTx1,AIPerson_t:STRUCTx1,tTourneyInfo:STRUCTx7; retail_duplicate_typedefs=222; source_duplicate_typedefs=129
recon/frontend/common/fetracks.cpp	FETracks.obj	OK	58	58	0	0	2	2	200	146	0	1	0	0	95	46	retail_duplicate_named=tMenux1; typedef_count_missing=tOwnedCarInfo:STRUCTx1,COORD16:STRUCTx1,Draw_CarVertex:STRUCTx1,PCOORD16:STRUCTx1,Draw_PrimStruct:STRUCTx1,Draw_SVertex:STRUCTx1,Draw_tPixMap:STRUCTx1,tListIterator:STRUCTx3,Draw_tCacheHeader:STRUCTx1,tMenuItem:STRUCTx15,GameSetup_tPerpData:STRUCTx1,GameSetup_tControllerData:STRUCTx1,tMenu:STRUCTx15,DRender_tCalcView:STRUCTx1,tTrackManager:STRUCTx4,GameSetup_tCarData:STRUCTx1,GameSetup_tUserSetting:STRUCTx1,tCarInfo:STRUCTx2,tCarManager:STRUCTx2; retail_duplicate_typedefs=95; source_duplicate_typedefs=46
recon/frontend/common/fetv.cpp	FETv.obj	OK	40	40	0	0	2	2	102	94	0	0	0	0	16	13	typedef_count_missing=COORD16:STRUCTx1,Draw_CarVertex:STRUCTx1,PCOORD16:STRUCTx1,Draw_PrimStruct:STRUCTx1,Draw_SVertex:STRUCTx1,Draw_tPixMap:STRUCTx1,Draw_tCacheHeader:STRUCTx1,DRender_tCalcView:STRUCTx1; retail_duplicate_typedefs=16; source_duplicate_typedefs=13
recon/frontend/common/fevideowall.cpp	FEVideoWall.obj	OK	38	38	0	0	2	2	125	115	0	0	0	0	41	31	typedef_count_missing=COORD16:STRUCTx1,Draw_CarVertex:STRUCTx1,PCOORD16:STRUCTx1,Draw_PrimStruct:STRUCTx1,Draw_SVertex:STRUCTx1,Draw_tPixMap:STRUCTx1,Draw_tCacheHeader:STRUCTx1,tDrawShapeExtended:STRUCTx1,tVideoWall:STRUCTx1,DRender_tCalcView:STRUCTx1; retail_duplicate_typedefs=41; source_duplicate_typedefs=31
recon/frontend/common/front.cpp	Front.obj	OK	214	214	0	0	2	2	604	497	0	4	0	0	324	308	retail_duplicate_named=tMenux1,tScreenx1,BO_tNewtonObjx1,TCBx1; typedef_count_missing=Trk_NewSimQuad:STRUCTx1,FE3d_zUV:STRUCTx1,Transformer_zUV:STRUCTx1,Transformer_zOverlay:STRUCTx1,COORD16:STRUCTx1,Trk_Quad:STRUCTx1,AIScript_tReactionDetails:STRUCTx1,CCOORD16:STRUCTx1,Cars_tCollisionInfo:STRUCTx1,Draw_CarVertex:STRUCTx1,PCOORD16:STRUCTx1,copGame_t:STRUCTx6,Draw_PrimStruct:STRUCTx1,Transformer_zFacet:STRUCTx1,tTierInfo:STRUCTx1,Draw_SVertex:STRUCTx1,Draw_tPixMap:STRUCTx1,Sched_tFunctionSchedule:STRUCTx1,tCompetitor:STRUCTx1,Draw_tCacheHeader:STRUCTx1,tCarLineup:STRUCTx1,AISpeechInfo_t:STRUCTx1,Cars_tAudio:STRUCTx1,tOverlay:STRUCTx1,Car_tControl:STRUCTx1,Transformer_zObj:STRUCTx1,tListIteratorCar:STRUCTx1,tMenuItem:STRUCTx11,FE3d_zObj:STRUCTx1,FE3d_zFacet:STRUCTx1,tBlankMenuItemGoToMenuNFS4Button:STRUCTx1,BO_tNewtonCollisionInfo:STRUCTx1; retail_duplicate_typedefs=324; source_duplicate_typedefs=308
recon/frontend/common/screenaudio.cpp	ScreenAudio.obj	OK	155	155	0	0	2	2	400	244	0	3	0	0	189	51	retail_duplicate_named=tMenux1,tScreenx1,BO_tNewtonObjx1; typedef_count_missing=Trk_NewSimQuad:STRUCTx1,Transformer_zUV:STRUCTx1,Transformer_zOverlay:STRUCTx1,tOwnedCarInfo:STRUCTx1,COORD16:STRUCTx1,Trk_Quad:STRUCTx1,AIScript_tReactionDetails:STRUCTx1,CCOORD16:STRUCTx1,Cars_tCollisionInfo:STRUCTx1,Draw_CarVertex:STRUCTx1,PCOORD16:STRUCTx1,Draw_PrimStruct:STRUCTx1,Transformer_zFacet:STRUCTx1,tTierInfo:STRUCTx2,Draw_SVertex:STRUCTx1,Draw_tPixMap:STRUCTx1,Sched_tFunctionSchedule:STRUCTx1,tCompetitor:STRUCTx2,tListIterator:STRUCTx3,Draw_tCacheHeader:STRUCTx1,shapetbl:STRUCTx1,tCarLineup:STRUCTx2,AISpeechInfo_t:STRUCTx1,Cars_tAudio:STRUCTx1,Car_tControl:STRUCTx1,Transformer_zObj:STRUCTx1,tListIteratorCar:STRUCTx3,tMenuItem:STRUCTx14,tMenuItemOptionsLeftRightChoice:STRUCTx2,tTexture_ShapeInfo:STRUCTx1,tMenuItemOptionsTwoItemChoice:STRUCTx2,tBlankMenuItemNFS4LeftRightChoice:STRUCTx4; retail_duplicate_typedefs=189; source_duplicate_typedefs=51
recon/frontend/common/screencarselect.cpp	ScreenCarSelect.obj	OK	179	179	0	0	2	2	580	420	0	4	0	0	339	217	retail_duplicate_named=tMenux1,tScreenx1,TCBx1,BO_tNewtonObjx1; typedef_count_missing=Trk_NewSimQuad:STRUCTx1,Transformer_zUV:STRUCTx1,Transformer_zOverlay:STRUCTx1,tOwnedCarInfo:STRUCTx1,COORD16:STRUCTx1,Trk_Quad:STRUCTx1,AIScript_tReactionDetails:STRUCTx1,CCOORD16:STRUCTx1,Cars_tCollisionInfo:STRUCTx1,Draw_CarVertex:STRUCTx1,PCOORD16:STRUCTx1,Draw_PrimStruct:STRUCTx1,Transformer_zFacet:STRUCTx1,tTierInfo:STRUCTx2,Draw_SVertex:STRUCTx1,Draw_tPixMap:STRUCTx1,Sched_tFunctionSchedule:STRUCTx1,tCompetitor:STRUCTx2,tListIterator:STRUCTx3,Draw_tCacheHeader:STRUCTx1,tCarLineup:STRUCTx2,AISpeechInfo_t:STRUCTx1,Cars_tAudio:STRUCTx1,tDrawShapeExtended:STRUCTx1,Car_tControl:STRUCTx1,Transformer_zObj:STRUCTx1,tListIteratorCar:STRUCTx3,tMenuItem:STRUCTx11,tMenuItemOptionsLeftRightChoice:STRUCTx2,tMenuItemOptionsTwoItemChoice:STRUCTx2,tBlankMenuItemNFS4LeftRightChoice:STRUCTx4,tInsideBoxControllerLeftRightSlider:STRUCTx2; retail_duplicate_typedefs=339; source_duplicate_typedefs=217
recon/frontend/common/screencongrats.cpp	ScreenCongrats.obj	OK	181	181	0	0	2	2	496	332	0	4	0	0	255	115	retail_duplicate_named=tMenux1,tScreenx1,BO_tNewtonObjx1,TCBx1; typedef_count_missing=Trk_NewSimQuad:STRUCTx1,Transformer_zUV:STRUCTx1,Transformer_zOverlay:STRUCTx1,tOwnedCarInfo:STRUCTx1,COORD16:STRUCTx1,Trk_Quad:STRUCTx1,AIScript_tReactionDetails:STRUCTx1,CCOORD16:STRUCTx1,Cars_tCollisionInfo:STRUCTx1,Draw_CarVertex:STRUCTx1,PCOORD16:STRUCTx1,Draw_PrimStruct:STRUCTx1,Transformer_zFacet:STRUCTx1,tTierInfo:STRUCTx2,Draw_SVertex:STRUCTx1,Draw_tPixMap:STRUCTx1,Sched_tFunctionSchedule:STRUCTx1,tCompetitor:STRUCTx2,tListIterator:STRUCTx3,Draw_tCacheHeader:STRUCTx1,tCarLineup:STRUCTx2,AISpeechInfo_t:STRUCTx1,Cars_tAudio:STRUCTx1,tDrawShapeExtended:STRUCTx1,Car_tControl:STRUCTx1,Transformer_zObj:STRUCTx1,tListIteratorCar:STRUCTx3,tMenuItem:STRUCTx14,tMenuItemOptionsLeftRightChoice:STRUCTx2,tMenuItemOptionsTwoItemChoice:STRUCTx2,tBlankMenuItemNFS4LeftRightChoice:STRUCTx4,tInsideBoxControllerLeftRightSlider:STRUCTx2; retail_duplicate_typedefs=255; source_duplicate_typedefs=115
recon/frontend/common/screencontroller.cpp	ScreenController.obj	OK	158	158	0	0	2	2	452	292	0	3	0	0	233	87	retail_duplicate_named=tMenux1,tScreenx1,BO_tNewtonObjx1; typedef_count_missing=Trk_NewSimQuad:STRUCTx1,FE3d_zUV:STRUCTx1,Transformer_zUV:STRUCTx1,Transformer_zOverlay:STRUCTx1,tOwnedCarInfo:STRUCTx1,COORD16:STRUCTx1,Trk_Quad:STRUCTx1,AIScript_tReactionDetails:STRUCTx1,CCOORD16:STRUCTx1,Cars_tCollisionInfo:STRUCTx1,Draw_CarVertex:STRUCTx1,PCOORD16:STRUCTx1,Draw_PrimStruct:STRUCTx1,Transformer_zFacet:STRUCTx1,tTierInfo:STRUCTx2,Draw_SVertex:STRUCTx1,Draw_tPixMap:STRUCTx1,FLARE_PIECE_DEF:STRUCTx1,Sched_tFunctionSchedule:STRUCTx1,tCompetitor:STRUCTx2,tListIterator:STRUCTx3,Draw_tCacheHeader:STRUCTx1,tCarLineup:STRUCTx2,AISpeechInfo_t:STRUCTx1,Cars_tAudio:STRUCTx1,tDrawShapeExtended:STRUCTx1,Car_tControl:STRUCTx1,Transformer_zObj:STRUCTx1,tListIteratorCar:STRUCTx3,tMenuItem:STRUCTx14,FE3d_zObj:STRUCTx1,tMenuItemOptionsLeftRightChoice:STRUCTx2; retail_duplicate_typedefs=233; source_duplicate_typedefs=87
recon/frontend/common/screendisplay.cpp	ScreenDisplay.obj	OK	113	113	0	0	2	2	308	167	0	2	0	0	148	12	retail_duplicate_named=tMenux1,tScreenx1; typedef_count_missing=tOwnedCarInfo:STRUCTx1,COORD16:STRUCTx1,Draw_CarVertex:STRUCTx1,PCOORD16:STRUCTx1,Draw_PrimStruct:STRUCTx1,tTierInfo:STRUCTx2,Draw_SVertex:STRUCTx1,Draw_tPixMap:STRUCTx1,tCompetitor:STRUCTx2,tListIterator:STRUCTx3,Draw_tCacheHeader:STRUCTx1,shapetbl:STRUCTx1,tCarLineup:STRUCTx2,tListIteratorCar:STRUCTx3,tMenuItem:STRUCTx15,tMenuItemOptionsLeftRightChoice:STRUCTx2,tTexture_ShapeInfo:STRUCTx1,tMenuItemOptionsTwoItemChoice:STRUCTx2,tBlankMenuItemNFS4LeftRightChoice:STRUCTx4,tInsideBoxControllerLeftRightSlider:STRUCTx2,tShapeInformation:STRUCTx1,tTrackInfo:STRUCTx1,tBlankMenuItemGoToMenuNFS4Button:STRUCTx5,tMemoryCardMenuItem:STRUCTx2,tMenuItemControllerLeftRightChoice:STRUCTx2,tMenuItemDisplayLeftRightChoice:STRUCTx2,tMenuItemGoToMenuButtonFade:STRUCTx4,tMenuItemGoToMenuNFS4Button:STRUCTx1,tMenuItemLeftRightFade:STRUCTx1,tMenuItemOnOffLeftRightChoice:STRUCTx2,GameSetup_tPerpData:STRUCTx1,tAwardInformation:STRUCTx1; retail_duplicate_typedefs=148; source_duplicate_typedefs=12
recon/frontend/common/screenmain.cpp	ScreenMain.obj	OK	122	122	0	0	2	2	395	241	0	2	0	0	224	79	retail_duplicate_named=tMenux1,tScreenx1; typedef_count_missing=tOwnedCarInfo:STRUCTx1,COORD16:STRUCTx1,Draw_CarVertex:STRUCTx1,PCOORD16:STRUCTx1,Draw_PrimStruct:STRUCTx1,tTierInfo:STRUCTx2,Draw_SVertex:STRUCTx1,Draw_tPixMap:STRUCTx1,tCompetitor:STRUCTx2,tListIterator:STRUCTx3,Draw_tCacheHeader:STRUCTx1,tCarLineup:STRUCTx2,tDrawShapeExtended:STRUCTx1,tListIteratorCar:STRUCTx3,tMenuItem:STRUCTx15,tMenuItemOptionsLeftRightChoice:STRUCTx2,tMenuItemOptionsTwoItemChoice:STRUCTx2,tBlankMenuItemNFS4LeftRightChoice:STRUCTx4,tInsideBoxControllerLeftRightSlider:STRUCTx2,tTrackInfo:STRUCTx1,tBlankMenuItemGoToMenuNFS4Button:STRUCTx5,tMemoryCardMenuItem:STRUCTx2,tMenuItemControllerLeftRightChoice:STRUCTx2,tMenuItemDisplayLeftRightChoice:STRUCTx2,tMenuItemGoToMenuButtonFade:STRUCTx4,tMenuItemGoToMenuNFS4Button:STRUCTx1,tMenuItemLeftRightFade:STRUCTx1,tMenuItemOnOffLeftRightChoice:STRUCTx2,GameSetup_tPerpData:STRUCTx1,tAwardInformation:STRUCTx1,tMenuItemSlidingActivated:STRUCTx3,tTourneyInfo:STRUCTx3; retail_duplicate_typedefs=224; source_duplicate_typedefs=79
recon/frontend/common/screenmemcard.cpp	ScreenMemcard.obj	OK	171	171	0	0	2	2	456	286	0	4	0	0	220	64	retail_duplicate_named=tMenux1,tScreenx1,TCBx1,BO_tNewtonObjx1; typedef_count_missing=Trk_NewSimQuad:STRUCTx1,FE3d_zUV:STRUCTx1,Transformer_zUV:STRUCTx1,Transformer_zOverlay:STRUCTx1,tOwnedCarInfo:STRUCTx1,COORD16:STRUCTx1,Trk_Quad:STRUCTx1,AIScript_tReactionDetails:STRUCTx1,CCOORD16:STRUCTx1,Cars_tCollisionInfo:STRUCTx1,Draw_CarVertex:STRUCTx1,PCOORD16:STRUCTx1,Draw_PrimStruct:STRUCTx1,Transformer_zFacet:STRUCTx1,tTierInfo:STRUCTx2,Draw_SVertex:STRUCTx1,Draw_tPixMap:STRUCTx1,Sched_tFunctionSchedule:STRUCTx1,tCompetitor:STRUCTx2,tListIterator:STRUCTx3,Draw_tCacheHeader:STRUCTx1,tCarLineup:STRUCTx2,AISpeechInfo_t:STRUCTx1,Cars_tAudio:STRUCTx1,tDrawShapeExtended:STRUCTx1,Car_tControl:STRUCTx1,Transformer_zObj:STRUCTx1,tListIteratorCar:STRUCTx3,tMenuItem:STRUCTx14,FE3d_zObj:STRUCTx1,tMenuItemOptionsLeftRightChoice:STRUCTx2,tMenuItemOptionsTwoItemChoice:STRUCTx2; retail_duplicate_typedefs=220; source_duplicate_typedefs=64
recon/frontend/common/screenpinkslips.cpp	ScreenPinkSlips.obj	OK	163	163	0	0	2	2	435	255	0	3	0	0	213	49	retail_duplicate_named=tMenux1,tScreenx1,BO_tNewtonObjx1; typedef_count_missing=Trk_NewSimQuad:STRUCTx1,Transformer_zUV:STRUCTx1,Transformer_zOverlay:STRUCTx1,tOwnedCarInfo:STRUCTx1,COORD16:STRUCTx1,Trk_Quad:STRUCTx1,AIScript_tReactionDetails:STRUCTx1,CCOORD16:STRUCTx1,Cars_tCollisionInfo:STRUCTx1,Draw_CarVertex:STRUCTx1,PCOORD16:STRUCTx1,Draw_PrimStruct:STRUCTx1,Transformer_zFacet:STRUCTx1,tTierInfo:STRUCTx2,Draw_SVertex:STRUCTx1,Draw_tPixMap:STRUCTx1,FLARE_PIECE_DEF:STRUCTx1,Sched_tFunctionSchedule:STRUCTx1,tCompetitor:STRUCTx2,tListIterator:STRUCTx3,Draw_tCacheHeader:STRUCTx1,shapetbl:STRUCTx1,tCarLineup:STRUCTx2,AISpeechInfo_t:STRUCTx1,Cars_tAudio:STRUCTx1,Car_tControl:STRUCTx1,Transformer_zObj:STRUCTx1,tListIteratorCar:STRUCTx3,tMenuItem:STRUCTx14,tMenuItemOptionsLeftRightChoice:STRUCTx2,tTexture_ShapeInfo:STRUCTx1,tMenuItemOptionsTwoItemChoice:STRUCTx1; retail_duplicate_typedefs=213; source_duplicate_typedefs=49
recon/frontend/common/screenpost.cpp	ScreenPost.obj	OK	156	156	0	0	2	2	416	254	0	3	0	0	203	55	retail_duplicate_named=tMenux1,tScreenx1,BO_tNewtonObjx1; typedef_count_missing=Trk_NewSimQuad:STRUCTx1,Transformer_zUV:STRUCTx1,Transformer_zOverlay:STRUCTx1,tOwnedCarInfo:STRUCTx1,COORD16:STRUCTx1,Trk_Quad:STRUCTx1,AIScript_tReactionDetails:STRUCTx1,CCOORD16:STRUCTx1,Cars_tCollisionInfo:STRUCTx1,Draw_CarVertex:STRUCTx1,PCOORD16:STRUCTx1,Draw_PrimStruct:STRUCTx1,Transformer_zFacet:STRUCTx1,tTierInfo:STRUCTx2,Draw_SVertex:STRUCTx1,Draw_tPixMap:STRUCTx1,Sched_tFunctionSchedule:STRUCTx1,tCompetitor:STRUCTx2,tListIterator:STRUCTx3,Draw_tCacheHeader:STRUCTx1,tCarLineup:STRUCTx2,AISpeechInfo_t:STRUCTx1,Cars_tAudio:STRUCTx1,tDrawShapeExtended:STRUCTx1,Car_tControl:STRUCTx1,Transformer_zObj:STRUCTx1,tListIteratorCar:STRUCTx3,tMenuItem:STRUCTx14,tMenuItemOptionsLeftRightChoice:STRUCTx2,tTexture_ShapeInfo:STRUCTx1,tMenuItemOptionsTwoItemChoice:STRUCTx2,tBlankMenuItemNFS4LeftRightChoice:STRUCTx4; retail_duplicate_typedefs=203; source_duplicate_typedefs=55
recon/frontend/common/screentournselect.cpp	ScreenTournSelect.obj	OK	155	155	0	0	2	2	419	248	0	3	0	0	206	49	retail_duplicate_named=tMenux1,tScreenx1,BO_tNewtonObjx1; typedef_count_missing=Trk_NewSimQuad:STRUCTx1,Transformer_zUV:STRUCTx1,Transformer_zOverlay:STRUCTx1,tOwnedCarInfo:STRUCTx1,COORD16:STRUCTx1,Trk_Quad:STRUCTx1,AIScript_tReactionDetails:STRUCTx1,CCOORD16:STRUCTx1,Cars_tCollisionInfo:STRUCTx1,Draw_CarVertex:STRUCTx1,PCOORD16:STRUCTx1,Draw_PrimStruct:STRUCTx1,Transformer_zFacet:STRUCTx1,tTierInfo:STRUCTx2,Draw_SVertex:STRUCTx1,Draw_tPixMap:STRUCTx1,Sched_tFunctionSchedule:STRUCTx1,tCompetitor:STRUCTx2,tListIterator:STRUCTx3,Draw_tCacheHeader:STRUCTx1,tCarLineup:STRUCTx2,AISpeechInfo_t:STRUCTx1,Cars_tAudio:STRUCTx1,tDrawShapeExtended:STRUCTx1,Car_tControl:STRUCTx1,Transformer_zObj:STRUCTx1,tListIteratorCar:STRUCTx3,tMenuItem:STRUCTx15,tMenuItemOptionsLeftRightChoice:STRUCTx2,tMenuItemOptionsTwoItemChoice:STRUCTx2,tBlankMenuItemNFS4LeftRightChoice:STRUCTx4,tInsideBoxControllerLeftRightSlider:STRUCTx2; retail_duplicate_typedefs=206; source_duplicate_typedefs=49
recon/frontend/common/screentrackinfo.cpp	ScreenTrackInfo.obj	OK	117	117	0	0	2	2	321	184	0	2	0	0	157	27	retail_duplicate_named=tMenux1,tScreenx1; typedef_count_missing=tOwnedCarInfo:STRUCTx1,COORD16:STRUCTx1,Draw_CarVertex:STRUCTx1,PCOORD16:STRUCTx1,Draw_PrimStruct:STRUCTx1,tTierInfo:STRUCTx2,Draw_SVertex:STRUCTx1,Draw_tPixMap:STRUCTx1,tCompetitor:STRUCTx2,tListIterator:STRUCTx3,Draw_tCacheHeader:STRUCTx1,tCarLineup:STRUCTx2,tListIteratorCar:STRUCTx3,tMenuItem:STRUCTx14,tMenuItemOptionsLeftRightChoice:STRUCTx2,tMenuItemOptionsTwoItemChoice:STRUCTx2,tBlankMenuItemNFS4LeftRightChoice:STRUCTx4,tInsideBoxControllerLeftRightSlider:STRUCTx2,tShapeInformation:STRUCTx1,tBlankMenuItemGoToMenuNFS4Button:STRUCTx5,tMemoryCardMenuItem:STRUCTx2,tMenuItemControllerLeftRightChoice:STRUCTx2,tMenuItemDisplayLeftRightChoice:STRUCTx2,tMenuItemGoToMenuButtonFade:STRUCTx4,tMenuItemGoToMenuNFS4Button:STRUCTx1,tMenuItemLeftRightFade:STRUCTx1,tMenuItemOnOffLeftRightChoice:STRUCTx2,GameSetup_tPerpData:STRUCTx1,tAwardInformation:STRUCTx1,tMenuItemSlidingActivated:STRUCTx3,tTourneyInfo:STRUCTx4,GameSetup_tControllerData:STRUCTx1; retail_duplicate_typedefs=157; source_duplicate_typedefs=27
recon/frontend/common/screentrackrecords.cpp	ScreenTrackRecords.obj	OK	155	155	0	0	2	2	408	240	0	4	0	0	193	34	retail_duplicate_named=tMenux1,tScreenx1,tRecordBufferx1,BO_tNewtonObjx1; typedef_count_missing=Trk_NewSimQuad:STRUCTx1,FE3d_zUV:STRUCTx1,Transformer_zUV:STRUCTx1,Transformer_zOverlay:STRUCTx1,tOwnedCarInfo:STRUCTx1,COORD16:STRUCTx1,Trk_Quad:STRUCTx1,AIScript_tReactionDetails:STRUCTx1,CCOORD16:STRUCTx1,Cars_tCollisionInfo:STRUCTx1,Draw_CarVertex:STRUCTx1,PCOORD16:STRUCTx1,Draw_PrimStruct:STRUCTx1,Transformer_zFacet:STRUCTx1,tTierInfo:STRUCTx2,Draw_SVertex:STRUCTx1,Draw_tPixMap:STRUCTx1,FLARE_PIECE_DEF:STRUCTx1,Sched_tFunctionSchedule:STRUCTx1,tCompetitor:STRUCTx2,tListIterator:STRUCTx3,Draw_tCacheHeader:STRUCTx1,tCarLineup:STRUCTx2,AISpeechInfo_t:STRUCTx1,Cars_tAudio:STRUCTx1,tDrawShapeExtended:STRUCTx1,Car_tControl:STRUCTx1,Transformer_zObj:STRUCTx1,tListIteratorCar:STRUCTx3,tMenuItem:STRUCTx15,FE3d_zObj:STRUCTx1,tMenuItemOptionsLeftRightChoice:STRUCTx2; retail_duplicate_typedefs=193; source_duplicate_typedefs=34
recon/frontend/common/screentracks.cpp	ScreenTracks.obj	OK	164	164	0	0	2	2	438	263	0	3	0	0	215	61	retail_duplicate_named=tMenux1,tScreenx1,BO_tNewtonObjx1; typedef_count_missing=Trk_NewSimQuad:STRUCTx1,Transformer_zUV:STRUCTx1,Transformer_zOverlay:STRUCTx1,tOwnedCarInfo:STRUCTx1,COORD16:STRUCTx1,Trk_Quad:STRUCTx1,AIScript_tReactionDetails:STRUCTx1,CCOORD16:STRUCTx1,Cars_tCollisionInfo:STRUCTx1,Draw_CarVertex:STRUCTx1,PCOORD16:STRUCTx1,Draw_PrimStruct:STRUCTx1,Transformer_zFacet:STRUCTx1,tTierInfo:STRUCTx2,Draw_SVertex:STRUCTx1,Draw_tPixMap:STRUCTx1,Sched_tFunctionSchedule:STRUCTx1,tCompetitor:STRUCTx2,tListIterator:STRUCTx3,Draw_tCacheHeader:STRUCTx1,tCarLineup:STRUCTx2,AISpeechInfo_t:STRUCTx1,Cars_tAudio:STRUCTx1,Car_tControl:STRUCTx1,Transformer_zObj:STRUCTx1,tListIteratorCar:STRUCTx3,tMenuItem:STRUCTx14,tMenuItemOptionsLeftRightChoice:STRUCTx2,tMenuItemOptionsTwoItemChoice:STRUCTx1,tBlankMenuItemNFS4LeftRightChoice:STRUCTx4,tInsideBoxControllerLeftRightSlider:STRUCTx2,tShapeInformation:STRUCTx1; retail_duplicate_typedefs=215; source_duplicate_typedefs=61
recon/frontend/common/screentrophyinfo.cpp	ScreenTrophyInfo.obj	OK	108	108	0	0	2	2	285	185	0	3	0	0	121	28	retail_duplicate_named=tMenux1,tScreenx1,BO_tNewtonObjx1; typedef_count_missing=Trk_NewSimQuad:STRUCTx1,Transformer_zUV:STRUCTx1,Transformer_zOverlay:STRUCTx1,tOwnedCarInfo:STRUCTx1,COORD16:STRUCTx1,Trk_Quad:STRUCTx1,AIScript_tReactionDetails:STRUCTx1,CCOORD16:STRUCTx1,Cars_tCollisionInfo:STRUCTx1,Draw_CarVertex:STRUCTx1,PCOORD16:STRUCTx1,Draw_PrimStruct:STRUCTx1,Transformer_zFacet:STRUCTx1,tTierInfo:STRUCTx2,Draw_SVertex:STRUCTx1,Draw_tPixMap:STRUCTx1,Sched_tFunctionSchedule:STRUCTx1,tCompetitor:STRUCTx2,tListIterator:STRUCTx3,Draw_tCacheHeader:STRUCTx1,tCarLineup:STRUCTx2,AISpeechInfo_t:STRUCTx1,Cars_tAudio:STRUCTx1,tDrawShapeExtended:STRUCTx1,Car_tControl:STRUCTx1,Transformer_zObj:STRUCTx1,tMenuItem:STRUCTx15,tTrackInfo:STRUCTx1,BO_tNewtonCollisionInfo:STRUCTx1,Car_tWheel:STRUCTx1,GameSetup_tPerpData:STRUCTx1,AIScript_t:STRUCTx1; retail_duplicate_typedefs=121; source_duplicate_typedefs=28
recon/frontend/common/screentrophyroom.cpp	ScreenTrophyRoom.obj	OK	153	153	0	0	2	2	408	248	0	3	0	0	199	50	retail_duplicate_named=tMenux1,tScreenx1,BO_tNewtonObjx1; typedef_count_missing=Trk_NewSimQuad:STRUCTx1,Transformer_zUV:STRUCTx1,Transformer_zOverlay:STRUCTx1,tOwnedCarInfo:STRUCTx1,COORD16:STRUCTx1,Trk_Quad:STRUCTx1,AIScript_tReactionDetails:STRUCTx1,CCOORD16:STRUCTx1,Cars_tCollisionInfo:STRUCTx1,Draw_CarVertex:STRUCTx1,PCOORD16:STRUCTx1,Draw_PrimStruct:STRUCTx1,Transformer_zFacet:STRUCTx1,tTierInfo:STRUCTx2,Draw_SVertex:STRUCTx1,Draw_tPixMap:STRUCTx1,Sched_tFunctionSchedule:STRUCTx1,tCompetitor:STRUCTx2,tListIterator:STRUCTx3,Draw_tCacheHeader:STRUCTx1,tCarLineup:STRUCTx2,AISpeechInfo_t:STRUCTx1,Cars_tAudio:STRUCTx1,Car_tControl:STRUCTx1,Transformer_zObj:STRUCTx1,tListIteratorCar:STRUCTx3,tMenuItem:STRUCTx14,tMenuItemOptionsLeftRightChoice:STRUCTx2,tMenuItemOptionsTwoItemChoice:STRUCTx2,tBlankMenuItemNFS4LeftRightChoice:STRUCTx4,tInsideBoxControllerLeftRightSlider:STRUCTx2,tTrackInfo:STRUCTx1; retail_duplicate_typedefs=199; source_duplicate_typedefs=50
recon/frontend/common/screenusername.cpp	ScreenUserName.obj	OK	116	116	0	0	2	2	324	182	0	2	0	0	158	21	retail_duplicate_named=tMenux1,tScreenx1; typedef_count_missing=FE3d_zUV:STRUCTx1,tOwnedCarInfo:STRUCTx1,COORD16:STRUCTx1,Draw_CarVertex:STRUCTx1,PCOORD16:STRUCTx1,Draw_PrimStruct:STRUCTx1,tTierInfo:STRUCTx2,Draw_SVertex:STRUCTx1,Draw_tPixMap:STRUCTx1,tCompetitor:STRUCTx2,tListIterator:STRUCTx3,Draw_tCacheHeader:STRUCTx1,shapetbl:STRUCTx1,tCarLineup:STRUCTx2,tListIteratorCar:STRUCTx3,tMenuItem:STRUCTx15,FE3d_zObj:STRUCTx1,tMenuItemOptionsLeftRightChoice:STRUCTx2,tTexture_ShapeInfo:STRUCTx1,tMenuItemOptionsTwoItemChoice:STRUCTx2,tBlankMenuItemNFS4LeftRightChoice:STRUCTx4,tInsideBoxControllerLeftRightSlider:STRUCTx2,tShapeInformation:STRUCTx1,tTrackInfo:STRUCTx1,FE3d_zFacet:STRUCTx1,tBlankMenuItemGoToMenuNFS4Button:STRUCTx5,tMemoryCardMenuItem:STRUCTx2,tMenuItemControllerLeftRightChoice:STRUCTx2,tMenuItemDisplayLeftRightChoice:STRUCTx2,tMenuItemGoToMenuButtonFade:STRUCTx4,tMenuItemGoToMenuNFS4Button:STRUCTx1,tMenuItemLeftRightFade:STRUCTx1; retail_duplicate_typedefs=158; source_duplicate_typedefs=21
recon/frontend/common/statchk.cpp	Statchk.obj	OK	89	89	0	0	2	2	244	171	0	3	0	0	97	27	retail_duplicate_named=BO_tNewtonObjx1,tMenux1,tOldMenux1; typedef_count_missing=Trk_NewSimQuad:STRUCTx1,Transformer_zUV:STRUCTx1,Transformer_zOverlay:STRUCTx1,tOwnedCarInfo:STRUCTx1,COORD16:STRUCTx1,Trk_Quad:STRUCTx1,AIScript_tReactionDetails:STRUCTx1,CCOORD16:STRUCTx1,Cars_tCollisionInfo:STRUCTx1,Draw_CarVertex:STRUCTx1,PCOORD16:STRUCTx1,Draw_PrimStruct:STRUCTx1,Transformer_zFacet:STRUCTx1,Draw_SVertex:STRUCTx1,Draw_tPixMap:STRUCTx1,Sched_tFunctionSchedule:STRUCTx1,tListIterator:STRUCTx3,Draw_tCacheHeader:STRUCTx1,AISpeechInfo_t:STRUCTx1,Cars_tAudio:STRUCTx1,Car_tControl:STRUCTx1,Transformer_zObj:STRUCTx1,tMenuItem:STRUCTx15,BO_tNewtonCollisionInfo:STRUCTx1,Car_tWheel:STRUCTx1,GameSetup_tPerpData:STRUCTx1,AIScript_t:STRUCTx1,AIPerson_t:STRUCTx1,GameSetup_tControllerData:STRUCTx1,tMenu:STRUCTx15,DRender_tCalcView:STRUCTx1,Cars_tRenderInfo:STRUCTx1; retail_duplicate_typedefs=97; source_duplicate_typedefs=27
recon/frontend/common/stattool.cpp	Stattool.obj	OK	97	97	0	0	2	2	245	170	0	4	0	0	90	18	retail_duplicate_named=BO_tNewtonObjx1,TCBx1,tMenux1,tOldMenux1; typedef_count_missing=Trk_NewSimQuad:STRUCTx1,Transformer_zUV:STRUCTx1,Transformer_zOverlay:STRUCTx1,tOwnedCarInfo:STRUCTx1,COORD16:STRUCTx1,Trk_Quad:STRUCTx1,AIScript_tReactionDetails:STRUCTx1,CCOORD16:STRUCTx1,Cars_tCollisionInfo:STRUCTx1,Draw_CarVertex:STRUCTx1,PCOORD16:STRUCTx1,Draw_PrimStruct:STRUCTx1,Transformer_zFacet:STRUCTx1,Draw_SVertex:STRUCTx1,Draw_tPixMap:STRUCTx1,Sched_tFunctionSchedule:STRUCTx1,tListIterator:STRUCTx3,Draw_tCacheHeader:STRUCTx1,AISpeechInfo_t:STRUCTx1,Cars_tAudio:STRUCTx1,Sched_tSchedule:STRUCTx1,Car_tControl:STRUCTx1,Transformer_zObj:STRUCTx1,tMenuItem:STRUCTx15,DIRENTRY:STRUCTx1,BO_tNewtonCollisionInfo:STRUCTx1,Car_tWheel:STRUCTx1,GameSetup_tPerpData:STRUCTx1,AIScript_t:STRUCTx1,AIPerson_t:STRUCTx1,GameSetup_tControllerData:STRUCTx1,tMenu:STRUCTx15; retail_duplicate_typedefs=90; source_duplicate_typedefs=18
recon/frontend/psx/drawshp.cpp	drawshp.obj	OK	77	77	0	0	2	2	183	147	0	1	0	0	51	24	retail_duplicate_named=BO_tNewtonObjx1; typedef_count_missing=Trk_NewSimQuad:STRUCTx1,Transformer_zUV:STRUCTx1,Transformer_zOverlay:STRUCTx1,COORD16:STRUCTx1,Trk_Quad:STRUCTx1,AIScript_tReactionDetails:STRUCTx1,CCOORD16:STRUCTx1,Cars_tCollisionInfo:STRUCTx1,Draw_CarVertex:STRUCTx1,PCOORD16:STRUCTx1,Draw_PrimStruct:STRUCTx1,Transformer_zFacet:STRUCTx1,Draw_SVertex:STRUCTx1,Draw_tPixMap:STRUCTx1,Sched_tFunctionSchedule:STRUCTx1,Draw_tCacheHeader:STRUCTx1,AISpeechInfo_t:STRUCTx1,Cars_tAudio:STRUCTx1,tDrawShapeExtended:STRUCTx1,Car_tControl:STRUCTx1,Transformer_zObj:STRUCTx1,tTexture_ShapeInfo:STRUCTx1,BO_tNewtonCollisionInfo:STRUCTx1,Car_tWheel:STRUCTx1,GameSetup_tPerpData:STRUCTx1,AIScript_t:STRUCTx1,AIPerson_t:STRUCTx1,GameSetup_tControllerData:STRUCTx1,DRender_tCalcView:STRUCTx1,Cars_tRenderInfo:STRUCTx1,Car_tStats:STRUCTx1,GameSetup_tCarData:STRUCTx1; retail_duplicate_typedefs=51; source_duplicate_typedefs=24
recon/frontend/psx/fetexture.cpp	FETexture.obj	OK	33	33	0	0	2	2	86	78	0	0	0	0	13	5	typedef_count_missing=COORD16:STRUCTx1,Draw_CarVertex:STRUCTx1,PCOORD16:STRUCTx1,Draw_PrimStruct:STRUCTx1,Draw_SVertex:STRUCTx1,Draw_tPixMap:STRUCTx1,Draw_tCacheHeader:STRUCTx1,DRender_tCalcView:STRUCTx1; retail_duplicate_typedefs=13; source_duplicate_typedefs=5
recon/frontend/psx/mdec.cpp	mdec.obj	OK	14	14	0	0	1	1	43	43	0	0	0	0	0	5	source_duplicate_typedefs=5
recon/frontend/psx/memcard.c	memcard.obj	OK	24	24	0	0	0	0	48	48	0	1	0	0	0	0	retail_duplicate_named=TCBx1
recon/frontend/psx/mmeffect.cpp	mmeffect.obj	OK	82	82	0	0	2	2	218	144	0	3	0	0	80	10	retail_duplicate_named=BO_tNewtonObjx1,tMenux1,tScreenx1; typedef_count_missing=Trk_NewSimQuad:STRUCTx1,Transformer_zUV:STRUCTx1,Transformer_zOverlay:STRUCTx1,COORD16:STRUCTx1,Trk_Quad:STRUCTx1,AIScript_tReactionDetails:STRUCTx1,CCOORD16:STRUCTx1,Cars_tCollisionInfo:STRUCTx1,Draw_CarVertex:STRUCTx1,PCOORD16:STRUCTx1,Draw_PrimStruct:STRUCTx1,Transformer_zFacet:STRUCTx1,Draw_SVertex:STRUCTx1,Draw_tPixMap:STRUCTx1,Sched_tFunctionSchedule:STRUCTx1,tListIterator:STRUCTx5,Draw_tCacheHeader:STRUCTx1,shapetbl:STRUCTx1,AISpeechInfo_t:STRUCTx1,Cars_tAudio:STRUCTx1,Car_tControl:STRUCTx1,Transformer_zObj:STRUCTx1,tMenuItem:STRUCTx15,tTexture_ShapeInfo:STRUCTx1,tShapeInformation:STRUCTx1,BO_tNewtonCollisionInfo:STRUCTx1,Car_tWheel:STRUCTx1,GameSetup_tPerpData:STRUCTx1,AIScript_t:STRUCTx1,AIPerson_t:STRUCTx1,GameSetup_tControllerData:STRUCTx1,tScreen:STRUCTx2; retail_duplicate_typedefs=80; source_duplicate_typedefs=10
recon/frontend/psx/movie.cpp	Movie.obj	OK	83	83	0	0	2	2	181	147	0	2	0	0	40	38	retail_duplicate_named=TCBx1,BO_tNewtonObjx1; typedef_count_missing=Trk_NewSimQuad:STRUCTx1,Transformer_zUV:STRUCTx1,Transformer_zOverlay:STRUCTx1,COORD16:STRUCTx1,Trk_Quad:STRUCTx1,AIScript_tReactionDetails:STRUCTx1,CCOORD16:STRUCTx1,Cars_tCollisionInfo:STRUCTx1,Draw_CarVertex:STRUCTx1,PCOORD16:STRUCTx1,Draw_PrimStruct:STRUCTx1,Transformer_zFacet:STRUCTx1,Draw_SVertex:STRUCTx1,Draw_tPixMap:STRUCTx1,Sched_tFunctionSchedule:STRUCTx1,Draw_tCacheHeader:STRUCTx1,AISpeechInfo_t:STRUCTx1,Cars_tAudio:STRUCTx1,Car_tControl:STRUCTx1,Transformer_zObj:STRUCTx1,BO_tNewtonCollisionInfo:STRUCTx1,Car_tWheel:STRUCTx1,GameSetup_tPerpData:STRUCTx1,AIScript_t:STRUCTx1,AIPerson_t:STRUCTx1,GameSetup_tControllerData:STRUCTx1,DRender_tCalcView:STRUCTx1,Cars_tRenderInfo:STRUCTx1,Car_tStats:STRUCTx1,GameSetup_tCarData:STRUCTx1,GameSetup_tUserSetting:STRUCTx1,Car_tSpecs:STRUCTx1; retail_duplicate_typedefs=40; source_duplicate_typedefs=38
recon/frontend/psx/psxfront.cpp	PSXFront.obj	OK	107	107	0	0	2	2	292	211	0	5	0	0	124	52	retail_duplicate_named=TCBx1,tMenux1,tScreenx1,tOldMenux1,BO_tNewtonObjx1; typedef_count_missing=Trk_NewSimQuad:STRUCTx1,Transformer_zUV:STRUCTx1,Transformer_zOverlay:STRUCTx1,tOwnedCarInfo:STRUCTx1,COORD16:STRUCTx1,Trk_Quad:STRUCTx1,AIScript_tReactionDetails:STRUCTx1,CCOORD16:STRUCTx1,Cars_tCollisionInfo:STRUCTx1,Draw_CarVertex:STRUCTx1,PCOORD16:STRUCTx1,Draw_PrimStruct:STRUCTx1,Transformer_zFacet:STRUCTx1,Draw_SVertex:STRUCTx1,Draw_tPixMap:STRUCTx1,Sched_tFunctionSchedule:STRUCTx1,tListIterator:STRUCTx3,Draw_tCacheHeader:STRUCTx1,shapetbl:STRUCTx3,AISpeechInfo_t:STRUCTx1,Cars_tAudio:STRUCTx1,tDrawShapeExtended:STRUCTx1,Car_tControl:STRUCTx1,Transformer_zObj:STRUCTx1,tMenuItem:STRUCTx15,tTexture_ShapeInfo:STRUCTx1,tShapeInformation:STRUCTx1,BO_tNewtonCollisionInfo:STRUCTx1,Car_tWheel:STRUCTx1,GameSetup_tPerpData:STRUCTx1,AIScript_t:STRUCTx1,AIPerson_t:STRUCTx1; retail_duplicate_typedefs=124; source_duplicate_typedefs=52
recon/frontend/psx/video.cpp	video.obj	OK	23	23	0	0	0	0	56	56	0	0	0	0	2	16	retail_duplicate_typedefs=2; source_duplicate_typedefs=16
recon/game/common/AIWORLD.cpp	AIWORLD.obj	OK	72	72	0	0	2	2	210	174	0	1	0	0	88	55	retail_duplicate_named=BO_tNewtonObjx1; typedef_count_missing=Trk_NewSimQuad:STRUCTx1,Transformer_zUV:STRUCTx1,Transformer_zOverlay:STRUCTx1,COORD16:STRUCTx1,Trk_Quad:STRUCTx1,AIScript_tReactionDetails:STRUCTx1,CCOORD16:STRUCTx1,Cars_tCollisionInfo:STRUCTx1,Draw_CarVertex:STRUCTx1,PCOORD16:STRUCTx1,Draw_PrimStruct:STRUCTx1,Transformer_zFacet:STRUCTx1,Draw_SVertex:STRUCTx1,Draw_tPixMap:STRUCTx1,Sched_tFunctionSchedule:STRUCTx1,Draw_tCacheHeader:STRUCTx1,AISpeechInfo_t:STRUCTx1,Cars_tAudio:STRUCTx1,Sched_tSchedule:STRUCTx1,Car_tControl:STRUCTx1,Transformer_zObj:STRUCTx1,BO_tNewtonCollisionInfo:STRUCTx1,Car_tWheel:STRUCTx1,GameSetup_tPerpData:STRUCTx1,AIScript_t:STRUCTx1,AIPerson_t:STRUCTx1,GameSetup_tControllerData:STRUCTx1,DRender_tCalcView:STRUCTx1,Cars_tRenderInfo:STRUCTx1,Car_tStats:STRUCTx1,GameSetup_tCarData:STRUCTx1,GameSetup_tUserSetting:STRUCTx1; retail_duplicate_typedefs=88; source_duplicate_typedefs=55
recon/game/common/ai.cpp	AI.obj	OK	92	92	0	0	2	2	294	227	0	4	0	0	152	95	retail_duplicate_named=BO_tNewtonObjx1,AIDataRecord_AccTable_tx1,AIDataRecord_CurveSpeedTable_tx1,AIPhysic_BrakeInfox1; typedef_count_missing=Trk_NewSimQuad:STRUCTx1,Transformer_zUV:STRUCTx1,ObjectAnim:STRUCTx3,ObjectFinishedMultiAnim:STRUCTx3,Transformer_zOverlay:STRUCTx1,Trk_ObjectDef:STRUCTx2,COORD16:STRUCTx1,Trk_Quad:STRUCTx1,AIScript_tReactionDetails:STRUCTx1,CCOORD16:STRUCTx1,Cars_tCollisionInfo:STRUCTx1,Draw_CarVertex:STRUCTx1,PCOORD16:STRUCTx1,Draw_PrimStruct:STRUCTx1,Transformer_zFacet:STRUCTx1,Trk_AnimateInst:STRUCTx2,Draw_SVertex:STRUCTx1,Draw_tPixMap:STRUCTx1,Sched_tFunctionSchedule:STRUCTx1,AnimScript:STRUCTx1,Draw_tCacheHeader:STRUCTx1,Trk_SimObject:STRUCTx2,AISpeechInfo_t:STRUCTx1,Cars_tAudio:STRUCTx1,Sched_tSchedule:STRUCTx1,Car_tControl:STRUCTx1,Transformer_zObj:STRUCTx1,Trk_CollideBoomInst:STRUCTx2,AIPhysic_ModelConfig_t:STRUCTx1,BO_tNewtonCollisionInfo:STRUCTx1,Car_tWheel:STRUCTx1,ObjectFinishedSignAnim:STRUCTx3; retail_duplicate_typedefs=152; source_duplicate_typedefs=95
recon/game/common/aicop.cpp	aicop.obj	OK	85	85	0	0	2	2	222	168	0	1	0	0	87	41	retail_duplicate_named=BO_tNewtonObjx1; typedef_count_missing=Transformer_zUV:STRUCTx1,Transformer_zOverlay:STRUCTx1,COORD16:STRUCTx1,Trk_Quad:STRUCTx1,Draw_CarVertex:STRUCTx1,PCOORD16:STRUCTx1,copGame_t:STRUCTx6,trigger_anyTrigger_t:STRUCTx2,Draw_PrimStruct:STRUCTx1,Transformer_zFacet:STRUCTx1,Draw_SVertex:STRUCTx1,Draw_tPixMap:STRUCTx1,Sched_tFunctionSchedule:STRUCTx1,AICop_spikeBelt_t:STRUCTx9,Draw_tCacheHeader:STRUCTx1,trigger_pathPosition_t:STRUCTx2,trigger_roadblock_t:STRUCTx2,trigger_simple_t:STRUCTx2,Sched_tSchedule:STRUCTx1,Transformer_zObj:STRUCTx1,GameSetup_tPerpData:STRUCTx1,copLevel_t:STRUCTx3,trigger_trafficAccident_t:STRUCTx2,trigger_trafficPath_t:STRUCTx2,trigger_offroad_t:STRUCTx2,GameSetup_tControllerData:STRUCTx1,DRender_tCalcView:STRUCTx1,GameSetup_tUserSetting:STRUCTx1,trigger_t:UNIONx4; retail_duplicate_typedefs=87; source_duplicate_typedefs=41
recon/game/common/aidatarecord.cpp	AIDATARECORD.obj	OK	80	80	0	0	2	2	256	198	0	3	0	0	126	84	retail_duplicate_named=BO_tNewtonObjx1,AIDataRecord_AccTable_tx1,AIDataRecord_CurveSpeedTable_tx1; typedef_count_missing=Trk_NewSimQuad:STRUCTx2,Transformer_zUV:STRUCTx1,Transformer_zOverlay:STRUCTx1,Trk_NewStrip:STRUCTx1,Trk_NewSimSlice:STRUCTx1,COORD16:STRUCTx1,Trk_Quad:STRUCTx1,AIScript_tReactionDetails:STRUCTx2,CCOORD16:STRUCTx2,Cars_tCollisionInfo:STRUCTx2,Draw_CarVertex:STRUCTx1,PCOORD16:STRUCTx1,Draw_PrimStruct:STRUCTx1,Transformer_zFacet:STRUCTx1,coorddef:STRUCTx1,Draw_SVertex:STRUCTx1,Draw_tPixMap:STRUCTx1,Sched_tFunctionSchedule:STRUCTx1,Draw_tCacheHeader:STRUCTx1,AISpeechInfo_t:STRUCTx2,Cars_tAudio:STRUCTx2,Sched_tSchedule:STRUCTx1,Car_tControl:STRUCTx2,Transformer_zObj:STRUCTx1,matrixtdef:STRUCTx1,BO_tNewtonCollisionInfo:STRUCTx2,Car_tWheel:STRUCTx2,GameSetup_tPerpData:STRUCTx1,AIScript_t:STRUCTx2,AIPerson_t:STRUCTx2,AIDataRecord_t:STRUCTx1,GameSetup_tControllerData:STRUCTx1; retail_duplicate_typedefs=126; source_duplicate_typedefs=84
recon/game/common/aidelaycar.cpp	aidelaycar.obj	OK	73	73	0	0	2	2	204	165	0	1	0	0	81	45	retail_duplicate_named=BO_tNewtonObjx1; typedef_count_missing=Trk_NewSimQuad:STRUCTx1,Transformer_zUV:STRUCTx1,Transformer_zOverlay:STRUCTx1,COORD16:STRUCTx1,Trk_Quad:STRUCTx1,AIScript_tReactionDetails:STRUCTx1,CCOORD16:STRUCTx1,Cars_tCollisionInfo:STRUCTx1,Draw_CarVertex:STRUCTx1,PCOORD16:STRUCTx1,Draw_PrimStruct:STRUCTx1,Transformer_zFacet:STRUCTx1,coorddef:STRUCTx1,Draw_SVertex:STRUCTx1,Draw_tPixMap:STRUCTx1,Sched_tFunctionSchedule:STRUCTx1,Draw_tCacheHeader:STRUCTx1,AISpeechInfo_t:STRUCTx1,Cars_tAudio:STRUCTx1,Sched_tSchedule:STRUCTx1,Car_tControl:STRUCTx1,Transformer_zObj:STRUCTx1,BO_tNewtonCollisionInfo:STRUCTx1,Car_tWheel:STRUCTx1,GameSetup_tPerpData:STRUCTx1,AIDelayCar:STRUCTx3,AIScript_t:STRUCTx1,AIPerson_t:STRUCTx1,GameSetup_tControllerData:STRUCTx1,DRender_tCalcView:STRUCTx1,Cars_tRenderInfo:STRUCTx1,Car_tStats:STRUCTx1; retail_duplicate_typedefs=81; source_duplicate_typedefs=45
recon/game/common/aih_basiccop.cpp	aih_basiccop.obj	OK	136	136	0	0	10	10	525	288	0	3	0	0	332	124	retail_duplicate_named=BO_tNewtonObjx1,AIPhysic_BrakeInfox1,AIHigh_BTC_HumanCopx1; typedef_count_missing=Trk_NewSimQuad:STRUCTx1,Transformer_zUV:STRUCTx1,ObjectAnim:STRUCTx3,ObjectFinishedMultiAnim:STRUCTx3,Transformer_zOverlay:STRUCTx1,Trk_ObjectDef:STRUCTx2,COORD16:STRUCTx1,Trk_Quad:STRUCTx1,AIScript_tReactionDetails:STRUCTx1,CCOORD16:STRUCTx1,Cars_tCollisionInfo:STRUCTx1,Draw_CarVertex:STRUCTx1,PCOORD16:STRUCTx1,copGame_t:STRUCTx5,trigger_anyTrigger_t:STRUCTx2,AICop_BasicPerpInfo:STRUCTx8,CarBank:STRUCTx9,Draw_PrimStruct:STRUCTx1,Transformer_zFacet:STRUCTx1,Trk_AnimateInst:STRUCTx2,coorddef:STRUCTx2,Draw_SVertex:STRUCTx1,Draw_tPixMap:STRUCTx1,FLARE_PIECE_DEF:STRUCTx1,LocationBank:STRUCTx10,Sched_tFunctionSchedule:STRUCTx1,Trk_SFX:STRUCTx1,AnimScript:STRUCTx1,Draw_tCacheHeader:STRUCTx1,Trk_SimObject:STRUCTx2,trigger_pathPosition_t:STRUCTx2,trigger_roadblock_t:STRUCTx2; retail_duplicate_typedefs=332; source_duplicate_typedefs=124
recon/game/common/aih_basicperp.cpp	aih_basicperp.obj	OK	127	127	0	0	10	10	487	274	0	3	0	0	303	119	retail_duplicate_named=BO_tNewtonObjx1,AIPhysic_BrakeInfox1,AIHigh_BTC_HumanCopx1; typedef_count_missing=Trk_NewSimQuad:STRUCTx1,Transformer_zUV:STRUCTx1,Transformer_zOverlay:STRUCTx1,COORD16:STRUCTx1,Trk_Quad:STRUCTx1,AIScript_tReactionDetails:STRUCTx1,CCOORD16:STRUCTx1,Cars_tCollisionInfo:STRUCTx1,Draw_CarVertex:STRUCTx1,PCOORD16:STRUCTx1,copGame_t:STRUCTx5,trigger_anyTrigger_t:STRUCTx2,AICop_BasicPerpInfo:STRUCTx8,CarBank:STRUCTx9,Draw_PrimStruct:STRUCTx1,Transformer_zFacet:STRUCTx1,coorddef:STRUCTx2,Draw_SVertex:STRUCTx1,Draw_tPixMap:STRUCTx1,LocationBank:STRUCTx10,Sched_tFunctionSchedule:STRUCTx1,Draw_tCacheHeader:STRUCTx1,trigger_pathPosition_t:STRUCTx2,trigger_roadblock_t:STRUCTx2,trigger_simple_t:STRUCTx2,AIHigh_Base:STRUCTx2,AISpeechInfo_t:STRUCTx1,Cars_tAudio:STRUCTx1,Sched_tSchedule:STRUCTx1,Car_tControl:STRUCTx1,Transformer_zObj:STRUCTx1,AICop_PerpChaseInfo:STRUCTx19; retail_duplicate_typedefs=303; source_duplicate_typedefs=119
recon/game/common/aih_btccop.cpp	aih_btccop.obj	OK	152	152	0	0	10	10	631	418	0	6	0	0	421	288	retail_duplicate_named=BO_tNewtonObjx1,AIDataRecord_AccTable_tx1,AIDataRecord_CurveSpeedTable_tx1,AIPhysic_BrakeInfox1,AIHigh_BTC_HumanCopx1,TCBx1; typedef_count_missing=Trk_NewSimQuad:STRUCTx1,Transformer_zUV:STRUCTx1,ObjectAnim:STRUCTx3,ObjectFinishedMultiAnim:STRUCTx3,Transformer_zOverlay:STRUCTx1,Trk_ObjectDef:STRUCTx2,COORD16:STRUCTx1,Trk_Quad:STRUCTx1,AIScript_tReactionDetails:STRUCTx1,CCOORD16:STRUCTx1,Cars_tCollisionInfo:STRUCTx1,Draw_CarVertex:STRUCTx1,PCOORD16:STRUCTx1,copGame_t:STRUCTx5,trigger_anyTrigger_t:STRUCTx2,AICop_BasicPerpInfo:STRUCTx8,CarBank:STRUCTx9,Draw_PrimStruct:STRUCTx1,Transformer_zFacet:STRUCTx1,Trk_AnimateInst:STRUCTx2,Draw_SVertex:STRUCTx1,Draw_tPixMap:STRUCTx1,LocationBank:STRUCTx10,Sched_tFunctionSchedule:STRUCTx1,AnimScript:STRUCTx1,Draw_tCacheHeader:STRUCTx1,Trk_SimObject:STRUCTx2,trigger_pathPosition_t:STRUCTx2,trigger_roadblock_t:STRUCTx2,trigger_simple_t:STRUCTx2,AIHigh_Base:STRUCTx1,AISpeechInfo_t:STRUCTx1; retail_duplicate_typedefs=421; source_duplicate_typedefs=288
recon/game/common/aih_btcperp.cpp	aih_btcperp.obj	OK	137	137	0	0	11	11	547	337	0	3	0	0	353	197	retail_duplicate_named=BO_tNewtonObjx1,AIPhysic_BrakeInfox1,AIHigh_BTC_HumanCopx1; typedef_count_missing=Trk_NewSimQuad:STRUCTx1,Transformer_zUV:STRUCTx1,ObjectAnim:STRUCTx3,ObjectFinishedMultiAnim:STRUCTx3,Transformer_zOverlay:STRUCTx1,Trk_ObjectDef:STRUCTx2,COORD16:STRUCTx1,Trk_Quad:STRUCTx1,AIScript_tReactionDetails:STRUCTx1,CCOORD16:STRUCTx1,Cars_tCollisionInfo:STRUCTx1,Draw_CarVertex:STRUCTx1,PCOORD16:STRUCTx1,copGame_t:STRUCTx5,trigger_anyTrigger_t:STRUCTx2,AICop_BasicPerpInfo:STRUCTx8,CarBank:STRUCTx9,Draw_PrimStruct:STRUCTx1,Transformer_zFacet:STRUCTx1,Trk_AnimateInst:STRUCTx2,coorddef:STRUCTx1,Draw_SVertex:STRUCTx1,Draw_tPixMap:STRUCTx1,LocationBank:STRUCTx10,Sched_tFunctionSchedule:STRUCTx1,AnimScript:STRUCTx1,Draw_tCacheHeader:STRUCTx1,Trk_SimObject:STRUCTx2,trigger_pathPosition_t:STRUCTx2,trigger_roadblock_t:STRUCTx2,trigger_simple_t:STRUCTx2,AIHigh_Base:STRUCTx3; retail_duplicate_typedefs=353; source_duplicate_typedefs=197
recon/game/common/aih_cop.cpp	aih_cop.obj	OK	137	137	0	0	11	11	533	345	0	4	0	0	339	225	retail_duplicate_named=BO_tNewtonObjx1,AIPhysic_BrakeInfox1,AIHigh_BTC_HumanCopx1,TCBx1; typedef_count_missing=Trk_NewSimQuad:STRUCTx1,Transformer_zUV:STRUCTx1,Transformer_zOverlay:STRUCTx1,COORD16:STRUCTx1,Trk_Quad:STRUCTx1,AIScript_tReactionDetails:STRUCTx1,CCOORD16:STRUCTx1,Cars_tCollisionInfo:STRUCTx1,Draw_CarVertex:STRUCTx1,PCOORD16:STRUCTx1,copGame_t:STRUCTx5,trigger_anyTrigger_t:STRUCTx1,AICop_BasicPerpInfo:STRUCTx7,CarBank:STRUCTx9,Draw_PrimStruct:STRUCTx1,Transformer_zFacet:STRUCTx1,coorddef:STRUCTx2,Draw_SVertex:STRUCTx1,Draw_tPixMap:STRUCTx1,LocationBank:STRUCTx10,Draw_tCacheHeader:STRUCTx1,trigger_pathPosition_t:STRUCTx1,trigger_roadblock_t:STRUCTx1,trigger_simple_t:STRUCTx1,AIHigh_Base:STRUCTx3,AISpeechInfo_t:STRUCTx1,Cars_tAudio:STRUCTx1,Car_tControl:STRUCTx1,Skidmark_Segment:STRUCTx1,Transformer_zObj:STRUCTx1,AICop_PerpChaseInfo:STRUCTx18,AIPhysic_ModelConfig_t:STRUCTx1; retail_duplicate_typedefs=339; source_duplicate_typedefs=225
recon/game/common/aih_hum.cpp	aih_hum.obj	OK	109	109	0	0	7	7	352	230	0	3	0	0	193	89	retail_duplicate_named=BO_tNewtonObjx1,AIPhysic_BrakeInfox1,AIHigh_BTC_HumanCopx1; typedef_count_missing=Trk_NewSimQuad:STRUCTx1,Transformer_zUV:STRUCTx1,Transformer_zOverlay:STRUCTx1,COORD16:STRUCTx1,Trk_Quad:STRUCTx1,AIScript_tReactionDetails:STRUCTx1,CCOORD16:STRUCTx1,Cars_tCollisionInfo:STRUCTx1,Draw_CarVertex:STRUCTx1,PCOORD16:STRUCTx1,copGame_t:STRUCTx5,trigger_anyTrigger_t:STRUCTx2,AICop_BasicPerpInfo:STRUCTx8,Draw_PrimStruct:STRUCTx1,Transformer_zFacet:STRUCTx1,coorddef:STRUCTx2,Draw_SVertex:STRUCTx1,Draw_tPixMap:STRUCTx1,Sched_tFunctionSchedule:STRUCTx1,Draw_tCacheHeader:STRUCTx1,trigger_pathPosition_t:STRUCTx2,trigger_roadblock_t:STRUCTx2,trigger_simple_t:STRUCTx2,AIHigh_Base:STRUCTx3,AISpeechInfo_t:STRUCTx1,Cars_tAudio:STRUCTx1,Sched_tSchedule:STRUCTx1,Car_tControl:STRUCTx1,Transformer_zObj:STRUCTx1,AICop_PerpChaseInfo:STRUCTx19,AIPhysic_ModelConfig_t:STRUCTx1,BO_tNewtonCollisionInfo:STRUCTx1; retail_duplicate_typedefs=193; source_duplicate_typedefs=89
recon/game/common/aih_opp.cpp	aih_opp.obj	OK	110	110	0	0	7	7	371	255	0	3	0	0	211	113	retail_duplicate_named=BO_tNewtonObjx1,AIPhysic_BrakeInfox1,AIHigh_BTC_HumanCopx1; typedef_count_missing=Trk_NewSimQuad:STRUCTx1,Transformer_zUV:STRUCTx1,Transformer_zOverlay:STRUCTx1,COORD16:STRUCTx1,Trk_Quad:STRUCTx1,AIScript_tReactionDetails:STRUCTx1,CCOORD16:STRUCTx1,Cars_tCollisionInfo:STRUCTx1,Draw_CarVertex:STRUCTx1,PCOORD16:STRUCTx1,copGame_t:STRUCTx5,trigger_anyTrigger_t:STRUCTx2,AICop_BasicPerpInfo:STRUCTx8,Draw_PrimStruct:STRUCTx1,Transformer_zFacet:STRUCTx1,coorddef:STRUCTx2,Draw_SVertex:STRUCTx1,Draw_tPixMap:STRUCTx1,Sched_tFunctionSchedule:STRUCTx1,Draw_tCacheHeader:STRUCTx1,trigger_pathPosition_t:STRUCTx2,trigger_roadblock_t:STRUCTx2,trigger_simple_t:STRUCTx2,AIHigh_Base:STRUCTx1,AISpeechInfo_t:STRUCTx1,Cars_tAudio:STRUCTx1,Sched_tSchedule:STRUCTx1,Car_tControl:STRUCTx1,Transformer_zObj:STRUCTx1,AICop_PerpChaseInfo:STRUCTx18,AIPhysic_ModelConfig_t:STRUCTx1,BO_tNewtonCollisionInfo:STRUCTx1; retail_duplicate_typedefs=211; source_duplicate_typedefs=113
recon/game/common/aih_play.cpp	aih_play.obj	OK	128	128	0	0	10	10	501	319	0	3	0	0	316	172	retail_duplicate_named=BO_tNewtonObjx1,AIPhysic_BrakeInfox1,AIHigh_BTC_HumanCopx1; typedef_count_missing=Trk_NewSimQuad:STRUCTx1,Transformer_zUV:STRUCTx1,Transformer_zOverlay:STRUCTx1,COORD16:STRUCTx1,Trk_Quad:STRUCTx1,AIScript_tReactionDetails:STRUCTx1,CCOORD16:STRUCTx1,Cars_tCollisionInfo:STRUCTx1,Draw_CarVertex:STRUCTx1,PCOORD16:STRUCTx1,copGame_t:STRUCTx3,trigger_anyTrigger_t:STRUCTx1,AICop_BasicPerpInfo:STRUCTx8,CarBank:STRUCTx9,Draw_PrimStruct:STRUCTx1,Transformer_zFacet:STRUCTx1,coorddef:STRUCTx2,Draw_SVertex:STRUCTx1,Draw_tPixMap:STRUCTx1,LocationBank:STRUCTx10,Sched_tFunctionSchedule:STRUCTx1,Draw_tCacheHeader:STRUCTx1,trigger_pathPosition_t:STRUCTx1,trigger_roadblock_t:STRUCTx1,trigger_simple_t:STRUCTx1,AIHigh_Base:STRUCTx3,AISpeechInfo_t:STRUCTx1,Cars_tAudio:STRUCTx1,Sched_tSchedule:STRUCTx1,Car_tControl:STRUCTx1,Transformer_zObj:STRUCTx1,AICop_PerpChaseInfo:STRUCTx3; retail_duplicate_typedefs=316; source_duplicate_typedefs=172
recon/game/common/aih_traf.cpp	aih_traf.obj	OK	111	111	0	0	7	7	378	262	0	3	0	0	217	136	retail_duplicate_named=BO_tNewtonObjx1,AIPhysic_BrakeInfox1,AIHigh_BTC_HumanCopx1; typedef_count_missing=Trk_NewSimQuad:STRUCTx1,Transformer_zUV:STRUCTx1,Transformer_zOverlay:STRUCTx1,COORD16:STRUCTx1,Trk_Quad:STRUCTx1,AIScript_tReactionDetails:STRUCTx1,CCOORD16:STRUCTx1,Cars_tCollisionInfo:STRUCTx1,Draw_CarVertex:STRUCTx1,PCOORD16:STRUCTx1,copGame_t:STRUCTx5,trigger_anyTrigger_t:STRUCTx1,AICop_BasicPerpInfo:STRUCTx8,Draw_PrimStruct:STRUCTx1,Transformer_zFacet:STRUCTx1,coorddef:STRUCTx1,Draw_SVertex:STRUCTx1,Draw_tPixMap:STRUCTx1,Sched_tFunctionSchedule:STRUCTx1,Draw_tCacheHeader:STRUCTx1,trigger_pathPosition_t:STRUCTx1,trigger_roadblock_t:STRUCTx1,trigger_simple_t:STRUCTx1,AIHigh_Base:STRUCTx2,AISpeechInfo_t:STRUCTx1,Cars_tAudio:STRUCTx1,Sched_tSchedule:STRUCTx1,Car_tControl:STRUCTx1,Transformer_zObj:STRUCTx1,AICop_PerpChaseInfo:STRUCTx19,AIHigh_Traffic:STRUCTx2,AIPhysic_ModelConfig_t:STRUCTx1; retail_duplicate_typedefs=217; source_duplicate_typedefs=136
recon/game/common/aihigh.cpp	aihigh.obj	OK	111	111	0	0	7	7	365	249	0	3	0	0	204	118	retail_duplicate_named=BO_tNewtonObjx1,AIPhysic_BrakeInfox1,AIHigh_BTC_HumanCopx1; typedef_count_missing=Trk_NewSimQuad:STRUCTx1,Transformer_zUV:STRUCTx1,Transformer_zOverlay:STRUCTx1,COORD16:STRUCTx1,Trk_Quad:STRUCTx1,AIScript_tReactionDetails:STRUCTx1,CCOORD16:STRUCTx1,Cars_tCollisionInfo:STRUCTx1,Draw_CarVertex:STRUCTx1,PCOORD16:STRUCTx1,copGame_t:STRUCTx5,trigger_anyTrigger_t:STRUCTx2,AICop_BasicPerpInfo:STRUCTx8,Draw_PrimStruct:STRUCTx1,Transformer_zFacet:STRUCTx1,coorddef:STRUCTx2,Draw_SVertex:STRUCTx1,Draw_tPixMap:STRUCTx1,Sched_tFunctionSchedule:STRUCTx1,Draw_tCacheHeader:STRUCTx1,trigger_pathPosition_t:STRUCTx2,trigger_roadblock_t:STRUCTx2,trigger_simple_t:STRUCTx2,AISpeechInfo_t:STRUCTx1,Cars_tAudio:STRUCTx1,Sched_tSchedule:STRUCTx1,Car_tControl:STRUCTx1,Transformer_zObj:STRUCTx1,AICop_PerpChaseInfo:STRUCTx19,AIPhysic_ModelConfig_t:STRUCTx1,BO_tNewtonCollisionInfo:STRUCTx1,Car_tWheel:STRUCTx1; retail_duplicate_typedefs=204; source_duplicate_typedefs=118
recon/game/common/aiinit.cpp	AIINIT.obj	OK	87	87	0	0	2	2	248	183	0	4	0	0	111	56	retail_duplicate_named=BO_tNewtonObjx1,AIDataRecord_AccTable_tx1,AIDataRecord_CurveSpeedTable_tx1,AIPhysic_BrakeInfox1; typedef_count_missing=Trk_NewSimQuad:STRUCTx1,Transformer_zUV:STRUCTx1,Transformer_zOverlay:STRUCTx1,COORD16:STRUCTx1,Trk_Quad:STRUCTx1,AIScript_tReactionDetails:STRUCTx1,CCOORD16:STRUCTx1,Cars_tCollisionInfo:STRUCTx1,Draw_CarVertex:STRUCTx1,PCOORD16:STRUCTx1,trigger_anyTrigger_t:STRUCTx2,Draw_PrimStruct:STRUCTx1,Transformer_zFacet:STRUCTx1,Udff_tInfo:STRUCTx1,Draw_SVertex:STRUCTx1,Draw_tPixMap:STRUCTx1,Sched_tFunctionSchedule:STRUCTx1,Draw_tCacheHeader:STRUCTx1,trigger_pathPosition_t:STRUCTx2,trigger_roadblock_t:STRUCTx2,trigger_simple_t:STRUCTx2,AISpeechInfo_t:STRUCTx1,Cars_tAudio:STRUCTx1,Sched_tSchedule:STRUCTx1,Car_tControl:STRUCTx1,Transformer_zObj:STRUCTx1,BO_tNewtonCollisionInfo:STRUCTx1,Car_tWheel:STRUCTx1,GameSetup_tPerpData:STRUCTx1,trigger_trafficAccident_t:STRUCTx2,AIScript_t:STRUCTx1,trigger_trafficPath_t:STRUCTx2; retail_duplicate_typedefs=111; source_duplicate_typedefs=56
recon/game/common/ailife.cpp	AILIFE.obj	OK	83	83	0	0	2	2	250	204	0	3	0	0	117	80	retail_duplicate_named=BO_tNewtonObjx1,AIPhysic_BrakeInfox1,TCBx1; typedef_count_missing=Trk_NewSimQuad:STRUCTx1,Transformer_zUV:STRUCTx1,Transformer_zOverlay:STRUCTx1,COORD16:STRUCTx1,Trk_Quad:STRUCTx1,AIScript_tReactionDetails:STRUCTx1,CCOORD16:STRUCTx1,Cars_tCollisionInfo:STRUCTx1,Draw_CarVertex:STRUCTx1,PCOORD16:STRUCTx1,Draw_PrimStruct:STRUCTx1,Transformer_zFacet:STRUCTx1,coorddef:STRUCTx3,Draw_SVertex:STRUCTx1,Draw_tPixMap:STRUCTx1,Sched_tFunctionSchedule:STRUCTx1,Draw_tCacheHeader:STRUCTx1,AISpeechInfo_t:STRUCTx1,Cars_tAudio:STRUCTx1,Sched_tSchedule:STRUCTx1,Car_tControl:STRUCTx1,Skidmark_Segment:STRUCTx1,Transformer_zObj:STRUCTx1,AIPhysic_ModelConfig_t:STRUCTx1,BO_tNewtonCollisionInfo:STRUCTx1,Car_tWheel:STRUCTx1,GameSetup_tPerpData:STRUCTx1,AIScript_t:STRUCTx1,AIPerson_t:STRUCTx1,GameSetup_tControllerData:STRUCTx1,AIPhysic_BrakeInfo:STRUCTx5,DRender_tCalcView:STRUCTx1; retail_duplicate_typedefs=117; source_duplicate_typedefs=80
recon/game/common/aiperson.cpp	aiperson.obj	OK	73	73	0	0	2	2	192	158	0	1	0	0	69	38	retail_duplicate_named=BO_tNewtonObjx1; typedef_count_missing=Trk_NewSimQuad:STRUCTx1,Transformer_zUV:STRUCTx1,Transformer_zOverlay:STRUCTx1,COORD16:STRUCTx1,Trk_Quad:STRUCTx1,AIScript_tReactionDetails:STRUCTx1,CCOORD16:STRUCTx1,Cars_tCollisionInfo:STRUCTx1,Draw_CarVertex:STRUCTx1,PCOORD16:STRUCTx1,Draw_PrimStruct:STRUCTx1,Transformer_zFacet:STRUCTx1,Draw_SVertex:STRUCTx1,Draw_tPixMap:STRUCTx1,Sched_tFunctionSchedule:STRUCTx1,Draw_tCacheHeader:STRUCTx1,AISpeechInfo_t:STRUCTx1,Cars_tAudio:STRUCTx1,Sched_tSchedule:STRUCTx1,Car_tControl:STRUCTx1,Transformer_zObj:STRUCTx1,BO_tNewtonCollisionInfo:STRUCTx1,Car_tWheel:STRUCTx1,GameSetup_tPerpData:STRUCTx1,AIScript_t:STRUCTx1,AIPerson_t:STRUCTx1,GameSetup_tControllerData:STRUCTx1,DRender_tCalcView:STRUCTx1,Cars_tRenderInfo:STRUCTx1,Car_tStats:STRUCTx1,GameSetup_tCarData:STRUCTx1,GameSetup_tUserSetting:STRUCTx1; retail_duplicate_typedefs=69; source_duplicate_typedefs=38
recon/game/common/aiphysic.cpp	AIPHYSIC.obj	OK	82	82	0	0	2	2	275	228	0	4	0	0	137	96	retail_duplicate_named=BO_tNewtonObjx1,AIDataRecord_AccTable_tx1,AIDataRecord_CurveSpeedTable_tx1,AIPhysic_BrakeInfox1; typedef_count_missing=Trk_NewSimQuad:STRUCTx1,Transformer_zUV:STRUCTx1,Transformer_zOverlay:STRUCTx1,COORD16:STRUCTx1,Trk_Quad:STRUCTx1,AIScript_tReactionDetails:STRUCTx1,CCOORD16:STRUCTx1,Cars_tCollisionInfo:STRUCTx1,Draw_CarVertex:STRUCTx1,PCOORD16:STRUCTx1,Draw_PrimStruct:STRUCTx1,Transformer_zFacet:STRUCTx1,Draw_SVertex:STRUCTx1,Draw_tPixMap:STRUCTx1,Sched_tFunctionSchedule:STRUCTx1,Draw_tCacheHeader:STRUCTx1,AISpeechInfo_t:STRUCTx1,Cars_tAudio:STRUCTx1,Sched_tSchedule:STRUCTx1,Car_tControl:STRUCTx1,Transformer_zObj:STRUCTx1,AIPhysic_ModelConfig_t:STRUCTx1,BO_tNewtonCollisionInfo:STRUCTx1,Car_tWheel:STRUCTx1,GameSetup_tPerpData:STRUCTx1,AIScript_t:STRUCTx1,AIDataRecord_t:STRUCTx7,GameSetup_tControllerData:STRUCTx1,AIPhysic_BrakeInfo:STRUCTx4,DRender_tCalcView:STRUCTx1,Cars_tRenderInfo:STRUCTx1,Car_tStats:STRUCTx1; retail_duplicate_typedefs=137; source_duplicate_typedefs=96
recon/game/common/aiscript.cpp	aiscript.obj	OK	4	4	0	0	0	0	17	16	0	0	0	0	12	13	typedef_count_missing=AIScript_t:STRUCTx1; retail_duplicate_typedefs=12; source_duplicate_typedefs=13
recon/game/common/aispeeds.cpp	AISPEEDS.obj	OK	84	84	0	0	2	2	276	226	0	4	0	0	136	96	retail_duplicate_named=BO_tNewtonObjx1,AIDataRecord_AccTable_tx1,AIDataRecord_CurveSpeedTable_tx1,AIPhysic_BrakeInfox1; typedef_count_missing=Trk_NewSimQuad:STRUCTx1,Transformer_zUV:STRUCTx1,Transformer_zOverlay:STRUCTx1,speedData_t:STRUCTx1,COORD16:STRUCTx1,Trk_Quad:STRUCTx1,AIScript_tReactionDetails:STRUCTx1,CCOORD16:STRUCTx1,Cars_tCollisionInfo:STRUCTx1,Draw_CarVertex:STRUCTx1,PCOORD16:STRUCTx1,Draw_PrimStruct:STRUCTx1,Transformer_zFacet:STRUCTx1,Udff_tInfo:STRUCTx1,AISpeeds_Upgrade_t:STRUCTx1,AISpeeds_tLeaderBoard:STRUCTx1,AISpeeds_tSlotInfo:STRUCTx1,Draw_SVertex:STRUCTx1,Draw_tPixMap:STRUCTx1,Sched_tFunctionSchedule:STRUCTx1,Draw_tCacheHeader:STRUCTx1,AISpeechInfo_t:STRUCTx1,Cars_tAudio:STRUCTx1,Sched_tSchedule:STRUCTx1,Car_tControl:STRUCTx1,Transformer_zObj:STRUCTx1,AIPhysic_ModelConfig_t:STRUCTx1,BO_tNewtonCollisionInfo:STRUCTx1,Car_tWheel:STRUCTx1,GameSetup_tPerpData:STRUCTx1,AIPerson_t:STRUCTx1,AIDataRecord_t:STRUCTx7; retail_duplicate_typedefs=136; source_duplicate_typedefs=96
recon/game/common/aistate.cpp	aistate.obj	OK	96	96	0	0	2	2	394	333	0	2	0	0	242	226	retail_duplicate_named=BO_tNewtonObjx1,AIPhysic_BrakeInfox1; typedef_count_missing=Trk_NewSimQuad:STRUCTx1,Transformer_zUV:STRUCTx1,Transformer_zOverlay:STRUCTx1,COORD16:STRUCTx1,Trk_Quad:STRUCTx1,AIScript_tReactionDetails:STRUCTx1,CCOORD16:STRUCTx1,Cars_tCollisionInfo:STRUCTx1,Draw_CarVertex:STRUCTx1,PCOORD16:STRUCTx1,trigger_anyTrigger_t:STRUCTx1,Draw_PrimStruct:STRUCTx1,Transformer_zFacet:STRUCTx1,AIState_Donuts:STRUCTx2,Draw_SVertex:STRUCTx1,Draw_tPixMap:STRUCTx1,Sched_tFunctionSchedule:STRUCTx1,Draw_tCacheHeader:STRUCTx1,trigger_pathPosition_t:STRUCTx2,trigger_roadblock_t:STRUCTx1,trigger_simple_t:STRUCTx1,AISpeechInfo_t:STRUCTx1,Cars_tAudio:STRUCTx1,Sched_tSchedule:STRUCTx1,Car_tControl:STRUCTx1,Transformer_zObj:STRUCTx1,AIPhysic_ModelConfig_t:STRUCTx1,BO_tNewtonCollisionInfo:STRUCTx1,Car_tWheel:STRUCTx1,GameSetup_tPerpData:STRUCTx1,trigger_trafficAccident_t:STRUCTx1,AIDelayCar:STRUCTx2; retail_duplicate_typedefs=242; source_duplicate_typedefs=226
recon/game/common/aitriger.cpp	aitriger.obj	OK	82	82	0	0	2	2	229	183	0	1	0	0	97	57	retail_duplicate_named=BO_tNewtonObjx1; typedef_count_missing=Trk_NewSimQuad:STRUCTx1,Transformer_zUV:STRUCTx1,Transformer_zOverlay:STRUCTx1,COORD16:STRUCTx1,Trk_Quad:STRUCTx1,AIScript_tReactionDetails:STRUCTx1,CCOORD16:STRUCTx1,Cars_tCollisionInfo:STRUCTx1,Draw_CarVertex:STRUCTx1,PCOORD16:STRUCTx1,trigger_anyTrigger_t:STRUCTx1,Draw_PrimStruct:STRUCTx1,Transformer_zFacet:STRUCTx1,Draw_SVertex:STRUCTx1,Draw_tPixMap:STRUCTx1,Sched_tFunctionSchedule:STRUCTx1,Draw_tCacheHeader:STRUCTx1,trigger_pathPosition_t:STRUCTx1,trigger_roadblock_t:STRUCTx1,trigger_simple_t:STRUCTx1,AISpeechInfo_t:STRUCTx1,Cars_tAudio:STRUCTx1,Sched_tSchedule:STRUCTx1,Car_tControl:STRUCTx1,Transformer_zObj:STRUCTx1,BO_tNewtonCollisionInfo:STRUCTx1,Car_tWheel:STRUCTx1,GameSetup_tPerpData:STRUCTx1,trigger_trafficAccident_t:STRUCTx1,AIScript_t:STRUCTx1,trigger_trafficPath_t:STRUCTx1,trigger_offroad_t:STRUCTx1; retail_duplicate_typedefs=97; source_duplicate_typedefs=57
recon/game/common/aitune.cpp	AITUNE.obj	OK	76	76	0	0	2	2	175	136	0	1	0	0	49	13	retail_duplicate_named=BO_tNewtonObjx1; typedef_count_missing=Trk_NewSimQuad:STRUCTx1,Transformer_zUV:STRUCTx1,Transformer_zOverlay:STRUCTx1,accelscale_t:STRUCTx1,COORD16:STRUCTx1,Trk_Quad:STRUCTx1,AIScript_tReactionDetails:STRUCTx1,CCOORD16:STRUCTx1,Cars_tCollisionInfo:STRUCTx1,Draw_CarVertex:STRUCTx1,PCOORD16:STRUCTx1,AITune_tTrackInfo:STRUCTx1,Draw_PrimStruct:STRUCTx1,Transformer_zFacet:STRUCTx1,Draw_SVertex:STRUCTx1,Draw_tPixMap:STRUCTx1,Sched_tFunctionSchedule:STRUCTx1,copTuning_t:STRUCTx1,Draw_tCacheHeader:STRUCTx1,AISpeechInfo_t:STRUCTx1,Cars_tAudio:STRUCTx1,Sched_tSchedule:STRUCTx1,AITune_BTC_t:STRUCTx1,Car_tControl:STRUCTx1,Transformer_zObj:STRUCTx1,BO_tNewtonCollisionInfo:STRUCTx1,Car_tWheel:STRUCTx1,GameSetup_tPerpData:STRUCTx1,AIScript_t:STRUCTx1,AIPerson_t:STRUCTx1,GameSetup_tControllerData:STRUCTx1,DRender_tCalcView:STRUCTx1; retail_duplicate_typedefs=49; source_duplicate_typedefs=13
recon/game/common/anim.cpp	anim.obj	OK	59	59	0	0	2	2	179	158	0	1	0	0	75	64	retail_duplicate_named=TCBx1; typedef_count_missing=Trk_NewSimQuad:STRUCTx1,COORD16:STRUCTx1,Trk_Quad:STRUCTx1,CCOORD16:STRUCTx1,Draw_CarVertex:STRUCTx1,PCOORD16:STRUCTx1,Draw_PrimStruct:STRUCTx1,Draw_SVertex:STRUCTx1,Draw_tPixMap:STRUCTx1,Sched_tFunctionSchedule:STRUCTx1,Trk_AnimateBoomInst:STRUCTx1,Draw_tCacheHeader:STRUCTx1,Sched_tSchedule:STRUCTx1,Skidmark_Segment:STRUCTx1,GameSetup_tPerpData:STRUCTx1,GameSetup_tControllerData:STRUCTx1,DRender_tCalcView:STRUCTx1,GameSetup_tCarData:STRUCTx1,GameSetup_tUserSetting:STRUCTx1,Draw_SubdivStruct:STRUCTx1,Skidmark_Chunk:STRUCTx1; retail_duplicate_typedefs=75; source_duplicate_typedefs=64
recon/game/common/audedit.cpp	audedit.obj	OK	84	84	0	0	2	2	202	146	0	1	0	0	63	10	retail_duplicate_named=BO_tNewtonObjx1; typedef_count_missing=Trk_NewSimQuad:STRUCTx1,Transformer_zUV:STRUCTx1,ObjectAnim:STRUCTx3,ObjectFinishedMultiAnim:STRUCTx3,Transformer_zOverlay:STRUCTx1,Trk_ObjectDef:STRUCTx2,COORD16:STRUCTx1,Trk_Quad:STRUCTx1,AIScript_tReactionDetails:STRUCTx1,CCOORD16:STRUCTx1,Cars_tCollisionInfo:STRUCTx1,Draw_CarVertex:STRUCTx1,PCOORD16:STRUCTx1,Draw_PrimStruct:STRUCTx1,Transformer_zFacet:STRUCTx1,Trk_AnimateInst:STRUCTx2,coorddef:STRUCTx1,CAudioList:STRUCTx2,Draw_SVertex:STRUCTx1,Draw_tPixMap:STRUCTx1,Sched_tFunctionSchedule:STRUCTx1,AnimScript:STRUCTx1,Draw_tCacheHeader:STRUCTx1,Trk_SimObject:STRUCTx2,AISpeechInfo_t:STRUCTx1,Cars_tAudio:STRUCTx1,Car_tControl:STRUCTx1,Transformer_zObj:STRUCTx1,Trk_CollideBoomInst:STRUCTx2,matrixtdef:STRUCTx1,BO_tNewtonCollisionInfo:STRUCTx1,Car_tWheel:STRUCTx1; retail_duplicate_typedefs=63; source_duplicate_typedefs=10
recon/game/common/audioclc.cpp	audioclc.obj	OK	93	93	0	0	2	2	245	203	0	2	0	0	95	72	retail_duplicate_named=BO_tNewtonObjx1,TCBx1; typedef_count_missing=Trk_NewSimQuad:STRUCTx1,Transformer_zUV:STRUCTx1,Transformer_zOverlay:STRUCTx1,COORD16:STRUCTx1,Trk_Quad:STRUCTx1,AIScript_tReactionDetails:STRUCTx1,CCOORD16:STRUCTx1,Cars_tCollisionInfo:STRUCTx1,Draw_CarVertex:STRUCTx1,PCOORD16:STRUCTx1,Draw_PrimStruct:STRUCTx1,Transformer_zFacet:STRUCTx1,Trk_AnimateInst:STRUCTx2,Draw_SVertex:STRUCTx1,Draw_tPixMap:STRUCTx1,Sched_tFunctionSchedule:STRUCTx1,Draw_tCacheHeader:STRUCTx1,AISpeechInfo_t:STRUCTx1,Cars_tAudio:STRUCTx1,Sched_tSchedule:STRUCTx1,Car_tControl:STRUCTx1,Skidmark_Segment:STRUCTx1,Transformer_zObj:STRUCTx1,BO_tNewtonCollisionInfo:STRUCTx1,Car_tWheel:STRUCTx1,GameSetup_tPerpData:STRUCTx1,AIScript_t:STRUCTx1,AIPerson_t:STRUCTx1,GameSetup_tControllerData:STRUCTx1,DRender_tCalcView:STRUCTx2,Cars_tRenderInfo:STRUCTx1,Car_tStats:STRUCTx1; retail_duplicate_typedefs=95; source_duplicate_typedefs=72
recon/game/common/audiocmn.cpp	audiocmn.obj	OK	111	111	0	0	2	2	295	217	0	3	0	0	119	51	retail_duplicate_named=BO_tNewtonObjx1,tMenux1,TCBx1; typedef_count_missing=Trk_NewSimQuad:STRUCTx1,Transformer_zUV:STRUCTx1,Transformer_zOverlay:STRUCTx1,tOwnedCarInfo:STRUCTx1,COORD16:STRUCTx1,Trk_Quad:STRUCTx1,AIScript_tReactionDetails:STRUCTx1,CCOORD16:STRUCTx1,Cars_tCollisionInfo:STRUCTx1,Draw_CarVertex:STRUCTx1,PCOORD16:STRUCTx1,Draw_PrimStruct:STRUCTx1,Transformer_zFacet:STRUCTx1,Draw_SVertex:STRUCTx1,Draw_tPixMap:STRUCTx1,Sched_tFunctionSchedule:STRUCTx1,tListIterator:STRUCTx5,Draw_tCacheHeader:STRUCTx1,AISpeechInfo_t:STRUCTx1,AudioCmn_tAsyncSfxSlot:STRUCTx3,Cars_tAudio:STRUCTx1,Sched_tSchedule:STRUCTx1,Car_tControl:STRUCTx1,Skidmark_Segment:STRUCTx1,Transformer_zObj:STRUCTx1,tMenuItem:STRUCTx15,BO_tNewtonCollisionInfo:STRUCTx1,Car_tWheel:STRUCTx1,AIScript_t:STRUCTx1,AIPerson_t:STRUCTx1,tMenu:STRUCTx15,DRender_tCalcView:STRUCTx1; retail_duplicate_typedefs=119; source_duplicate_typedefs=51
recon/game/common/audioeng.cpp	audioeng.obj	OK	94	94	0	0	2	2	210	172	0	2	0	0	67	44	retail_duplicate_named=BO_tNewtonObjx1,TCBx1; typedef_count_missing=Trk_NewSimQuad:STRUCTx1,Transformer_zUV:STRUCTx1,Transformer_zOverlay:STRUCTx1,COORD16:STRUCTx1,Trk_Quad:STRUCTx1,AIScript_tReactionDetails:STRUCTx1,CCOORD16:STRUCTx1,Cars_tCollisionInfo:STRUCTx1,Draw_CarVertex:STRUCTx1,PCOORD16:STRUCTx1,Draw_PrimStruct:STRUCTx1,Transformer_zFacet:STRUCTx1,Draw_SVertex:STRUCTx1,Draw_tPixMap:STRUCTx1,Sched_tFunctionSchedule:STRUCTx1,Draw_tCacheHeader:STRUCTx1,AISpeechInfo_t:STRUCTx1,Cars_tAudio:STRUCTx1,Sched_tSchedule:STRUCTx1,Car_tControl:STRUCTx1,Skidmark_Segment:STRUCTx1,Transformer_zObj:STRUCTx1,BO_tNewtonCollisionInfo:STRUCTx1,Car_tWheel:STRUCTx1,GameSetup_tPerpData:STRUCTx1,AIScript_t:STRUCTx1,AIPerson_t:STRUCTx1,GameSetup_tControllerData:STRUCTx1,DRender_tCalcView:STRUCTx1,Cars_tRenderInfo:STRUCTx1,Car_tStats:STRUCTx1,GameSetup_tCarData:STRUCTx1; retail_duplicate_typedefs=67; source_duplicate_typedefs=44
recon/game/common/audiomus.cpp	audiomus.obj	OK	87	87	0	0	2	2	195	157	0	2	0	0	58	35	retail_duplicate_named=BO_tNewtonObjx1,TCBx1; typedef_count_missing=Trk_NewSimQuad:STRUCTx1,Transformer_zUV:STRUCTx1,Transformer_zOverlay:STRUCTx1,COORD16:STRUCTx1,Trk_Quad:STRUCTx1,AIScript_tReactionDetails:STRUCTx1,CCOORD16:STRUCTx1,Cars_tCollisionInfo:STRUCTx1,Draw_CarVertex:STRUCTx1,PCOORD16:STRUCTx1,Draw_PrimStruct:STRUCTx1,Transformer_zFacet:STRUCTx1,Draw_SVertex:STRUCTx1,Draw_tPixMap:STRUCTx1,Sched_tFunctionSchedule:STRUCTx1,Draw_tCacheHeader:STRUCTx1,AISpeechInfo_t:STRUCTx1,Cars_tAudio:STRUCTx1,Car_tControl:STRUCTx1,Transformer_zObj:STRUCTx1,BO_tNewtonCollisionInfo:STRUCTx1,Car_tWheel:STRUCTx1,GameSetup_tPerpData:STRUCTx1,AIScript_t:STRUCTx1,AudioMus_tCurrentSong:STRUCTx4,AIPerson_t:STRUCTx1,GameSetup_tControllerData:STRUCTx1,DRender_tCalcView:STRUCTx1,Cars_tRenderInfo:STRUCTx1,Car_tStats:STRUCTx1,GameSetup_tCarData:STRUCTx1,GameSetup_tUserSetting:STRUCTx1; retail_duplicate_typedefs=58; source_duplicate_typedefs=35
recon/game/common/audiotrk.cpp	audiotrk.obj	OK	93	93	0	0	2	2	223	181	0	2	0	0	81	48	retail_duplicate_named=BO_tNewtonObjx1,TCBx1; typedef_count_missing=Trk_NewSimQuad:STRUCTx1,Transformer_zUV:STRUCTx1,Transformer_zOverlay:STRUCTx1,COORD16:STRUCTx1,Trk_Quad:STRUCTx1,AIScript_tReactionDetails:STRUCTx1,CCOORD16:STRUCTx1,Cars_tCollisionInfo:STRUCTx1,Draw_CarVertex:STRUCTx1,PCOORD16:STRUCTx1,Draw_PrimStruct:STRUCTx1,Transformer_zFacet:STRUCTx1,Trk_AnimateInst:STRUCTx2,CAudioList:STRUCTx1,Draw_SVertex:STRUCTx1,Draw_tPixMap:STRUCTx1,FLARE_PIECE_DEF:STRUCTx1,Sched_tFunctionSchedule:STRUCTx1,Draw_tCacheHeader:STRUCTx1,AISpeechInfo_t:STRUCTx1,Cars_tAudio:STRUCTx1,Sched_tSchedule:STRUCTx1,Car_tControl:STRUCTx1,Skidmark_Segment:STRUCTx1,Transformer_zObj:STRUCTx1,BO_tNewtonCollisionInfo:STRUCTx1,Car_tWheel:STRUCTx1,GameSetup_tPerpData:STRUCTx1,AIScript_t:STRUCTx1,AIPerson_t:STRUCTx1,GameSetup_tControllerData:STRUCTx1,DRender_tCalcView:STRUCTx1; retail_duplicate_typedefs=81; source_duplicate_typedefs=48
recon/game/common/bworld.cpp	bworld.obj	OK	108	108	0	0	2	2	292	230	0	2	0	0	131	82	retail_duplicate_named=BO_tNewtonObjx1,TCBx1; typedef_count_missing=Trk_NewSimQuad:STRUCTx1,Transformer_zUV:STRUCTx1,ObjectAnim:STRUCTx3,ObjectFinishedMultiAnim:STRUCTx3,Transformer_zOverlay:STRUCTx1,Trk_ObjectDef:STRUCTx2,COORD16:STRUCTx1,Trk_Quad:STRUCTx1,AIScript_tReactionDetails:STRUCTx1,CCOORD16:STRUCTx1,Cars_tCollisionInfo:STRUCTx1,Draw_CarVertex:STRUCTx1,PCOORD16:STRUCTx1,Draw_PrimStruct:STRUCTx1,Transformer_zFacet:STRUCTx1,Trk_AnimateInst:STRUCTx2,coorddef:STRUCTx2,Draw_SVertex:STRUCTx1,Draw_tPixMap:STRUCTx1,FLARE_PIECE_DEF:STRUCTx1,Sched_tFunctionSchedule:STRUCTx1,Trk_SFX:STRUCTx1,AnimScript:STRUCTx1,Draw_tCacheHeader:STRUCTx1,Trk_SimObject:STRUCTx2,AISpeechInfo_t:STRUCTx1,Cars_tAudio:STRUCTx1,Sched_tSchedule:STRUCTx1,Car_tControl:STRUCTx1,Skidmark_Segment:STRUCTx1,Transformer_zObj:STRUCTx1,Trk_CollideBoomInst:STRUCTx2; retail_duplicate_typedefs=131; source_duplicate_typedefs=82
recon/game/common/bworldSm.cpp	bworldSm.obj	OK	74	74	0	0	2	2	233	199	0	1	0	0	110	91	retail_duplicate_named=BO_tNewtonObjx1; typedef_count_missing=Trk_NewSimQuad:STRUCTx1,Transformer_zUV:STRUCTx1,Transformer_zOverlay:STRUCTx1,COORD16:STRUCTx1,Trk_Quad:STRUCTx1,AIScript_tReactionDetails:STRUCTx1,CCOORD16:STRUCTx1,Cars_tCollisionInfo:STRUCTx1,Draw_CarVertex:STRUCTx1,PCOORD16:STRUCTx1,Draw_PrimStruct:STRUCTx1,Transformer_zFacet:STRUCTx1,Draw_SVertex:STRUCTx1,Draw_tPixMap:STRUCTx1,Sched_tFunctionSchedule:STRUCTx1,Draw_tCacheHeader:STRUCTx1,AISpeechInfo_t:STRUCTx1,Cars_tAudio:STRUCTx1,Car_tControl:STRUCTx1,Transformer_zObj:STRUCTx1,BO_tNewtonCollisionInfo:STRUCTx1,Car_tWheel:STRUCTx1,GameSetup_tPerpData:STRUCTx1,AIScript_t:STRUCTx1,AIPerson_t:STRUCTx1,GameSetup_tControllerData:STRUCTx1,DRender_tCalcView:STRUCTx1,Cars_tRenderInfo:STRUCTx1,Car_tStats:STRUCTx1,GameSetup_tCarData:STRUCTx1,GameSetup_tUserSetting:STRUCTx1,Car_tSpecs:STRUCTx1; retail_duplicate_typedefs=110; source_duplicate_typedefs=91
recon/game/common/camera.cpp	camera.obj	OK	92	92	0	0	2	2	324	277	0	4	0	0	174	153	retail_duplicate_named=BO_tNewtonObjx1,AIDataRecord_AccTable_tx1,AIDataRecord_CurveSpeedTable_tx1,TCBx1; typedef_count_missing=Trk_NewSimQuad:STRUCTx1,Transformer_zUV:STRUCTx1,Transformer_zOverlay:STRUCTx1,COORD16:STRUCTx1,Trk_Quad:STRUCTx1,AIScript_tReactionDetails:STRUCTx1,CCOORD16:STRUCTx1,Cars_tCollisionInfo:STRUCTx1,Draw_CarVertex:STRUCTx1,PCOORD16:STRUCTx1,Draw_PrimStruct:STRUCTx1,Transformer_zFacet:STRUCTx1,Trk_AnimateInst:STRUCTx2,Draw_SVertex:STRUCTx1,Draw_tPixMap:STRUCTx1,Sched_tFunctionSchedule:STRUCTx1,Draw_tCacheHeader:STRUCTx1,AISpeechInfo_t:STRUCTx1,Cars_tAudio:STRUCTx1,Sched_tSchedule:STRUCTx1,Car_tControl:STRUCTx1,Skidmark_Segment:STRUCTx1,Transformer_zObj:STRUCTx1,BO_tNewtonCollisionInfo:STRUCTx1,Car_tWheel:STRUCTx1,GameSetup_tPerpData:STRUCTx1,AIScript_t:STRUCTx1,AIPerson_t:STRUCTx1,AIDataRecord_t:STRUCTx7,GameSetup_tControllerData:STRUCTx1,DRender_tCalcView:STRUCTx1,DRender_tView:STRUCTx1; retail_duplicate_typedefs=174; source_duplicate_typedefs=153
recon/game/common/cars.cpp	cars.obj	DIFF	131	131	0	0	5	5	520	354	415	6	6	468	325	462	named_extra=AICop_RoadBlockState,AIDataRecord_WhichRecord_t,AIHigh_CopGameType_t,AIHigh_tAttackMode,AIHigh_tDriveAwayMode,Gear_t,MANAGERTASK,PRODUCTLOC,PinkSlipsCarSelectState,PinkSlipsErrorCode,VALIDITY,VIDEOSTATE,Weather_tState,Wingman_Role,blockadeMode_t,copType,crimeType,cruiseMode_t,eRampType,s_type,stateType_t,tAppCommand,tCarClassType,tCarListType,tCarStatType,tCheatCode,tFront_ProcessingType,tInputKeyType,tMenuTextState,tMenuTextType,tPMenuCommandType,tPlayer; retail_duplicate_named=BO_tNewtonObjx1,AIDataRecord_AccTable_tx1,AIDataRecord_CurveSpeedTable_tx1,AIPhysic_BrakeInfox1,tMenux1,TCBx1; anonymous_extra=ENTAG:4x1,ENTAG:4x1,ENTAG:4x1,ENTAG:4x1,ENTAG:4x1,STRTAG:8x1; typedef_count_missing=Transformer_zUV:STRUCTx1,ObjectAnim:STRUCTx3,ObjectFinishedMultiAnim:STRUCTx3,Transformer_zOverlay:STRUCTx1,Trk_ObjectDef:STRUCTx2,COORD16:STRUCTx1,Trk_Quad:STRUCTx1,AIScript_tReactionDetails:STRUCTx1,CCOORD16:STRUCTx1,Cars_tCollisionInfo:STRUCTx1,Draw_CarVertex:STRUCTx1,PCOORD16:STRUCTx1,CarBank:STRUCTx7,Draw_PrimStruct:STRUCTx1,Transformer_zFacet:STRUCTx1,Trk_AnimateInst:STRUCTx2,Udff_tInfo:STRUCTx1,Draw_SVertex:STRUCTx1,Draw_tPixMap:STRUCTx1,LocationBank:STRUCTx8,AnimScript:STRUCTx1,Draw_tCacheHeader:STRUCTx1,Trk_SimObject:STRUCTx2,AISpeechInfo_t:STRUCTx1,Cars_tAudio:STRUCTx1,Car_tControl:STRUCTx1,Skidmark_Segment:STRUCTx1,Transformer_zObj:STRUCTx1,tMenuItem:STRUCTx11,Trk_CollideBoomInst:STRUCTx2,AIPhysic_ModelConfig_t:STRUCTx1,BO_tNewtonCollisionInfo:STRUCTx1; typedefs_extra=tMemIcon:ARY ARY ARY CHAR,FEMATRIX:ARY ARY INT,Night_tCopLightingTable:ARY ARY UCHAR,Night_tLightingTable:ARY ARY UCHAR,FEVECTOR:ARY INT,tPItemList:ARY PTR STRUCT,tTextLocation:ARY SHORT,tArrowLocation:ARY SHORT,tSaveRecords:ARY STRUCT,Night_tWeatherLightingTable:ARY UCHAR,DECDCTTAB:ARY USHORT,AICop_RoadBlockState:ENUM,AIDataRecord_WhichRecord_t:ENUM,AIHigh_CopGameType_t:ENUM,AIHigh_tAttackMode:ENUM,AIHigh_tDriveAwayMode:ENUM,Gear_t:ENUM,MANAGERTASK:ENUM,PRODUCTLOC:ENUM,PinkSlipsCarSelectState:ENUM,PinkSlipsErrorCode:ENUM,VALIDITY:ENUM,VIDEOSTATE:ENUM,Weather_tState:ENUM,Wingman_Role:ENUM,blockadeMode_t:ENUM,copType:ENUM,crimeType:ENUM,cruiseMode_t:ENUM,eRampType:ENUM,s_type:ENUM,stateType_t:ENUM; retail_duplicate_typedefs=325; source_duplicate_typedefs=462
recon/game/common/chunk.cpp	chunk.obj	OK	72	72	0	0	2	2	184	137	0	2	0	0	69	25	retail_duplicate_named=TCBx1,BO_tNewtonObjx1; typedef_count_missing=Trk_NewSimQuad:STRUCTx1,ObjectAnim:STRUCTx3,ObjectFinishedMultiAnim:STRUCTx3,Trk_ObjectDef:STRUCTx2,COORD16:STRUCTx1,Trk_Quad:STRUCTx1,CCOORD16:STRUCTx1,Draw_CarVertex:STRUCTx1,PCOORD16:STRUCTx1,Draw_PrimStruct:STRUCTx1,SimpleMem:STRUCTx4,Trk_AnimateInst:STRUCTx2,coorddef:STRUCTx1,Draw_SVertex:STRUCTx1,Draw_tPixMap:STRUCTx1,AnimScript:STRUCTx1,Draw_tCacheHeader:STRUCTx1,Trk_SimObject:STRUCTx2,Trk_SimpleInst:STRUCTx1,Skidmark_Segment:STRUCTx1,Trk_CollideBoomInst:STRUCTx4,BO_tNewtonCollisionInfo:STRUCTx1,ObjectFinishedSignAnim:STRUCTx3,GameSetup_tPerpData:STRUCTx1,GameSetup_tControllerData:STRUCTx1,DRender_tCalcView:STRUCTx1,DRender_tView:STRUCTx1,GameSetup_tCarData:STRUCTx1,GameSetup_tUserSetting:STRUCTx1,Draw_SubdivStruct:STRUCTx1,BO_tNewtonObj:STRUCTx1,Skidmark_Chunk:STRUCTx1; retail_duplicate_typedefs=69; source_duplicate_typedefs=25
recon/game/common/clock.cpp	clock.obj	OK	72	72	0	0	2	2	164	129	0	1	0	0	42	10	retail_duplicate_named=BO_tNewtonObjx1; typedef_count_missing=Trk_NewSimQuad:STRUCTx1,Transformer_zUV:STRUCTx1,Transformer_zOverlay:STRUCTx1,COORD16:STRUCTx1,Trk_Quad:STRUCTx1,AIScript_tReactionDetails:STRUCTx1,CCOORD16:STRUCTx1,Cars_tCollisionInfo:STRUCTx1,Draw_CarVertex:STRUCTx1,PCOORD16:STRUCTx1,Clock_tGameClock:STRUCTx1,Draw_PrimStruct:STRUCTx1,Transformer_zFacet:STRUCTx1,Draw_SVertex:STRUCTx1,Draw_tPixMap:STRUCTx1,Sched_tFunctionSchedule:STRUCTx1,Draw_tCacheHeader:STRUCTx1,AISpeechInfo_t:STRUCTx1,Cars_tAudio:STRUCTx1,Car_tControl:STRUCTx1,Transformer_zObj:STRUCTx1,BO_tNewtonCollisionInfo:STRUCTx1,Car_tWheel:STRUCTx1,GameSetup_tPerpData:STRUCTx1,AIScript_t:STRUCTx1,AIPerson_t:STRUCTx1,GameSetup_tControllerData:STRUCTx1,DRender_tCalcView:STRUCTx1,Cars_tRenderInfo:STRUCTx1,Car_tStats:STRUCTx1,GameSetup_tCarData:STRUCTx1,GameSetup_tUserSetting:STRUCTx1; retail_duplicate_typedefs=42; source_duplicate_typedefs=10
recon/game/common/collide.cpp	collide.obj	OK	84	84	0	0	2	2	289	224	0	1	0	0	156	96	retail_duplicate_named=BO_tNewtonObjx1; typedef_count_missing=Trk_NewSimQuad:STRUCTx1,Transformer_zUV:STRUCTx1,ObjectAnim:STRUCTx3,ObjectFinishedMultiAnim:STRUCTx3,Transformer_zOverlay:STRUCTx1,Trk_ObjectDef:STRUCTx2,COORD16:STRUCTx1,Trk_Quad:STRUCTx1,AIScript_tReactionDetails:STRUCTx2,CCOORD16:STRUCTx1,Cars_tCollisionInfo:STRUCTx2,Draw_CarVertex:STRUCTx1,PCOORD16:STRUCTx1,Draw_PrimStruct:STRUCTx1,Transformer_zFacet:STRUCTx1,Trk_AnimateInst:STRUCTx2,Draw_SVertex:STRUCTx1,Draw_tPixMap:STRUCTx1,Sched_tFunctionSchedule:STRUCTx1,AnimScript:STRUCTx1,Draw_tCacheHeader:STRUCTx1,Trk_SimObject:STRUCTx2,AISpeechInfo_t:STRUCTx2,Cars_tAudio:STRUCTx2,Sched_tSchedule:STRUCTx1,Car_tControl:STRUCTx2,Transformer_zObj:STRUCTx1,Trk_CollideBoomInst:STRUCTx2,BO_tNewtonCollisionInfo:STRUCTx1,Car_tWheel:STRUCTx2,ObjectFinishedSignAnim:STRUCTx3,GameSetup_tPerpData:STRUCTx1; retail_duplicate_typedefs=156; source_duplicate_typedefs=96
recon/game/common/color.cpp	color.obj	OK	71	71	0	0	2	2	160	126	0	1	0	0	40	9	retail_duplicate_named=BO_tNewtonObjx1; typedef_count_missing=Trk_NewSimQuad:STRUCTx1,Transformer_zUV:STRUCTx1,Transformer_zOverlay:STRUCTx1,COORD16:STRUCTx1,Trk_Quad:STRUCTx1,AIScript_tReactionDetails:STRUCTx1,CCOORD16:STRUCTx1,Cars_tCollisionInfo:STRUCTx1,Draw_CarVertex:STRUCTx1,PCOORD16:STRUCTx1,Draw_PrimStruct:STRUCTx1,Transformer_zFacet:STRUCTx1,Draw_SVertex:STRUCTx1,Draw_tPixMap:STRUCTx1,Sched_tFunctionSchedule:STRUCTx1,Draw_tCacheHeader:STRUCTx1,AISpeechInfo_t:STRUCTx1,Cars_tAudio:STRUCTx1,Car_tControl:STRUCTx1,Transformer_zObj:STRUCTx1,BO_tNewtonCollisionInfo:STRUCTx1,Car_tWheel:STRUCTx1,GameSetup_tPerpData:STRUCTx1,AIScript_t:STRUCTx1,AIPerson_t:STRUCTx1,GameSetup_tControllerData:STRUCTx1,DRender_tCalcView:STRUCTx1,Cars_tRenderInfo:STRUCTx1,Car_tStats:STRUCTx1,GameSetup_tCarData:STRUCTx1,GameSetup_tUserSetting:STRUCTx1,Car_tSpecs:STRUCTx1; retail_duplicate_typedefs=40; source_duplicate_typedefs=9
recon/game/common/control.cpp	control.obj	OK	77	77	0	0	2	2	192	157	0	1	0	0	64	33	retail_duplicate_named=BO_tNewtonObjx1; typedef_count_missing=Trk_NewSimQuad:STRUCTx1,Transformer_zUV:STRUCTx1,Transformer_zOverlay:STRUCTx1,COORD16:STRUCTx1,Trk_Quad:STRUCTx1,AIScript_tReactionDetails:STRUCTx1,CCOORD16:STRUCTx1,Cars_tCollisionInfo:STRUCTx1,Draw_CarVertex:STRUCTx1,PCOORD16:STRUCTx1,Draw_PrimStruct:STRUCTx1,Transformer_zFacet:STRUCTx1,Draw_SVertex:STRUCTx1,Draw_tPixMap:STRUCTx1,Sched_tFunctionSchedule:STRUCTx1,Draw_tCacheHeader:STRUCTx1,AISpeechInfo_t:STRUCTx1,Cars_tAudio:STRUCTx1,Sched_tSchedule:STRUCTx1,Car_tControl:STRUCTx1,Transformer_zObj:STRUCTx1,BO_tNewtonCollisionInfo:STRUCTx1,Car_tWheel:STRUCTx1,GameSetup_tPerpData:STRUCTx1,AIScript_t:STRUCTx1,AIPerson_t:STRUCTx1,GameSetup_tControllerData:STRUCTx1,DRender_tCalcView:STRUCTx1,Cars_tRenderInfo:STRUCTx1,Car_tStats:STRUCTx1,GameSetup_tCarData:STRUCTx1,GameSetup_tUserSetting:STRUCTx1; retail_duplicate_typedefs=64; source_duplicate_typedefs=33
recon/game/common/copspeak.cpp	CopSpeak.obj	DIFF	124	124	0	0	5	5	397	253	422	3	6	476	210	397	named_extra=AICop_RoadBlockState,AIDataRecord_RecordMethod_t,AIDataRecord_WhichRecord_t,AIHigh_CopGameType_t,AIHigh_tAttackMode,AIHigh_tDriveAwayMode,Gear_t,MANAGERTASK,PRODUCTLOC,PinkSlipsCarSelectState,PinkSlipsErrorCode,VALIDITY,VIDEOSTATE,Weather_tState,Wingman_Role,blockadeMode_t,copType,crimeType,cruiseMode_t,eRampType,forceFocus_t,s_type,stateType_t,tAppCommand,tCarClassType,tCarListType,tCarStatType,tCheatCode,tFront_ProcessingType,tInputKeyType,tMenuTextState,tMenuTextType; retail_duplicate_named=BO_tNewtonObjx1,tMenux1,TCBx1; anonymous_extra=ENTAG:4x1,ENTAG:4x1,ENTAG:4x1,ENTAG:4x1,ENTAG:4x1,STRTAG:8x1; typedef_count_missing=Trk_NewSimQuad:STRUCTx1,Transformer_zUV:STRUCTx1,Transformer_zOverlay:STRUCTx1,COORD16:STRUCTx1,Trk_Quad:STRUCTx1,AIScript_tReactionDetails:STRUCTx1,CCOORD16:STRUCTx1,Cars_tCollisionInfo:STRUCTx1,Draw_CarVertex:STRUCTx1,PCOORD16:STRUCTx1,CarBank:STRUCTx7,Draw_PrimStruct:STRUCTx1,Transformer_zFacet:STRUCTx1,Draw_SVertex:STRUCTx1,Draw_tPixMap:STRUCTx1,LocationBank:STRUCTx8,Sched_tFunctionSchedule:STRUCTx1,Draw_tCacheHeader:STRUCTx1,AISpeechInfo_t:STRUCTx1,Cars_tAudio:STRUCTx1,Sched_tSchedule:STRUCTx1,Car_tControl:STRUCTx1,Skidmark_Segment:STRUCTx1,Transformer_zObj:STRUCTx1,tMenuItem:STRUCTx11,BO_tNewtonCollisionInfo:STRUCTx1,Car_tWheel:STRUCTx1,GameSetup_tPerpData:STRUCTx1,AIScript_t:STRUCTx1,CallSignBank:STRUCTx10,Speaker:STRUCTx58,AIPerson_t:STRUCTx1; typedefs_extra=tMemIcon:ARY ARY ARY CHAR,CarLogic_tObservations:ARY ARY INT,FEMATRIX:ARY ARY INT,Night_tCopLightingTable:ARY ARY UCHAR,Night_tLightingTable:ARY ARY UCHAR,FEVECTOR:ARY INT,tPItemList:ARY PTR STRUCT,tTextLocation:ARY SHORT,tArrowLocation:ARY SHORT,tSaveRecords:ARY STRUCT,Night_tWeatherLightingTable:ARY UCHAR,DECDCTTAB:ARY USHORT,AICop_RoadBlockState:ENUM,AIDataRecord_RecordMethod_t:ENUM,AIDataRecord_WhichRecord_t:ENUM,AIHigh_CopGameType_t:ENUM,AIHigh_tAttackMode:ENUM,AIHigh_tDriveAwayMode:ENUM,Gear_t:ENUM,MANAGERTASK:ENUM,PRODUCTLOC:ENUM,PinkSlipsCarSelectState:ENUM,PinkSlipsErrorCode:ENUM,VALIDITY:ENUM,VIDEOSTATE:ENUM,Weather_tState:ENUM,Wingman_Role:ENUM,blockadeMode_t:ENUM,copType:ENUM,crimeType:ENUM,cruiseMode_t:ENUM,eRampType:ENUM; retail_duplicate_typedefs=210; source_duplicate_typedefs=397
recon/game/common/dashhud.cpp	dashHUD.obj	OK	74	74	0	0	2	2	189	155	0	1	0	0	65	35	retail_duplicate_named=BO_tNewtonObjx1; typedef_count_missing=Trk_NewSimQuad:STRUCTx1,Transformer_zUV:STRUCTx1,Transformer_zOverlay:STRUCTx1,COORD16:STRUCTx1,Trk_Quad:STRUCTx1,AIScript_tReactionDetails:STRUCTx1,CCOORD16:STRUCTx1,Cars_tCollisionInfo:STRUCTx1,Draw_CarVertex:STRUCTx1,PCOORD16:STRUCTx1,Draw_PrimStruct:STRUCTx1,Transformer_zFacet:STRUCTx1,Draw_SVertex:STRUCTx1,Draw_tPixMap:STRUCTx1,Sched_tFunctionSchedule:STRUCTx1,Draw_tCacheHeader:STRUCTx1,AISpeechInfo_t:STRUCTx1,Cars_tAudio:STRUCTx1,Sched_tSchedule:STRUCTx1,Car_tControl:STRUCTx1,Transformer_zObj:STRUCTx1,BO_tNewtonCollisionInfo:STRUCTx1,Car_tWheel:STRUCTx1,GameSetup_tPerpData:STRUCTx1,AIScript_t:STRUCTx1,AIPerson_t:STRUCTx1,GameSetup_tControllerData:STRUCTx1,DRender_tCalcView:STRUCTx1,Cars_tRenderInfo:STRUCTx1,Car_tStats:STRUCTx1,GameSetup_tCarData:STRUCTx1,GameSetup_tUserSetting:STRUCTx1; retail_duplicate_typedefs=65; source_duplicate_typedefs=35
recon/game/common/fastrand.cpp	fastrand.obj	OK	0	0	0	0	0	0	0	0	0	0	0	0	0	0
recon/game/common/genericpmx.cpp	genericpmx.obj	OK	43	43	0	0	2	2	150	131	0	0	0	0	67	49	typedef_count_missing=CNightSpec:STRUCTx1,COORD16:STRUCTx1,CDepthCueSpec:STRUCTx1,CWeatherSpec:STRUCTx1,Draw_CarVertex:STRUCTx1,PCOORD16:STRUCTx1,Draw_PrimStruct:STRUCTx1,CFogSpec:STRUCTx1,CWorldColor:STRUCTx1,Draw_SVertex:STRUCTx1,Draw_tPixMap:STRUCTx1,Draw_tCacheHeader:STRUCTx1,CHorizonSpec:STRUCTx1,GameSetup_tPerpData:STRUCTx1,GameSetup_tControllerData:STRUCTx1,DRender_tCalcView:STRUCTx1,CSkySpec:STRUCTx1,GameSetup_tCarData:STRUCTx1,GameSetup_tUserSetting:STRUCTx1; retail_duplicate_typedefs=67; source_duplicate_typedefs=49
recon/game/common/gmesetup.cpp	gmesetup.obj	OK	88	88	0	0	2	2	232	156	0	2	0	0	87	19	retail_duplicate_named=BO_tNewtonObjx1,tMenux1; typedef_count_missing=Trk_NewSimQuad:STRUCTx1,Transformer_zUV:STRUCTx1,Transformer_zOverlay:STRUCTx1,tOwnedCarInfo:STRUCTx1,COORD16:STRUCTx1,Trk_Quad:STRUCTx1,AIScript_tReactionDetails:STRUCTx1,CCOORD16:STRUCTx1,Cars_tCollisionInfo:STRUCTx1,Draw_CarVertex:STRUCTx1,PCOORD16:STRUCTx1,Draw_PrimStruct:STRUCTx1,Transformer_zFacet:STRUCTx1,Draw_SVertex:STRUCTx1,Draw_tPixMap:STRUCTx1,Sched_tFunctionSchedule:STRUCTx1,tListIterator:STRUCTx5,Draw_tCacheHeader:STRUCTx1,AISpeechInfo_t:STRUCTx1,Cars_tAudio:STRUCTx1,Car_tControl:STRUCTx1,Transformer_zObj:STRUCTx1,tMenuItem:STRUCTx15,BO_tNewtonCollisionInfo:STRUCTx1,Car_tWheel:STRUCTx1,GameSetup_tPerpData:STRUCTx1,AIScript_t:STRUCTx1,AIPerson_t:STRUCTx1,GameSetup_tControllerData:STRUCTx1,tMenu:STRUCTx15,DRender_tCalcView:STRUCTx1,Cars_tRenderInfo:STRUCTx1; retail_duplicate_typedefs=87; source_duplicate_typedefs=19
recon/game/common/group.cpp	Group.obj	OK	27	27	0	0	2	2	109	98	0	1	0	0	43	32	retail_duplicate_named=TCBx1; typedef_count_missing=Group:STRUCTx1,SimpleMem:STRUCTx6,SerializedGroup:STRUCTx4; retail_duplicate_typedefs=43; source_duplicate_typedefs=32
recon/game/common/hudpmx.cpp	HudPmx.obj	OK	39	39	0	0	2	2	102	90	0	0	0	0	17	5	typedef_count_missing=COORD16:STRUCTx1,Draw_CarVertex:STRUCTx1,PCOORD16:STRUCTx1,Draw_PrimStruct:STRUCTx1,Draw_SVertex:STRUCTx1,Draw_tPixMap:STRUCTx1,Draw_tCacheHeader:STRUCTx1,GameSetup_tPerpData:STRUCTx1,GameSetup_tControllerData:STRUCTx1,DRender_tCalcView:STRUCTx1,GameSetup_tCarData:STRUCTx1,GameSetup_tUserSetting:STRUCTx1; retail_duplicate_typedefs=17; source_duplicate_typedefs=5
recon/game/common/input.cpp	input.obj	OK	73	73	0	0	2	2	164	129	0	1	0	0	41	12	retail_duplicate_named=BO_tNewtonObjx1; typedef_count_missing=Trk_NewSimQuad:STRUCTx1,Transformer_zUV:STRUCTx1,Transformer_zOverlay:STRUCTx1,COORD16:STRUCTx1,Trk_Quad:STRUCTx1,AIScript_tReactionDetails:STRUCTx1,CCOORD16:STRUCTx1,Cars_tCollisionInfo:STRUCTx1,Draw_CarVertex:STRUCTx1,PCOORD16:STRUCTx1,Draw_PrimStruct:STRUCTx1,Transformer_zFacet:STRUCTx1,Draw_SVertex:STRUCTx1,Draw_tPixMap:STRUCTx1,Sched_tFunctionSchedule:STRUCTx1,Draw_tCacheHeader:STRUCTx1,AISpeechInfo_t:STRUCTx1,Cars_tAudio:STRUCTx1,Sched_tSchedule:STRUCTx1,Car_tControl:STRUCTx1,Transformer_zObj:STRUCTx1,BO_tNewtonCollisionInfo:STRUCTx1,Car_tWheel:STRUCTx1,GameSetup_tPerpData:STRUCTx1,AIScript_t:STRUCTx1,AIPerson_t:STRUCTx1,GameSetup_tControllerData:STRUCTx1,DRender_tCalcView:STRUCTx1,Cars_tRenderInfo:STRUCTx1,Car_tStats:STRUCTx1,GameSetup_tCarData:STRUCTx1,GameSetup_tUserSetting:STRUCTx1; retail_duplicate_typedefs=41; source_duplicate_typedefs=12
recon/game/common/mathnfs.cpp	MathNfs.obj	OK	22	22	0	0	2	2	81	76	0	0	0	0	19	14	typedef_count_missing=matrixtdef:STRUCTx5; retail_duplicate_typedefs=19; source_duplicate_typedefs=14
recon/game/common/minfront.cpp	MinFront.obj	OK	72	72	0	0	2	2	162	128	0	1	0	0	40	10	retail_duplicate_named=BO_tNewtonObjx1; typedef_count_missing=Trk_NewSimQuad:STRUCTx1,Transformer_zUV:STRUCTx1,Transformer_zOverlay:STRUCTx1,COORD16:STRUCTx1,Trk_Quad:STRUCTx1,AIScript_tReactionDetails:STRUCTx1,CCOORD16:STRUCTx1,Cars_tCollisionInfo:STRUCTx1,Draw_CarVertex:STRUCTx1,PCOORD16:STRUCTx1,Draw_PrimStruct:STRUCTx1,Transformer_zFacet:STRUCTx1,Draw_SVertex:STRUCTx1,Draw_tPixMap:STRUCTx1,Sched_tFunctionSchedule:STRUCTx1,Draw_tCacheHeader:STRUCTx1,AISpeechInfo_t:STRUCTx1,Cars_tAudio:STRUCTx1,Car_tControl:STRUCTx1,Transformer_zObj:STRUCTx1,BO_tNewtonCollisionInfo:STRUCTx1,Car_tWheel:STRUCTx1,GameSetup_tPerpData:STRUCTx1,AIScript_t:STRUCTx1,AIPerson_t:STRUCTx1,GameSetup_tControllerData:STRUCTx1,DRender_tCalcView:STRUCTx1,Cars_tRenderInfo:STRUCTx1,Car_tStats:STRUCTx1,GameSetup_tCarData:STRUCTx1,GameSetup_tUserSetting:STRUCTx1,Car_tSpecs:STRUCTx1; retail_duplicate_typedefs=40; source_duplicate_typedefs=10
recon/game/common/mpause.cpp	mpause.obj	OK	92	92	0	0	2	2	212	174	0	2	0	0	63	44	retail_duplicate_named=BO_tNewtonObjx1,tPMenux1; typedef_count_missing=Trk_NewSimQuad:STRUCTx1,Transformer_zUV:STRUCTx1,Transformer_zOverlay:STRUCTx1,COORD16:STRUCTx1,Trk_Quad:STRUCTx1,AIScript_tReactionDetails:STRUCTx1,CCOORD16:STRUCTx1,Cars_tCollisionInfo:STRUCTx1,Draw_CarVertex:STRUCTx1,PCOORD16:STRUCTx1,Draw_PrimStruct:STRUCTx1,Transformer_zFacet:STRUCTx1,tPMenuItem:STRUCTx3,Draw_SVertex:STRUCTx1,Draw_tPixMap:STRUCTx1,Sched_tFunctionSchedule:STRUCTx1,tPMenuItemCommandButton:STRUCTx1,Draw_tCacheHeader:STRUCTx1,AISpeechInfo_t:STRUCTx1,Cars_tAudio:STRUCTx1,Car_tControl:STRUCTx1,Transformer_zObj:STRUCTx1,BO_tNewtonCollisionInfo:STRUCTx1,Car_tWheel:STRUCTx1,GameSetup_tPerpData:STRUCTx1,AIScript_t:STRUCTx1,AIPerson_t:STRUCTx1,GameSetup_tControllerData:STRUCTx1,DRender_tCalcView:STRUCTx1,Cars_tRenderInfo:STRUCTx1,Car_tStats:STRUCTx1,GameSetup_tCarData:STRUCTx1; retail_duplicate_typedefs=63; source_duplicate_typedefs=44
recon/game/common/new.cpp	new.obj	OK	21	21	0	0	2	2	60	60	0	0	0	0	0	0
recon/game/common/newton.cpp	newton.obj	OK	87	87	0	0	2	2	336	281	0	3	0	0	199	150	retail_duplicate_named=BO_tNewtonObjx1,AIPhysic_BrakeInfox1,TCBx1; typedef_count_missing=Transformer_zUV:STRUCTx1,Transformer_zOverlay:STRUCTx1,COORD16:STRUCTx1,Trk_Quad:STRUCTx1,AIScript_tReactionDetails:STRUCTx1,CCOORD16:STRUCTx1,Cars_tCollisionInfo:STRUCTx1,Draw_CarVertex:STRUCTx1,PCOORD16:STRUCTx1,copGame_t:STRUCTx6,Draw_PrimStruct:STRUCTx1,Transformer_zFacet:STRUCTx1,Draw_SVertex:STRUCTx1,Draw_tPixMap:STRUCTx1,Sched_tFunctionSchedule:STRUCTx1,Draw_tCacheHeader:STRUCTx1,AISpeechInfo_t:STRUCTx1,Cars_tAudio:STRUCTx1,Sched_tSchedule:STRUCTx1,Car_tControl:STRUCTx1,Skidmark_Segment:STRUCTx1,Transformer_zObj:STRUCTx1,AIPhysic_ModelConfig_t:STRUCTx1,BO_tNewtonCollisionInfo:STRUCTx1,Car_tWheel:STRUCTx1,GameSetup_tPerpData:STRUCTx1,copLevel_t:STRUCTx3,AIScript_t:STRUCTx1,AIPerson_t:STRUCTx1,GameSetup_tControllerData:STRUCTx1,AIPhysic_BrakeInfo:STRUCTx5,BWorldSm_Pos:STRUCTx1; retail_duplicate_typedefs=199; source_duplicate_typedefs=150
recon/game/common/nfs3.cpp	nfs3.obj	DIFF	148	148	0	0	5	5	485	309	398	4	6	447	269	379	named_extra=AICop_RoadBlockState,AIDataRecord_RecordMethod_t,AIDataRecord_WhichRecord_t,AIHigh_CopGameType_t,AIHigh_tAttackMode,AIHigh_tDriveAwayMode,Gear_t,MANAGERTASK,PRODUCTLOC,PinkSlipsCarSelectState,PinkSlipsErrorCode,VALIDITY,VIDEOSTATE,Weather_tState,Wingman_Role,blockadeMode_t,copType,crimeType,cruiseMode_t,eRampType,s_type,stateType_t,tAppCommand,tCarListType,tCarStatType,tCheatCode,tFront_ProcessingType,tInputKeyType,tMenuTextState,tMenuTextType,tPMenuCommandType,tPlayer; retail_duplicate_named=BO_tNewtonObjx1,tMenux1,tScreenx1,TCBx1; anonymous_extra=ENTAG:4x1,ENTAG:4x1,ENTAG:4x1,ENTAG:4x1,ENTAG:4x1,STRTAG:8x1; typedef_count_missing=Trk_NewSimQuad:STRUCTx1,Transformer_zUV:STRUCTx1,Transformer_zOverlay:STRUCTx1,tNfsSystemInfo:STRUCTx1,COORD16:STRUCTx1,Trk_Quad:STRUCTx1,AIScript_tReactionDetails:STRUCTx1,CCOORD16:STRUCTx1,Cars_tCollisionInfo:STRUCTx1,Draw_CarVertex:STRUCTx1,PCOORD16:STRUCTx1,CarBank:STRUCTx7,Draw_PrimStruct:STRUCTx1,Transformer_zFacet:STRUCTx1,tTierInfo:STRUCTx1,Draw_SVertex:STRUCTx1,Draw_tPixMap:STRUCTx1,LocationBank:STRUCTx8,Sched_tFunctionSchedule:STRUCTx1,tCompetitor:STRUCTx1,Draw_tCacheHeader:STRUCTx1,tCarLineup:STRUCTx1,AISpeechInfo_t:STRUCTx1,Cars_tAudio:STRUCTx1,Sched_tSchedule:STRUCTx1,Car_tControl:STRUCTx1,Skidmark_Segment:STRUCTx1,Transformer_zObj:STRUCTx1,tMenuItem:STRUCTx11,tShapeInformation:STRUCTx1,tStageInfo:STRUCTx1,BO_tNewtonCollisionInfo:STRUCTx1; typedefs_extra=tMemIcon:ARY ARY ARY CHAR,CarLogic_tObservations:ARY ARY INT,FEMATRIX:ARY ARY INT,FEVECTOR:ARY INT,tPItemList:ARY PTR STRUCT,tTextLocation:ARY SHORT,tArrowLocation:ARY SHORT,DECDCTTAB:ARY USHORT,AICop_RoadBlockState:ENUM,AIDataRecord_RecordMethod_t:ENUM,AIDataRecord_WhichRecord_t:ENUM,AIHigh_CopGameType_t:ENUM,AIHigh_tAttackMode:ENUM,AIHigh_tDriveAwayMode:ENUM,Gear_t:ENUM,MANAGERTASK:ENUM,PRODUCTLOC:ENUM,PinkSlipsCarSelectState:ENUM,PinkSlipsErrorCode:ENUM,VALIDITY:ENUM,VIDEOSTATE:ENUM,Weather_tState:ENUM,Wingman_Role:ENUM,blockadeMode_t:ENUM,copType:ENUM,crimeType:ENUM,cruiseMode_t:ENUM,eRampType:ENUM,s_type:ENUM,stateType_t:ENUM,tAppCommand:ENUM,tCarListType:ENUM; retail_duplicate_typedefs=269; source_duplicate_typedefs=379
recon/game/common/object.cpp	object.obj	OK	137	137	0	0	7	7	518	389	0	3	0	0	330	249	retail_duplicate_named=BO_tNewtonObjx1,AIHigh_BTC_HumanCopx1,TCBx1; typedef_count_missing=Transformer_zUV:STRUCTx1,Transformer_zOverlay:STRUCTx1,COORD16:STRUCTx1,Trk_Quad:STRUCTx1,AIScript_tReactionDetails:STRUCTx1,CCOORD16:STRUCTx1,Cars_tCollisionInfo:STRUCTx1,Draw_CarVertex:STRUCTx1,PCOORD16:STRUCTx1,copGame_t:STRUCTx5,trigger_anyTrigger_t:STRUCTx2,AICop_BasicPerpInfo:STRUCTx8,Draw_PrimStruct:STRUCTx1,Transformer_zFacet:STRUCTx1,Trk_AnimateInst:STRUCTx1,coorddef:STRUCTx2,Draw_SVertex:STRUCTx1,Draw_tPixMap:STRUCTx1,Sched_tFunctionSchedule:STRUCTx1,Trk_AnimateBoomInst:STRUCTx1,Trk_SFX:STRUCTx1,Draw_tCacheHeader:STRUCTx1,Trk_SimObject:STRUCTx2,Trk_SimpleInst:STRUCTx3,trigger_pathPosition_t:STRUCTx2,trigger_roadblock_t:STRUCTx2,trigger_simple_t:STRUCTx2,AIHigh_Base:STRUCTx3,AISpeechInfo_t:STRUCTx1,Cars_tAudio:STRUCTx1,Sched_tSchedule:STRUCTx1,Car_tControl:STRUCTx1; retail_duplicate_typedefs=330; source_duplicate_typedefs=249
recon/game/common/paths.cpp	paths.obj	OK	21	21	0	0	2	2	60	60	0	0	0	0	0	0
recon/game/common/pausemenu.cpp	PauseMenu.obj	OK	102	102	0	0	2	2	384	307	0	3	0	0	225	172	retail_duplicate_named=BO_tNewtonObjx1,tMenux1,tPMenux1; typedef_count_missing=Trk_NewSimQuad:STRUCTx1,Transformer_zUV:STRUCTx1,Transformer_zOverlay:STRUCTx1,tOwnedCarInfo:STRUCTx1,COORD16:STRUCTx1,Trk_Quad:STRUCTx1,AIScript_tReactionDetails:STRUCTx1,CCOORD16:STRUCTx1,Cars_tCollisionInfo:STRUCTx1,Draw_CarVertex:STRUCTx1,PCOORD16:STRUCTx1,Draw_PrimStruct:STRUCTx1,Transformer_zFacet:STRUCTx1,Draw_SVertex:STRUCTx1,Draw_tPixMap:STRUCTx1,Sched_tFunctionSchedule:STRUCTx1,tListIterator:STRUCTx5,tPMenuItemCommandButton:STRUCTx3,Draw_tCacheHeader:STRUCTx1,AISpeechInfo_t:STRUCTx1,Cars_tAudio:STRUCTx1,Car_tControl:STRUCTx1,Transformer_zObj:STRUCTx1,tMenuItem:STRUCTx15,BO_tNewtonCollisionInfo:STRUCTx1,Car_tWheel:STRUCTx1,GameSetup_tPerpData:STRUCTx1,AIScript_t:STRUCTx1,AIPerson_t:STRUCTx1,GameSetup_tControllerData:STRUCTx1,tMenu:STRUCTx15,DRender_tCalcView:STRUCTx1; retail_duplicate_typedefs=225; source_duplicate_typedefs=172
recon/game/common/physics.cpp	physics.obj	OK	74	74	0	0	2	2	231	196	0	1	0	0	107	75	retail_duplicate_named=BO_tNewtonObjx1; typedef_count_missing=Trk_NewSimQuad:STRUCTx1,Transformer_zUV:STRUCTx1,Transformer_zOverlay:STRUCTx1,COORD16:STRUCTx1,Trk_Quad:STRUCTx1,AIScript_tReactionDetails:STRUCTx1,CCOORD16:STRUCTx1,Cars_tCollisionInfo:STRUCTx1,Draw_CarVertex:STRUCTx1,PCOORD16:STRUCTx1,Draw_PrimStruct:STRUCTx1,Transformer_zFacet:STRUCTx1,Draw_SVertex:STRUCTx1,Draw_tPixMap:STRUCTx1,Sched_tFunctionSchedule:STRUCTx1,Draw_tCacheHeader:STRUCTx1,AISpeechInfo_t:STRUCTx1,Cars_tAudio:STRUCTx1,Sched_tSchedule:STRUCTx1,Car_tControl:STRUCTx1,Transformer_zObj:STRUCTx1,BO_tNewtonCollisionInfo:STRUCTx1,Car_tWheel:STRUCTx1,GameSetup_tPerpData:STRUCTx1,AIScript_t:STRUCTx1,AIPerson_t:STRUCTx1,GameSetup_tControllerData:STRUCTx1,DRender_tCalcView:STRUCTx1,Cars_tRenderInfo:STRUCTx1,Car_tStats:STRUCTx1,GameSetup_tCarData:STRUCTx1,GameSetup_tUserSetting:STRUCTx1; retail_duplicate_typedefs=107; source_duplicate_typedefs=75
recon/game/common/quatern.cpp	quatern.obj	OK	23	23	0	0	2	2	84	77	0	0	0	0	20	13	typedef_count_missing=tQuat:STRUCTx7; retail_duplicate_typedefs=20; source_duplicate_typedefs=13
recon/game/common/r3dcar.cpp	R3DCar.obj	OK	103	103	0	0	2	2	368	291	0	3	0	0	204	150	retail_duplicate_named=BO_tNewtonObjx1,TCBx1,tMenux1; typedef_count_missing=Trk_NewSimQuad:STRUCTx1,Transformer_zUV:STRUCTx1,Transformer_zOverlay:STRUCTx1,tOwnedCarInfo:STRUCTx1,COORD16:STRUCTx1,Trk_Quad:STRUCTx1,AIScript_tReactionDetails:STRUCTx1,CCOORD16:STRUCTx1,Cars_tCollisionInfo:STRUCTx1,Draw_CarVertex:STRUCTx1,Draw_tVertex:STRUCTx1,PCOORD16:STRUCTx1,Draw_PrimStruct:STRUCTx1,Transformer_zFacet:STRUCTx1,Draw_SVertex:STRUCTx1,Draw_tPixMap:STRUCTx1,Sched_tFunctionSchedule:STRUCTx1,tListIterator:STRUCTx5,Draw_tCacheHeader:STRUCTx1,AISpeechInfo_t:STRUCTx1,Cars_tAudio:STRUCTx1,Sched_tSchedule:STRUCTx1,Car_tControl:STRUCTx1,Skidmark_Segment:STRUCTx1,Transformer_zObj:STRUCTx1,tMenuItem:STRUCTx15,BO_tNewtonCollisionInfo:STRUCTx1,Car_tWheel:STRUCTx1,AIScript_t:STRUCTx1,AIPerson_t:STRUCTx1,tMenu:STRUCTx15,DRender_tCalcView:STRUCTx1; retail_duplicate_typedefs=204; source_duplicate_typedefs=150
recon/game/common/render.cpp	render.obj	OK	100	100	0	0	2	2	219	170	0	2	0	0	60	24	retail_duplicate_named=BO_tNewtonObjx1,TCBx1; typedef_count_missing=Trk_NewSimQuad:STRUCTx1,Transformer_zUV:STRUCTx1,CNightSpec:STRUCTx1,Transformer_zOverlay:STRUCTx1,COORD16:STRUCTx1,Trk_Quad:STRUCTx1,AIScript_tReactionDetails:STRUCTx1,CCOORD16:STRUCTx1,CDepthCueSpec:STRUCTx1,CWeatherSpec:STRUCTx1,Cars_tCollisionInfo:STRUCTx1,Draw_CarVertex:STRUCTx1,PCOORD16:STRUCTx1,Draw_PrimStruct:STRUCTx2,Transformer_zFacet:STRUCTx1,CFogSpec:STRUCTx1,CWorldColor:STRUCTx1,Draw_SVertex:STRUCTx1,Draw_tPixMap:STRUCTx1,FLARE_PIECE_DEF:STRUCTx1,Sched_tFunctionSchedule:STRUCTx1,Draw_tCacheHeader:STRUCTx2,AISpeechInfo_t:STRUCTx1,Cars_tAudio:STRUCTx1,Sched_tSchedule:STRUCTx1,Car_tControl:STRUCTx1,Skidmark_Segment:STRUCTx1,Transformer_zObj:STRUCTx1,BO_tNewtonCollisionInfo:STRUCTx1,CHorizonSpec:STRUCTx1,Car_tWheel:STRUCTx1,GameSetup_tPerpData:STRUCTx1; retail_duplicate_typedefs=60; source_duplicate_typedefs=24
recon/game/common/replay.cpp	replay.obj	OK	79	79	0	0	2	2	210	171	0	1	0	0	81	49	retail_duplicate_named=BO_tNewtonObjx1; typedef_count_missing=Trk_NewSimQuad:STRUCTx1,Transformer_zUV:STRUCTx1,Transformer_zOverlay:STRUCTx1,COORD16:STRUCTx1,Trk_Quad:STRUCTx1,AIScript_tReactionDetails:STRUCTx1,CCOORD16:STRUCTx1,Cars_tCollisionInfo:STRUCTx1,Draw_CarVertex:STRUCTx1,PCOORD16:STRUCTx1,Draw_PrimStruct:STRUCTx1,Transformer_zFacet:STRUCTx1,Draw_SVertex:STRUCTx1,Draw_tPixMap:STRUCTx1,Sched_tFunctionSchedule:STRUCTx1,Draw_tCacheHeader:STRUCTx1,AISpeechInfo_t:STRUCTx1,Cars_tAudio:STRUCTx1,Sched_tSchedule:STRUCTx1,Car_tControl:STRUCTx1,Transformer_zObj:STRUCTx1,tReplayInterface:STRUCTx1,BO_tNewtonCollisionInfo:STRUCTx1,Car_tWheel:STRUCTx1,GameSetup_tPerpData:STRUCTx1,AIScript_t:STRUCTx1,AIPerson_t:STRUCTx1,GameSetup_tControllerData:STRUCTx1,tControllerData:STRUCTx1,DRender_tCalcView:STRUCTx1,Cars_tRenderInfo:STRUCTx1,Car_tStats:STRUCTx1; retail_duplicate_typedefs=81; source_duplicate_typedefs=49
recon/game/common/scene.cpp	scene.obj	OK	84	84	0	0	2	2	205	151	0	1	0	0	66	16	retail_duplicate_named=BO_tNewtonObjx1; typedef_count_missing=Trk_NewSimQuad:STRUCTx1,Transformer_zUV:STRUCTx1,ObjectAnim:STRUCTx3,ObjectFinishedMultiAnim:STRUCTx3,Transformer_zOverlay:STRUCTx1,Trk_ObjectDef:STRUCTx2,COORD16:STRUCTx1,Trk_Quad:STRUCTx1,AIScript_tReactionDetails:STRUCTx1,CCOORD16:STRUCTx1,Cars_tCollisionInfo:STRUCTx1,Draw_CarVertex:STRUCTx1,PCOORD16:STRUCTx1,Draw_PrimStruct:STRUCTx1,Transformer_zFacet:STRUCTx1,Trk_AnimateInst:STRUCTx2,CSceneList:STRUCTx2,Draw_SVertex:STRUCTx1,Draw_tPixMap:STRUCTx1,Sched_tFunctionSchedule:STRUCTx1,AnimScript:STRUCTx1,Draw_tCacheHeader:STRUCTx1,Trk_SimObject:STRUCTx2,AISpeechInfo_t:STRUCTx1,Cars_tAudio:STRUCTx1,Car_tControl:STRUCTx1,Transformer_zObj:STRUCTx1,Trk_CollideBoomInst:STRUCTx2,BO_tNewtonCollisionInfo:STRUCTx1,Car_tWheel:STRUCTx1,ObjectFinishedSignAnim:STRUCTx3,GameSetup_tPerpData:STRUCTx1; retail_duplicate_typedefs=66; source_duplicate_typedefs=16
recon/game/common/schedule.cpp	schedule.obj	OK	27	27	0	0	2	2	80	74	0	0	0	0	13	7	typedef_count_missing=Sched_tFunctionSchedule:STRUCTx1,Sched_tSchedule:STRUCTx1,GameSetup_tPerpData:STRUCTx1,GameSetup_tControllerData:STRUCTx1,GameSetup_tCarData:STRUCTx1,GameSetup_tUserSetting:STRUCTx1; retail_duplicate_typedefs=13; source_duplicate_typedefs=7
recon/game/common/sim.cpp	sim.obj	OK	120	120	0	0	7	7	360	241	0	3	0	0	189	85	retail_duplicate_named=BO_tNewtonObjx1,AIHigh_BTC_HumanCopx1,TCBx1; typedef_count_missing=Trk_NewSimQuad:STRUCTx1,Transformer_zUV:STRUCTx1,Transformer_zOverlay:STRUCTx1,COORD16:STRUCTx1,Trk_Quad:STRUCTx1,AIScript_tReactionDetails:STRUCTx1,CCOORD16:STRUCTx1,Cars_tCollisionInfo:STRUCTx1,Draw_CarVertex:STRUCTx1,PCOORD16:STRUCTx1,copGame_t:STRUCTx5,trigger_anyTrigger_t:STRUCTx2,AICop_BasicPerpInfo:STRUCTx8,Draw_PrimStruct:STRUCTx1,Transformer_zFacet:STRUCTx1,coorddef:STRUCTx2,Draw_SVertex:STRUCTx1,Draw_tPixMap:STRUCTx1,Sched_tFunctionSchedule:STRUCTx1,Draw_tCacheHeader:STRUCTx1,trigger_pathPosition_t:STRUCTx2,trigger_roadblock_t:STRUCTx2,trigger_simple_t:STRUCTx2,AIHigh_Base:STRUCTx3,AISpeechInfo_t:STRUCTx1,Cars_tAudio:STRUCTx1,Sched_tSchedule:STRUCTx1,Sim_tSimGlobalVar:STRUCTx1,Car_tControl:STRUCTx1,Sim_tSimSystemVar:STRUCTx1,Skidmark_Segment:STRUCTx1,Transformer_zObj:STRUCTx1; retail_duplicate_typedefs=189; source_duplicate_typedefs=85
recon/game/common/simplemem.cpp	simplemem.obj	OK	22	22	0	0	2	2	72	67	0	0	0	0	11	6	typedef_count_missing=SimpleMem:STRUCTx5; retail_duplicate_typedefs=11; source_duplicate_typedefs=6
recon/game/common/simqueue.cpp	simqueue.obj	OK	74	74	0	0	2	2	166	132	0	1	0	0	41	14	retail_duplicate_named=BO_tNewtonObjx1; typedef_count_missing=Trk_NewSimQuad:STRUCTx1,Transformer_zUV:STRUCTx1,Transformer_zOverlay:STRUCTx1,COORD16:STRUCTx1,Trk_Quad:STRUCTx1,AIScript_tReactionDetails:STRUCTx1,CCOORD16:STRUCTx1,Cars_tCollisionInfo:STRUCTx1,Draw_CarVertex:STRUCTx1,PCOORD16:STRUCTx1,Draw_PrimStruct:STRUCTx1,Transformer_zFacet:STRUCTx1,Draw_SVertex:STRUCTx1,Draw_tPixMap:STRUCTx1,Sched_tFunctionSchedule:STRUCTx1,Draw_tCacheHeader:STRUCTx1,AISpeechInfo_t:STRUCTx1,Cars_tAudio:STRUCTx1,Car_tControl:STRUCTx1,Transformer_zObj:STRUCTx1,BO_tNewtonCollisionInfo:STRUCTx1,Car_tWheel:STRUCTx1,GameSetup_tPerpData:STRUCTx1,AIScript_t:STRUCTx1,AIPerson_t:STRUCTx1,GameSetup_tControllerData:STRUCTx1,DRender_tCalcView:STRUCTx1,Cars_tRenderInfo:STRUCTx1,Car_tStats:STRUCTx1,GameSetup_tCarData:STRUCTx1,GameSetup_tUserSetting:STRUCTx1,Car_tSpecs:STRUCTx1; retail_duplicate_typedefs=41; source_duplicate_typedefs=14
recon/game/common/souffle.cpp	souffle.obj	OK	77	77	0	0	2	2	189	153	0	2	0	0	63	32	retail_duplicate_named=TCBx1,BO_tNewtonObjx1; typedef_count_missing=Trk_NewSimQuad:STRUCTx1,Transformer_zUV:STRUCTx1,Transformer_zOverlay:STRUCTx1,COORD16:STRUCTx1,Trk_Quad:STRUCTx1,AIScript_tReactionDetails:STRUCTx1,CCOORD16:STRUCTx1,Cars_tCollisionInfo:STRUCTx1,Draw_CarVertex:STRUCTx1,PCOORD16:STRUCTx1,Draw_PrimStruct:STRUCTx1,Transformer_zFacet:STRUCTx1,Draw_SVertex:STRUCTx1,Draw_tPixMap:STRUCTx1,Sched_tFunctionSchedule:STRUCTx1,Draw_tCacheHeader:STRUCTx1,AISpeechInfo_t:STRUCTx1,Cars_tAudio:STRUCTx1,Sched_tSchedule:STRUCTx1,Car_tControl:STRUCTx1,Transformer_zObj:STRUCTx1,BO_tNewtonCollisionInfo:STRUCTx1,Car_tWheel:STRUCTx1,GameSetup_tPerpData:STRUCTx1,AIScript_t:STRUCTx1,AIPerson_t:STRUCTx1,GameSetup_tControllerData:STRUCTx1,DRender_tCalcView:STRUCTx1,DRender_tView:STRUCTx1,Cars_tRenderInfo:STRUCTx1,Car_tStats:STRUCTx1,GameSetup_tCarData:STRUCTx1; retail_duplicate_typedefs=63; source_duplicate_typedefs=32
recon/game/common/spchevnt.c	..\eaclib\psx\spchpsxz.lib(spchevnt.obj)	OK	0	0	0	0	0	0	0	0	0	0	0	0	0	0
recon/game/common/speech.cpp	Speech.obj	DIFF	112	112	0	0	5	5	579	515	435	4	6	490	405	798	named_extra=AICop_RoadBlockState,AIDataRecord_RecordMethod_t,AIDataRecord_WhichRecord_t,AIHigh_CopGameType_t,AIHigh_tAttackMode,AIHigh_tDriveAwayMode,Gear_t,MANAGERTASK,PRODUCTLOC,PinkSlipsCarSelectState,PinkSlipsErrorCode,VALIDITY,VIDEOSTATE,Weather_tState,Wingman_Role,blockadeMode_t,copType,crimeType,cruiseMode_t,eRampType,forceFocus_t,s_type,stateType_t,tAppCommand,tCarClassType,tCarListType,tCarModels,tCarNameLength,tCarStatType,tCheatCode,tFront_ProcessingType,tInputKeyType; retail_duplicate_named=BO_tNewtonObjx1,MobileSpeakerx1,DispatchSpeakerx1,TCBx1; anonymous_extra=ENTAG:4x1,ENTAG:4x1,ENTAG:4x1,ENTAG:4x1,ENTAG:4x1,STRTAG:8x1; typedef_count_missing=Trk_NewSimQuad:STRUCTx1,Transformer_zUV:STRUCTx1,Transformer_zOverlay:STRUCTx1,COORD16:STRUCTx1,Trk_Quad:STRUCTx1,AIScript_tReactionDetails:STRUCTx1,CCOORD16:STRUCTx1,Cars_tCollisionInfo:STRUCTx1,Draw_CarVertex:STRUCTx1,PCOORD16:STRUCTx1,CarBank:STRUCTx6,CarBankName:STRUCTx3,Draw_PrimStruct:STRUCTx1,Transformer_zFacet:STRUCTx1,Draw_SVertex:STRUCTx1,Draw_tPixMap:STRUCTx1,LocationBank:STRUCTx5,Sched_tFunctionSchedule:STRUCTx1,Draw_tCacheHeader:STRUCTx1,AISpeechInfo_t:STRUCTx1,Cars_tAudio:STRUCTx1,Car_tControl:STRUCTx1,Skidmark_Segment:STRUCTx1,Transformer_zObj:STRUCTx1,BO_tNewtonCollisionInfo:STRUCTx1,Car_tWheel:STRUCTx1,GameSetup_tPerpData:STRUCTx1,AIScript_t:STRUCTx1,CallSignBank:STRUCTx3,AIPerson_t:STRUCTx1,GameSetup_tControllerData:STRUCTx1,DRender_tCalcView:STRUCTx1; typedefs_extra=tMemIcon:ARY ARY ARY CHAR,CarLogic_tObservations:ARY ARY INT,FEMATRIX:ARY ARY INT,Night_tCopLightingTable:ARY ARY UCHAR,Night_tLightingTable:ARY ARY UCHAR,FEVECTOR:ARY INT,tItemList:ARY PTR STRUCT,tPItemList:ARY PTR STRUCT,tTextLocation:ARY SHORT,tArrowLocation:ARY SHORT,tSaveRecords:ARY STRUCT,Night_tWeatherLightingTable:ARY UCHAR,DECDCTTAB:ARY USHORT,AICop_RoadBlockState:ENUM,AIDataRecord_RecordMethod_t:ENUM,AIDataRecord_WhichRecord_t:ENUM,AIHigh_CopGameType_t:ENUM,AIHigh_tAttackMode:ENUM,AIHigh_tDriveAwayMode:ENUM,Gear_t:ENUM,MANAGERTASK:ENUM,PRODUCTLOC:ENUM,PinkSlipsCarSelectState:ENUM,PinkSlipsErrorCode:ENUM,VALIDITY:ENUM,VIDEOSTATE:ENUM,Weather_tState:ENUM,Wingman_Role:ENUM,blockadeMode_t:ENUM,copType:ENUM,crimeType:ENUM,cruiseMode_t:ENUM; retail_duplicate_typedefs=405; source_duplicate_typedefs=798
recon/game/common/stats.cpp	stats.obj	OK	73	73	0	0	2	2	189	154	0	1	0	0	66	35	retail_duplicate_named=BO_tNewtonObjx1; typedef_count_missing=Trk_NewSimQuad:STRUCTx1,Transformer_zUV:STRUCTx1,Transformer_zOverlay:STRUCTx1,COORD16:STRUCTx1,Trk_Quad:STRUCTx1,AIScript_tReactionDetails:STRUCTx1,CCOORD16:STRUCTx1,Cars_tCollisionInfo:STRUCTx1,Draw_CarVertex:STRUCTx1,PCOORD16:STRUCTx1,Draw_PrimStruct:STRUCTx1,Transformer_zFacet:STRUCTx1,Draw_SVertex:STRUCTx1,Draw_tPixMap:STRUCTx1,Sched_tFunctionSchedule:STRUCTx1,Stats_tPosition:STRUCTx1,Draw_tCacheHeader:STRUCTx1,AISpeechInfo_t:STRUCTx1,Cars_tAudio:STRUCTx1,Sched_tSchedule:STRUCTx1,Car_tControl:STRUCTx1,Transformer_zObj:STRUCTx1,BO_tNewtonCollisionInfo:STRUCTx1,Car_tWheel:STRUCTx1,GameSetup_tPerpData:STRUCTx1,AIScript_t:STRUCTx1,AIPerson_t:STRUCTx1,GameSetup_tControllerData:STRUCTx1,DRender_tCalcView:STRUCTx1,Cars_tRenderInfo:STRUCTx1,Car_tStats:STRUCTx1,GameSetup_tCarData:STRUCTx1; retail_duplicate_typedefs=66; source_duplicate_typedefs=35
recon/game/common/textsys.cpp	Textsys.obj	OK	22	22	0	0	2	2	67	67	0	0	0	0	0	0
recon/game/common/track.cpp	Track.obj	OK	84	84	0	0	2	2	258	206	0	2	0	0	130	99	retail_duplicate_named=BO_tNewtonObjx1,TCBx1; typedef_count_missing=Trk_NewSimQuad:STRUCTx1,CNightSpec:STRUCTx1,ObjectAnim:STRUCTx3,ObjectFinishedMultiAnim:STRUCTx3,Trk_ObjectDef:STRUCTx2,COORD16:STRUCTx1,Trk_Quad:STRUCTx1,CCOORD16:STRUCTx1,CDepthCueSpec:STRUCTx1,CWeatherSpec:STRUCTx1,Draw_CarVertex:STRUCTx1,PCOORD16:STRUCTx1,Trk_Material:STRUCTx1,Draw_PrimStruct:STRUCTx1,SimpleMem:STRUCTx3,Trk_AnimateInst:STRUCTx2,coorddef:STRUCTx1,CFogSpec:STRUCTx1,CWorldColor:STRUCTx1,Draw_SVertex:STRUCTx1,Sched_tFunctionSchedule:STRUCTx1,SerializedGroup:STRUCTx2,AnimScript:STRUCTx1,Draw_tCacheHeader:STRUCTx1,Trk_SimObject:STRUCTx2,Trk_SimpleInst:STRUCTx1,Sched_tSchedule:STRUCTx1,Trk_CollideBoomInst:STRUCTx2,matrixtdef:STRUCTx1,BO_tNewtonCollisionInfo:STRUCTx1,CHorizonSpec:STRUCTx1,ObjectFinishedSignAnim:STRUCTx3; retail_duplicate_typedefs=130; source_duplicate_typedefs=99
recon/game/common/trgsfx.cpp	TrgSfx.obj	OK	83	83	0	0	2	2	220	180	0	2	0	0	88	54	retail_duplicate_named=BO_tNewtonObjx1,TCBx1; typedef_count_missing=Trk_NewSimQuad:STRUCTx1,Transformer_zUV:STRUCTx1,Transformer_zOverlay:STRUCTx1,COORD16:STRUCTx1,Trk_Quad:STRUCTx1,AIScript_tReactionDetails:STRUCTx1,CCOORD16:STRUCTx1,Cars_tCollisionInfo:STRUCTx1,Draw_CarVertex:STRUCTx1,PCOORD16:STRUCTx1,Draw_PrimStruct:STRUCTx1,Transformer_zFacet:STRUCTx1,Draw_SVertex:STRUCTx1,Draw_tPixMap:STRUCTx1,Sched_tFunctionSchedule:STRUCTx1,Draw_tCacheHeader:STRUCTx1,AISpeechInfo_t:STRUCTx1,Cars_tAudio:STRUCTx1,Sched_tSchedule:STRUCTx1,Car_tControl:STRUCTx1,Skidmark_Segment:STRUCTx1,Transformer_zObj:STRUCTx1,tSkid:STRUCTx1,BO_tNewtonCollisionInfo:STRUCTx1,Car_tWheel:STRUCTx1,GameSetup_tPerpData:STRUCTx1,AIScript_t:STRUCTx1,Souffle_tISouffle:STRUCTx1,AIPerson_t:STRUCTx1,GameSetup_tControllerData:STRUCTx1,DRender_tCalcView:STRUCTx1,Cars_tRenderInfo:STRUCTx1; retail_duplicate_typedefs=88; source_duplicate_typedefs=54
recon/game/common/udff.cpp	udff.obj	OK	23	23	0	0	2	2	73	70	0	0	0	0	10	7	typedef_count_missing=Udff_tInfo:STRUCTx3; retail_duplicate_typedefs=10; source_duplicate_typedefs=7
recon/game/psx/audio.cpp	audio.obj	OK	80	80	0	0	2	2	172	138	0	1	0	0	40	13	retail_duplicate_named=BO_tNewtonObjx1; typedef_count_missing=Trk_NewSimQuad:STRUCTx1,Transformer_zUV:STRUCTx1,Transformer_zOverlay:STRUCTx1,COORD16:STRUCTx1,Trk_Quad:STRUCTx1,AIScript_tReactionDetails:STRUCTx1,CCOORD16:STRUCTx1,Cars_tCollisionInfo:STRUCTx1,Draw_CarVertex:STRUCTx1,PCOORD16:STRUCTx1,Draw_PrimStruct:STRUCTx1,Transformer_zFacet:STRUCTx1,Draw_SVertex:STRUCTx1,Draw_tPixMap:STRUCTx1,Sched_tFunctionSchedule:STRUCTx1,Draw_tCacheHeader:STRUCTx1,AISpeechInfo_t:STRUCTx1,Cars_tAudio:STRUCTx1,Car_tControl:STRUCTx1,Transformer_zObj:STRUCTx1,BO_tNewtonCollisionInfo:STRUCTx1,Car_tWheel:STRUCTx1,GameSetup_tPerpData:STRUCTx1,AIScript_t:STRUCTx1,AIPerson_t:STRUCTx1,GameSetup_tControllerData:STRUCTx1,DRender_tCalcView:STRUCTx1,Cars_tRenderInfo:STRUCTx1,Car_tStats:STRUCTx1,GameSetup_tCarData:STRUCTx1,GameSetup_tUserSetting:STRUCTx1,Car_tSpecs:STRUCTx1; retail_duplicate_typedefs=40; source_duplicate_typedefs=13
recon/game/psx/cario.cpp	CarIO.obj	OK	72	72	0	0	2	2	197	162	0	1	0	0	76	52	retail_duplicate_named=BO_tNewtonObjx1; typedef_count_missing=Trk_NewSimQuad:STRUCTx1,Transformer_zUV:STRUCTx1,Transformer_zOverlay:STRUCTx1,COORD16:STRUCTx1,Trk_Quad:STRUCTx1,AIScript_tReactionDetails:STRUCTx1,CCOORD16:STRUCTx1,Cars_tCollisionInfo:STRUCTx1,Draw_CarVertex:STRUCTx1,PCOORD16:STRUCTx1,CarIO_textureInfo:STRUCTx2,Draw_PrimStruct:STRUCTx1,Transformer_zFacet:STRUCTx1,Draw_SVertex:STRUCTx1,Sched_tFunctionSchedule:STRUCTx1,Draw_tCacheHeader:STRUCTx1,AISpeechInfo_t:STRUCTx1,Cars_tAudio:STRUCTx1,Car_tControl:STRUCTx1,Transformer_zObj:STRUCTx1,BO_tNewtonCollisionInfo:STRUCTx1,Car_tWheel:STRUCTx1,GameSetup_tPerpData:STRUCTx1,AIScript_t:STRUCTx1,AIPerson_t:STRUCTx1,GameSetup_tControllerData:STRUCTx1,DRender_tCalcView:STRUCTx1,Cars_tRenderInfo:STRUCTx1,Car_tStats:STRUCTx1,GameSetup_tCarData:STRUCTx1,GameSetup_tUserSetting:STRUCTx1,Car_tSpecs:STRUCTx1; retail_duplicate_typedefs=76; source_duplicate_typedefs=52
recon/game/psx/device.cpp	device.obj	OK	88	88	0	0	2	2	226	151	0	2	0	0	81	13	retail_duplicate_named=BO_tNewtonObjx1,tMenux1; typedef_count_missing=Trk_NewSimQuad:STRUCTx1,Transformer_zUV:STRUCTx1,Transformer_zOverlay:STRUCTx1,tOwnedCarInfo:STRUCTx1,COORD16:STRUCTx1,Trk_Quad:STRUCTx1,AIScript_tReactionDetails:STRUCTx1,CCOORD16:STRUCTx1,Cars_tCollisionInfo:STRUCTx1,Draw_CarVertex:STRUCTx1,PCOORD16:STRUCTx1,Draw_PrimStruct:STRUCTx1,Transformer_zFacet:STRUCTx1,Draw_SVertex:STRUCTx1,Draw_tPixMap:STRUCTx1,Sched_tFunctionSchedule:STRUCTx1,tListIterator:STRUCTx5,Draw_tCacheHeader:STRUCTx1,AISpeechInfo_t:STRUCTx1,Cars_tAudio:STRUCTx1,Sched_tSchedule:STRUCTx1,Car_tControl:STRUCTx1,Transformer_zObj:STRUCTx1,tMenuItem:STRUCTx15,BO_tNewtonCollisionInfo:STRUCTx1,Car_tWheel:STRUCTx1,GameSetup_tPerpData:STRUCTx1,AIScript_t:STRUCTx1,AIPerson_t:STRUCTx1,GameSetup_tControllerData:STRUCTx1,tMenu:STRUCTx15,DRender_tCalcView:STRUCTx1; retail_duplicate_typedefs=81; source_duplicate_typedefs=13
recon/game/psx/draw.cpp	Draw.obj	OK	42	42	0	0	2	2	117	99	0	1	0	0	35	28	retail_duplicate_named=TCBx1; typedef_count_missing=COORD16:STRUCTx1,Draw_CarVertex:STRUCTx1,PCOORD16:STRUCTx1,Draw_PrimStruct:STRUCTx1,Draw_SVertex:STRUCTx1,Draw_tPixMap:STRUCTx1,Draw_tCacheHeader:STRUCTx1,dflip:STRUCTx2,GameSetup_tPerpData:STRUCTx1,GameSetup_tControllerData:STRUCTx1,DRender_tCalcView:STRUCTx1,GameSetup_tCarData:STRUCTx1,Draw_tView:STRUCTx3,GameSetup_tUserSetting:STRUCTx1,Draw_DCache:STRUCTx1; retail_duplicate_typedefs=35; source_duplicate_typedefs=28
recon/game/psx/drawc.cpp	DrawC.obj	OK	105	105	0	0	2	2	389	307	0	3	0	0	224	179	retail_duplicate_named=TCBx1,BO_tNewtonObjx1,tMenux1; typedef_count_missing=Trk_NewSimQuad:STRUCTx1,Transformer_zUV:STRUCTx1,Transformer_zOverlay:STRUCTx1,tOwnedCarInfo:STRUCTx1,DrawC_tEnvMap:STRUCTx1,Trk_Quad:STRUCTx1,AIScript_tReactionDetails:STRUCTx1,CCOORD16:STRUCTx1,Cars_tCollisionInfo:STRUCTx1,Draw_CarVertex:STRUCTx3,Draw_tVertex:STRUCTx1,Draw_PrimStruct:STRUCTx1,Transformer_zFacet:STRUCTx1,Draw_SVertex:STRUCTx1,Draw_tPixMap:STRUCTx1,FLARE_PIECE_DEF:STRUCTx1,Sched_tFunctionSchedule:STRUCTx1,tListIterator:STRUCTx5,Draw_tCacheHeader:STRUCTx1,AISpeechInfo_t:STRUCTx1,Cars_tAudio:STRUCTx1,Sched_tSchedule:STRUCTx1,Car_tControl:STRUCTx1,Skidmark_Segment:STRUCTx1,Transformer_zObj:STRUCTx1,tMenuItem:STRUCTx15,BO_tNewtonCollisionInfo:STRUCTx1,Car_tWheel:STRUCTx1,GameSetup_tPerpData:STRUCTx1,AIScript_t:STRUCTx1,AIPerson_t:STRUCTx1,GameSetup_tControllerData:STRUCTx1; retail_duplicate_typedefs=224; source_duplicate_typedefs=179
recon/game/psx/draww.cpp	DrawW.obj	OK	120	120	0	0	2	2	424	349	0	4	0	0	245	245	retail_duplicate_named=TCBx1,BO_tNewtonObjx1,AIDataRecord_AccTable_tx1,AIDataRecord_CurveSpeedTable_tx1; typedef_count_missing=Trk_NewSimQuad:STRUCTx1,Transformer_zUV:STRUCTx1,CNightSpec:STRUCTx1,ObjectFinishedMultiAnim:STRUCTx3,Transformer_zOverlay:STRUCTx1,Trk_Line:STRUCTx1,Trk_ObjectDef:STRUCTx2,COORD16:STRUCTx1,AIScript_tReactionDetails:STRUCTx1,CDepthCueSpec:STRUCTx1,CWeatherSpec:STRUCTx1,Cars_tCollisionInfo:STRUCTx1,Draw_CarVertex:STRUCTx1,PCOORD16:STRUCTx1,tQuat:STRUCTx1,Draw_PrimStruct:STRUCTx1,Transformer_zFacet:STRUCTx1,Trk_AnimateInst:STRUCTx2,CFogSpec:STRUCTx1,CWorldColor:STRUCTx1,Draw_SVertex:STRUCTx1,Draw_tPixMap:STRUCTx1,FLARE_PIECE_DEF:STRUCTx1,Sched_tFunctionSchedule:STRUCTx1,AnimScript:STRUCTx1,Draw_tCacheHeader:STRUCTx1,Trk_SimObject:STRUCTx2,Trk_SimpleInst:STRUCTx1,AISpeechInfo_t:STRUCTx1,Cars_tAudio:STRUCTx1,Sched_tSchedule:STRUCTx1,Car_tControl:STRUCTx1; retail_duplicate_typedefs=245; source_duplicate_typedefs=245
recon/game/psx/fe3dmenu.cpp	fe3dmenu.obj	OK	84	84	0	0	2	2	223	178	0	2	0	0	90	52	retail_duplicate_named=TCBx1,BO_tNewtonObjx1; typedef_count_missing=Trk_NewSimQuad:STRUCTx1,Transformer_zUV:STRUCTx1,Transformer_zOverlay:STRUCTx1,COORD16:STRUCTx2,Trk_Quad:STRUCTx1,AIScript_tReactionDetails:STRUCTx1,CCOORD16:STRUCTx1,Cars_tCollisionInfo:STRUCTx1,Draw_CarVertex:STRUCTx1,PCOORD16:STRUCTx1,Draw_PrimStruct:STRUCTx1,Transformer_zFacet:STRUCTx1,coorddef:STRUCTx1,Draw_SVertex:STRUCTx1,Draw_tPixMap:STRUCTx1,Sched_tFunctionSchedule:STRUCTx1,Draw_tCacheHeader:STRUCTx1,AISpeechInfo_t:STRUCTx1,Cars_tAudio:STRUCTx1,Sched_tSchedule:STRUCTx1,Car_tControl:STRUCTx1,Skidmark_Segment:STRUCTx1,Transformer_zObj:STRUCTx1,matrixtdef:STRUCTx2,BO_tNewtonCollisionInfo:STRUCTx1,Car_tWheel:STRUCTx1,GameSetup_tPerpData:STRUCTx1,AIScript_t:STRUCTx1,AIPerson_t:STRUCTx1,GameSetup_tControllerData:STRUCTx1,DRender_tCalcView:STRUCTx1,DRender_tView:STRUCTx2; retail_duplicate_typedefs=90; source_duplicate_typedefs=52
recon/game/psx/flare.cpp	flare.obj	OK	93	93	0	0	2	2	224	176	0	2	0	0	82	139	retail_duplicate_named=TCBx1,BO_tNewtonObjx1; typedef_count_missing=Trk_NewSimQuad:STRUCTx1,Transformer_zUV:STRUCTx1,CNightSpec:STRUCTx1,Transformer_zOverlay:STRUCTx1,COORD16:STRUCTx1,Trk_Quad:STRUCTx1,AIScript_tReactionDetails:STRUCTx1,CCOORD16:STRUCTx1,CDepthCueSpec:STRUCTx1,CWeatherSpec:STRUCTx1,Cars_tCollisionInfo:STRUCTx1,Draw_CarVertex:STRUCTx1,PCOORD16:STRUCTx1,Draw_PrimStruct:STRUCTx1,Transformer_zFacet:STRUCTx1,CFogSpec:STRUCTx1,CWorldColor:STRUCTx1,Draw_SVertex:STRUCTx1,Draw_tPixMap:STRUCTx1,FLARE_PIECE_DEF:STRUCTx2,Flare_tInfo:STRUCTx1,Sched_tFunctionSchedule:STRUCTx1,Draw_FlareCache:STRUCTx1,Draw_tCacheHeader:STRUCTx1,AISpeechInfo_t:STRUCTx1,Cars_tAudio:STRUCTx1,Sched_tSchedule:STRUCTx1,Car_tControl:STRUCTx1,Transformer_zObj:STRUCTx1,BO_tNewtonCollisionInfo:STRUCTx1,CHorizonSpec:STRUCTx1,Car_tWheel:STRUCTx1; retail_duplicate_typedefs=82; source_duplicate_typedefs=139
recon/game/psx/font.cpp	font.obj	OK	36	36	0	0	2	2	103	103	0	0	0	0	20	49	retail_duplicate_typedefs=20; source_duplicate_typedefs=49
recon/game/psx/force.cpp	force.obj	OK	76	76	0	0	2	2	198	164	0	2	0	0	72	41	retail_duplicate_named=BO_tNewtonObjx1,TCBx1; typedef_count_missing=Trk_NewSimQuad:STRUCTx1,Transformer_zUV:STRUCTx1,Transformer_zOverlay:STRUCTx1,COORD16:STRUCTx1,Trk_Quad:STRUCTx1,AIScript_tReactionDetails:STRUCTx1,CCOORD16:STRUCTx1,Cars_tCollisionInfo:STRUCTx1,Draw_CarVertex:STRUCTx1,PCOORD16:STRUCTx1,Draw_PrimStruct:STRUCTx1,Transformer_zFacet:STRUCTx1,Draw_SVertex:STRUCTx1,Draw_tPixMap:STRUCTx1,Sched_tFunctionSchedule:STRUCTx1,Draw_tCacheHeader:STRUCTx1,AISpeechInfo_t:STRUCTx1,Cars_tAudio:STRUCTx1,Sched_tSchedule:STRUCTx1,Car_tControl:STRUCTx1,Transformer_zObj:STRUCTx1,BO_tNewtonCollisionInfo:STRUCTx1,Car_tWheel:STRUCTx1,GameSetup_tPerpData:STRUCTx1,AIScript_t:STRUCTx1,AIPerson_t:STRUCTx1,DRender_tCalcView:STRUCTx1,Cars_tRenderInfo:STRUCTx1,Car_tStats:STRUCTx1,GameSetup_tCarData:STRUCTx1,GameSetup_tUserSetting:STRUCTx1,Car_tSpecs:STRUCTx1; retail_duplicate_typedefs=72; source_duplicate_typedefs=41
recon/game/psx/hrzsku.cpp	hrzsku.obj	OK	75	75	0	0	2	2	194	165	0	2	0	0	70	96	retail_duplicate_named=TCBx1,BO_tNewtonObjx1; typedef_count_missing=CNightSpec:STRUCTx1,COORD16:STRUCTx1,Trk_Quad:STRUCTx1,CDepthCueSpec:STRUCTx1,CWeatherSpec:STRUCTx1,Draw_CarVertex:STRUCTx1,PCOORD16:STRUCTx1,Draw_PrimStruct:STRUCTx1,CFogSpec:STRUCTx1,CWorldColor:STRUCTx1,Draw_SVertex:STRUCTx1,Draw_tPixMap:STRUCTx1,FLARE_PIECE_DEF:STRUCTx1,Draw_tCacheHeader:STRUCTx1,Skidmark_Segment:STRUCTx1,CHorizonSpec:STRUCTx1,GameSetup_tPerpData:STRUCTx1,GameSetup_tControllerData:STRUCTx1,DRender_tCalcView:STRUCTx1,DRender_tView:STRUCTx1,CSkySpec:STRUCTx1,GameSetup_tCarData:STRUCTx1,GameSetup_tUserSetting:STRUCTx1,Draw_DCache:STRUCTx2,Draw_SubdivStruct:STRUCTx1,Draw_HorizonCache:STRUCTx1,Skidmark_Chunk:STRUCTx1,Draw_SkyCache:STRUCTx1; retail_duplicate_typedefs=70; source_duplicate_typedefs=96
recon/game/psx/hud.cpp	hud.obj	OK	103	103	0	0	2	2	291	209	0	4	0	0	130	118	retail_duplicate_named=BO_tNewtonObjx1,AIDataRecord_AccTable_tx1,AIDataRecord_CurveSpeedTable_tx1,tMenux1; typedef_count_missing=Trk_NewSimQuad:STRUCTx1,Transformer_zUV:STRUCTx1,Transformer_zOverlay:STRUCTx1,tOwnedCarInfo:STRUCTx1,COORD16:STRUCTx1,Trk_Quad:STRUCTx1,AIScript_tReactionDetails:STRUCTx1,CCOORD16:STRUCTx1,Cars_tCollisionInfo:STRUCTx1,Draw_CarVertex:STRUCTx1,PCOORD16:STRUCTx1,Draw_PrimStruct:STRUCTx1,Transformer_zFacet:STRUCTx1,Draw_SVertex:STRUCTx1,Draw_tPixMap:STRUCTx1,FLARE_PIECE_DEF:STRUCTx1,Sched_tFunctionSchedule:STRUCTx1,tListIterator:STRUCTx5,Draw_tCacheHeader:STRUCTx1,AISpeechInfo_t:STRUCTx1,Cars_tAudio:STRUCTx1,Sched_tSchedule:STRUCTx1,Car_tControl:STRUCTx1,Transformer_zObj:STRUCTx1,tMenuItem:STRUCTx15,BO_tNewtonCollisionInfo:STRUCTx1,Car_tWheel:STRUCTx1,GameSetup_tPerpData:STRUCTx1,AIScript_t:STRUCTx1,AIPerson_t:STRUCTx1,AIDataRecord_t:STRUCTx7,GameSetup_tControllerData:STRUCTx1; retail_duplicate_typedefs=130; source_duplicate_typedefs=118
recon/game/psx/loading.cpp	loading.obj	OK	36	36	0	0	2	2	89	77	0	0	0	0	13	2	typedef_count_missing=COORD16:STRUCTx1,Draw_CarVertex:STRUCTx1,PCOORD16:STRUCTx1,Draw_PrimStruct:STRUCTx1,Draw_SVertex:STRUCTx1,Draw_tPixMap:STRUCTx1,Draw_tCacheHeader:STRUCTx1,GameSetup_tPerpData:STRUCTx1,GameSetup_tControllerData:STRUCTx1,DRender_tCalcView:STRUCTx1,GameSetup_tCarData:STRUCTx1,GameSetup_tUserSetting:STRUCTx1; retail_duplicate_typedefs=13; source_duplicate_typedefs=2
recon/game/psx/night.cpp	night.obj	OK	92	92	0	0	2	2	206	159	0	2	0	0	62	26	retail_duplicate_named=TCBx1,BO_tNewtonObjx1; typedef_count_missing=Trk_NewSimQuad:STRUCTx1,Transformer_zUV:STRUCTx1,CNightSpec:STRUCTx1,Transformer_zOverlay:STRUCTx1,COORD16:STRUCTx1,Trk_Quad:STRUCTx1,AIScript_tReactionDetails:STRUCTx1,CCOORD16:STRUCTx1,CDepthCueSpec:STRUCTx1,CWeatherSpec:STRUCTx1,Cars_tCollisionInfo:STRUCTx1,Draw_CarVertex:STRUCTx1,PCOORD16:STRUCTx1,Draw_PrimStruct:STRUCTx1,Transformer_zFacet:STRUCTx1,CFogSpec:STRUCTx1,CWorldColor:STRUCTx1,Draw_SVertex:STRUCTx1,Draw_tPixMap:STRUCTx1,Sched_tFunctionSchedule:STRUCTx1,Draw_tCacheHeader:STRUCTx1,shapetbl:STRUCTx1,AISpeechInfo_t:STRUCTx1,Cars_tAudio:STRUCTx1,Sched_tSchedule:STRUCTx1,Car_tControl:STRUCTx1,Skidmark_Segment:STRUCTx1,Transformer_zObj:STRUCTx1,BO_tNewtonCollisionInfo:STRUCTx1,CHorizonSpec:STRUCTx1,Car_tWheel:STRUCTx1,GameSetup_tPerpData:STRUCTx1; retail_duplicate_typedefs=62; source_duplicate_typedefs=26
recon/game/psx/overlays.cpp	overlays.obj	OK	74	74	0	0	2	2	171	135	0	1	0	0	42	9	retail_duplicate_named=BO_tNewtonObjx1; typedef_count_missing=Trk_NewSimQuad:STRUCTx1,Transformer_zUV:STRUCTx1,Transformer_zOverlay:STRUCTx1,COORD16:STRUCTx1,Trk_Quad:STRUCTx1,AIScript_tReactionDetails:STRUCTx1,CCOORD16:STRUCTx1,Cars_tCollisionInfo:STRUCTx1,Draw_CarVertex:STRUCTx1,PCOORD16:STRUCTx1,Draw_PrimStruct:STRUCTx1,Transformer_zFacet:STRUCTx1,Draw_SVertex:STRUCTx1,Draw_tPixMap:STRUCTx1,Sched_tFunctionSchedule:STRUCTx1,tBTCPerpInfo:STRUCTx1,Draw_tCacheHeader:STRUCTx1,AISpeechInfo_t:STRUCTx1,Cars_tAudio:STRUCTx1,Sched_tSchedule:STRUCTx1,Car_tControl:STRUCTx1,Transformer_zObj:STRUCTx1,BO_tNewtonCollisionInfo:STRUCTx1,Car_tWheel:STRUCTx1,GameSetup_tPerpData:STRUCTx1,AIScript_t:STRUCTx1,AIPerson_t:STRUCTx1,GameSetup_tControllerData:STRUCTx1,DRender_tCalcView:STRUCTx1,Cars_tRenderInfo:STRUCTx1,Car_tStats:STRUCTx1,GameSetup_tCarData:STRUCTx1; retail_duplicate_typedefs=42; source_duplicate_typedefs=9
recon/game/psx/platform.cpp	platform.obj	OK	76	76	0	0	2	2	168	133	0	2	0	0	41	9	retail_duplicate_named=BO_tNewtonObjx1,TCBx1; typedef_count_missing=Trk_NewSimQuad:STRUCTx1,Transformer_zUV:STRUCTx1,Transformer_zOverlay:STRUCTx1,COORD16:STRUCTx1,Trk_Quad:STRUCTx1,AIScript_tReactionDetails:STRUCTx1,CCOORD16:STRUCTx1,Cars_tCollisionInfo:STRUCTx1,Draw_CarVertex:STRUCTx1,PCOORD16:STRUCTx1,Draw_PrimStruct:STRUCTx1,Transformer_zFacet:STRUCTx1,Draw_SVertex:STRUCTx1,Draw_tPixMap:STRUCTx1,Sched_tFunctionSchedule:STRUCTx1,Draw_tCacheHeader:STRUCTx1,AISpeechInfo_t:STRUCTx1,Cars_tAudio:STRUCTx1,Car_tControl:STRUCTx1,Transformer_zObj:STRUCTx1,DIRENTRY:STRUCTx1,BO_tNewtonCollisionInfo:STRUCTx1,Car_tWheel:STRUCTx1,GameSetup_tPerpData:STRUCTx1,AIScript_t:STRUCTx1,AIPerson_t:STRUCTx1,GameSetup_tControllerData:STRUCTx1,DRender_tCalcView:STRUCTx1,Cars_tRenderInfo:STRUCTx1,Car_tStats:STRUCTx1,GameSetup_tCarData:STRUCTx1,GameSetup_tUserSetting:STRUCTx1; retail_duplicate_typedefs=41; source_duplicate_typedefs=9
recon/game/psx/psxcontroller.cpp	psxcontroller.obj	OK	86	86	0	0	2	2	223	149	0	2	0	0	80	13	retail_duplicate_named=BO_tNewtonObjx1,tMenux1; typedef_count_missing=Trk_NewSimQuad:STRUCTx1,Transformer_zUV:STRUCTx1,Transformer_zOverlay:STRUCTx1,tOwnedCarInfo:STRUCTx1,COORD16:STRUCTx1,Trk_Quad:STRUCTx1,AIScript_tReactionDetails:STRUCTx1,CCOORD16:STRUCTx1,Cars_tCollisionInfo:STRUCTx1,Draw_CarVertex:STRUCTx1,PCOORD16:STRUCTx1,Draw_PrimStruct:STRUCTx1,Transformer_zFacet:STRUCTx1,Draw_SVertex:STRUCTx1,Draw_tPixMap:STRUCTx1,Sched_tFunctionSchedule:STRUCTx1,tListIterator:STRUCTx5,Draw_tCacheHeader:STRUCTx1,AISpeechInfo_t:STRUCTx1,Cars_tAudio:STRUCTx1,Car_tControl:STRUCTx1,Transformer_zObj:STRUCTx1,tMenuItem:STRUCTx15,BO_tNewtonCollisionInfo:STRUCTx1,Car_tWheel:STRUCTx1,GameSetup_tPerpData:STRUCTx1,AIScript_t:STRUCTx1,AIPerson_t:STRUCTx1,GameSetup_tControllerData:STRUCTx1,tMenu:STRUCTx15,DRender_tCalcView:STRUCTx1,Cars_tRenderInfo:STRUCTx1; retail_duplicate_typedefs=80; source_duplicate_typedefs=13
recon/game/psx/rpause.cpp	rpause.obj	OK	35	35	0	0	2	2	83	75	0	1	0	0	8	3	retail_duplicate_named=TCBx1; typedef_count_missing=COORD16:STRUCTx1,Draw_CarVertex:STRUCTx1,PCOORD16:STRUCTx1,Draw_PrimStruct:STRUCTx1,Draw_SVertex:STRUCTx1,Draw_tPixMap:STRUCTx1,Draw_tCacheHeader:STRUCTx1,DRender_tCalcView:STRUCTx1; retail_duplicate_typedefs=8; source_duplicate_typedefs=3
recon/game/psx/sfx.cpp	Sfx.obj	OK	45	45	0	0	2	2	139	122	0	1	0	0	52	55	retail_duplicate_named=TCBx1; typedef_count_missing=COORD16:STRUCTx1,Draw_CarVertex:STRUCTx1,PCOORD16:STRUCTx1,Draw_PrimStruct:STRUCTx1,Draw_SVertex:STRUCTx1,Draw_tPixMap:STRUCTx2,Draw_tCacheHeader:STRUCTx1,Sfx_tCache:STRUCTx1,GameSetup_tPerpData:STRUCTx1,Souffle_tISouffle:STRUCTx2,GameSetup_tControllerData:STRUCTx1,DRender_tCalcView:STRUCTx1,DRender_tView:STRUCTx1,GameSetup_tCarData:STRUCTx1,GameSetup_tUserSetting:STRUCTx1; retail_duplicate_typedefs=52; source_duplicate_typedefs=55
recon/game/psx/skidmark.cpp	skidmark.obj	OK	83	83	0	0	2	2	213	171	0	2	0	0	81	48	retail_duplicate_named=TCBx1,BO_tNewtonObjx1; typedef_count_missing=Trk_NewSimQuad:STRUCTx1,Transformer_zUV:STRUCTx1,Transformer_zOverlay:STRUCTx1,COORD16:STRUCTx1,Trk_Quad:STRUCTx1,AIScript_tReactionDetails:STRUCTx1,CCOORD16:STRUCTx1,Cars_tCollisionInfo:STRUCTx1,Draw_CarVertex:STRUCTx1,PCOORD16:STRUCTx1,Draw_PrimStruct:STRUCTx1,Transformer_zFacet:STRUCTx1,coorddef:STRUCTx2,Draw_SVertex:STRUCTx1,Draw_tPixMap:STRUCTx1,Sched_tFunctionSchedule:STRUCTx1,Draw_tCacheHeader:STRUCTx1,AISpeechInfo_t:STRUCTx1,Cars_tAudio:STRUCTx1,Car_tControl:STRUCTx1,Skidmark_Segment:STRUCTx1,Transformer_zObj:STRUCTx1,tSkid:STRUCTx1,BO_tNewtonCollisionInfo:STRUCTx1,Car_tWheel:STRUCTx1,GameSetup_tPerpData:STRUCTx1,Draw_tCtrlSkidmark:STRUCTx1,AIScript_t:STRUCTx1,AIPerson_t:STRUCTx1,GameSetup_tControllerData:STRUCTx1,DRender_tCalcView:STRUCTx1,DRender_tView:STRUCTx1; retail_duplicate_typedefs=81; source_duplicate_typedefs=48
recon/game/psx/textpix.c	textpix.obj	OK	15	15	0	0	0	0	46	46	0	0	0	0	0	0
recon/game/psx/textpsx.c	textpsx.obj	OK	17	17	0	0	0	0	53	53	0	0	0	0	0	0
recon/game/psx/texture.cpp	Texture.obj	OK	37	37	0	0	2	2	115	94	0	0	0	0	38	22	typedef_count_missing=COORD16:STRUCTx1,Draw_CarVertex:STRUCTx1,PCOORD16:STRUCTx1,Draw_PrimStruct:STRUCTx1,Draw_SVertex:STRUCTx1,Draw_tPixMap:STRUCTx9,Draw_tCacheHeader:STRUCTx1,GameSetup_tPerpData:STRUCTx1,GameSetup_tControllerData:STRUCTx1,DRender_tCalcView:STRUCTx1,GameSetup_tCarData:STRUCTx1,GameSetup_tUserSetting:STRUCTx1,Texture_pal8bit:STRUCTx1; retail_duplicate_typedefs=38; source_duplicate_typedefs=22
recon/game/psx/textureprocess.cpp	TextureProcess.obj	OK	83	83	0	0	2	2	210	167	0	1	0	0	71	35	retail_duplicate_named=BO_tNewtonObjx1; typedef_count_missing=Trk_NewSimQuad:STRUCTx1,Transformer_zUV:STRUCTx1,CNightSpec:STRUCTx1,Transformer_zOverlay:STRUCTx1,COORD16:STRUCTx1,Trk_Quad:STRUCTx1,AIScript_tReactionDetails:STRUCTx1,CCOORD16:STRUCTx1,CDepthCueSpec:STRUCTx1,CWeatherSpec:STRUCTx1,Cars_tCollisionInfo:STRUCTx1,Draw_CarVertex:STRUCTx1,PCOORD16:STRUCTx1,CSVECTOR:STRUCTx2,Draw_PrimStruct:STRUCTx1,Transformer_zFacet:STRUCTx1,CFogSpec:STRUCTx1,CWorldColor:STRUCTx1,Draw_SVertex:STRUCTx1,Draw_tPixMap:STRUCTx1,Sched_tFunctionSchedule:STRUCTx1,Draw_tCacheHeader:STRUCTx1,AISpeechInfo_t:STRUCTx1,Cars_tAudio:STRUCTx1,Car_tControl:STRUCTx1,Transformer_zObj:STRUCTx1,BO_tNewtonCollisionInfo:STRUCTx1,CHorizonSpec:STRUCTx1,Car_tWheel:STRUCTx1,GameSetup_tPerpData:STRUCTx1,AIScript_t:STRUCTx1,AIPerson_t:STRUCTx1; retail_duplicate_typedefs=71; source_duplicate_typedefs=35
recon/game/psx/trackspec.cpp	TrackSpec.obj	OK	35	35	0	0	2	2	103	89	0	0	0	0	23	10	typedef_count_missing=CNightSpec:STRUCTx1,CDepthCueSpec:STRUCTx1,CTrackSpecHeader:STRUCTx1,CWeatherSpec:STRUCTx1,CFogSpec:STRUCTx1,CWorldColor:STRUCTx1,CHorizonSpec:STRUCTx1,GameSetup_tPerpData:STRUCTx1,GameSetup_tControllerData:STRUCTx1,CSkySpec:STRUCTx1,GameSetup_tCarData:STRUCTx1,GameSetup_tUserSetting:STRUCTx1,CTrackSpec:STRUCTx2; retail_duplicate_typedefs=23; source_duplicate_typedefs=10
recon/game/psx/trsproj.cpp	TrsProj.obj	OK	50	50	0	0	2	2	130	111	0	1	0	0	37	27	retail_duplicate_named=BO_tNewtonObjx1; typedef_count_missing=Trk_NewSimQuad:STRUCTx1,COORD16:STRUCTx1,Trk_Quad:STRUCTx1,CCOORD16:STRUCTx1,Draw_CarVertex:STRUCTx1,Draw_tVertex:STRUCTx1,PCOORD16:STRUCTx1,Draw_PrimStruct:STRUCTx1,Draw_SVertex:STRUCTx1,Draw_tPixMap:STRUCTx1,Draw_tCacheHeader:STRUCTx1,BO_tNewtonCollisionInfo:STRUCTx1,GameSetup_tPerpData:STRUCTx1,GameSetup_tControllerData:STRUCTx1,DRender_tCalcView:STRUCTx1,DRender_tView:STRUCTx1,GameSetup_tCarData:STRUCTx1,GameSetup_tUserSetting:STRUCTx1,BO_tNewtonObj:STRUCTx1; retail_duplicate_typedefs=37; source_duplicate_typedefs=27
recon/game/psx/unpack.c	unpack.obj	OK	13	13	0	0	0	0	39	39	0	0	0	0	0	0
recon/game/psx/weather.cpp	Weather.obj	OK	68	68	0	0	2	2	175	147	0	2	0	0	56	66	retail_duplicate_named=TCBx1,BO_tNewtonObjx1; typedef_count_missing=Trk_NewSimQuad:STRUCTx1,CNightSpec:STRUCTx1,COORD16:STRUCTx1,Trk_Quad:STRUCTx1,CCOORD16:STRUCTx1,CDepthCueSpec:STRUCTx1,CWeatherSpec:STRUCTx1,Draw_CarVertex:STRUCTx1,PCOORD16:STRUCTx1,Draw_PrimStruct:STRUCTx1,CFogSpec:STRUCTx1,CWorldColor:STRUCTx1,Draw_SVertex:STRUCTx1,Sched_tFunctionSchedule:STRUCTx1,Draw_tCacheHeader:STRUCTx1,Sched_tSchedule:STRUCTx1,Weather_tSys:STRUCTx2,BO_tNewtonCollisionInfo:STRUCTx1,CHorizonSpec:STRUCTx1,GameSetup_tPerpData:STRUCTx1,GameSetup_tControllerData:STRUCTx1,DRender_tCalcView:STRUCTx1,DRender_tView:STRUCTx1,CSkySpec:STRUCTx1,GameSetup_tCarData:STRUCTx1,GameSetup_tUserSetting:STRUCTx1,BO_tNewtonObj:STRUCTx1; retail_duplicate_typedefs=56; source_duplicate_typedefs=66
recon/syslib/psx/2mbyte/2mbyte.c	..\syslib\psx\lib\2mbyte.obj	OK	0	0	0	0	0	0	0	0	0	0	0	0	0	0
recon/syslib/psx/libapi/A07.c	..\syslib\psx\lib\libapi.lib(A07.obj)	OK	0	0	0	0	0	0	0	0	0	0	0	0	0	0
recon/syslib/psx/libapi/A08.c	..\syslib\psx\lib\libapi.lib(A08.obj)	OK	0	0	0	0	0	0	0	0	0	0	0	0	0	0
recon/syslib/psx/libapi/A09.c	..\syslib\psx\lib\libapi.lib(A09.obj)	OK	0	0	0	0	0	0	0	0	0	0	0	0	0	0
recon/syslib/psx/libapi/A11.c	..\syslib\psx\lib\libapi.lib(A11.obj)	OK	0	0	0	0	0	0	0	0	0	0	0	0	0	0
recon/syslib/psx/libapi/A12.c	..\syslib\psx\lib\libapi.lib(A12.obj)	OK	0	0	0	0	0	0	0	0	0	0	0	0	0	0
recon/syslib/psx/libapi/A13.c	..\syslib\psx\lib\libapi.lib(A13.obj)	OK	0	0	0	0	0	0	0	0	0	0	0	0	0	0
recon/syslib/psx/libapi/A23.c	..\syslib\psx\lib\libapi.lib(A23.obj)	OK	0	0	0	0	0	0	0	0	0	0	0	0	0	0
recon/syslib/psx/libapi/A24.c	..\syslib\psx\lib\libapi.lib(A24.obj)	OK	0	0	0	0	0	0	0	0	0	0	0	0	0	0
recon/syslib/psx/libapi/A25.c	..\syslib\psx\lib\libapi.lib(A25.obj)	OK	0	0	0	0	0	0	0	0	0	0	0	0	0	0
recon/syslib/psx/libapi/A36.c	..\syslib\psx\lib\libapi.lib(A36.obj)	OK	0	0	0	0	0	0	0	0	0	0	0	0	0	0
recon/syslib/psx/libapi/A37.c	..\syslib\psx\lib\libapi.lib(A37.obj)	OK	0	0	0	0	0	0	0	0	0	0	0	0	0	0
recon/syslib/psx/libapi/A39.c	..\syslib\psx\lib\libapi.lib(A39.obj)	OK	0	0	0	0	0	0	0	0	0	0	0	0	0	0
recon/syslib/psx/libapi/A50.c	..\syslib\psx\lib\libapi.lib(A50.obj)	OK	0	0	0	0	0	0	0	0	0	0	0	0	0	0
recon/syslib/psx/libapi/A51.c	..\syslib\psx\lib\libapi.lib(A51.obj)	OK	0	0	0	0	0	0	0	0	0	0	0	0	0	0
recon/syslib/psx/libapi/A52.c	..\syslib\psx\lib\libapi.lib(A52.obj)	OK	0	0	0	0	0	0	0	0	0	0	0	0	0	0
recon/syslib/psx/libapi/A53.c	..\syslib\psx\lib\libapi.lib(A53.obj)	OK	0	0	0	0	0	0	0	0	0	0	0	0	0	0
recon/syslib/psx/libapi/A54.c	..\syslib\psx\lib\libapi.lib(A54.obj)	OK	0	0	0	0	0	0	0	0	0	0	0	0	0	0
recon/syslib/psx/libapi/A65.c	..\syslib\psx\lib\libapi.lib(A65.obj)	OK	0	0	0	0	0	0	0	0	0	0	0	0	0	0
recon/syslib/psx/libapi/A66.c	..\syslib\psx\lib\libapi.lib(A66.obj)	OK	0	0	0	0	0	0	0	0	0	0	0	0	0	0
recon/syslib/psx/libapi/A67.c	..\syslib\psx\lib\libapi.lib(A67.obj)	OK	0	0	0	0	0	0	0	0	0	0	0	0	0	0
recon/syslib/psx/libapi/A69.c	..\syslib\psx\lib\libapi.lib(A69.obj)	OK	0	0	0	0	0	0	0	0	0	0	0	0	0	0
recon/syslib/psx/libapi/A91.c	..\syslib\psx\lib\libapi.lib(A91.obj)	OK	0	0	0	0	0	0	0	0	0	0	0	0	0	0
recon/syslib/psx/libapi/C112.c	..\syslib\psx\lib\libapi.lib(C112.obj)	OK	0	0	0	0	0	0	0	0	0	0	0	0	0	0
recon/syslib/psx/libapi/C114.c	..\syslib\psx\lib\libapi.lib(C114.obj)	OK	0	0	0	0	0	0	0	0	0	0	0	0	0	0
recon/syslib/psx/libapi/C57.c	..\syslib\psx\lib\libapi.lib(C57.obj)	OK	0	0	0	0	0	0	0	0	0	0	0	0	0	0
recon/syslib/psx/libapi/C68.c	..\syslib\psx\lib\libapi.lib(C68.obj)	OK	0	0	0	0	0	0	0	0	0	0	0	0	0	0
recon/syslib/psx/libapi/C73.c	..\syslib\psx\lib\libapi.lib(C73.obj)	OK	0	0	0	0	0	0	0	0	0	0	0	0	0	0
recon/syslib/psx/libapi/COUNTER.c	..\syslib\psx\lib\libapi.lib(COUNTER.obj)	COMPILE_FAIL	0	0	0	0	0	0	0	0	0	0	0	0	0	0	cc1: \/cta29736: No such file or directory
CC1PSX.EXE:
recon/syslib/psx/libapi/FIRST.c	..\syslib\psx\lib\libapi.lib(FIRST.obj)	OK	0	0	0	0	0	0	0	0	0	0	0	0	0	0
recon/syslib/psx/libapi/L02.c	..\syslib\psx\lib\libapi.lib(L02.obj)	OK	0	0	0	0	0	0	0	0	0	0	0	0	0	0
recon/syslib/psx/libapi/L03.c	..\syslib\psx\lib\libapi.lib(L03.obj)	OK	0	0	0	0	0	0	0	0	0	0	0	0	0	0
recon/syslib/psx/libapi/L10.c	..\syslib\psx\lib\libapi.lib(L10.obj)	OK	0	0	0	0	0	0	0	0	0	0	0	0	0	0
recon/syslib/psx/libc/A63.c	..\syslib\psx\lib\libc.lib(A63.obj)	OK	0	0	0	0	0	0	0	0	0	0	0	0	0	0
recon/syslib/psx/libc/BSEARCH.c	..\syslib\psx\lib\libc.lib(BSEARCH.obj)	COMPILE_FAIL	0	0	0	0	0	0	0	0	0	0	0	0	0	0	cc1: \/cta00820: No such file or directory
CC1PSX.EXE:
recon/syslib/psx/libc/C16.c	..\syslib\psx\lib\libc.lib(C16.obj)	OK	0	0	0	0	0	0	0	0	0	0	0	0	0	0
recon/syslib/psx/libc/C19.c	..\syslib\psx\lib\libc.lib(C19.obj)	OK	0	0	0	0	0	0	0	0	0	0	0	0	0	0
recon/syslib/psx/libc/C21.c	..\syslib\psx\lib\libc.lib(C21.obj)	OK	0	0	0	0	0	0	0	0	0	0	0	0	0	0
recon/syslib/psx/libc/C23.c	..\syslib\psx\lib\libc.lib(C23.obj)	OK	0	0	0	0	0	0	0	0	0	0	0	0	0	0
recon/syslib/psx/libc/C24.c	..\syslib\psx\lib\libc.lib(C24.obj)	OK	0	0	0	0	0	0	0	0	0	0	0	0	0	0
recon/syslib/psx/libc/C25.c	..\syslib\psx\lib\libc.lib(C25.obj)	OK	0	0	0	0	0	0	0	0	0	0	0	0	0	0
recon/syslib/psx/libc/C26.c	..\syslib\psx\lib\libc.lib(C26.obj)	OK	0	0	0	0	0	0	0	0	0	0	0	0	0	0
recon/syslib/psx/libc/C27.c	..\syslib\psx\lib\libc.lib(C27.obj)	OK	0	0	0	0	0	0	0	0	0	0	0	0	0	0
recon/syslib/psx/libc/C30.c	..\syslib\psx\lib\libc.lib(C30.obj)	OK	0	0	0	0	0	0	0	0	0	0	0	0	0	0
recon/syslib/psx/libc/C31.c	..\syslib\psx\lib\libc.lib(C31.obj)	OK	0	0	0	0	0	0	0	0	0	0	0	0	0	0
recon/syslib/psx/libc/C36.c	..\syslib\psx\lib\libc.lib(C36.obj)	OK	0	0	0	0	0	0	0	0	0	0	0	0	0	0
recon/syslib/psx/libc/C37.c	..\syslib\psx\lib\libc.lib(C37.obj)	OK	0	0	0	0	0	0	0	0	0	0	0	0	0	0
recon/syslib/psx/libc/C38.c	..\syslib\psx\lib\libc.lib(C38.obj)	OK	0	0	0	0	0	0	0	0	0	0	0	0	0	0
recon/syslib/psx/libc/C40.c	..\syslib\psx\lib\libc.lib(C40.obj)	OK	0	0	0	0	0	0	0	0	0	0	0	0	0	0
recon/syslib/psx/libc/C42.c	..\syslib\psx\lib\libc.lib(C42.obj)	OK	0	0	0	0	0	0	0	0	0	0	0	0	0	0
recon/syslib/psx/libc/C43.c	..\syslib\psx\lib\libc.lib(C43.obj)	OK	0	0	0	0	0	0	0	0	0	0	0	0	0	0
recon/syslib/psx/libc/C46.c	..\syslib\psx\lib\libc.lib(C46.obj)	OK	0	0	0	0	0	0	0	0	0	0	0	0	0	0
recon/syslib/psx/libc/C47.c	..\syslib\psx\lib\libc.lib(C47.obj)	OK	0	0	0	0	0	0	0	0	0	0	0	0	0	0
recon/syslib/psx/libc/C63.c	..\syslib\psx\lib\libc.lib(C63.obj)	OK	0	0	0	0	0	0	0	0	0	0	0	0	0	0
recon/syslib/psx/libc/MEMCMP.c	..\syslib\psx\lib\libc.lib(MEMCMP.obj)	COMPILE_FAIL	0	0	0	0	0	0	0	0	0	0	0	0	0	0	cc1: \/cta09880: No such file or directory
CC1PSX.EXE:
recon/syslib/psx/libc/MEMMOVE.c	..\syslib\psx\lib\libc.lib(MEMMOVE.obj)	OK	0	0	0	0	0	0	0	0	0	0	0	0	0	0
recon/syslib/psx/libc/QSORT.c	..\syslib\psx\lib\libc.lib(QSORT.obj)	COMPILE_FAIL	0	0	0	0	0	0	0	0	0	0	0	0	0	0	cc1: \/cta20392: No such file or directory
CC1PSX.EXE:
recon/syslib/psx/libc/SPRINTF.c	..\syslib\psx\lib\libc.lib(SPRINTF.obj)	OK	0	0	0	0	0	0	0	0	0	0	0	0	0	0
recon/syslib/psx/libcard/A74.c	..\syslib\psx\lib\libcard.lib(A74.obj)	OK	0	0	0	0	0	0	0	0	0	0	0	0	0	0
recon/syslib/psx/libcard/A75.c	..\syslib\psx\lib\libcard.lib(A75.obj)	OK	0	0	0	0	0	0	0	0	0	0	0	0	0	0
recon/syslib/psx/libcard/A76.c	..\syslib\psx\lib\libcard.lib(A76.obj)	OK	0	0	0	0	0	0	0	0	0	0	0	0	0	0
recon/syslib/psx/libcard/A78.c	..\syslib\psx\lib\libcard.lib(A78.obj)	OK	0	0	0	0	0	0	0	0	0	0	0	0	0	0
recon/syslib/psx/libcard/A80.c	..\syslib\psx\lib\libcard.lib(A80.obj)	OK	0	0	0	0	0	0	0	0	0	0	0	0	0	0
recon/syslib/psx/libcard/C171.c	..\syslib\psx\lib\libcard.lib(C171.obj)	OK	0	0	0	0	0	0	0	0	0	0	0	0	0	0
recon/syslib/psx/libcard/C172.c	..\syslib\psx\lib\libcard.lib(C172.obj)	OK	0	0	0	0	0	0	0	0	0	0	0	0	0	0
recon/syslib/psx/libcard/CARD.c	..\syslib\psx\lib\libcard.lib(CARD.obj)	OK	0	0	0	0	0	0	0	0	0	0	0	0	0	0
recon/syslib/psx/libcard/CARDINIT.c		OWNER_MAP	0	0	0	0	0	0	0	0	0	0	0	0	0	0	0 owner candidates
recon/syslib/psx/libcard/END.c	..\syslib\psx\lib\libcard.lib(END.obj)	OK	0	0	0	0	0	0	0	0	0	0	0	0	0	0
recon/syslib/psx/libcard/INIT.c	..\syslib\psx\lib\libcard.lib(INIT.obj)	OK	0	0	0	0	0	0	0	0	0	0	0	0	0	0
recon/syslib/psx/libcard/PATCH.c	..\syslib\psx\lib\libcard.lib(PATCH.obj)|..\syslib\psx\lib\libapi.lib(PATCH.obj)	OWNER_MAP	0	0	0	0	0	0	0	0	0	0	0	0	0	0	2 owner candidates
recon/syslib/psx/libcd/TYPE.c	..\syslib\psx\lib\libcd.lib(TYPE.obj)	COMPILE_FAIL	0	0	0	0	0	0	0	0	0	0	0	0	0	0	cc1: \/cta07360: No such file or directory
CC1PSX.EXE:
recon/syslib/psx/libcd/cdcont.c		OWNER_MAP	0	0	0	0	0	0	0	0	0	0	0	0	0	0	0 owner candidates
recon/syslib/psx/libcd/cdread.c	..\syslib\psx\lib\libcd.lib(CDREAD.obj)	OK	0	0	0	0	0	0	0	0	0	0	0	0	0	0
recon/syslib/psx/libcd/cdread2.c	..\syslib\psx\lib\libcd.lib(CDREAD2.obj)	COMPILE_FAIL	0	0	0	0	0	0	0	0	0	0	0	0	0	0	cc1: \/cta13624: No such file or directory
CC1PSX.EXE:
recon/syslib/psx/libcd/drv.c		OWNER_MAP	0	0	0	0	0	0	0	0	0	0	0	0	0	0	0 owner candidates
recon/syslib/psx/libcd/event.c	..\syslib\psx\lib\libcd.lib(EVENT.obj)	COMPILE_FAIL	0	0	0	0	0	0	0	0	0	0	0	0	0	0	cc1: \/cta24304: No such file or directory
CC1PSX.EXE:
recon/syslib/psx/libcd/iso9660.c	..\syslib\psx\lib\libcd.lib(ISO9660.obj)	COMPILE_FAIL	0	0	0	0	0	0	0	0	0	0	0	0	0	0	cc1: \/cta27876: No such file or directory
CC1PSX.EXE:
recon/syslib/psx/libcd/stcdint.c		OWNER_MAP	0	0	0	0	0	0	0	0	0	0	0	0	0	0	0 owner candidates
recon/syslib/psx/libcd/stream.c	..\eaclib\psx\eacpsxz.lib(stream.obj)	COMPILE_FAIL	0	0	0	0	0	0	0	0	0	0	0	0	0	0	cc1: \/cta21260: No such file or directory
CC1PSX.EXE:
recon/syslib/psx/libcd/streamhelp.c		OWNER_MAP	0	0	0	0	0	0	0	0	0	0	0	0	0	0	0 owner candidates
recon/syslib/psx/libcd/toc.c	..\syslib\psx\lib\libcd.lib(TOC.obj)	COMPILE_FAIL	0	0	0	0	0	0	0	0	0	0	0	0	0	0	cc1: \/cta28728: No such file or directory
CC1PSX.EXE:
recon/syslib/psx/libds/DSCB.c	..\syslib\psx\lib\libds.lib(DSCB.obj)	COMPILE_FAIL	0	0	0	0	0	0	0	0	0	0	0	0	0	0	cc1: \/cta03832: No such file or directory
CC1PSX.EXE:
recon/syslib/psx/libetc/INTR.c	..\syslib\psx\lib\libetc.lib(INTR.obj)	COMPILE_FAIL	0	0	0	0	0	0	0	0	0	0	0	0	0	0	cc1: \/cta23212: No such file or directory
CC1PSX.EXE:
recon/syslib/psx/libetc/INTR_DMA.c	..\syslib\psx\lib\libetc.lib(INTR_DMA.obj)	COMPILE_FAIL	0	0	0	0	0	0	0	0	0	0	0	0	0	0	cc1: \/cta01704: No such file or directory
CC1PSX.EXE:
recon/syslib/psx/libetc/INTR_VB.c	..\syslib\psx\lib\libetc.lib(INTR_VB.obj)	COMPILE_FAIL	0	0	0	0	0	0	0	0	0	0	0	0	0	0	cc1: \/cta32424: No such file or directory
CC1PSX.EXE:
recon/syslib/psx/libetc/VMODE.c	..\syslib\psx\lib\libetc.lib(VMODE.obj)	COMPILE_FAIL	0	0	0	0	0	0	0	0	0	0	0	0	0	0	cc1: \/cta11720: No such file or directory
CC1PSX.EXE:
recon/syslib/psx/libetc/VSYNC.c	..\syslib\psx\lib\libetc.lib(VSYNC.obj)|..\eaclib\psx\eacpsxz.lib(vsync.obj)	OWNER_MAP	0	0	0	0	0	0	0	0	0	0	0	0	0	0	2 owner candidates
recon/syslib/psx/libgpu/EXT.c	..\syslib\psx\lib\libgpu.lib(EXT.obj)	OK	0	0	0	0	0	0	0	0	0	0	0	0	0	0
recon/syslib/psx/libgpu/FONT.c	..\syslib\psx\lib\libgpu.lib(FONT.obj)	OK	0	0	0	0	0	0	0	0	0	0	0	0	0	0
recon/syslib/psx/libgpu/P00.c	..\syslib\psx\lib\libgpu.lib(P00.obj)	OK	0	0	0	0	0	0	0	0	0	0	0	0	0	0
recon/syslib/psx/libgpu/P01.c	..\syslib\psx\lib\libgpu.lib(P01.obj)	OK	0	0	0	0	0	0	0	0	0	0	0	0	0	0
recon/syslib/psx/libgpu/P06.c	..\syslib\psx\lib\libgpu.lib(P06.obj)	OK	0	0	0	0	0	0	0	0	0	0	0	0	0	0
recon/syslib/psx/libgpu/P09.c	..\syslib\psx\lib\libgpu.lib(P09.obj)	OK	0	0	0	0	0	0	0	0	0	0	0	0	0	0
recon/syslib/psx/libgpu/P10.c	..\syslib\psx\lib\libgpu.lib(P10.obj)	OK	0	0	0	0	0	0	0	0	0	0	0	0	0	0
recon/syslib/psx/libgpu/P11.c	..\syslib\psx\lib\libgpu.lib(P11.obj)	OK	0	0	0	0	0	0	0	0	0	0	0	0	0	0
recon/syslib/psx/libgpu/P12.c	..\syslib\psx\lib\libgpu.lib(P12.obj)	OK	0	0	0	0	0	0	0	0	0	0	0	0	0	0
recon/syslib/psx/libgpu/P16.c	..\syslib\psx\lib\libgpu.lib(P16.obj)	OK	0	0	0	0	0	0	0	0	0	0	0	0	0	0
recon/syslib/psx/libgpu/P17.c	..\syslib\psx\lib\libgpu.lib(P17.obj)	OK	0	0	0	0	0	0	0	0	0	0	0	0	0	0
recon/syslib/psx/libgpu/P18.c	..\syslib\psx\lib\libgpu.lib(P18.obj)	OK	0	0	0	0	0	0	0	0	0	0	0	0	0	0
recon/syslib/psx/libgpu/P19.c	..\syslib\psx\lib\libgpu.lib(P19.obj)	OK	0	0	0	0	0	0	0	0	0	0	0	0	0	0
recon/syslib/psx/libgpu/P34.c	..\syslib\psx\lib\libgpu.lib(P34.obj)	OK	0	0	0	0	0	0	0	0	0	0	0	0	0	0
recon/syslib/psx/libgpu/SYS.c	..\syslib\psx\lib\libgpu.lib(SYS.obj)|..\syslib\psx\lib\libcd.lib(SYS.obj)	OWNER_MAP	0	0	0	0	0	0	0	0	0	0	0	0	0	0	2 owner candidates
recon/syslib/psx/libgte/COR_01.c	..\syslib\psx\lib\libgte.lib(COR_01.obj)	COMPILE_FAIL	0	0	0	0	0	0	0	0	0	0	0	0	0	0	cc1: \/cta19600: No such file or directory
CC1PSX.EXE:
recon/syslib/psx/libgte/COR_02.c	..\syslib\psx\lib\libgte.lib(COR_02.obj)	COMPILE_FAIL	0	0	0	0	0	0	0	0	0	0	0	0	0	0	cc1: \/cta18288: No such file or directory
CC1PSX.EXE:
recon/syslib/psx/libgte/COR_03.c	..\syslib\psx\lib\libgte.lib(COR_03.obj)	COMPILE_FAIL	0	0	0	0	0	0	0	0	0	0	0	0	0	0	cc1: \/cta26160: No such file or directory
CC1PSX.EXE:
recon/syslib/psx/libgte/FGO_01.c	..\syslib\psx\lib\libgte.lib(FGO_01.obj)	OK	0	0	0	0	0	0	0	0	0	0	0	0	0	0
recon/syslib/psx/libgte/FGO_06.c	..\syslib\psx\lib\libgte.lib(FGO_06.obj)	OK	0	0	0	0	0	0	0	0	0	0	0	0	0	0
recon/syslib/psx/libgte/FOG_01.c	..\syslib\psx\lib\libgte.lib(FOG_01.obj)	OK	0	0	0	0	0	0	0	0	0	0	0	0	0	0
recon/syslib/psx/libgte/MSC00.c	..\syslib\psx\lib\libgte.lib(MSC00.obj)	OK	0	0	0	0	0	0	0	0	0	0	0	0	0	0
recon/syslib/psx/libgte/MSC02.c	..\syslib\psx\lib\libgte.lib(MSC02.obj)	OK	0	0	0	0	0	0	0	0	0	0	0	0	0	0
recon/syslib/psx/libgte/PATCHGTE.c	..\syslib\psx\lib\libgte.lib(PATCHGTE.obj)	OK	0	0	0	0	0	0	0	0	0	0	0	0	0	0
recon/syslib/psx/libgte/REG03.c	..\syslib\psx\lib\libgte.lib(REG03.obj)	OK	0	0	0	0	0	0	0	0	0	0	0	0	0	0
recon/syslib/psx/libgte/REG11.c	..\syslib\psx\lib\libgte.lib(REG11.obj)	OK	0	0	0	0	0	0	0	0	0	0	0	0	0	0
recon/syslib/psx/libgte/REG13.c	..\syslib\psx\lib\libgte.lib(REG13.obj)	OK	0	0	0	0	0	0	0	0	0	0	0	0	0	0
recon/syslib/psx/libmath/ADDDF3.c	..\syslib\psx\lib\libmath.lib(ADDDF3.obj)	OK	0	0	0	0	0	0	0	0	0	0	0	0	0	0
recon/syslib/psx/libmath/ADDMANT.c	..\syslib\psx\lib\libmath.lib(ADDMANT.obj)	OK	0	0	0	0	0	0	0	0	0	0	0	0	0	0
recon/syslib/psx/libmath/DBSHIFT.c	..\syslib\psx\lib\libmath.lib(DBSHIFT.obj)	OK	0	0	0	0	0	0	0	0	0	0	0	0	0	0
recon/syslib/psx/libmath/DBSHIFTU.c	..\syslib\psx\lib\libmath.lib(DBSHIFTU.obj)	OK	0	0	0	0	0	0	0	0	0	0	0	0	0	0
recon/syslib/psx/libmath/DIVDF3.c	..\syslib\psx\lib\libmath.lib(DIVDF3.obj)	OK	0	0	0	0	0	0	0	0	0	0	0	0	0	0
recon/syslib/psx/libmath/DIVSF3.c	..\syslib\psx\lib\libmath.lib(DIVSF3.obj)	OK	0	0	0	0	0	0	0	0	0	0	0	0	0	0
recon/syslib/psx/libmath/EXTSFDF2.c	..\syslib\psx\lib\libmath.lib(EXTSFDF2.obj)	COMPILE_FAIL	0	0	0	0	0	0	0	0	0	0	0	0	0	0	cc1: \/cta20148: No such file or directory
CC1PSX.EXE:
recon/syslib/psx/libmath/FERR.c	..\syslib\psx\lib\libmath.lib(FERR.obj)	COMPILE_FAIL	0	0	0	0	0	0	0	0	0	0	0	0	0	0	cc1: \/cta31012: No such file or directory
CC1PSX.EXE:
recon/syslib/psx/libmath/FIXDFSI.c	..\syslib\psx\lib\libmath.lib(FIXDFSI.obj)	COMPILE_FAIL	0	0	0	0	0	0	0	0	0	0	0	0	0	0	cc1: \/cta30140: No such file or directory
CC1PSX.EXE:
recon/syslib/psx/libmath/FIXSFSI.c	..\syslib\psx\lib\libmath.lib(FIXSFSI.obj)	COMPILE_FAIL	0	0	0	0	0	0	0	0	0	0	0	0	0	0	cc1: \/cta16712: No such file or directory
CC1PSX.EXE:
recon/syslib/psx/libmath/FLTSIDF.c	..\syslib\psx\lib\libmath.lib(FLTSIDF.obj)	COMPILE_FAIL	0	0	0	0	0	0	0	0	0	0	0	0	0	0	cc1: \/cta29976: No such file or directory
CC1PSX.EXE:
recon/syslib/psx/libmath/FLTSISF.c	..\syslib\psx\lib\libmath.lib(FLTSISF.obj)	COMPILE_FAIL	0	0	0	0	0	0	0	0	0	0	0	0	0	0	cc1: \/cta32296: No such file or directory
CC1PSX.EXE:
recon/syslib/psx/libmath/GTDF2.c	..\syslib\psx\lib\libmath.lib(GTDF2.obj)	OK	0	0	0	0	0	0	0	0	0	0	0	0	0	0
recon/syslib/psx/libmath/LTDF2.c	..\syslib\psx\lib\libmath.lib(LTDF2.obj)	OK	0	0	0	0	0	0	0	0	0	0	0	0	0	0
recon/syslib/psx/libmath/MAINASU.c	..\syslib\psx\lib\libmath.lib(MAINASU.obj)	OK	0	0	0	0	0	0	0	0	0	0	0	0	0	0
recon/syslib/psx/libmath/MULDF3.c	..\syslib\psx\lib\libmath.lib(MULDF3.obj)	OK	0	0	0	0	0	0	0	0	0	0	0	0	0	0
recon/syslib/psx/libmath/MULSF3.c	..\syslib\psx\lib\libmath.lib(MULSF3.obj)	OK	0	0	0	0	0	0	0	0	0	0	0	0	0	0
recon/syslib/psx/libmath/TRUDFSF2.c	..\syslib\psx\lib\libmath.lib(TRUDFSF2.obj)	OK	0	0	0	0	0	0	0	0	0	0	0	0	0	0
recon/syslib/psx/libmcrd/BIOS.c	..\syslib\psx\lib\libcd.lib(BIOS.obj)|..\syslib\psx\lib\libmcrd.lib(BIOS.obj)	OWNER_MAP	0	0	0	0	0	0	0	0	0	0	0	0	0	0	2 owner candidates
recon/syslib/psx/libmcrd/LIBMCRD.c	..\syslib\psx\lib\libmcrd.lib(LIBMCRD.obj)	COMPILE_FAIL	0	0	0	0	0	0	0	0	0	0	0	0	0	0	cc1: \/cta09940: No such file or directory
CC1PSX.EXE:
recon/syslib/psx/libmcrd/USERFUNC.c	..\syslib\psx\lib\libmcrd.lib(USERFUNC.obj)	COMPILE_FAIL	0	0	0	0	0	0	0	0	0	0	0	0	0	0	cc1: \/cta15676: No such file or directory
CC1PSX.EXE:
recon/syslib/psx/libpad/MCXMAIN.c		OWNER_MAP	0	0	0	0	0	0	0	0	0	0	0	0	0	0	0 owner candidates
recon/syslib/psx/libpad/PAD.c	..\syslib\psx\lib\libapi.lib(PAD.obj)	OK	0	0	0	0	0	0	0	0	0	0	0	0	0	0
recon/syslib/psx/libpad/PADCMD.c	..\syslib\psx\lib\libpad.lib(PADCMD.obj)	OK	0	0	0	0	0	0	0	0	0	0	0	0	0	0
recon/syslib/psx/libpad/PADENTRY.c	..\syslib\psx\lib\libpad.lib(PADENTRY.obj)	OK	0	0	0	0	0	0	0	0	0	0	0	0	0	0
recon/syslib/psx/libpad/PADMAIN.c	..\syslib\psx\lib\libpad.lib(PADMAIN.obj)	OK	0	0	0	0	0	0	0	0	0	0	0	0	0	0
recon/syslib/psx/libpad/PADPORTD.c	..\syslib\psx\lib\libpad.lib(PADPORTD.obj)	OK	0	0	0	0	0	0	0	0	0	0	0	0	0	0
recon/syslib/psx/libpad/PADSEQD.c	..\syslib\psx\lib\libpad.lib(PADSEQD.obj)	OK	0	0	0	0	0	0	0	0	0	0	0	0	0	0
recon/syslib/psx/libpad/WAITRC2.c	..\syslib\psx\lib\libpad.lib(WAITRC2.obj)	COMPILE_FAIL	0	0	0	0	0	0	0	0	0	0	0	0	0	0	cc1: \/cta20692: No such file or directory
CC1PSX.EXE:
recon/syslib/psx/libpress/LIBPRESS.c	..\syslib\psx\lib\libpress.lib(LIBPRESS.obj)	COMPILE_FAIL	0	0	0	0	0	0	0	0	0	0	0	0	0	0	cc1: \/cta06656: No such file or directory
CC1PSX.EXE:
recon/syslib/psx/libpress/VLC.c	..\syslib\psx\lib\libpress.lib(VLC.obj)	OK	0	0	0	0	0	0	0	0	0	0	0	0	0	0
recon/syslib/psx/libsn/CLOSE.c	..\syslib\psx\lib\libsn.lib(CLOSE.obj)	OK	0	0	0	0	0	0	0	0	0	0	0	0	0	0
recon/syslib/psx/libsn/CREAT.c	..\syslib\psx\lib\libsn.lib(CREAT.obj)	OK	0	0	0	0	0	0	0	0	0	0	0	0	0	0
recon/syslib/psx/libsn/FSINIT.c	..\syslib\psx\lib\libsn.lib(FSINIT.obj)	OK	0	0	0	0	0	0	0	0	0	0	0	0	0	0
recon/syslib/psx/libsn/LSEEK.c	..\syslib\psx\lib\libsn.lib(LSEEK.obj)	OK	0	0	0	0	0	0	0	0	0	0	0	0	0	0
recon/syslib/psx/libsn/OPEN.c	..\syslib\psx\lib\libsn.lib(OPEN.obj)	OK	0	0	0	0	0	0	0	0	0	0	0	0	0	0
recon/syslib/psx/libsn/PUREV.c	..\syslib\psx\lib\libsn.lib(PUREV.obj)	OK	0	0	0	0	0	0	0	0	0	0	0	0	0	0
recon/syslib/psx/libsn/READ.c	..\syslib\psx\lib\libsn.lib(READ.obj)	COMPILE_FAIL	0	0	0	0	0	0	0	0	0	0	0	0	0	0	cc1: \/cta25288: No such file or directory
CC1PSX.EXE:
recon/syslib/psx/libsn/SNREAD.c	..\syslib\psx\lib\libsn.lib(SNREAD.obj)	OK	0	0	0	0	0	0	0	0	0	0	0	0	0	0
recon/syslib/psx/libsn/SNWRITE.c	..\syslib\psx\lib\libsn.lib(SNWRITE.obj)	OK	0	0	0	0	0	0	0	0	0	0	0	0	0	0
recon/syslib/psx/libsn/WRITE.c	..\syslib\psx\lib\libsn.lib(WRITE.obj)	COMPILE_FAIL	0	0	0	0	0	0	0	0	0	0	0	0	0	0	cc1: \/cta21060: No such file or directory
CC1PSX.EXE:
