class,REAL,RELOP,reloc,words,G,extra_flags,shim,unit,tu,fn,oracle_dir,symsrc,tail_pad,note
REAL0_RELOC_ONLY,0,0,4,24,4,,,eaclib/psx/eacpsxz/addtimer,recon/eaclib/psx/eacpsxz/addtimer.c,addtimer,main,xdef,0,
REAL0_RELOC_ONLY,0,0,2,14,4,,,eaclib/psx/eacpsxz/addtimer,recon/eaclib/psx/eacpsxz/addtimer.c,deltimer,main,xdef,0,
REAL0_RELOC_ONLY,0,0,1,9,4,,,eaclib/psx/eacpsxz/asinfunc,recon/eaclib/psx/eacpsxz/asinfunc.c,intarccos,main,xdef,0,
REAL0_RELOC_ONLY,0,0,8,75,4,,,eaclib/psx/eacpsxz/atanfunc,recon/eaclib/psx/eacpsxz/atanfunc.c,intatan,main,xdef,0,
REAL0_CLEAN,0,0,0,1,4,,,eaclib/psx/eacpsxz/blkfill,recon/eaclib/psx/eacpsxz/blkfill.c,blockclear,main,xdef,0,
REAL0_CLEAN,0,0,0,80,4,,,eaclib/psx/eacpsxz/blkfill,recon/eaclib/psx/eacpsxz/blkfill.c,blockfill,main,xdef,0,
REAL0_RELOC_ONLY,0,0,1,199,4,,,eaclib/psx/eacpsxz/blkmov,recon/eaclib/psx/eacpsxz/blkmov.c,blockmove,main,xdef,0,
REAL0_RELOC_ONLY,0,0,5,23,4,,,eaclib/psx/eacpsxz/callback,recon/eaclib/psx/eacpsxz/callback.c,allocmutex,main,xdef,0,
REAL0_CLEAN,0,0,0,2,4,,,eaclib/psx/eacpsxz/callback,recon/eaclib/psx/eacpsxz/callback.c,freemutex,main,xdef,0,
REAL0_RELOC_ONLY,0,0,2,7,4,,,eaclib/psx/eacpsxz/cdfs,recon/eaclib/psx/eacpsxz/cdfs.c,CD_Close,main,xdef,0,
REAL0_RELOC_ONLY,0,0,3,29,4,,,eaclib/psx/eacpsxz/cdfs,recon/eaclib/psx/eacpsxz/cdfs.c,CD_Getinfo,main,xdef,0,
REAL0_RELOC_ONLY,0,0,16,69,4,,,eaclib/psx/eacpsxz/cdfs,recon/eaclib/psx/eacpsxz/cdfs.c,CD_Init,main,xdef,0,
REAL0_RELOC_ONLY,0,0,9,66,4,,,eaclib/psx/eacpsxz/cdfs,recon/eaclib/psx/eacpsxz/cdfs.c,CD_Open,main,xdef,0,
REAL0_RELOC_ONLY,0,0,32,163,4,,,eaclib/psx/eacpsxz/cdfs,recon/eaclib/psx/eacpsxz/cdfs.c,CD_Read,main,xdef,0,
REAL0_RELOC_ONLY,0,0,13,43,4,,,eaclib/psx/eacpsxz/cdfs,recon/eaclib/psx/eacpsxz/cdfs.c,CD_Restart,main,xdef,0,
REAL0_RELOC_ONLY,0,0,4,12,4,,,eaclib/psx/eacpsxz/cdfs,recon/eaclib/psx/eacpsxz/cdfs.c,CD_Restore,main,xdef,0,
REAL0_RELOC_ONLY,0,0,3,7,4,,,eaclib/psx/eacpsxz/cdfs,recon/eaclib/psx/eacpsxz/cdfs.c,CD_Stopread,main,xdef,0,
REAL0_RELOC_ONLY,0,0,28,87,4,,,eaclib/psx/eacpsxz/cdfs,recon/eaclib/psx/eacpsxz/cdfs.c,CD_systaskfunc,main,xdef,0,
REAL0_RELOC_ONLY,0,0,8,24,4,,,eaclib/psx/eacpsxz/cdfs,recon/eaclib/psx/eacpsxz/cdfs.c,CD_timerfunc,main,xdef,0,
REAL0_RELOC_ONLY,0,0,1,8,4,,,eaclib/psx/eacpsxz/cdfs,recon/eaclib/psx/eacpsxz/cdfs.c,dircompare,main,xdef,0,
REAL0_RELOC_ONLY,0,0,11,103,4,,,eaclib/psx/eacpsxz/cdfs,recon/eaclib/psx/eacpsxz/cdfs.c,loaddirinfo,main,xdef,0,
REAL0_RELOC_ONLY,0,0,7,21,4,,,eaclib/psx/eacpsxz/cdfs,recon/eaclib/psx/eacpsxz/cdfs.c,readsectorB,main,xdef,0,
REAL0_RELOC_ONLY,0,0,3,17,4,,,eaclib/psx/eacpsxz/cluttype,recon/eaclib/psx/eacpsxz/cluttype.c,cluttype,main,xdef,0,
REAL0_RELOC_ONLY,0,0,2,50,4,,,eaclib/psx/eacpsxz/crc,recon/eaclib/psx/eacpsxz/crc.c,crc16,main,xdef,0,
REAL0_RELOC_ONLY,0,0,6,46,4,,,eaclib/psx/eacpsxz/crossprd,recon/eaclib/psx/eacpsxz/crossprd.c,crossproduct,main,xdef,0,
REAL0_CLEAN,0,0,0,11,4,,,eaclib/psx/eacpsxz/devsys,recon/eaclib/psx/eacpsxz/devsys.c,psxdevelopmentsystem,main,xdef,0,
REAL0_RELOC_ONLY,0,0,4,24,4,,,eaclib/psx/eacpsxz/exit,recon/eaclib/psx/eacpsxz/exit.c,addexit,main,xdef,0,
REAL0_RELOC_ONLY,0,0,13,73,4,,,eaclib/psx/eacpsxz/fastmovf,recon/eaclib/psx/eacpsxz/fastmovf.c,fastmovfxya,main,xdef,0,
REAL0_RELOC_ONLY,0,0,3,23,4,,,eaclib/psx/eacpsxz/fileroot,recon/eaclib/psx/eacpsxz/fileroot.c,closefile,main,xdef,0,
REAL0_RELOC_ONLY,0,0,3,25,4,,,eaclib/psx/eacpsxz/fileroot,recon/eaclib/psx/eacpsxz/fileroot.c,getfilesize,main,xdef,0,
REAL0_RELOC_ONLY,0,0,20,38,4,,,eaclib/psx/eacpsxz/fileroot,recon/eaclib/psx/eacpsxz/fileroot.c,initfileio,main,xdef,0,
REAL0_RELOC_ONLY,0,0,41,169,4,,,eaclib/psx/eacpsxz/fileroot,recon/eaclib/psx/eacpsxz/fileroot.c,openfile,main,xdef,0,
REAL0_RELOC_ONLY,0,0,6,40,4,,,eaclib/psx/eacpsxz/fileroot,recon/eaclib/psx/eacpsxz/fileroot.c,readfile,main,xdef,0,
REAL0_RELOC_ONLY,0,0,7,40,4,,,eaclib/psx/eacpsxz/fileroot,recon/eaclib/psx/eacpsxz/fileroot.c,readfile_systask,main,xdef,0,
REAL0_RELOC_ONLY,0,0,21,69,4,,,eaclib/psx/eacpsxz/fileroot,recon/eaclib/psx/eacpsxz/fileroot.c,setdirectory,main,xdef,0,
REAL0_RELOC_ONLY,0,0,7,30,4,,,eaclib/psx/eacpsxz/fileroot,recon/eaclib/psx/eacpsxz/fileroot.c,stopreadfile,main,xdef,0,
REAL0_RELOC_ONLY,0,0,3,31,4,,,eaclib/psx/eacpsxz/fileroot,recon/eaclib/psx/eacpsxz/fileroot.c,writefile,main,xdef,0,
REAL0_RELOC_ONLY,0,0,14,82,4,,,eaclib/psx/eacpsxz/fixdatan,recon/eaclib/psx/eacpsxz/fixdatan.c,fixedatan,main,xdef,0,
REAL0_CLEAN,0,0,0,42,4,,,eaclib/psx/eacpsxz/fixddiv,recon/eaclib/psx/eacpsxz/fixddiv.c,rdiv,main,xdef,0,
REAL0_CLEAN,0,0,0,14,4,,,eaclib/psx/eacpsxz/fixdinv,recon/eaclib/psx/eacpsxz/fixdinv.c,fixedinverse,main,xdef,0,
REAL0_CLEAN,0,0,0,11,4,,,eaclib/psx/eacpsxz/fixdmult,recon/eaclib/psx/eacpsxz/fixdmult.c,fixedmult,main,xdef,0,
REAL0_RELOC_ONLY,0,0,2,33,4,,,eaclib/psx/eacpsxz/fixdsin,recon/eaclib/psx/eacpsxz/fixdsin.c,fixedcos,main,xdef,0,
REAL0_RELOC_ONLY,0,0,2,32,4,,,eaclib/psx/eacpsxz/fixdsin,recon/eaclib/psx/eacpsxz/fixdsin.c,fixedsin,main,xdef,0,
REAL0_RELOC_ONLY,0,0,2,21,4,,,eaclib/psx/eacpsxz/fixdsqrt,recon/eaclib/psx/eacpsxz/fixdsqrt.c,fixedsqrt,main,xdef,0,
REAL0_RELOC_ONLY,0,0,1,46,4,,,eaclib/psx/eacpsxz/fsincos,recon/eaclib/psx/eacpsxz/fsincos.c,fixedsincos,main,xdef,0,
REAL0_CLEAN,0,0,0,8,4,,,eaclib/psx/eacpsxz/getm,recon/eaclib/psx/eacpsxz/getm.c,geti,main,xdef,0,
REAL0_CLEAN,0,0,0,26,4,,,eaclib/psx/eacpsxz/getm,recon/eaclib/psx/eacpsxz/getm.c,getm,main,xdef,0,
REAL0_RELOC_ONLY,0,0,8,28,4,,,eaclib/psx/eacpsxz/inittmr,recon/eaclib/psx/eacpsxz/inittmr.c,initmemadr,main,xdef,0,
REAL0_RELOC_ONLY,0,0,25,69,4,,,eaclib/psx/eacpsxz/inittmr,recon/eaclib/psx/eacpsxz/inittmr.c,inittimer,main,xdef,0,
REAL0_RELOC_ONLY,0,0,3,9,4,,,eaclib/psx/eacpsxz/inittmr,recon/eaclib/psx/eacpsxz/inittmr.c,restoretimer,main,xdef,0,
REAL0_RELOC_ONLY,0,0,16,43,4,,,eaclib/psx/eacpsxz/inittmr,recon/eaclib/psx/eacpsxz/inittmr.c,tmrint,main,xdef,0,
REAL0_RELOC_ONLY,0,0,10,71,4,,,eaclib/psx/eacpsxz/isincos,recon/eaclib/psx/eacpsxz/isincos.c,intsincos,main,xdef,0,
REAL0_RELOC_ONLY,0,0,19,113,4,,,eaclib/psx/eacpsxz/isqrt,recon/eaclib/psx/eacpsxz/isqrt.c,isqrt,main,xdef,0,
REAL0_RELOC_ONLY,0,0,2,26,4,,,eaclib/psx/eacpsxz/isqrttbl,recon/eaclib/psx/eacpsxz/isqrttbl.c,decodeshiftjis,main,xdef,0,
REAL0_RELOC_ONLY,0,0,2,10,4,,,eaclib/psx/eacpsxz/isqrttbl,recon/eaclib/psx/eacpsxz/isqrttbl.c,remapshiftjiscode,main,xdef,0,
REAL0_RELOC_ONLY,0,0,5,15,4,,,eaclib/psx/eacpsxz/joystkn,recon/eaclib/psx/eacpsxz/joystkn.c,initjoy,main,xdef,0,
REAL0_RELOC_ONLY,0,0,5,47,4,,,eaclib/psx/eacpsxz/loadshp,recon/eaclib/psx/eacpsxz/loadshp.c,loadshapeadr,main,xdef,0,
REAL0_RELOC_ONLY,0,0,4,29,4,,,eaclib/psx/eacpsxz/locatbig,recon/eaclib/psx/eacpsxz/locatbig.c,bigcount,main,xdef,0,
REAL0_RELOC_ONLY,0,0,1,16,4,,,eaclib/psx/eacpsxz/locatbig,recon/eaclib/psx/eacpsxz/locatbig.c,locatebig,main,xdef,0,
REAL0_RELOC_ONLY,0,0,1,9,4,,,eaclib/psx/eacpsxz/locatbig,recon/eaclib/psx/eacpsxz/locatbig.c,locatebigentry,main,xdef,0,
REAL0_RELOC_ONLY,0,0,16,111,4,,,eaclib/psx/eacpsxz/locatbig,recon/eaclib/psx/eacpsxz/locatbig.c,locatebigentryz,main,xdef,0,
REAL0_RELOC_ONLY,0,0,3,15,4,,,eaclib/psx/eacpsxz/locatbig,recon/eaclib/psx/eacpsxz/locatbig.c,locatebigoffset,main,xdef,0,
REAL0_RELOC_ONLY,0,0,5,30,4,,,eaclib/psx/eacpsxz/locatbig,recon/eaclib/psx/eacpsxz/locatbig.c,sizeofbigfileheader,main,xdef,0,
REAL0_RELOC_ONLY,0,0,3,26,4,,,eaclib/psx/eacpsxz/locatbig,recon/eaclib/psx/eacpsxz/locatbig.c,typeofbigfile,main,xdef,0,
REAL0_CLEAN,0,0,0,24,4,,,eaclib/psx/eacpsxz/locatshp,recon/eaclib/psx/eacpsxz/locatshp.c,locateshape,main,xdef,0,
REAL0_CLEAN,0,0,0,24,4,,,eaclib/psx/eacpsxz/locatshp,recon/eaclib/psx/eacpsxz/locatshp.c,locateshapez,main,xdef,0,
REAL0_CLEAN,0,0,0,16,4,,,eaclib/psx/eacpsxz/math64a,recon/eaclib/psx/eacpsxz/math64a.c,divu64,main,xdef,0,
REAL0_CLEAN,0,0,0,22,4,,,eaclib/psx/eacpsxz/math64a,recon/eaclib/psx/eacpsxz/math64a.c,make64,main,xdef,0,
REAL0_CLEAN,0,0,0,14,4,,,eaclib/psx/eacpsxz/matrix,recon/eaclib/psx/eacpsxz/matrix.c,addmatrix,main,xdef,0,
REAL0_RELOC_ONLY,0,0,17,140,4,,,eaclib/psx/eacpsxz/matrix,recon/eaclib/psx/eacpsxz/matrix.c,reorthogonalize,main,xdef,0,
REAL0_RELOC_ONLY,0,0,1,30,4,,,eaclib/psx/eacpsxz/matrix,recon/eaclib/psx/eacpsxz/matrix.c,scalematrix,main,xdef,0,
REAL0_CLEAN,0,0,0,14,4,,,eaclib/psx/eacpsxz/matrix,recon/eaclib/psx/eacpsxz/matrix.c,submatrix,main,xdef,0,
REAL0_CLEAN,0,0,0,2,4,,,eaclib/psx/eacpsxz/meminit,recon/eaclib/psx/eacpsxz/meminit.c,MEM_defaultevent,main,xdef,0,
REAL0_RELOC_ONLY,0,0,1,37,4,,,eaclib/psx/eacpsxz/memstd,recon/eaclib/psx/eacpsxz/memstd.c,FREE_add,main,xdef,0,
REAL0_RELOC_ONLY,0,0,1,25,4,,,eaclib/psx/eacpsxz/memstd,recon/eaclib/psx/eacpsxz/memstd.c,FREE_find,main,xdef,0,
REAL0_RELOC_ONLY,0,0,1,48,4,,,eaclib/psx/eacpsxz/memstd,recon/eaclib/psx/eacpsxz/memstd.c,FREE_findlargest,main,xdef,0,
REAL0_CLEAN,0,0,0,10,4,,,eaclib/psx/eacpsxz/memstd,recon/eaclib/psx/eacpsxz/memstd.c,FREE_remove,main,xdef,0,
REAL0_RELOC_ONLY,0,0,2,10,4,,,eaclib/psx/eacpsxz/memstd,recon/eaclib/psx/eacpsxz/memstd.c,MEM_infosize,main,xdef,0,
REAL0_RELOC_ONLY,0,0,3,25,4,,,eaclib/psx/eacpsxz/memstd,recon/eaclib/psx/eacpsxz/memstd.c,MEM_tailsize,main,xdef,0,
REAL0_RELOC_ONLY,0,0,15,124,4,,,eaclib/psx/eacpsxz/memstd,recon/eaclib/psx/eacpsxz/memstd.c,creatememclass,main,xdef,0,
REAL0_RELOC_ONLY,0,0,1,23,4,,,eaclib/psx/eacpsxz/memstd,recon/eaclib/psx/eacpsxz/memstd.c,getblockname,main,xdef,0,
REAL0_CLEAN,0,0,0,3,4,,,eaclib/psx/eacpsxz/memstd,recon/eaclib/psx/eacpsxz/memstd.c,getblocksize,main,xdef,0,
REAL0_RELOC_ONLY,0,0,4,55,4,,,eaclib/psx/eacpsxz/memstd,recon/eaclib/psx/eacpsxz/memstd.c,initmemblock,main,xdef,0,
REAL0_RELOC_ONLY,0,0,5,20,4,,,eaclib/psx/eacpsxz/memstd,recon/eaclib/psx/eacpsxz/memstd.c,largestunused,main,xdef,0,
REAL0_RELOC_ONLY,0,0,5,50,4,,,eaclib/psx/eacpsxz/memstd,recon/eaclib/psx/eacpsxz/memstd.c,purgememadr,main,xdef,0,
REAL0_RELOC_ONLY,0,0,13,129,4,,,eaclib/psx/eacpsxz/memstd,recon/eaclib/psx/eacpsxz/memstd.c,reservememadr,main,xdef,0,
REAL0_RELOC_ONLY,0,0,22,221,4,-fno-schedule-insns,,eaclib/psx/eacpsxz/movf,recon/eaclib/psx/eacpsxz/movf.c,movfxya,main,xdef,0,
REAL0_RELOC_ONLY,0,0,1,8,4,,,eaclib/psx/eacpsxz/nasync,recon/eaclib/psx/eacpsxz/nasync.c,asyncloadfile,main,xdef,0,
REAL0_RELOC_ONLY,0,0,1,8,4,,,eaclib/psx/eacpsxz/nasync,recon/eaclib/psx/eacpsxz/nasync.c,asyncloadfileat,main,xdef,0,
REAL0_RELOC_ONLY,0,0,9,45,4,,,eaclib/psx/eacpsxz/nasync,recon/eaclib/psx/eacpsxz/nasync.c,asyncloadfileatcallback,main,xdef,0,
REAL0_RELOC_ONLY,0,0,9,46,4,,,eaclib/psx/eacpsxz/nasync,recon/eaclib/psx/eacpsxz/nasync.c,asyncloadfilecallback,main,xdef,0,
REAL0_RELOC_ONLY,0,0,1,8,4,,,eaclib/psx/eacpsxz/nasync,recon/eaclib/psx/eacpsxz/nasync.c,asyncloadsegment,main,xdef,0,
REAL0_RELOC_ONLY,0,0,13,61,4,,,eaclib/psx/eacpsxz/nasync,recon/eaclib/psx/eacpsxz/nasync.c,asyncloadsegmentcallback,main,xdef,0,
REAL0_RELOC_ONLY,0,0,11,36,4,,,eaclib/psx/eacpsxz/nasync,recon/eaclib/psx/eacpsxz/nasync.c,asyncsystemtask,main,xdef,0,
REAL0_RELOC_ONLY,0,0,3,28,4,,,eaclib/psx/eacpsxz/nasync,recon/eaclib/psx/eacpsxz/nasync.c,cancelasyncload,main,xdef,0,
REAL0_RELOC_ONLY,0,0,4,38,4,,,eaclib/psx/eacpsxz/nasync,recon/eaclib/psx/eacpsxz/nasync.c,cancelrequest,main,xdef,0,
REAL0_RELOC_ONLY,0,0,3,15,4,,,eaclib/psx/eacpsxz/nasync,recon/eaclib/psx/eacpsxz/nasync.c,finishrequest,main,xdef,0,
REAL0_RELOC_ONLY,0,0,4,38,4,,,eaclib/psx/eacpsxz/nasync,recon/eaclib/psx/eacpsxz/nasync.c,getasyncreadadr,main,xdef,0,
REAL0_RELOC_ONLY,0,0,4,38,4,,,eaclib/psx/eacpsxz/nasync,recon/eaclib/psx/eacpsxz/nasync.c,getasyncreadstatus,main,xdef,0,
REAL0_RELOC_ONLY,0,0,19,64,4,,,eaclib/psx/eacpsxz/nasync,recon/eaclib/psx/eacpsxz/nasync.c,initasync,main,xdef,0,
REAL0_RELOC_ONLY,0,0,4,23,4,,,eaclib/psx/eacpsxz/nasync,recon/eaclib/psx/eacpsxz/nasync.c,loadfileclosecallback,main,xdef,0,
REAL0_RELOC_ONLY,0,0,18,67,4,,,eaclib/psx/eacpsxz/nasync,recon/eaclib/psx/eacpsxz/nasync.c,loadfileopencallback,main,xdef,0,
REAL0_RELOC_ONLY,0,0,10,53,4,,,eaclib/psx/eacpsxz/nasync,recon/eaclib/psx/eacpsxz/nasync.c,loadfilereadcallback,main,xdef,0,
REAL0_RELOC_ONLY,0,0,13,49,4,,,eaclib/psx/eacpsxz/nasync,recon/eaclib/psx/eacpsxz/nasync.c,loadfilesizecallback,main,xdef,0,
REAL0_RELOC_ONLY,0,0,12,63,4,,,eaclib/psx/eacpsxz/nasync,recon/eaclib/psx/eacpsxz/nasync.c,loadsegreadcallback,main,xdef,0,
REAL0_RELOC_ONLY,0,0,2,23,4,,,eaclib/psx/eacpsxz/nasync,recon/eaclib/psx/eacpsxz/nasync.c,locaterequest,main,local,0,
REAL0_RELOC_ONLY,0,0,4,13,4,,,eaclib/psx/eacpsxz/nasync,recon/eaclib/psx/eacpsxz/nasync.c,newrequestid,main,xdef,0,
REAL0_RELOC_ONLY,0,0,1,22,4,,,eaclib/psx/eacpsxz/nasync,recon/eaclib/psx/eacpsxz/nasync.c,queueadd,main,xdef,0,
REAL0_CLEAN,0,0,0,19,4,,,eaclib/psx/eacpsxz/nasync,recon/eaclib/psx/eacpsxz/nasync.c,queuefetch,main,xdef,0,
REAL0_RELOC_ONLY,0,0,8,24,4,,,eaclib/psx/eacpsxz/nasync,recon/eaclib/psx/eacpsxz/nasync.c,setasyncfile,main,xdef,0,
REAL0_RELOC_ONLY,0,0,15,74,4,,,eaclib/psx/eacpsxz/nfile,recon/eaclib/psx/eacpsxz/nfile.c,FILE_addbig,main,xdef,0,
REAL0_RELOC_ONLY,0,0,3,22,4,,,eaclib/psx/eacpsxz/nfile,recon/eaclib/psx/eacpsxz/nfile.c,FILE_atomic,main,xdef,0,
REAL0_RELOC_ONLY,0,0,2,32,4,,,eaclib/psx/eacpsxz/nfile,recon/eaclib/psx/eacpsxz/nfile.c,FILE_callbackop,main,xdef,0,
REAL0_RELOC_ONLY,0,0,6,48,4,,,eaclib/psx/eacpsxz/nfile,recon/eaclib/psx/eacpsxz/nfile.c,FILE_close,main,xdef,0,
SHIM_MASKED,6,2,8,47,4,,PER_FN_PROLOGUE_UNSINK,eaclib/psx/eacpsxz/nfile,recon/eaclib/psx/eacpsxz/nfile.c,FILE_completeop,main,xdef,0,
REAL0_RELOC_ONLY,0,0,13,101,4,,,eaclib/psx/eacpsxz/nfile,recon/eaclib/psx/eacpsxz/nfile.c,FILE_delbig,main,xdef,0,
REAL0_RELOC_ONLY,0,0,8,33,4,,,eaclib/psx/eacpsxz/nfile,recon/eaclib/psx/eacpsxz/nfile.c,FILE_init,main,xdef,0,
REAL0_RELOC_ONLY,0,0,16,63,4,,,eaclib/psx/eacpsxz/nfile,recon/eaclib/psx/eacpsxz/nfile.c,FILE_initwithmem,main,xdef,0,
REAL0_RELOC_ONLY,0,0,6,48,4,,,eaclib/psx/eacpsxz/nfile,recon/eaclib/psx/eacpsxz/nfile.c,FILE_open,main,xdef,0,
REAL0_RELOC_ONLY,0,0,2,12,4,,,eaclib/psx/eacpsxz/nfile,recon/eaclib/psx/eacpsxz/nfile.c,FILE_operror,main,xdef,0,
REAL0_RELOC_ONLY,0,0,3,22,4,,,eaclib/psx/eacpsxz/nfile,recon/eaclib/psx/eacpsxz/nfile.c,FILE_opstatus,main,xdef,0,
REAL0_CLEAN,0,0,0,20,4,,,eaclib/psx/eacpsxz/nfile,recon/eaclib/psx/eacpsxz/nfile.c,FILE_overhead,main,xdef,0,
REAL0_RELOC_ONLY,0,0,10,79,4,,,eaclib/psx/eacpsxz/nfile,recon/eaclib/psx/eacpsxz/nfile.c,FILE_priorityop,main,xdef,0,
REAL0_RELOC_ONLY,0,0,3,57,4,,,eaclib/psx/eacpsxz/nfile,recon/eaclib/psx/eacpsxz/nfile.c,FILE_read,main,xdef,0,
REAL0_RELOC_ONLY,0,0,3,36,4,,,eaclib/psx/eacpsxz/nfile,recon/eaclib/psx/eacpsxz/nfile.c,FILE_size,main,xdef,0,
REAL0_RELOC_ONLY,0,0,4,61,4,,,eaclib/psx/eacpsxz/nfile,recon/eaclib/psx/eacpsxz/nfile.c,FILE_waitop,main,xdef,0,
REAL0_RELOC_ONLY,0,0,1,18,4,,,eaclib/psx/eacpsxz/nfile,recon/eaclib/psx/eacpsxz/nfile.c,freehandle,main,xdef,0,
REAL0_RELOC_ONLY,0,0,1,18,4,,,eaclib/psx/eacpsxz/nfile,recon/eaclib/psx/eacpsxz/nfile.c,freeop,main,xdef,0,
REAL0_RELOC_ONLY,0,0,5,45,4,,,eaclib/psx/eacpsxz/nfile,recon/eaclib/psx/eacpsxz/nfile.c,iFILE_CommandCompleteCallback,main,xdef,0,
SHIM_MASKED,1,2,42,290,4,,PER_FN_TEXT_MOVES,eaclib/psx/eacpsxz/nfile,recon/eaclib/psx/eacpsxz/nfile.c,iFILE_ExecCommand,main,xdef,0,
REAL0_RELOC_ONLY,0,0,9,46,4,,,eaclib/psx/eacpsxz/nfile,recon/eaclib/psx/eacpsxz/nfile.c,iFILE_addbigopencallback,main,xdef,0,
REAL0_RELOC_ONLY,0,0,18,80,4,,,eaclib/psx/eacpsxz/nfile,recon/eaclib/psx/eacpsxz/nfile.c,iFILE_addbigreadcallback,main,xdef,0,
REAL0_RELOC_ONLY,0,0,2,11,4,,,eaclib/psx/eacpsxz/nfile,recon/eaclib/psx/eacpsxz/nfile.c,iFILE_delbigclosecallback,main,xdef,0,
REAL0_CLEAN,0,0,0,2,4,,,eaclib/psx/eacpsxz/nfile,recon/eaclib/psx/eacpsxz/nfile.c,iFILE_perror,main,xdef,0,
REAL0_RELOC_ONLY,0,0,5,44,4,,,eaclib/psx/eacpsxz/nfile,recon/eaclib/psx/eacpsxz/nfile.c,reservehandle,main,xdef,0,
REAL0_RELOC_ONLY,0,0,11,71,4,,,eaclib/psx/eacpsxz/nfile,recon/eaclib/psx/eacpsxz/nfile.c,reserveop,main,xdef,0,
REAL0_RELOC_ONLY,0,0,1,8,4,,,eaclib/psx/eacpsxz/nloadpk,recon/eaclib/psx/eacpsxz/nloadpk.c,loadpackadr,main,xdef,0,
REAL0_RELOC_ONLY,0,0,12,62,4,,,eaclib/psx/eacpsxz/nloadpk,recon/eaclib/psx/eacpsxz/nloadpk.c,loadpackadrz,main,xdef,0,
INAPPLICABLE_LANE,,,,,4,,,eaclib/psx/eacpsxz/nsync,recon/eaclib/psx/eacpsxz/nsync.c,filesize,,,0,INAPPLICABLE-LANE cc1_ver=2.8.1
INAPPLICABLE_LANE,,,,,4,,,eaclib/psx/eacpsxz/nsync,recon/eaclib/psx/eacpsxz/nsync.c,filesizeatomic,,,0,INAPPLICABLE-LANE cc1_ver=2.8.1
INAPPLICABLE_LANE,,,,,4,,,eaclib/psx/eacpsxz/nsync,recon/eaclib/psx/eacpsxz/nsync.c,loadbigfileheader,,,0,INAPPLICABLE-LANE cc1_ver=2.8.1
INAPPLICABLE_LANE,,,,,4,,,eaclib/psx/eacpsxz/nsync,recon/eaclib/psx/eacpsxz/nsync.c,loadbigfileheaderatomic,,,0,INAPPLICABLE-LANE cc1_ver=2.8.1
INAPPLICABLE_LANE,,,,,4,,,eaclib/psx/eacpsxz/nsync,recon/eaclib/psx/eacpsxz/nsync.c,loadfileadr,,,0,INAPPLICABLE-LANE cc1_ver=2.8.1
INAPPLICABLE_LANE,,,,,4,,,eaclib/psx/eacpsxz/nsync,recon/eaclib/psx/eacpsxz/nsync.c,loadfileadratomic,,,0,INAPPLICABLE-LANE cc1_ver=2.8.1
INAPPLICABLE_LANE,,,,,4,,,eaclib/psx/eacpsxz/nsync,recon/eaclib/psx/eacpsxz/nsync.c,loadfileadrz,,,0,INAPPLICABLE-LANE cc1_ver=2.8.1
INAPPLICABLE_LANE,,,,,4,,,eaclib/psx/eacpsxz/nsync,recon/eaclib/psx/eacpsxz/nsync.c,loadfileatadr,,,0,INAPPLICABLE-LANE cc1_ver=2.8.1
INAPPLICABLE_LANE,,,,,4,,,eaclib/psx/eacpsxz/nsync,recon/eaclib/psx/eacpsxz/nsync.c,loadfileatadratomic,,,0,INAPPLICABLE-LANE cc1_ver=2.8.1
INAPPLICABLE_LANE,,,,,4,,,eaclib/psx/eacpsxz/nsync,recon/eaclib/psx/eacpsxz/nsync.c,loadfileatadrz,,,0,INAPPLICABLE-LANE cc1_ver=2.8.1
REAL0_CLEAN,0,0,0,2,4,,,eaclib/psx/eacpsxz/nullfunc,recon/eaclib/psx/eacpsxz/nullfunc.c,setclipwindow,main,xdef,0,
REAL0_RELOC_ONLY,0,0,26,59,4,,,eaclib/psx/eacpsxz/primate,recon/eaclib/psx/eacpsxz/primate.c,initlinkmode,main,xdef,0,
REAL0_RELOC_ONLY,0,0,3,11,4,,,eaclib/psx/eacpsxz/primate,recon/eaclib/psx/eacpsxz/primate.c,settrans,main,xdef,0,
REAL0_RELOC_ONLY,0,0,3,11,4,,,eaclib/psx/eacpsxz/primate,recon/eaclib/psx/eacpsxz/primate.c,waitdraw,main,xdef,0,
REAL0_RELOC_ONLY,0,0,2,52,4,,,eaclib/psx/eacpsxz/random,recon/eaclib/psx/eacpsxz/random.c,random,main,xdef,0,
REAL0_RELOC_ONLY,0,0,2,28,4,,,eaclib/psx/eacpsxz/random,recon/eaclib/psx/eacpsxz/random.c,seedrandom,main,xdef,0,
REAL0_RELOC_ONLY,0,0,9,94,4,,,eaclib/psx/eacpsxz/resize,recon/eaclib/psx/eacpsxz/resize.c,resizememadr,main,xdef,0,
REAL0_RELOC_ONLY,0,0,2,4,4,,,eaclib/psx/eacpsxz/savegp,recon/eaclib/psx/eacpsxz/savegp.c,initgp,main,xdef,0,
REAL0_CLEAN,0,0,0,2,4,,,eaclib/psx/eacpsxz/savegp,recon/eaclib/psx/eacpsxz/savegp.c,restoregp,main,xdef,0,
REAL0_CLEAN,0,0,0,5,4,,,eaclib/psx/eacpsxz/savegp,recon/eaclib/psx/eacpsxz/savegp.c,savegp,main,xdef,0,
REAL0_RELOC_ONLY,0,0,20,100,4,,,eaclib/psx/eacpsxz/setfont,recon/eaclib/psx/eacpsxz/setfont.c,setfont,main,xdef,0,
REAL0_RELOC_ONLY,0,0,1,22,4,,,eaclib/psx/eacpsxz/shpclut,recon/eaclib/psx/eacpsxz/shpclut.c,getshapeclut,main,xdef,0,
REAL0_RELOC_ONLY,0,0,3,33,4,,,eaclib/psx/eacpsxz/shpclut,recon/eaclib/psx/eacpsxz/shpclut.c,shapetoclutid,main,xdef,0,
REAL0_CLEAN,0,0,0,27,4,,,eaclib/psx/eacpsxz/shpdepth,recon/eaclib/psx/eacpsxz/shpdepth.c,shapedepth,main,xdef,0,
REAL0_CLEAN,0,0,0,3,4,,,eaclib/psx/eacpsxz/shpsubs,recon/eaclib/psx/eacpsxz/shpsubs.c,shapecount,main,xdef,0,
REAL0_CLEAN,0,0,0,15,4,,,eaclib/psx/eacpsxz/shpsubs,recon/eaclib/psx/eacpsxz/shpsubs.c,shapename,main,xdef,0,
REAL0_CLEAN,0,0,0,10,4,,,eaclib/psx/eacpsxz/shpsubs,recon/eaclib/psx/eacpsxz/shpsubs.c,shapepointer,main,xdef,0,
REAL0_RELOC_ONLY,0,0,7,25,4,,,eaclib/psx/eacpsxz/shptype,recon/eaclib/psx/eacpsxz/shptype.c,shapetype,main,xdef,0,
REAL0_CLEAN,0,0,0,1,4,,,eaclib/psx/eacpsxz/sinfunc,recon/eaclib/psx/eacpsxz/sinfunc.c,intcos,main,xdef,0,
REAL0_RELOC_ONLY,0,0,2,26,4,,,eaclib/psx/eacpsxz/sinfunc,recon/eaclib/psx/eacpsxz/sinfunc.c,intsin,main,xdef,0,
REAL0_RELOC_ONLY,0,0,2,18,4,,,eaclib/psx/eacpsxz/stream,recon/eaclib/psx/eacpsxz/stream.c,STREAM_buffersize,main,xdef,0,
REAL0_RELOC_ONLY,0,0,1,14,4,,,eaclib/psx/eacpsxz/stream,recon/eaclib/psx/eacpsxz/stream.c,STREAM_bufferusage,main,xdef,0,
REAL0_RELOC_ONLY,0,0,4,144,4,,,eaclib/psx/eacpsxz/stream,recon/eaclib/psx/eacpsxz/stream.c,STREAM_create,main,xdef,0,
REAL0_RELOC_ONLY,0,0,7,45,4,,,eaclib/psx/eacpsxz/stream,recon/eaclib/psx/eacpsxz/stream.c,STREAM_destroy,main,xdef,0,
REAL0_RELOC_ONLY,0,0,3,73,4,,,eaclib/psx/eacpsxz/stream,recon/eaclib/psx/eacpsxz/stream.c,STREAM_get,main,xdef,0,
REAL0_RELOC_ONLY,0,0,1,14,4,,,eaclib/psx/eacpsxz/stream,recon/eaclib/psx/eacpsxz/stream.c,STREAM_gettable,main,xdef,0,
REAL0_RELOC_ONLY,0,0,1,23,4,,,eaclib/psx/eacpsxz/stream,recon/eaclib/psx/eacpsxz/stream.c,STREAM_isendofstream,main,xdef,0,
REAL0_RELOC_ONLY,0,0,7,105,4,,,eaclib/psx/eacpsxz/stream,recon/eaclib/psx/eacpsxz/stream.c,STREAM_kill,main,xdef,0,
REAL0_CLEAN,0,0,0,13,4,,,eaclib/psx/eacpsxz/stream,recon/eaclib/psx/eacpsxz/stream.c,STREAM_overhead,main,xdef,0,
REAL0_RELOC_ONLY,0,0,7,69,4,,,eaclib/psx/eacpsxz/stream,recon/eaclib/psx/eacpsxz/stream.c,STREAM_queuefile,main,xdef,0,
REAL0_RELOC_ONLY,0,0,4,75,4,,,eaclib/psx/eacpsxz/stream,recon/eaclib/psx/eacpsxz/stream.c,STREAM_queuemem,main,xdef,0,
REAL0_RELOC_ONLY,0,0,4,63,4,,,eaclib/psx/eacpsxz/stream,recon/eaclib/psx/eacpsxz/stream.c,STREAM_release,main,xdef,0,
REAL0_RELOC_ONLY,0,0,1,60,4,,,eaclib/psx/eacpsxz/stream,recon/eaclib/psx/eacpsxz/stream.c,STREAM_setfilter,main,xdef,0,
REAL0_RELOC_ONLY,0,0,2,27,4,,,eaclib/psx/eacpsxz/stream,recon/eaclib/psx/eacpsxz/stream.c,STREAM_setgreedylevel,main,xdef,0,
REAL0_RELOC_ONLY,0,0,2,24,4,,,eaclib/psx/eacpsxz/stream,recon/eaclib/psx/eacpsxz/stream.c,STREAM_setgreedystate,main,xdef,0,
REAL0_RELOC_ONLY,0,0,1,20,4,,,eaclib/psx/eacpsxz/stream,recon/eaclib/psx/eacpsxz/stream.c,STREAM_setpriority,main,xdef,0,
REAL0_RELOC_ONLY,0,0,1,14,4,,,eaclib/psx/eacpsxz/stream,recon/eaclib/psx/eacpsxz/stream.c,STREAM_state,main,xdef,0,
REAL0_RELOC_ONLY,0,0,5,22,4,,,eaclib/psx/eacpsxz/stream,recon/eaclib/psx/eacpsxz/stream.c,closecallback,main,xdef,0,
REAL0_RELOC_ONLY,0,0,1,35,4,,,eaclib/psx/eacpsxz/stream,recon/eaclib/psx/eacpsxz/stream.c,decbufferusage,main,xdef,0,
REAL0_CLEAN,0,0,0,20,4,,,eaclib/psx/eacpsxz/stream,recon/eaclib/psx/eacpsxz/stream.c,filterchunk,main,xdef,0,
REAL0_RELOC_ONLY,0,0,2,39,4,,,eaclib/psx/eacpsxz/stream,recon/eaclib/psx/eacpsxz/stream.c,freerequest,main,xdef,0,
REAL0_RELOC_ONLY,0,0,4,30,4,,,eaclib/psx/eacpsxz/stream,recon/eaclib/psx/eacpsxz/stream.c,getfreerequest,main,xdef,0,
REAL0_CLEAN,0,0,0,16,4,,,eaclib/psx/eacpsxz/stream,recon/eaclib/psx/eacpsxz/stream.c,inbetween,main,xdef,0,
REAL0_RELOC_ONLY,0,0,2,16,4,,,eaclib/psx/eacpsxz/stream,recon/eaclib/psx/eacpsxz/stream.c,opencallback,main,xdef,0,
REAL0_RELOC_ONLY,0,0,2,119,4,,,eaclib/psx/eacpsxz/stream,recon/eaclib/psx/eacpsxz/stream.c,parsechunks,main,xdef,0,
REAL0_RELOC_ONLY,0,0,1,27,4,,,eaclib/psx/eacpsxz/stream,recon/eaclib/psx/eacpsxz/stream.c,queuerequest,main,xdef,0,
REAL0_RELOC_ONLY,0,0,6,67,4,,,eaclib/psx/eacpsxz/stream,recon/eaclib/psx/eacpsxz/stream.c,readcallback,main,xdef,0,
REAL0_RELOC_ONLY,0,0,14,167,4,,,eaclib/psx/eacpsxz/stream,recon/eaclib/psx/eacpsxz/stream.c,restartstream,main,xdef,0,
REAL0_RELOC_ONLY,0,0,16,100,4,,,eaclib/psx/eacpsxz/stream,recon/eaclib/psx/eacpsxz/stream.c,startnextrequest,main,xdef,0,
REAL0_CLEAN,0,0,0,15,4,,,eaclib/psx/eacpsxz/stream,recon/eaclib/psx/eacpsxz/stream.c,validatehandle,main,xdef,0,
REAL0_RELOC_ONLY,0,0,2,29,4,,,eaclib/psx/eacpsxz/stricmp,recon/eaclib/psx/eacpsxz/stricmp.c,stricmp,main,xdef,0,
REAL0_RELOC_ONLY,0,0,5,30,4,,,eaclib/psx/eacpsxz/syncfile,recon/eaclib/psx/eacpsxz/syncfile.c,FILE_addbigsync,main,xdef,0,
REAL0_RELOC_ONLY,0,0,3,21,4,,,eaclib/psx/eacpsxz/syncfile,recon/eaclib/psx/eacpsxz/syncfile.c,FILE_closesync,main,xdef,0,
REAL0_RELOC_ONLY,0,0,3,21,4,,,eaclib/psx/eacpsxz/syncfile,recon/eaclib/psx/eacpsxz/syncfile.c,FILE_delbigsync,main,xdef,0,
REAL0_RELOC_ONLY,0,0,5,30,4,,,eaclib/psx/eacpsxz/syncfile,recon/eaclib/psx/eacpsxz/syncfile.c,FILE_opensync,main,xdef,0,
REAL0_RELOC_ONLY,0,0,3,12,4,,,eaclib/psx/eacpsxz/syncfile,recon/eaclib/psx/eacpsxz/syncfile.c,FILE_readsync,main,xdef,0,
REAL0_RELOC_ONLY,0,0,3,21,4,,,eaclib/psx/eacpsxz/syncfile,recon/eaclib/psx/eacpsxz/syncfile.c,FILE_sizesync,main,xdef,0,
REAL0_RELOC_ONLY,0,0,5,48,4,,,eaclib/psx/eacpsxz/syncfile,recon/eaclib/psx/eacpsxz/syncfile.c,syncblockio,main,xdef,0,
REAL0_RELOC_ONLY,0,0,6,71,4,,,eaclib/psx/eacpsxz/syncfile,recon/eaclib/psx/eacpsxz/syncfile.c,synccallback,main,xdef,0,
REAL0_RELOC_ONLY,0,0,11,45,4,,,eaclib/psx/eacpsxz/systask,recon/eaclib/psx/eacpsxz/systask.c,addsystemtask,main,xdef,0,
REAL0_RELOC_ONLY,0,0,2,23,4,,,eaclib/psx/eacpsxz/systask,recon/eaclib/psx/eacpsxz/systask.c,delsystemtask,main,xdef,0,
REAL0_RELOC_ONLY,0,0,14,59,4,,,eaclib/psx/eacpsxz/systask,recon/eaclib/psx/eacpsxz/systask.c,systemtask,main,xdef,0,
REAL0_CLEAN,0,0,0,6,4,,,eaclib/psx/eacpsxz/textcode,recon/eaclib/psx/eacpsxz/textcode.c,decodeansi,main,xdef,0,
REAL0_CLEAN,0,0,0,10,4,,,eaclib/psx/eacpsxz/textcrnt,recon/eaclib/psx/eacpsxz/textcrnt.c,puti,main,xdef,0,
REAL0_CLEAN,0,0,0,10,4,,,eaclib/psx/eacpsxz/textcrnt,recon/eaclib/psx/eacpsxz/textcrnt.c,putm,main,xdef,0,
REAL0_RELOC_ONLY,0,0,5,35,4,,,eaclib/psx/eacpsxz/textfor,recon/eaclib/psx/eacpsxz/textfor.c,getcharacter,main,xdef,0,
REAL0_RELOC_ONLY,0,0,2,40,4,,,eaclib/psx/eacpsxz/textfor,recon/eaclib/psx/eacpsxz/textfor.c,textbsearch,main,xdef,0,
REAL0_RELOC_ONLY,0,0,1,5,4,,,eaclib/psx/eacpsxz/threads,recon/eaclib/psx/eacpsxz/threads.c,iscurrentthread,main,xdef,0,
REAL0_CLEAN,0,0,0,2,4,,,eaclib/psx/eacpsxz/threads,recon/eaclib/psx/eacpsxz/threads.c,yieldthread,main,xdef,0,
REAL0_RELOC_ONLY,0,0,3,12,4,,,eaclib/psx/eacpsxz/timer,recon/eaclib/psx/eacpsxz/timer.c,elapsedticks,main,xdef,0,
REAL0_RELOC_ONLY,0,0,2,4,4,,,eaclib/psx/eacpsxz/timer,recon/eaclib/psx/eacpsxz/timer.c,gettick,main,xdef,0,
REAL0_RELOC_ONLY,0,0,6,9,4,,,eaclib/psx/eacpsxz/timer,recon/eaclib/psx/eacpsxz/timer.c,resettick,main,xdef,0,
REAL0_RELOC_ONLY,0,0,4,19,4,,,eaclib/psx/eacpsxz/timer,recon/eaclib/psx/eacpsxz/timer.c,timedwait,main,xdef,0,
REAL0_RELOC_ONLY,0,0,9,68,4,,,eaclib/psx/eacpsxz/trnsfrm,recon/eaclib/psx/eacpsxz/trnsfrm.c,transform,main,xdef,0,
SHIM_MASKED,8,0,4,81,4,,PER_FN_TEXT_MOVES,eaclib/psx/eacpsxz/trnsmult,recon/eaclib/psx/eacpsxz/trnsmult.c,transmult,main,xdef,0,
REAL0_CLEAN,0,0,0,43,4,,,eaclib/psx/eacpsxz/trnspos,recon/eaclib/psx/eacpsxz/trnspos.c,transpose,main,xdef,0,
REAL0_RELOC_ONLY,0,0,37,132,4,,,eaclib/psx/eacpsxz/unbtree,recon/eaclib/psx/eacpsxz/unbtree.c,unbtree,main,xdef,0,
REAL0_CLEAN,0,0,0,8,4,,,eaclib/psx/eacpsxz/unhuff,recon/eaclib/psx/eacpsxz/unhuff.c,memcpyb,main,xdef,0,
REAL0_RELOC_ONLY,0,0,2,29,4,,,eaclib/psx/eacpsxz/unhuff,recon/eaclib/psx/eacpsxz/unhuff.c,memcpyl,main,xdef,0,
REAL0_RELOC_ONLY,0,0,5,25,4,,,eaclib/psx/eacpsxz/unhuff,recon/eaclib/psx/eacpsxz/unhuff.c,refcpy,main,xdef,0,
REAL0_RELOC_ONLY,0,0,17,777,4,,,eaclib/psx/eacpsxz/unhuff,recon/eaclib/psx/eacpsxz/unhuff.c,unhuff,main,xdef,0,
REAL0_RELOC_ONLY,0,0,8,33,4,,,eaclib/psx/eacpsxz/unref,recon/eaclib/psx/eacpsxz/unref.c,chase,main,xdef,0,
SHIM_MASKED,11,0,18,158,4,,PER_FN_TEXT_MOVES,eaclib/psx/eacpsxz/unref,recon/eaclib/psx/eacpsxz/unref.c,unrefpack,main,xdef,0,
REAL0_CLEAN,0,0,0,11,4,,,eaclib/psx/eacpsxz/vramfxya,recon/eaclib/psx/eacpsxz/vramfxya.c,checkrect,main,xdef,0,
SHIM_MASKED,8,0,8,165,4,,PER_FN_TEXT_MOVES,eaclib/psx/eacpsxz/vramfxya,recon/eaclib/psx/eacpsxz/vramfxya.c,vramfxya,main,xdef,0,
REAL0_RELOC_ONLY,0,0,4,18,4,,,eaclib/psx/eacpsxz/vramfxya,recon/eaclib/psx/eacpsxz/vramfxya.c,vramimage,main,xdef,0,
REAL0_RELOC_ONLY,0,0,1,31,4,,,eaclib/psx/eacpsxz/wildcard,recon/eaclib/psx/eacpsxz/wildcard.c,strrstr,main,xdef,0,
REAL0_RELOC_ONLY,0,0,28,150,4,,,eaclib/psx/eacpsxz/wildcard,recon/eaclib/psx/eacpsxz/wildcard.c,wildcard,main,xdef,0,
REAL0_RELOC_ONLY,0,0,1,25,4,,,eaclib/psx/eacpsxz/xform,recon/eaclib/psx/eacpsxz/xform.c,fixedxformx,main,xdef,0,
REAL0_RELOC_ONLY,0,0,1,25,4,,,eaclib/psx/eacpsxz/xform,recon/eaclib/psx/eacpsxz/xform.c,fixedxformy,main,xdef,0,
REAL0_RELOC_ONLY,0,0,1,25,4,,,eaclib/psx/eacpsxz/xform,recon/eaclib/psx/eacpsxz/xform.c,fixedxformz,main,xdef,0,
REAL0_RELOC_ONLY,0,0,1,25,4,,,eaclib/psx/eacpsxz/xform,recon/eaclib/psx/eacpsxz/xform.c,xformy,main,xdef,0,
SHIM_MASKED,3,0,6,21,4,-mno-split-addresses,PER_FN_NO_DELAYED_BRANCH,eaclib/psx/pad,recon/eaclib/psx/pad.c,PAD_restore,main,xdef,0,
SHIM_MASKED,2,0,4,20,4,-mno-split-addresses,PER_FN_EPILOGUE_UNFILL,eaclib/psx/pad,recon/eaclib/psx/pad.c,PAD_state,main,xdef,0,
SHIM_MASKED,3,0,10,28,4,-mno-split-addresses,PER_FN_EPILOGUE_UNFILL,eaclib/psx/pad,recon/eaclib/psx/pad.c,padinit,main,xdef,0,
REAL0_RELOC_ONLY,0,0,10,49,4,,,eaclib/psx/sndpsxz/s3dlow,recon/eaclib/psx/sndpsxz/s3dlow.c,SND3dpos,main,xdef,0,
REAL0_RELOC_ONLY,0,0,10,71,4,,,eaclib/psx/sndpsxz/s3dpos,recon/eaclib/psx/sndpsxz/s3dpos.c,iSNDplatform3dpos,main,xdef,0,
REAL0_RELOC_ONLY,0,0,1,37,4,,,eaclib/psx/sndpsxz/saelib,recon/eaclib/psx/sndpsxz/saelib.c,iSNDlibatodlrv,main,xdef,0,
REAL0_CLEAN,0,0,0,6,4,,,eaclib/psx/sndpsxz/saetodv,recon/eaclib/psx/sndpsxz/saetodv.c,iSNDabs,main,xdef,0,
REAL0_RELOC_ONLY,0,0,7,109,4,,,eaclib/psx/sndpsxz/saetodv,recon/eaclib/psx/sndpsxz/saetodv.c,iSNDatodlrv,main,xdef,0,
REAL0_RELOC_ONLY,0,0,1,22,4,,,eaclib/psx/sndpsxz/saetolrv,recon/eaclib/psx/sndpsxz/saetolrv.c,iSNDatolrv,main,xdef,0,
REAL0_RELOC_ONLY,0,0,35,298,4,,,eaclib/psx/sndpsxz/salloc,recon/eaclib/psx/sndpsxz/salloc.c,iSNDallocchan,main,xdef,0,
REAL0_RELOC_ONLY,0,0,10,110,4,,,eaclib/psx/sndpsxz/salloc,recon/eaclib/psx/sndpsxz/salloc.c,iSNDfreechan,main,xdef,0,
REAL0_RELOC_ONLY,0,0,2,27,4,,,eaclib/psx/sndpsxz/salloc,recon/eaclib/psx/sndpsxz/salloc.c,iSNDgetchan,main,xdef,0,
REAL0_RELOC_ONLY,0,0,2,16,4,,,eaclib/psx/sndpsxz/salloc,recon/eaclib/psx/sndpsxz/salloc.c,iSNDischanreserved,main,xdef,0,
REAL0_RELOC_ONLY,0,0,8,71,4,,,eaclib/psx/sndpsxz/sautovol,recon/eaclib/psx/sndpsxz/sautovol.c,SNDautovol,main,xdef,0,
REAL0_RELOC_ONLY,0,0,7,37,4,,,eaclib/psx/sndpsxz/sbadd,recon/eaclib/psx/sndpsxz/sbadd.c,SNDbankadd,main,xdef,0,
REAL0_RELOC_ONLY,0,0,2,21,4,,,eaclib/psx/sndpsxz/sballoc,recon/eaclib/psx/sndpsxz/sballoc.c,iSNDbankalloc,main,xdef,0,
REAL0_RELOC_ONLY,0,0,3,84,4,-fno-strength-reduce,,eaclib/psx/sndpsxz/sbdload,recon/eaclib/psx/sndpsxz/sbdload.c,iSNDdownloadbank,main,xdef,0,
REAL0_RELOC_ONLY,0,0,6,24,4,,,eaclib/psx/sndpsxz/sbend,recon/eaclib/psx/sndpsxz/sbend.c,SNDpitchbend,main,xdef,0,
REAL0_RELOC_ONLY,0,0,7,54,4,,,eaclib/psx/sndpsxz/sbend,recon/eaclib/psx/sndpsxz/sbend.c,iSNDunsafebend,main,xdef,0,
REAL0_RELOC_ONLY,0,0,8,81,4,,,eaclib/psx/sndpsxz/sbhdrcpy,recon/eaclib/psx/sndpsxz/sbhdrcpy.c,SNDbankheadercopy,main,xdef,0,
REAL0_RELOC_ONLY,0,0,2,17,4,,,eaclib/psx/sndpsxz/sbhdrsze,recon/eaclib/psx/sndpsxz/sbhdrsze.c,SNDbankheadersize,main,xdef,0,
REAL0_RELOC_ONLY,0,0,6,66,4,,,eaclib/psx/sndpsxz/sbirmpat,recon/eaclib/psx/sndpsxz/sbirmpat.c,iSNDbankremovepat,main,xdef,0,
REAL0_RELOC_ONLY,0,0,1,8,4,,,eaclib/psx/sndpsxz/sbremove,recon/eaclib/psx/sndpsxz/sbremove.c,SNDbankremove,main,xdef,0,
REAL0_RELOC_ONLY,0,0,14,104,4,,,eaclib/psx/sndpsxz/sbremove,recon/eaclib/psx/sndpsxz/sbremove.c,cSNDbankremove,main,xdef,0,
REAL0_RELOC_ONLY,0,0,1,31,4,,,eaclib/psx/sndpsxz/sbremove,recon/eaclib/psx/sndpsxz/sbremove.c,iSNDremovepatches,main,xdef,0,
REAL0_RELOC_ONLY,0,0,2,26,4,,,eaclib/psx/sndpsxz/sbvalid,recon/eaclib/psx/sndpsxz/sbvalid.c,iSNDvalidbank,main,xdef,0,
REAL0_RELOC_ONLY,0,0,6,26,4,,,eaclib/psx/sndpsxz/scdvol,recon/eaclib/psx/sndpsxz/scdvol.c,SNDcdvol,main,xdef,0,
REAL0_RELOC_ONLY,0,0,4,64,4,,,eaclib/psx/sndpsxz/sclcptch,recon/eaclib/psx/sndpsxz/sclcptch.c,iSNDcalcpitch,main,xdef,0,
REAL0_RELOC_ONLY,0,0,5,47,4,,,eaclib/psx/sndpsxz/sclcptch,recon/eaclib/psx/sndpsxz/sclcptch.c,iSNDdetunetolinear,main,xdef,0,
REAL0_RELOC_ONLY,0,0,1,8,4,,,eaclib/psx/sndpsxz/sdata,recon/eaclib/psx/sndpsxz/sdata.c,iSNDplatformfree,main,xdef,0,
REAL0_RELOC_ONLY,0,0,3,25,4,,,eaclib/psx/sndpsxz/sdcdvol,recon/eaclib/psx/sndpsxz/sdcdvol.c,iSNDplatformcdpanvol,main,xdef,0,
REAL0_CLEAN,0,0,0,2,4,,,eaclib/psx/sndpsxz/sdfx,recon/eaclib/psx/sndpsxz/sdfx.c,SNDI_mutexalloc,main,xdef,0,
REAL0_CLEAN,0,0,0,2,4,,,eaclib/psx/sndpsxz/sdfx,recon/eaclib/psx/sndpsxz/sdfx.c,SNDI_mutexfree,main,xdef,0,
REAL0_CLEAN,0,0,0,2,4,,,eaclib/psx/sndpsxz/sdfx,recon/eaclib/psx/sndpsxz/sdfx.c,SNDI_mutexlock,main,xdef,0,
REAL0_CLEAN,0,0,0,2,4,,,eaclib/psx/sndpsxz/sdfx,recon/eaclib/psx/sndpsxz/sdfx.c,SNDI_mutexunlock,main,xdef,0,
REAL0_RELOC_ONLY,0,0,5,14,4,,,eaclib/psx/sndpsxz/sdfx,recon/eaclib/psx/sndpsxz/sdfx.c,iSNDplatformfxinit,main,xdef,0,
REAL0_RELOC_ONLY,0,0,25,222,4,,,eaclib/psx/sndpsxz/sdfx,recon/eaclib/psx/sndpsxz/sdfx.c,iSNDpsxfxinit,main,xdef,0,
REAL0_RELOC_ONLY,0,0,10,111,4,,,eaclib/psx/sndpsxz/sdma,recon/eaclib/psx/sndpsxz/sdma.c,iSNDdmcallback,main,xdef,0,
REAL0_RELOC_ONLY,0,0,5,28,4,,,eaclib/psx/sndpsxz/sdma,recon/eaclib/psx/sndpsxz/sdma.c,iSNDdmcomplete,main,xdef,0,
REAL0_RELOC_ONLY,0,0,4,61,4,,,eaclib/psx/sndpsxz/sdma,recon/eaclib/psx/sndpsxz/sdma.c,iSNDdmqueue,main,xdef,0,
REAL0_RELOC_ONLY,0,0,5,54,4,,,eaclib/psx/sndpsxz/sdma,recon/eaclib/psx/sndpsxz/sdma.c,iSNDdmqueuesplit,main,xdef,0,
REAL0_RELOC_ONLY,0,0,7,32,4,,,eaclib/psx/sndpsxz/sdma,recon/eaclib/psx/sndpsxz/sdma.c,iSNDdmservice,main,xdef,0,
REAL0_RELOC_ONLY,0,0,11,121,4,,,eaclib/psx/sndpsxz/sdma,recon/eaclib/psx/sndpsxz/sdma.c,iSNDdmtransfer,main,xdef,0,
REAL0_RELOC_ONLY,0,0,6,64,4,,,eaclib/psx/sndpsxz/sdmemlu,recon/eaclib/psx/sndpsxz/sdmemlu.c,SNDmemlargestunused,main,xdef,0,
REAL0_RELOC_ONLY,0,0,2,46,4,,,eaclib/psx/sndpsxz/sdmemman,recon/eaclib/psx/sndpsxz/sdmemman.c,iSNDpsxfree,main,xdef,0,
REAL0_RELOC_ONLY,0,0,2,31,4,,,eaclib/psx/sndpsxz/sdmemman,recon/eaclib/psx/sndpsxz/sdmemman.c,iSNDpsxmemconstrain,main,xdef,0,
REAL0_RELOC_ONLY,0,0,4,78,4,,,eaclib/psx/sndpsxz/sdpacket,recon/eaclib/psx/sndpsxz/sdpacket.c,iSNDpacketgetirq,main,xdef,0,
REAL0_RELOC_ONLY,0,0,2,10,4,,,eaclib/psx/sndpsxz/sdpacket,recon/eaclib/psx/sndpsxz/sdpacket.c,iSNDpacketirqcallback,main,xdef,0,
REAL0_RELOC_ONLY,0,0,3,86,4,,,eaclib/psx/sndpsxz/sdpacket,recon/eaclib/psx/sndpsxz/sdpacket.c,iSNDpacketpurgeframes,main,xdef,0,
REAL0_RELOC_ONLY,0,0,7,101,4,,,eaclib/psx/sndpsxz/sdpacket,recon/eaclib/psx/sndpsxz/sdpacket.c,iSNDpacketserve,main,xdef,0,
REAL0_RELOC_ONLY,0,0,16,56,4,,,eaclib/psx/sndpsxz/sdpacket,recon/eaclib/psx/sndpsxz/sdpacket.c,iSNDpacketsetirq,main,xdef,0,
REAL0_CLEAN,0,0,0,12,4,,,eaclib/psx/sndpsxz/sdpacket,recon/eaclib/psx/sndpsxz/sdpacket.c,iSNDplatformcalcdatarate,main,xdef,0,
REAL0_RELOC_ONLY,0,0,2,13,4,,,eaclib/psx/sndpsxz/sdpacket,recon/eaclib/psx/sndpsxz/sdpacket.c,iSNDplatformpacketoverhead,main,xdef,0,
REAL0_RELOC_ONLY,0,0,14,241,4,,,eaclib/psx/sndpsxz/sdpacket,recon/eaclib/psx/sndpsxz/sdpacket.c,iSNDplatformpacketplay,main,xdef,0,
REAL0_RELOC_ONLY,0,0,8,41,4,,,eaclib/psx/sndpsxz/sdpacket,recon/eaclib/psx/sndpsxz/sdpacket.c,iSNDplatformpacketplaycreate,main,xdef,0,
REAL0_RELOC_ONLY,0,0,3,17,4,,,eaclib/psx/sndpsxz/sdpacket,recon/eaclib/psx/sndpsxz/sdpacket.c,iSNDplatformpacketplaydestroy,main,xdef,0,
REAL0_RELOC_ONLY,0,0,9,53,4,,,eaclib/psx/sndpsxz/sdpacket,recon/eaclib/psx/sndpsxz/sdpacket.c,iSNDpsxpacketstop,main,xdef,0,
REAL0_CLEAN,0,0,0,14,4,,,eaclib/psx/sndpsxz/sdpacket,recon/eaclib/psx/sndpsxz/sdpacket.c,iSNDpsxzerospu,main,xdef,0,
REAL0_RELOC_ONLY,0,0,13,171,4,,,eaclib/psx/sndpsxz/sdplapat,recon/eaclib/psx/sndpsxz/sdplapat.c,iSNDplatformplay,main,xdef,0,
REAL0_RELOC_ONLY,0,0,3,60,4,,,eaclib/psx/sndpsxz/sdresolv,recon/eaclib/psx/sndpsxz/sdresolv.c,iSNDplatformremove,main,xdef,0,
REAL0_RELOC_ONLY,0,0,10,127,4,,,eaclib/psx/sndpsxz/sdresolv,recon/eaclib/psx/sndpsxz/sdresolv.c,iSNDplatformresolve,main,xdef,0,
REAL0_RELOC_ONLY,0,0,6,40,4,,,eaclib/psx/sndpsxz/sdriver,recon/eaclib/psx/sndpsxz/sdriver.c,iSNDplatformfxlevel,main,xdef,0,
REAL0_RELOC_ONLY,0,0,2,49,4,,,eaclib/psx/sndpsxz/sdriver,recon/eaclib/psx/sndpsxz/sdriver.c,iSNDplatformpitch,main,xdef,0,
REAL0_RELOC_ONLY,0,0,5,65,4,,,eaclib/psx/sndpsxz/sdriver,recon/eaclib/psx/sndpsxz/sdriver.c,iSNDstop,main,xdef,0,
REAL0_RELOC_ONLY,0,0,7,61,4,,,eaclib/psx/sndpsxz/sdriver,recon/eaclib/psx/sndpsxz/sdriver.c,iSNDvol,main,xdef,0,
REAL0_RELOC_ONLY,0,0,2,9,4,,,eaclib/psx/sndpsxz/sdspuirq,recon/eaclib/psx/sndpsxz/sdspuirq.c,iSNDpsxdisablespuirq,main,xdef,0,
REAL0_RELOC_ONLY,0,0,2,9,4,,,eaclib/psx/sndpsxz/sdspuirq,recon/eaclib/psx/sndpsxz/sdspuirq.c,iSNDpsxenablespuirq,main,xdef,0,
REAL0_RELOC_ONLY,0,0,2,25,4,,,eaclib/psx/sndpsxz/sdtimrem,recon/eaclib/psx/sndpsxz/sdtimrem.c,iSNDtimeremaining,main,xdef,0,
REAL0_RELOC_ONLY,0,0,4,30,4,,,eaclib/psx/sndpsxz/seffect,recon/eaclib/psx/sndpsxz/seffect.c,SNDfxinitbus,main,xdef,0,
REAL0_RELOC_ONLY,0,0,4,46,4,,,eaclib/psx/sndpsxz/seffect,recon/eaclib/psx/sndpsxz/seffect.c,SNDfxmasterlevel,main,xdef,0,
REAL0_RELOC_ONLY,0,0,9,74,4,,,eaclib/psx/sndpsxz/sfxlevel,recon/eaclib/psx/sndpsxz/sfxlevel.c,SNDfxlevel,main,xdef,0,
REAL0_RELOC_ONLY,0,0,1,11,4,,,eaclib/psx/sndpsxz/sfxlevel,recon/eaclib/psx/sndpsxz/sfxlevel.c,iSNDplatformfxmasterlevel,main,xdef,0,
REAL0_RELOC_ONLY,0,0,1,34,4,,,eaclib/psx/sndpsxz/sgetdata,recon/eaclib/psx/sndpsxz/sgetdata.c,iSNDgetdata,main,xdef,0,
REAL0_RELOC_ONLY,0,0,4,76,4,,,eaclib/psx/sndpsxz/sgettag,recon/eaclib/psx/sndpsxz/sgettag.c,iSNDgettag,main,xdef,0,
REAL0_RELOC_ONLY,0,0,8,39,4,,,eaclib/psx/sndpsxz/sgetvol,recon/eaclib/psx/sndpsxz/sgetvol.c,SNDgetvol,main,xdef,0,
REAL0_RELOC_ONLY,0,0,24,168,4,,,eaclib/psx/sndpsxz/slib,recon/eaclib/psx/sndpsxz/slib.c,iSNDinit,main,xdef,0,
REAL0_RELOC_ONLY,0,0,3,22,4,,,eaclib/psx/sndpsxz/slib,recon/eaclib/psx/sndpsxz/slib.c,iSNDplatformoutputcaps,main,xdef,0,
REAL0_RELOC_ONLY,0,0,9,64,4,,,eaclib/psx/sndpsxz/slib,recon/eaclib/psx/sndpsxz/slib.c,iSNDplatformoutputset,main,xdef,0,
REAL0_RELOC_ONLY,0,0,15,85,4,,,eaclib/psx/sndpsxz/slib,recon/eaclib/psx/sndpsxz/slib.c,iSNDrestore,main,xdef,0,
REAL0_RELOC_ONLY,0,0,25,231,4,,,eaclib/psx/sndpsxz/slib,recon/eaclib/psx/sndpsxz/slib.c,iSNDserve,main,xdef,0,
REAL0_RELOC_ONLY,0,0,4,20,4,,,eaclib/psx/sndpsxz/slimits,recon/eaclib/psx/sndpsxz/slimits.c,SNDgetlimits,main,xdef,0,
REAL0_RELOC_ONLY,0,0,5,32,4,,,eaclib/psx/sndpsxz/slimits,recon/eaclib/psx/sndpsxz/slimits.c,SNDsetlimits,main,xdef,0,
REAL0_RELOC_ONLY,0,0,7,53,4,,,eaclib/psx/sndpsxz/smasterv,recon/eaclib/psx/sndpsxz/smasterv.c,SNDmastervol,main,xdef,0,
REAL0_CLEAN,0,0,0,18,4,,,eaclib/psx/sndpsxz/smath64,recon/eaclib/psx/sndpsxz/smath64.c,iSNDdivu64,main,xdef,0,
REAL0_CLEAN,0,0,0,39,4,,,eaclib/psx/sndpsxz/smath64,recon/eaclib/psx/sndpsxz/smath64.c,iSNDmulu64,main,xdef,0,
REAL0_RELOC_ONLY,0,0,13,135,4,,,eaclib/psx/sndpsxz/smemman,recon/eaclib/psx/sndpsxz/smemman.c,iSNDmalloc,main,xdef,0,
REAL0_RELOC_ONLY,0,0,2,11,4,,,eaclib/psx/sndpsxz/smemman,recon/eaclib/psx/sndpsxz/smemman.c,iSNDmemconstrain,main,xdef,0,
REAL0_RELOC_ONLY,0,0,3,8,4,,,eaclib/psx/sndpsxz/smemman,recon/eaclib/psx/sndpsxz/smemman.c,iSNDmeminit,main,xdef,0,
REAL0_RELOC_ONLY,0,0,2,17,4,,,eaclib/psx/sndpsxz/smemman,recon/eaclib/psx/sndpsxz/smemman.c,iSNDmemrestore,main,xdef,0,
REAL0_RELOC_ONLY,0,0,6,20,4,,,eaclib/psx/sndpsxz/sover,recon/eaclib/psx/sndpsxz/sover.c,SNDover,main,xdef,0,
REAL0_RELOC_ONLY,0,0,10,83,4,,,eaclib/psx/sndpsxz/span,recon/eaclib/psx/sndpsxz/span.c,SNDpan,main,xdef,0,
REAL0_CLEAN,0,0,0,13,4,,,eaclib/psx/sndpsxz/spat2hdr,recon/eaclib/psx/sndpsxz/spat2hdr.c,SNDattributessetdef,main,xdef,0,
REAL0_RELOC_ONLY,0,0,10,84,4,,,eaclib/psx/sndpsxz/spat2hdr,recon/eaclib/psx/sndpsxz/spat2hdr.c,iSNDpatchtohdr,main,xdef,0,
REAL0_RELOC_ONLY,0,0,2,60,4,,,eaclib/psx/sndpsxz/spatkey,recon/eaclib/psx/sndpsxz/spatkey.c,iSNDcalcvol,main,xdef,0,
REAL0_RELOC_ONLY,0,0,3,65,4,,,eaclib/psx/sndpsxz/spatkey,recon/eaclib/psx/sndpsxz/spatkey.c,iSNDpatchkey,main,xdef,0,
REAL0_RELOC_ONLY,0,0,2,16,4,,,eaclib/psx/sndpsxz/spatkey,recon/eaclib/psx/sndpsxz/spatkey.c,iSNDpsxeffectoff,main,xdef,0,
REAL0_RELOC_ONLY,0,0,2,16,4,,,eaclib/psx/sndpsxz/spatkey,recon/eaclib/psx/sndpsxz/spatkey.c,iSNDpsxeffecton,main,xdef,0,
REAL0_RELOC_ONLY,0,0,2,10,4,,,eaclib/psx/sndpsxz/spatkey,recon/eaclib/psx/sndpsxz/spatkey.c,iSNDpsxeffectvol,main,xdef,0,
REAL0_RELOC_ONLY,0,0,2,10,4,,,eaclib/psx/sndpsxz/spatkey,recon/eaclib/psx/sndpsxz/spatkey.c,iSNDpsxkeyoff,main,xdef,0,
REAL0_RELOC_ONLY,0,0,2,10,4,,,eaclib/psx/sndpsxz/spatkey,recon/eaclib/psx/sndpsxz/spatkey.c,iSNDpsxkeyon,main,xdef,0,
REAL0_RELOC_ONLY,0,0,2,14,4,,,eaclib/psx/sndpsxz/spatkey,recon/eaclib/psx/sndpsxz/spatkey.c,iSNDsetslot,main,xdef,0,
REAL0_RELOC_ONLY,0,0,6,87,4,,,eaclib/psx/sndpsxz/spatkey,recon/eaclib/psx/sndpsxz/spatkey.c,iSNDsetvol,main,xdef,0,
REAL0_RELOC_ONLY,0,0,7,119,4,,,eaclib/psx/sndpsxz/spatkey,recon/eaclib/psx/sndpsxz/spatkey.c,iSNDstartvoice,main,xdef,0,
REAL0_RELOC_ONLY,0,0,10,58,4,,,eaclib/psx/sndpsxz/spitch,recon/eaclib/psx/sndpsxz/spitch.c,SNDpitchmult,main,xdef,0,
REAL0_RELOC_ONLY,0,0,12,69,4,,,eaclib/psx/sndpsxz/spktplay,recon/eaclib/psx/sndpsxz/spktplay.c,SNDPKTPLAY_create,main,xdef,0,
REAL0_RELOC_ONLY,0,0,6,21,4,,,eaclib/psx/sndpsxz/spktplay,recon/eaclib/psx/sndpsxz/spktplay.c,SNDPKTPLAY_destroy,main,xdef,0,
REAL0_RELOC_ONLY,0,0,6,20,4,,,eaclib/psx/sndpsxz/spktplay,recon/eaclib/psx/sndpsxz/spktplay.c,SNDPKTPLAY_framesoutstanding,main,xdef,0,
REAL0_RELOC_ONLY,0,0,2,11,4,,,eaclib/psx/sndpsxz/spktplay,recon/eaclib/psx/sndpsxz/spktplay.c,SNDPKTPLAY_overhead,main,xdef,0,
REAL0_RELOC_ONLY,0,0,8,119,4,,,eaclib/psx/sndpsxz/spktplay,recon/eaclib/psx/sndpsxz/spktplay.c,SNDPKTPLAY_purge,main,xdef,0,
REAL0_RELOC_ONLY,0,0,19,187,4,,,eaclib/psx/sndpsxz/spktplay,recon/eaclib/psx/sndpsxz/spktplay.c,SNDPKTPLAY_start,main,xdef,0,
REAL0_RELOC_ONLY,0,0,9,55,4,,,eaclib/psx/sndpsxz/spktplay,recon/eaclib/psx/sndpsxz/spktplay.c,SNDPKTPLAY_stop,main,xdef,0,
REAL0_RELOC_ONLY,0,0,8,93,4,,,eaclib/psx/sndpsxz/spktplay,recon/eaclib/psx/sndpsxz/spktplay.c,SNDPKTPLAY_submit,main,xdef,0,
REAL0_RELOC_ONLY,0,0,4,21,4,,,eaclib/psx/sndpsxz/spktplay,recon/eaclib/psx/sndpsxz/spktplay.c,SNDPKTPLAY_submitspace,main,xdef,0,
REAL0_RELOC_ONLY,0,0,2,10,4,,,eaclib/psx/sndpsxz/spktplay,recon/eaclib/psx/sndpsxz/spktplay.c,SNDPKTPLAY_unsafeframesoutstanding,main,xdef,0,
REAL0_RELOC_ONLY,0,0,2,24,4,,,eaclib/psx/sndpsxz/spktplay,recon/eaclib/psx/sndpsxz/spktplay.c,iSNDpacketfreeframes,main,xdef,0,
REAL0_RELOC_ONLY,0,0,2,95,4,,,eaclib/psx/sndpsxz/spktplay,recon/eaclib/psx/sndpsxz/spktplay.c,iSNDpacketget,main,xdef,0,
REAL0_CLEAN,0,0,0,5,4,,,eaclib/psx/sndpsxz/spktplay,recon/eaclib/psx/sndpsxz/spktplay.c,iSNDpacketplayoverhead,main,xdef,0,
REAL0_RELOC_ONLY,0,0,4,14,4,,,eaclib/psx/sndpsxz/splay,recon/eaclib/psx/sndpsxz/splay.c,SNDplay,main,xdef,0,
REAL0_RELOC_ONLY,0,0,6,43,4,,,eaclib/psx/sndpsxz/splay,recon/eaclib/psx/sndpsxz/splay.c,cSNDplay,main,xdef,0,
REAL0_CLEAN,0,0,0,20,4,,,eaclib/psx/sndpsxz/splysdef,recon/eaclib/psx/sndpsxz/splysdef.c,SNDplaysetdef,main,xdef,0,
REAL0_RELOC_ONLY,0,0,1,11,4,,,eaclib/psx/sndpsxz/spvoices,recon/eaclib/psx/sndpsxz/spvoices.c,SNDSTRM_create,main,xdef,0,
REAL0_RELOC_ONLY,0,0,14,50,4,,,eaclib/psx/sndpsxz/spvoices,recon/eaclib/psx/sndpsxz/spvoices.c,SNDSTRM_destroy,main,xdef,0,
REAL0_RELOC_ONLY,0,0,10,54,4,,,eaclib/psx/sndpsxz/spvoices,recon/eaclib/psx/sndpsxz/spvoices.c,SNDSTRM_purge,main,xdef,0,
REAL0_RELOC_ONLY,0,0,1,8,4,,,eaclib/psx/sndpsxz/spvoices,recon/eaclib/psx/sndpsxz/spvoices.c,SNDSTRM_queuefile,main,xdef,0,
REAL0_CLEAN,0,0,0,19,4,,,eaclib/psx/sndpsxz/spvtolrv,recon/eaclib/psx/sndpsxz/spvtolrv.c,iSNDpvtolrv,main,xdef,0,
REAL0_RELOC_ONLY,0,0,8,64,4,,,eaclib/psx/sndpsxz/srandom,recon/eaclib/psx/sndpsxz/srandom.c,iSNDrandom,main,xdef,0,
REAL0_RELOC_ONLY,0,0,2,23,4,,,eaclib/psx/sndpsxz/srrange,recon/eaclib/psx/sndpsxz/srrange.c,randrange,main,xdef,0,
REAL0_RELOC_ONLY,0,0,12,184,4,,,eaclib/psx/sndpsxz/sserver,recon/eaclib/psx/sndpsxz/sserver.c,iSND100hzserver,main,xdef,0,
REAL0_RELOC_ONLY,0,0,3,14,4,,,eaclib/psx/sndpsxz/sserver,recon/eaclib/psx/sndpsxz/sserver.c,iSNDenteraudio,main,xdef,0,
REAL0_RELOC_ONLY,0,0,4,33,4,,,eaclib/psx/sndpsxz/sserver,recon/eaclib/psx/sndpsxz/sserver.c,iSNDleaveaudio,main,xdef,0,
REAL0_RELOC_ONLY,0,0,9,71,4,,,eaclib/psx/sndpsxz/sserver,recon/eaclib/psx/sndpsxz/sserver.c,iSNDserver,main,xdef,0,
REAL0_RELOC_ONLY,0,0,2,12,4,,,eaclib/psx/sndpsxz/sserver,recon/eaclib/psx/sndpsxz/sserver.c,iSNDserveradd100hzclient,main,xdef,0,
REAL0_RELOC_ONLY,0,0,2,43,4,,,eaclib/psx/sndpsxz/sserver,recon/eaclib/psx/sndpsxz/sserver.c,iSNDserverremove100hzclient,main,xdef,0,
REAL0_RELOC_ONLY,0,0,9,37,4,,,eaclib/psx/sndpsxz/ssine,recon/eaclib/psx/sndpsxz/ssine.c,iSNDsin,main,xdef,0,
REAL0_RELOC_ONLY,0,0,32,144,4,,,eaclib/psx/sndpsxz/sst,recon/eaclib/psx/sndpsxz/sst.c,iSNDstreamcreate,main,xdef,0,
REAL0_RELOC_ONLY,0,0,1,13,4,,,eaclib/psx/sndpsxz/sst,recon/eaclib/psx/sndpsxz/sst.c,iSNDstreamdestroyall,main,xdef,0,
REAL0_RELOC_ONLY,0,0,2,7,4,,,eaclib/psx/sndpsxz/sst,recon/eaclib/psx/sndpsxz/sst.c,iSNDstreamgetstreamptr,main,xdef,0,
REAL0_RELOC_ONLY,0,0,6,86,4,,,eaclib/psx/sndpsxz/sst,recon/eaclib/psx/sndpsxz/sst.c,iSNDstreamhotroddatachunks,main,xdef,0,
REAL0_RELOC_ONLY,0,0,3,72,4,,,eaclib/psx/sndpsxz/sst,recon/eaclib/psx/sndpsxz/sst.c,iSNDstreamisheld,main,xdef,0,
REAL0_RELOC_ONLY,0,0,4,50,4,,,eaclib/psx/sndpsxz/sst,recon/eaclib/psx/sndpsxz/sst.c,iSNDstreamnotifycallback,main,xdef,0,
REAL0_RELOC_ONLY,0,0,2,14,4,,,eaclib/psx/sndpsxz/sst,recon/eaclib/psx/sndpsxz/sst.c,iSNDstreamnumcreated,main,xdef,0,
REAL0_RELOC_ONLY,0,0,9,42,4,,,eaclib/psx/sndpsxz/sst,recon/eaclib/psx/sndpsxz/sst.c,iSNDstreamparsechunk,main,xdef,0,
REAL0_RELOC_ONLY,0,0,2,97,4,,,eaclib/psx/sndpsxz/sst,recon/eaclib/psx/sndpsxz/sst.c,iSNDstreamparsedata,main,xdef,0,
REAL0_RELOC_ONLY,0,0,1,16,4,,,eaclib/psx/sndpsxz/sst,recon/eaclib/psx/sndpsxz/sst.c,iSNDstreamparseend,main,xdef,0,
REAL0_RELOC_ONLY,0,0,7,106,4,,,eaclib/psx/sndpsxz/sst,recon/eaclib/psx/sndpsxz/sst.c,iSNDstreamparseheader,main,xdef,0,
REAL0_RELOC_ONLY,0,0,1,26,4,,,eaclib/psx/sndpsxz/sst,recon/eaclib/psx/sndpsxz/sst.c,iSNDstreamparsenumchunks,main,xdef,0,
REAL0_RELOC_ONLY,0,0,14,117,4,,,eaclib/psx/sndpsxz/sst,recon/eaclib/psx/sndpsxz/sst.c,iSNDstreamqueue,main,xdef,0,
REAL0_RELOC_ONLY,0,0,3,17,4,,,eaclib/psx/sndpsxz/sst,recon/eaclib/psx/sndpsxz/sst.c,iSNDstreamreleasecallback,main,xdef,0,
REAL0_RELOC_ONLY,0,0,2,75,4,,,eaclib/psx/sndpsxz/sst,recon/eaclib/psx/sndpsxz/sst.c,iSNDstreamremoverequest,main,xdef,0,
REAL0_RELOC_ONLY,0,0,12,90,4,,,eaclib/psx/sndpsxz/sst,recon/eaclib/psx/sndpsxz/sst.c,iSNDstreamservice,main,xdef,0,
REAL0_RELOC_ONLY,0,0,6,34,4,,,eaclib/psx/sndpsxz/sstautov,recon/eaclib/psx/sndpsxz/sstautov.c,SNDSTRM_autovol,main,xdef,0,
REAL0_RELOC_ONLY,0,0,1,34,4,,,eaclib/psx/sndpsxz/sstgetrp,recon/eaclib/psx/sndpsxz/sstgetrp.c,iSNDstreamgetrequestptr,main,xdef,0,
REAL0_RELOC_ONLY,0,0,5,23,4,,,eaclib/psx/sndpsxz/sstgetv,recon/eaclib/psx/sndpsxz/sstgetv.c,SNDSTRM_getvol,main,xdef,0,
REAL0_RELOC_ONLY,0,0,9,34,4,,,eaclib/psx/sndpsxz/sstop,recon/eaclib/psx/sndpsxz/sstop.c,SNDstop,main,xdef,0,
REAL0_RELOC_ONLY,0,0,3,30,4,,,eaclib/psx/sndpsxz/sstopall,recon/eaclib/psx/sndpsxz/sstopall.c,SNDstopall,main,xdef,0,
REAL0_RELOC_ONLY,0,0,2,17,4,,,eaclib/psx/sndpsxz/sstovrhd,recon/eaclib/psx/sndpsxz/sstovrhd.c,SNDSTRM_overhead,main,xdef,0,
REAL0_RELOC_ONLY,0,0,1,16,4,,,eaclib/psx/sndpsxz/sstovrhd,recon/eaclib/psx/sndpsxz/sstovrhd.c,SNDSTRM_overheadtap,main,xdef,0,
REAL0_RELOC_ONLY,0,0,14,92,4,,,eaclib/psx/sndpsxz/sstrstat,recon/eaclib/psx/sndpsxz/sstrstat.c,SNDSTRM_requeststatus,main,xdef,0,
REAL0_RELOC_ONLY,0,0,6,23,4,,,eaclib/psx/sndpsxz/sstsetgl,recon/eaclib/psx/sndpsxz/sstsetgl.c,SNDSTRM_setgreedylevel,main,xdef,0,
REAL0_RELOC_ONLY,0,0,6,23,4,,,eaclib/psx/sndpsxz/sstsetgs,recon/eaclib/psx/sndpsxz/sstsetgs.c,SNDSTRM_setgreedystate,main,xdef,0,
REAL0_RELOC_ONLY,0,0,6,26,4,,,eaclib/psx/sndpsxz/sstsetpr,recon/eaclib/psx/sndpsxz/sstsetpr.c,SNDSTRM_setpriority,main,xdef,0,
REAL0_RELOC_ONLY,0,0,6,62,4,,,eaclib/psx/sndpsxz/sststat,recon/eaclib/psx/sndpsxz/sststat.c,SNDSTRM_status,main,xdef,0,
REAL0_RELOC_ONLY,0,0,6,24,4,,,eaclib/psx/sndpsxz/sstvol,recon/eaclib/psx/sndpsxz/sstvol.c,SNDSTRM_vol,main,xdef,0,
REAL0_RELOC_ONLY,0,0,6,47,4,,,eaclib/psx/sndpsxz/ssysinit,recon/eaclib/psx/sndpsxz/ssysinit.c,SNDSYS_getopts,main,xdef,0,
REAL0_RELOC_ONLY,0,0,15,79,4,,,eaclib/psx/sndpsxz/ssysinit,recon/eaclib/psx/sndpsxz/ssysinit.c,SNDSYS_init,main,xdef,0,
REAL0_RELOC_ONLY,0,0,6,57,4,,,eaclib/psx/sndpsxz/ssysinit,recon/eaclib/psx/sndpsxz/ssysinit.c,SNDSYS_restore,main,xdef,0,
REAL0_RELOC_ONLY,0,0,6,63,4,,,eaclib/psx/sndpsxz/ssysinit,recon/eaclib/psx/sndpsxz/ssysinit.c,SNDSYS_setopts,main,xdef,0,
REAL0_RELOC_ONLY,0,0,6,19,4,,,eaclib/psx/sndpsxz/ssysreal,recon/eaclib/psx/sndpsxz/ssysreal.c,SNDSYS_vectortoreal,main,xdef,0,
REAL0_RELOC_ONLY,0,0,1,8,4,,,eaclib/psx/sndpsxz/ssysreal,recon/eaclib/psx/sndpsxz/ssysreal.c,iSNDsystemtaskreal,main,xdef,0,
REAL0_RELOC_ONLY,0,0,2,28,4,,,eaclib/psx/sndpsxz/ssysserv,recon/eaclib/psx/sndpsxz/ssysserv.c,SNDSYS_service,main,xdef,0,
REAL0_RELOC_ONLY,0,0,2,12,4,,,eaclib/psx/sndpsxz/ssysserv,recon/eaclib/psx/sndpsxz/ssysserv.c,iSNDserveraddclient,main,xdef,0,
REAL0_RELOC_ONLY,0,0,2,43,4,,,eaclib/psx/sndpsxz/ssysserv,recon/eaclib/psx/sndpsxz/ssysserv.c,iSNDserverremoveclient,main,xdef,0,
REAL0_RELOC_ONLY,0,0,10,36,4,,,eaclib/psx/sndpsxz/stagpat,recon/eaclib/psx/sndpsxz/stagpat.c,iSNDfindfreekey,main,xdef,0,
REAL0_RELOC_ONLY,0,0,24,216,4,,,eaclib/psx/sndpsxz/stagpat,recon/eaclib/psx/sndpsxz/stagpat.c,iSNDplaytaggedpatch,main,xdef,0,
REAL0_RELOC_ONLY,0,0,21,320,4,,,eaclib/psx/sndpsxz/stagpat,recon/eaclib/psx/sndpsxz/stagpat.c,iSNDplaytaggedtimbre,main,xdef,0,
REAL0_RELOC_ONLY,0,0,4,43,4,,,eaclib/psx/sndpsxz/stagpat,recon/eaclib/psx/sndpsxz/stagpat.c,iSNDremovetaggedpatch,main,xdef,0,
REAL0_CLEAN,0,0,0,2,4,,,eaclib/psx/sndpsxz/stagpat,recon/eaclib/psx/sndpsxz/stagpat.c,iSNDresetpatch,main,xdef,0,
REAL0_RELOC_ONLY,0,0,2,46,4,,,eaclib/psx/sndpsxz/stagpat,recon/eaclib/psx/sndpsxz/stagpat.c,iSNDresettimbre,main,xdef,0,
REAL0_CLEAN,0,0,0,32,4,,,eaclib/psx/sndpsxz/stagpat,recon/eaclib/psx/sndpsxz/stagpat.c,iSNDresolveheader,main,xdef,0,
REAL0_RELOC_ONLY,0,0,4,53,4,,,eaclib/psx/sndpsxz/stagpat,recon/eaclib/psx/sndpsxz/stagpat.c,iSNDresolvetaggedpatch,main,xdef,0,
REAL0_RELOC_ONLY,0,0,11,45,4,,,eaclib/psx/sndpsxz/stimerem,recon/eaclib/psx/sndpsxz/stimerem.c,SNDtimeremaining,main,xdef,0,
REAL0_RELOC_ONLY,0,0,6,24,4,,,eaclib/psx/sndpsxz/svol,recon/eaclib/psx/sndpsxz/svol.c,SNDvol,main,xdef,0,
REAL0_RELOC_ONLY,0,0,7,49,4,,,eaclib/psx/sndpsxz/svol,recon/eaclib/psx/sndpsxz/svol.c,iSNDunsafevol,main,xdef,0,
REAL0_RELOC_ONLY,0,0,5,33,4,,,eaclib/psx/spchpsxz/spchbank,recon/eaclib/psx/spchpsxz/spchbank.c,SPCH_AddBank,main,xdef,0,
REAL0_RELOC_ONLY,0,0,11,33,4,,,eaclib/psx/spchpsxz/spchbank,recon/eaclib/psx/spchpsxz/spchbank.c,iSPCH_BankMemAlloc,main,xdef,0,
REAL0_RELOC_ONLY,0,0,6,16,4,,,eaclib/psx/spchpsxz/spchbank,recon/eaclib/psx/spchpsxz/spchbank.c,iSPCH_DisposeBanks,main,xdef,0,
REAL0_RELOC_ONLY,0,0,4,27,4,,,eaclib/psx/spchpsxz/spchbank,recon/eaclib/psx/spchpsxz/spchbank.c,iSPCH_FindBank,main,xdef,0,
REAL0_RELOC_ONLY,0,0,5,22,4,,,eaclib/psx/spchpsxz/spchbank,recon/eaclib/psx/spchpsxz/spchbank.c,iSPCH_GetFreeBank,main,xdef,0,
REAL0_RELOC_ONLY,0,0,4,5,4,,,eaclib/psx/spchpsxz/spchbank,recon/eaclib/psx/spchpsxz/spchbank.c,iSPCH_InitBanks,main,xdef,0,
REAL0_RELOC_ONLY,0,0,3,86,4,,,eaclib/psx/spchpsxz/spchbank,recon/eaclib/psx/spchpsxz/spchbank.c,iSPCH_SetCycleBits,main,xdef,0,
REAL0_RELOC_ONLY,0,0,2,19,4,,,eaclib/psx/spchpsxz/spchbank,recon/eaclib/psx/spchpsxz/spchbank.c,iSPCH_TestSubBankBounds,main,xdef,0,
REAL0_CLEAN,0,0,0,3,4,,,eaclib/psx/spchpsxz/spchdata,recon/eaclib/psx/spchpsxz/spchdata.c,VoxEvent_GetFilterLengthFlag,main,xdef,0,
REAL0_CLEAN,0,0,0,3,4,,,eaclib/psx/spchpsxz/spchdata,recon/eaclib/psx/spchpsxz/spchdata.c,VoxSentence_GetNumPhrases,main,xdef,0,
REAL0_CLEAN,0,0,0,3,4,,,eaclib/psx/spchpsxz/spchdata,recon/eaclib/psx/spchpsxz/spchdata.c,VoxSentence_GetShortRule,main,xdef,0,
REAL0_CLEAN,0,0,0,5,4,,,eaclib/psx/spchpsxz/spchdata,recon/eaclib/psx/spchpsxz/spchdata.c,iSPCH_GetMatchValue,main,xdef,0,
REAL0_CLEAN,0,0,0,7,4,,,eaclib/psx/spchpsxz/spchdata,recon/eaclib/psx/spchpsxz/spchdata.c,iSPCH_GetOffset16,main,xdef,0,
REAL0_CLEAN,0,0,0,6,4,,,eaclib/psx/spchpsxz/spchdata,recon/eaclib/psx/spchpsxz/spchdata.c,iSPCH_GetOffset8,main,xdef,0,
REAL0_RELOC_ONLY,0,0,2,6,4,,,eaclib/psx/spchpsxz/spchevnt,recon/eaclib/psx/spchpsxz/spchevnt.c,GetFilterLength,main,xdef,0,
REAL0_RELOC_ONLY,0,0,2,6,4,,,eaclib/psx/spchpsxz/spchevnt,recon/eaclib/psx/spchpsxz/spchevnt.c,GetFilterPriority,main,xdef,0,
SHIM_MASKED,36,9,22,82,4,,PER_FN_FORCE_ADDR,eaclib/psx/spchpsxz/spchevnt,recon/eaclib/psx/spchpsxz/spchevnt.c,SPCH_AddEvent,main,xdef,0,
REAL0_RELOC_ONLY,0,0,14,73,4,,,eaclib/psx/spchpsxz/spchevnt,recon/eaclib/psx/spchpsxz/spchevnt.c,SPCH_ChooseSpeech,main,xdef,0,
REAL0_RELOC_ONLY,0,0,4,18,4,,,eaclib/psx/spchpsxz/spchevnt,recon/eaclib/psx/spchpsxz/spchevnt.c,SPCH_ClearEventQueue,main,xdef,0,
REAL0_RELOC_ONLY,0,0,3,16,4,,,eaclib/psx/spchpsxz/spchevnt,recon/eaclib/psx/spchpsxz/spchevnt.c,SPCH_PlaySpeech,main,xdef,0,
REAL0_CLEAN,0,0,0,5,4,,,eaclib/psx/spchpsxz/spchevnt,recon/eaclib/psx/spchpsxz/spchevnt.c,VoxEvent_GetKeepTillExpiresFlag,main,xdef,0,
REAL0_RELOC_ONLY,0,0,18,120,4,,,eaclib/psx/spchpsxz/spchevnt,recon/eaclib/psx/spchpsxz/spchevnt.c,iSPCH_ChooseEvent,main,xdef,0,
REAL0_RELOC_ONLY,0,0,6,71,4,,,eaclib/psx/spchpsxz/spchevnt,recon/eaclib/psx/spchpsxz/spchevnt.c,iSPCH_ClearOldEvents,main,xdef,0,
REAL0_RELOC_ONLY,0,0,3,28,4,,,eaclib/psx/spchpsxz/spchevnt,recon/eaclib/psx/spchpsxz/spchevnt.c,iSPCH_FindEvent,main,xdef,0,
REAL0_RELOC_ONLY,0,0,15,76,4,,,eaclib/psx/spchpsxz/spchevnt,recon/eaclib/psx/spchpsxz/spchevnt.c,iSPCH_FindEventSlot,main,xdef,0,
REAL0_RELOC_ONLY,0,0,2,10,4,,,eaclib/psx/spchpsxz/spchevnt,recon/eaclib/psx/spchpsxz/spchevnt.c,iSPCH_InitEventDat,main,xdef,0,
REAL0_RELOC_ONLY,0,0,7,29,4,,,eaclib/psx/spchpsxz/spchevnt,recon/eaclib/psx/spchpsxz/spchevnt.c,iSPCH_InitEventQueue,main,xdef,0,
REAL0_RELOC_ONLY,0,0,2,34,4,,,eaclib/psx/spchpsxz/spchevnt,recon/eaclib/psx/spchpsxz/spchevnt.c,iSPCH_SearchEventDat,main,xdef,0,
REAL0_RELOC_ONLY,0,0,11,21,4,,,eaclib/psx/spchpsxz/spchinit,recon/eaclib/psx/spchpsxz/spchinit.c,SPCH_Deinit,main,xdef,0,
REAL0_RELOC_ONLY,0,0,2,33,4,,,eaclib/psx/spchpsxz/spchinit,recon/eaclib/psx/spchpsxz/spchinit.c,SPCH_GetSampleDataRate,main,xdef,0,
SHIM_MASKED,1,2,25,39,4,,PER_FN_TEXT_MOVES,eaclib/psx/spchpsxz/spchinit,recon/eaclib/psx/spchpsxz/spchinit.c,SPCH_Init,main,xdef,0,
REAL0_RELOC_ONLY,0,0,7,22,4,,,eaclib/psx/spchpsxz/spchinit,recon/eaclib/psx/spchpsxz/spchinit.c,SPCH_InitBankMem,main,xdef,0,
REAL0_RELOC_ONLY,0,0,3,6,4,,,eaclib/psx/spchpsxz/spchinit,recon/eaclib/psx/spchpsxz/spchinit.c,iSPCH_InitInGame,main,xdef,0,
REAL0_RELOC_ONLY,0,0,2,12,4,,,eaclib/psx/spchpsxz/spchinit,recon/eaclib/psx/spchpsxz/spchinit.c,iSPCH_MemAlloc,main,xdef,0,
REAL0_RELOC_ONLY,0,0,2,11,4,,,eaclib/psx/spchpsxz/spchinit,recon/eaclib/psx/spchpsxz/spchinit.c,iSPCH_MemFree,main,xdef,0,
REAL0_RELOC_ONLY,0,0,2,3,4,,,eaclib/psx/spchpsxz/spchpick,recon/eaclib/psx/spchpsxz/spchpick.c,SPCH_SetPreLoadTicks,main,xdef,0,
REAL0_RELOC_ONLY,0,0,1,21,4,,,eaclib/psx/spchpsxz/spchpick,recon/eaclib/psx/spchpsxz/spchpick.c,iSPCH_CheckBankBit,main,xdef,0,
REAL0_RELOC_ONLY,0,0,1,20,4,,,eaclib/psx/spchpsxz/spchpick,recon/eaclib/psx/spchpsxz/spchpick.c,iSPCH_CheckTemplateSample,main,xdef,0,
REAL0_RELOC_ONLY,0,0,7,68,4,,,eaclib/psx/spchpsxz/spchpick,recon/eaclib/psx/spchpsxz/spchpick.c,iSPCH_ChooseSamples,main,xdef,0,
REAL0_RELOC_ONLY,0,0,14,104,4,,,eaclib/psx/spchpsxz/spchpick,recon/eaclib/psx/spchpsxz/spchpick.c,iSPCH_ChooseSentence,main,xdef,0,
REAL0_RELOC_ONLY,0,0,8,45,4,,,eaclib/psx/spchpsxz/spchpick,recon/eaclib/psx/spchpsxz/spchpick.c,iSPCH_ChooseShortSentence,main,xdef,0,
REAL0_RELOC_ONLY,0,0,2,3,4,,,eaclib/psx/spchpsxz/spchpick,recon/eaclib/psx/spchpsxz/spchpick.c,iSPCH_ClearChosen,main,xdef,0,
REAL0_RELOC_ONLY,0,0,1,25,4,,,eaclib/psx/spchpsxz/spchpick,recon/eaclib/psx/spchpsxz/spchpick.c,iSPCH_ClearCycleBit,main,xdef,0,
SHIM_MASKED,4,0,14,83,4,,PER_FN_TEXT_MOVES,eaclib/psx/spchpsxz/spchpick,recon/eaclib/psx/spchpsxz/spchpick.c,iSPCH_ConstantRuleSet,main,xdef,0,
REAL0_RELOC_ONLY,0,0,2,23,4,,,eaclib/psx/spchpsxz/spchpick,recon/eaclib/psx/spchpsxz/spchpick.c,iSPCH_ConvertTime,main,xdef,0,
REAL0_CLEAN,0,0,0,9,4,,,eaclib/psx/spchpsxz/spchpick,recon/eaclib/psx/spchpsxz/spchpick.c,iSPCH_GetBankBits,main,xdef,0,
REAL0_RELOC_ONLY,0,0,9,69,4,,,eaclib/psx/spchpsxz/spchpick,recon/eaclib/psx/spchpsxz/spchpick.c,iSPCH_GetPhraseBank,main,xdef,0,
REAL0_RELOC_ONLY,0,0,4,44,4,,,eaclib/psx/spchpsxz/spchpick,recon/eaclib/psx/spchpsxz/spchpick.c,iSPCH_IterateChoice,main,xdef,0,
REAL0_RELOC_ONLY,0,0,14,82,4,,,eaclib/psx/spchpsxz/spchpick,recon/eaclib/psx/spchpsxz/spchpick.c,iSPCH_MakeSampleRequests,main,xdef,0,
REAL0_RELOC_ONLY,0,0,2,65,4,,,eaclib/psx/spchpsxz/spchpick,recon/eaclib/psx/spchpsxz/spchpick.c,iSPCH_MatchSample,main,xdef,0,
REAL0_RELOC_ONLY,0,0,2,4,4,,,eaclib/psx/spchpsxz/spchpick,recon/eaclib/psx/spchpsxz/spchpick.c,iSPCH_OneChosen,main,xdef,0,
REAL0_RELOC_ONLY,0,0,3,83,4,,,eaclib/psx/spchpsxz/spchpick,recon/eaclib/psx/spchpsxz/spchpick.c,iSPCH_OrderSentences,main,xdef,0,
REAL0_RELOC_ONLY,0,0,14,40,4,,,eaclib/psx/spchpsxz/spchpick,recon/eaclib/psx/spchpsxz/spchpick.c,iSPCH_PlayChosen,main,xdef,0,
REAL0_RELOC_ONLY,0,0,6,56,4,,,eaclib/psx/spchpsxz/spchpick,recon/eaclib/psx/spchpsxz/spchpick.c,iSPCH_RandomizeSentencePicks,main,xdef,0,
REAL0_RELOC_ONLY,0,0,3,17,4,,,eaclib/psx/spchpsxz/spchpick,recon/eaclib/psx/spchpsxz/spchpick.c,iSPCH_RepeatEvent,main,xdef,0,
REAL0_RELOC_ONLY,0,0,3,35,4,,,eaclib/psx/spchpsxz/spchpick,recon/eaclib/psx/spchpsxz/spchpick.c,iSPCH_SampleExists,main,xdef,0,
REAL0_RELOC_ONLY,0,0,5,26,4,,,eaclib/psx/spchpsxz/spchpick,recon/eaclib/psx/spchpsxz/spchpick.c,iSPCH_SampleLength,main,xdef,0,
REAL0_RELOC_ONLY,0,0,5,18,4,,,eaclib/psx/spchpsxz/spchpick,recon/eaclib/psx/spchpsxz/spchpick.c,iSPCH_SaveChosenSentence,main,xdef,0,
REAL0_RELOC_ONLY,0,0,10,80,4,,,eaclib/psx/spchpsxz/spchpick,recon/eaclib/psx/spchpsxz/spchpick.c,iSPCH_SentenceGetChoices,main,xdef,0,
REAL0_RELOC_ONLY,0,0,5,29,4,,,eaclib/psx/spchpsxz/spchpick,recon/eaclib/psx/spchpsxz/spchpick.c,iSPCH_SentenceLength,main,xdef,0,
REAL0_RELOC_ONLY,0,0,7,43,4,,,eaclib/psx/spchpsxz/spchpick,recon/eaclib/psx/spchpsxz/spchpick.c,iSPCH_SentenceMakeChoice,main,xdef,0,
REAL0_RELOC_ONLY,0,0,1,26,4,,,eaclib/psx/spchpsxz/spchpick,recon/eaclib/psx/spchpsxz/spchpick.c,iSPCH_ShortRuleStatus,main,xdef,0,
REAL0_RELOC_ONLY,0,0,3,20,4,,,eaclib/psx/spchpsxz/spchrand,recon/eaclib/psx/spchpsxz/spchrand.c,iSPCH_BindData,main,xdef,0,
REAL0_RELOC_ONLY,0,0,8,64,4,,,eaclib/psx/spchpsxz/spchrand,recon/eaclib/psx/spchpsxz/spchrand.c,iSPCH_EACrandom,main,xdef,0,
REAL0_RELOC_ONLY,0,0,3,27,4,,,eaclib/psx/spchpsxz/spchrand,recon/eaclib/psx/spchpsxz/spchrand.c,iSPCH_EACseedrandom,main,xdef,0,
REAL0_RELOC_ONLY,0,0,1,21,4,,,eaclib/psx/spchpsxz/spchrand,recon/eaclib/psx/spchpsxz/spchrand.c,iSPCH_Rand,main,xdef,0,
REAL0_RELOC_ONLY,0,0,1,8,4,,,eaclib/psx/spchpsxz/spchrslv,recon/eaclib/psx/spchpsxz/spchrslv.c,SPCH_ResolveData,main,xdef,0,
REAL0_CLEAN,0,0,0,3,4,,,eaclib/psx/spchpsxz/spchrule,recon/eaclib/psx/spchpsxz/spchrule.c,VoxSentence_GetNumPhrases,main,local,0,
REAL0_CLEAN,0,0,0,8,4,,,eaclib/psx/spchpsxz/spchrule,recon/eaclib/psx/spchpsxz/spchrule.c,iSPCH_CheckSentenceRules,main,xdef,0,
REAL0_CLEAN,0,0,0,7,4,,,eaclib/psx/spchpsxz/spchrule,recon/eaclib/psx/spchpsxz/spchrule.c,iSPCH_GetOffset16,main,local,0,
REAL0_CLEAN,0,0,0,6,4,,,eaclib/psx/spchpsxz/spchrule,recon/eaclib/psx/spchpsxz/spchrule.c,iSPCH_GetOffset8,main,local,0,
REAL0_CLEAN,0,0,0,6,4,,,eaclib/psx/spchpsxz/spchrule,recon/eaclib/psx/spchpsxz/spchrule.c,iSPCH_GetRuleDataAddr,main,xdef,0,
REAL0_RELOC_ONLY,0,0,1,29,4,,,eaclib/psx/spchpsxz/spchrule,recon/eaclib/psx/spchpsxz/spchrule.c,iSPCH_GetRuleID,main,xdef,0,
REAL0_RELOC_ONLY,0,0,7,112,4,,,eaclib/psx/spchpsxz/spchrule,recon/eaclib/psx/spchpsxz/spchrule.c,iSPCH_GetRuleSettings,main,xdef,0,
REAL0_RELOC_ONLY,0,0,8,78,4,,,eaclib/psx/spchpsxz/spchrule,recon/eaclib/psx/spchpsxz/spchrule.c,iSPCH_RuleSet,main,xdef,0,
REAL0_RELOC_ONLY,0,0,4,50,4,,,eaclib/psx/spchpsxz/spchrule,recon/eaclib/psx/spchpsxz/spchrule.c,iSPCH_SentenceUsesParm,main,xdef,0,
REAL0_CLEAN,0,0,0,10,4,,,eaclib/psx/spchpsxz/spchsamp,recon/eaclib/psx/spchpsxz/spchsamp.c,iSPCH_InitSample,main,xdef,0,
REAL0_RELOC_ONLY,0,0,3,98,4,,,eaclib/psx/spchpsxz/spchsamp,recon/eaclib/psx/spchpsxz/spchsamp.c,iSPCH_UnPackSample,main,xdef,0,
REAL0_RELOC_ONLY,0,0,1,9,0,,,frontend/common/feapp,recon/frontend/common/feapp.cpp,DisplayHelp__14tFEApplications,front,xdef,0,
REAL0_RELOC_ONLY,0,0,41,254,0,,,frontend/common/feapp,recon/frontend/common/feapp.cpp,DrawHelpIcons__14tFEApplication,front,xdef,0,
REAL0_RELOC_ONLY,0,0,4,31,0,,,frontend/common/feapp,recon/frontend/common/feapp.cpp,FreeHelpShapeCluts__Fv,front,xdef,0,
REAL0_RELOC_ONLY,0,0,122,1123,0,,,frontend/common/feapp,recon/frontend/common/feapp.cpp,MainLoop__14tFEApplicationP5tMenu,front,xdef,0,
REAL0_RELOC_ONLY,0,0,5,42,0,,,frontend/common/feapp,recon/frontend/common/feapp.cpp,PerformMenuDestruction__14tFEApplication,front,xdef,0,
REAL0_RELOC_ONLY,0,0,8,26,0,,,frontend/common/feapp,recon/frontend/common/feapp.cpp,PerformMenuInitialization__14tFEApplication,front,xdef,0,
REAL0_RELOC_ONLY,0,0,36,164,0,,,frontend/common/feapp,recon/frontend/common/feapp.cpp,RunDemoVideo__14tFEApplication,front,xdef,0,
REAL0_RELOC_ONLY,0,0,3,10,0,,,frontend/common/feapp,recon/frontend/common/feapp.cpp,RunFrontEnd__14tFEApplication,front,xdef,0,
REAL0_RELOC_ONLY,0,0,41,194,0,,,frontend/common/feapp,recon/frontend/common/feapp.cpp,RunPostGame__14tFEApplication,front,xdef,0,
REAL0_RELOC_ONLY,0,0,3,65,0,,,frontend/common/feapp,recon/frontend/common/feapp.cpp,SetMenu__14tFEApplicationsP5tMenu,front,xdef,0,
REAL0_RELOC_ONLY,0,0,1,20,0,,,frontend/common/feapp,recon/frontend/common/feapp.cpp,SetScreen__14tFEApplicationsP7tScreen,front,xdef,0,
REAL0_RELOC_ONLY,0,0,20,48,0,,,frontend/common/feapp,recon/frontend/common/feapp.cpp,UpdateMusic__14tFEApplication,front,xdef,0,
REAL0_RELOC_ONLY,0,0,14,137,0,,,frontend/common/feapp,recon/frontend/common/feapp.cpp,__14tFEApplication,front,xdef,0,
REAL0_RELOC_ONLY,0,0,5,28,0,,,frontend/common/feapp,recon/frontend/common/feapp.cpp,___14tFEApplication,front,xdef,0,
REAL0_RELOC_ONLY,0,0,8,41,0,,,frontend/common/feaudio,recon/frontend/common/feaudio.cpp,FEAudio_StartLoadPatch__FP10SPEECHINFO,front,xdef,0,
REAL0_RELOC_ONLY,0,0,14,59,0,,,frontend/common/feaudio,recon/frontend/common/feaudio.cpp,FeAudio_AsyncPlayCommentary__FPc,front,xdef,0,
REAL0_RELOC_ONLY,0,0,9,31,0,,,frontend/common/feaudio,recon/frontend/common/feaudio.cpp,FeAudio_AsyncPlaySpeech__Fii,front,xdef,0,
REAL0_RELOC_ONLY,0,0,4,14,0,,,frontend/common/feaudio,recon/frontend/common/feaudio.cpp,FeAudio_DeInitCommentary__Fv,front,xdef,0,
REAL0_RELOC_ONLY,0,0,17,40,0,,,frontend/common/feaudio,recon/frontend/common/feaudio.cpp,FeAudio_InitCommentary__Fii,front,xdef,0,
REAL0_RELOC_ONLY,0,0,2,86,0,,,frontend/common/feaudio,recon/frontend/common/feaudio.cpp,FeAudio_LocateBigfile__FP9LUMPYHEADPcPiT2,front,xdef,0,
REAL0_RELOC_ONLY,0,0,6,38,0,,,frontend/common/feaudio,recon/frontend/common/feaudio.cpp,FeAudio_StartBigfileRead__FPciiPi,front,xdef,0,
REAL0_RELOC_ONLY,0,0,46,161,0,,,frontend/common/feaudio,recon/frontend/common/feaudio.cpp,FeAudio_systemtask__Fi,front,xdef,0,
REAL0_RELOC_ONLY,0,0,17,73,0,,,frontend/common/feaudio,recon/frontend/common/feaudio.cpp,Feaudio_StartPatch__FP10SPEECHINFO,front,xdef,0,
REAL0_RELOC_ONLY,0,0,3,40,0,,,frontend/common/fecars,recon/frontend/common/fecars.cpp,AddCarToIngameList__11tCarManagerR10tCarModelsRc,front,xdef,0,
REAL0_RELOC_ONLY,0,0,2,31,0,,,frontend/common/fecars,recon/frontend/common/fecars.cpp,AddToPinkSlipsList__11tCarManagersss,front,xdef,0,
REAL0_RELOC_ONLY,0,0,1,54,0,,,frontend/common/fecars,recon/frontend/common/fecars.cpp,AddUpgradesToPinkSlipsList__11tCarManagersss,front,xdef,0,
REAL0_RELOC_ONLY,0,0,14,382,0,,,frontend/common/fecars,recon/frontend/common/fecars.cpp,AdjustPosition__16tListIteratorCar7tPlayers,front,xdef,0,
REAL0_RELOC_ONLY,0,0,2,67,0,,,frontend/common/fecars,recon/frontend/common/fecars.cpp,CalcUsedPrice__11tCarManagers,front,xdef,0,
REAL0_CLEAN,0,0,0,22,0,,,frontend/common/fecars,recon/frontend/common/fecars.cpp,CheapestCarStockPrice__11tCarManager,front,xdef,0,
REAL0_RELOC_ONLY,0,0,1,8,0,,,frontend/common/fecars,recon/frontend/common/fecars.cpp,Decrement__16tListIteratorCar7tPlayer,front,xdef,0,
REAL0_CLEAN,0,0,0,32,0,,,frontend/common/fecars,recon/frontend/common/fecars.cpp,Decrement__21tListIteratorCarColor7tPlayer,front,xdef,0,
REAL0_RELOC_ONLY,0,0,4,109,0,,,frontend/common/fecars,recon/frontend/common/fecars.cpp,FindSimilarCar__11tCarManagerR10tCarModelsRcsP10tCarModels,front,xdef,0,
REAL0_CLEAN,0,0,0,20,0,,,frontend/common/fecars,recon/frontend/common/fecars.cpp,GetCarFromID__11tCarManagers,front,xdef,0,
REAL0_CLEAN,0,0,0,20,0,,,frontend/common/fecars,recon/frontend/common/fecars.cpp,GetCarFromSimID__11tCarManagers,front,xdef,0,
REAL0_CLEAN,0,0,0,69,0,,,frontend/common/fecars,recon/frontend/common/fecars.cpp,GetClassList__11tCarManager13tCarClassTypesP10tCarModels,front,xdef,0,
REAL0_RELOC_ONLY,0,0,3,67,0,,,frontend/common/fecars,recon/frontend/common/fecars.cpp,GetGarageCar__11tCarManagersR8tCarInfos,front,xdef,0,
REAL0_CLEAN,0,0,0,17,0,,,frontend/common/fecars,recon/frontend/common/fecars.cpp,GetNumOwnedCars__11tCarManagers,front,xdef,0,
REAL0_CLEAN,0,0,0,17,0,,,frontend/common/fecars,recon/frontend/common/fecars.cpp,GetNumPinkSlipsCars__11tCarManagers,front,xdef,0,
REAL0_RELOC_ONLY,0,0,4,42,0,,,frontend/common/fecars,recon/frontend/common/fecars.cpp,GetNumTourneyCars__11tCarManagers,front,xdef,0,
REAL0_RELOC_ONLY,0,0,2,55,0,,,frontend/common/fecars,recon/frontend/common/fecars.cpp,GetPinkSlipsCar__11tCarManagersR8tCarInfos,front,xdef,0,
REAL0_RELOC_ONLY,0,0,3,47,0,,,frontend/common/fecars,recon/frontend/common/fecars.cpp,GetStockCar__11tCarManagersR8tCarInfo,front,xdef,0,
REAL0_RELOC_ONLY,0,0,1,8,0,,,frontend/common/fecars,recon/frontend/common/fecars.cpp,Increment__16tListIteratorCar7tPlayer,front,xdef,0,
REAL0_CLEAN,0,0,0,38,0,,,frontend/common/fecars,recon/frontend/common/fecars.cpp,Increment__21tListIteratorCarColor7tPlayer,front,xdef,0,
REAL0_RELOC_ONLY,0,0,2,32,0,,,frontend/common/fecars,recon/frontend/common/fecars.cpp,InitializeIngameCarList__11tCarManager,front,xdef,0,
REAL0_CLEAN,0,0,0,39,0,,,frontend/common/fecars,recon/frontend/common/fecars.cpp,Initialize__11tCarManager,front,xdef,0,
REAL0_RELOC_ONLY,0,0,3,32,0,,,frontend/common/fecars,recon/frontend/common/fecars.cpp,IsCarAnAddedModel__11tCarManagerR10tCarModelsRc,front,xdef,0,
REAL0_RELOC_ONLY,0,0,1,39,0,,,frontend/common/fecars,recon/frontend/common/fecars.cpp,LoadCars__11tCarManagerR12tSaveCarInfos,front,xdef,0,
REAL0_RELOC_ONLY,0,0,15,112,0,,,frontend/common/fecars,recon/frontend/common/fecars.cpp,LoadDescription__11tCarManager,front,xdef,0,
REAL0_RELOC_ONLY,0,0,1,41,0,,,frontend/common/fecars,recon/frontend/common/fecars.cpp,LoadPinkSlipsCars__11tCarManagerR12tSaveCarInfos,front,xdef,0,
REAL0_RELOC_ONLY,0,0,6,55,0,,,frontend/common/fecars,recon/frontend/common/fecars.cpp,PurchaseCar__11tCarManagersss,front,xdef,0,
REAL0_RELOC_ONLY,0,0,1,67,0,,,frontend/common/fecars,recon/frontend/common/fecars.cpp,PurchaseUpgrade__11tCarManagersss,front,xdef,0,
REAL0_RELOC_ONLY,0,0,1,16,0,,,frontend/common/fecars,recon/frontend/common/fecars.cpp,ReleaseDescription__11tCarManager,front,xdef,0,
REAL0_RELOC_ONLY,0,0,2,82,0,,,frontend/common/fecars,recon/frontend/common/fecars.cpp,RemoveFromPinkSlipsList__11tCarManagerss,front,xdef,0,
REAL0_RELOC_ONLY,0,0,1,30,0,,,frontend/common/fecars,recon/frontend/common/fecars.cpp,SaveCars__11tCarManagerR12tSaveCarInfo,front,xdef,0,
REAL0_RELOC_ONLY,0,0,9,87,0,,,frontend/common/fecars,recon/frontend/common/fecars.cpp,SavePinkSlipsCars__11tCarManagerR12tSaveCarInfoss,front,xdef,0,
REAL0_RELOC_ONLY,0,0,3,96,0,,,frontend/common/fecars,recon/frontend/common/fecars.cpp,SellCar__11tCarManagerss,front,xdef,0,
REAL0_CLEAN,0,0,0,7,0,,,frontend/common/fecars,recon/frontend/common/fecars.cpp,SetCarAvailable__11tCarManager10tCarModelsb,front,xdef,0,
REAL0_CLEAN,0,0,0,7,0,,,frontend/common/fecars,recon/frontend/common/fecars.cpp,SetCarViewable__11tCarManager10tCarModelsb,front,xdef,0,
REAL0_CLEAN,0,0,0,33,0,,,frontend/common/fecars,recon/frontend/common/fecars.cpp,SetClassAvailable__11tCarManager13tCarClassTypeb,front,xdef,0,
REAL0_RELOC_ONLY,0,0,1,27,0,,,frontend/common/fecars,recon/frontend/common/fecars.cpp,SetClassViewable__11tCarManager13tCarClassTypeb,front,xdef,0,
REAL0_RELOC_ONLY,0,0,4,72,0,,,frontend/common/fecars,recon/frontend/common/fecars.cpp,TextValue__16tListIteratorCar7tPlayer,front,xdef,0,
REAL0_CLEAN,0,0,0,2,0,,,frontend/common/fecars,recon/frontend/common/fecars.cpp,TextValue__21tListIteratorCarColor7tPlayer,front,xdef,0,
REAL0_RELOC_ONLY,0,0,28,243,0,,,frontend/common/fecars,recon/frontend/common/fecars.cpp,ValidCar__16tListIteratorCar7tPlayerc,front,xdef,0,
REAL0_CLEAN,0,0,0,11,0,,,frontend/common/fecars,recon/frontend/common/fecars.cpp,Value__16tListIteratorCar7tPlayer,front,xdef,0,
REAL0_CLEAN,0,0,0,24,0,,,frontend/common/fecars,recon/frontend/common/fecars.cpp,Value__21tListIteratorCarColor7tPlayer,front,xdef,0,
REAL0_RELOC_ONLY,0,0,3,23,0,,,frontend/common/fecars,recon/frontend/common/fecars.cpp,__16tListIteratorCarPcP11tCarManager,front,xdef,0,
REAL0_RELOC_ONLY,0,0,3,32,0,,,frontend/common/fecars,recon/frontend/common/fecars.cpp,__21tListIteratorCarColorPcN21iP11tCarManager,front,xdef,0,
REAL0_RELOC_ONLY,0,0,3,10,0,,,frontend/common/fecars,recon/frontend/common/fecars.cpp,___16tListIteratorCar,front,xdef,0,
REAL0_RELOC_ONLY,0,0,3,10,0,,,frontend/common/fecars,recon/frontend/common/fecars.cpp,___21tListIteratorCarColor,front,xdef,0,
REAL0_RELOC_ONLY,0,0,6,46,0,,,frontend/common/fecheats,recon/frontend/common/fecheats.cpp,FECheat_ActivateBonusByCode__FPc,front,xdef,0,
REAL0_RELOC_ONLY,0,0,4,15,0,,,frontend/common/fecheats,recon/frontend/common/fecheats.cpp,FECheat_ActivateBonus__F10tCheatCode,front,xdef,0,
REAL0_RELOC_ONLY,0,0,16,66,0,,,frontend/common/fecheats,recon/frontend/common/fecheats.cpp,FECheat_ActivateCheat__FPc,front,xdef,0,
REAL0_CLEAN,0,0,0,79,0,,,frontend/common/fecheats,recon/frontend/common/fecheats.cpp,FECheat_EncodeString2__FPcT0,front,xdef,0,
REAL0_CLEAN,0,0,0,35,0,,,frontend/common/fecheats,recon/frontend/common/fecheats.cpp,FECheat_EncodeString__FPcT0,front,xdef,0,
REAL0_RELOC_ONLY,0,0,33,116,0,,,frontend/common/fecheats,recon/frontend/common/fecheats.cpp,FECheat_HandleActivation__F10tCheatCode,front,xdef,0,
REAL0_RELOC_ONLY,0,0,4,11,0,,,frontend/common/fecheats,recon/frontend/common/fecheats.cpp,FECheat_IsCheatEnabled__F10tCheatCode,front,xdef,0,
REAL0_RELOC_ONLY,0,0,2,4,0,,,frontend/common/fecheats,recon/frontend/common/fecheats.cpp,FECheat_IsTheUserACryBabyCheater__Fv,front,xdef,0,
REAL0_RELOC_ONLY,0,0,6,30,0,,,frontend/common/fecheats,recon/frontend/common/fecheats.cpp,FECheat_LoadBonus__FRUl,front,xdef,0,
REAL0_RELOC_ONLY,0,0,2,4,0,,,frontend/common/fecheats,recon/frontend/common/fecheats.cpp,FECheat_SaveBonus__FRUl,front,xdef,0,
REAL0_CLEAN,0,0,0,3,0,,,frontend/common/fecredits,recon/frontend/common/fecredits.cpp,DeInit__14tCreditManager,front,xdef,0,
REAL0_RELOC_ONLY,0,0,49,451,0,,,frontend/common/fecredits,recon/frontend/common/fecredits.cpp,DrawCurrCredit__14tCreditManager,front,xdef,0,
REAL0_RELOC_ONLY,0,0,7,81,0,,,frontend/common/fecredits,recon/frontend/common/fecredits.cpp,Draw__14tCreditManagerb,front,xdef,0,
REAL0_RELOC_ONLY,0,0,13,56,0,,,frontend/common/fecredits,recon/frontend/common/fecredits.cpp,Init__14tCreditManageri,front,xdef,0,
REAL0_RELOC_ONLY,0,0,1,16,0,,,frontend/common/fecredits,recon/frontend/common/fecredits.cpp,RealDeInit__14tCreditManager,front,xdef,0,
REAL0_RELOC_ONLY,0,0,26,199,0,,,frontend/common/fecredits,recon/frontend/common/fecredits.cpp,SetupCurrCredit__14tCreditManager,front,xdef,0,
REAL0_CLEAN,0,0,0,4,0,,,frontend/common/fecredits,recon/frontend/common/fecredits.cpp,Setup__14tCreditManager,front,xdef,0,
REAL0_RELOC_ONLY,0,0,1,33,0,,,frontend/common/fedialog,recon/frontend/common/fedialog.cpp,AddItem__11tDialogHelpss,front,xdef,0,
REAL0_RELOC_ONLY,0,0,36,359,0,,,frontend/common/fedialog,recon/frontend/common/fedialog.cpp,CalculateDimensions__11tDialogHelp,front,xdef,0,
REAL0_RELOC_ONLY,0,0,4,46,0,,,frontend/common/fedialog,recon/frontend/common/fedialog.cpp,CalculateDimensions__12tDialogYesNo,front,xdef,0,
REAL0_RELOC_ONLY,0,0,12,133,0,,,frontend/common/fedialog,recon/frontend/common/fedialog.cpp,CalculateDimensions__20tDialogMessageString,front,xdef,0,
REAL0_RELOC_ONLY,0,0,10,49,0,,,frontend/common/fedialog,recon/frontend/common/fedialog.cpp,Display__11tDialogBase,front,xdef,0,
REAL0_RELOC_ONLY,0,0,5,52,0,,,frontend/common/fedialog,recon/frontend/common/fedialog.cpp,DrawAllDialogs__11tDialogBase,front,xdef,0,
REAL0_RELOC_ONLY,0,0,6,68,0,,,frontend/common/fedialog,recon/frontend/common/fedialog.cpp,Draw__11tDialogBase,front,xdef,0,
REAL0_RELOC_ONLY,0,0,13,187,0,,,frontend/common/fedialog,recon/frontend/common/fedialog.cpp,Draw__11tDialogHelp,front,xdef,0,
REAL0_RELOC_ONLY,0,0,13,98,0,,,frontend/common/fedialog,recon/frontend/common/fedialog.cpp,Draw__12tDialogYesNo,front,xdef,0,
REAL0_RELOC_ONLY,0,0,14,89,0,,,frontend/common/fedialog,recon/frontend/common/fedialog.cpp,Draw__20tDialogMessageString,front,xdef,0,
REAL0_RELOC_ONLY,0,0,2,4,0,,,frontend/common/fedialog,recon/frontend/common/fedialog.cpp,GetTopMostDialog__11tDialogBase,front,xdef,0,
REAL0_RELOC_ONLY,0,0,2,16,0,,,frontend/common/fedialog,recon/frontend/common/fedialog.cpp,HideAllDialogs__11tDialogBase,front,xdef,0,
REAL0_RELOC_ONLY,0,0,4,45,0,,,frontend/common/fedialog,recon/frontend/common/fedialog.cpp,Hide__11tDialogBase,front,xdef,0,
REAL0_RELOC_ONLY,0,0,1,8,0,,,frontend/common/fedialog,recon/frontend/common/fedialog.cpp,InitializeClass__11tDialogBase,front,xdef,0,
REAL0_RELOC_ONLY,0,0,1,17,0,,,frontend/common/fedialog,recon/frontend/common/fedialog.cpp,ProcessInput__11tDialogBase7tPlayerR13tInputKeyTypeR12tMenuCommand,front,xdef,0,
REAL0_RELOC_ONLY,0,0,8,51,0,,,frontend/common/fedialog,recon/frontend/common/fedialog.cpp,ProcessInput__12tDialogYesNo7tPlayerR13tInputKeyTypeR12tMenuCommand,front,xdef,0,
REAL0_RELOC_ONLY,0,0,8,57,0,,,frontend/common/fedialog,recon/frontend/common/fedialog.cpp,ProcessInput__15tDialogYesNoMem7tPlayerR13tInputKeyTypeR12tMenuCommand,front,xdef,0,
REAL0_RELOC_ONLY,0,0,2,16,0,,,frontend/common/fedialog,recon/frontend/common/fedialog.cpp,ProcessInput__15tDialogYesNoTri7tPlayerR13tInputKeyTypeR12tMenuCommand,front,xdef,0,
REAL0_RELOC_ONLY,0,0,2,22,0,,,frontend/common/fedialog,recon/frontend/common/fedialog.cpp,ProcessInput__17tDialogBackUpOnly7tPlayerR13tInputKeyTypeR12tMenuCommand,front,xdef,0,
REAL0_CLEAN,0,0,0,2,0,,,frontend/common/fedialog,recon/frontend/common/fedialog.cpp,ProcessInput__21tDialogNoInputMessage7tPlayerR13tInputKeyTypeR12tMenuCommand,front,xdef,0,
REAL0_RELOC_ONLY,0,0,15,123,0,,,frontend/common/fedialog,recon/frontend/common/fedialog.cpp,Run__18tDialogInteractive,front,xdef,0,
REAL0_RELOC_ONLY,0,0,2,14,0,,,frontend/common/fedialog,recon/frontend/common/fedialog.cpp,ShouldTimeOut__11tDialogBase,front,xdef,0,
REAL0_RELOC_ONLY,0,0,9,46,0,,,frontend/common/fedialog,recon/frontend/common/fedialog.cpp,__12tDialogYesNo,front,xdef,0,
REAL0_RELOC_ONLY,0,0,1,8,0,,,frontend/common/fedialog,recon/frontend/common/fedialog.cpp,___11tDialogBase,front,xdef,1,
REAL0_RELOC_ONLY,0,0,1,8,0,,,frontend/common/fedialog,recon/frontend/common/fedialog.cpp,___11tDialogHelp,front,xdef,0,
REAL0_RELOC_ONLY,0,0,1,8,0,,,frontend/common/fedialog,recon/frontend/common/fedialog.cpp,___12tDialogYesNo,front,xdef,0,
REAL0_RELOC_ONLY,0,0,1,8,0,,,frontend/common/fedialog,recon/frontend/common/fedialog.cpp,___15tDialogYesNoMem,front,xdef,0,
REAL0_RELOC_ONLY,0,0,1,8,0,,,frontend/common/fedialog,recon/frontend/common/fedialog.cpp,___15tDialogYesNoTri,front,xdef,0,
REAL0_RELOC_ONLY,0,0,1,8,0,,,frontend/common/fedialog,recon/frontend/common/fedialog.cpp,___17tDialogBackUpOnly,front,xdef,0,
REAL0_RELOC_ONLY,0,0,1,8,0,,,frontend/common/fedialog,recon/frontend/common/fedialog.cpp,___18tDialogInteractive,front,xdef,0,
REAL0_RELOC_ONLY,0,0,1,8,0,,,frontend/common/fedialog,recon/frontend/common/fedialog.cpp,___20tDialogMessageString,front,xdef,0,
REAL0_RELOC_ONLY,0,0,1,8,0,,,frontend/common/fedialog,recon/frontend/common/fedialog.cpp,___21tDialogNoInputMessage,front,xdef,0,
REAL0_RELOC_ONLY,0,0,1,8,0,,,frontend/common/fedialog,recon/frontend/common/fedialog.cpp,___31tDialogMessageStringWithTimeout,front,xdef,0,
REAL0_RELOC_ONLY,0,0,1,9,0,,,frontend/common/fefades,recon/frontend/common/fefades.cpp,CalcFadeVal__Fii,front,xdef,0,
REAL0_CLEAN,0,0,0,36,0,,,frontend/common/fefades,recon/frontend/common/fefades.cpp,CalcFadeVal__Fiii,front,xdef,0,
REAL0_RELOC_ONLY,0,0,2,13,0,,,frontend/common/fefades,recon/frontend/common/fefades.cpp,CalcFadeVal__Fiiii,front,xdef,0,
SHIM_MASKED,4,3,10,88,0,,PER_FN_TEXT_MOVES,frontend/common/fefades,recon/frontend/common/fefades.cpp,CalcOnOffFade__F13tMenuTextTypesssRiT4,front,xdef,1,
REAL0_RELOC_ONLY,0,0,6,33,0,,,frontend/common/fefades,recon/frontend/common/fefades.cpp,CalcTextFadeSelToHi__F13tMenuTextTypess,front,xdef,0,
REAL0_RELOC_ONLY,0,0,5,28,0,,,frontend/common/fefades,recon/frontend/common/fefades.cpp,CalcTextFadeUnselToSel__F13tMenuTextTypess,front,xdef,0,
REAL0_RELOC_ONLY,0,0,20,69,0,,,frontend/common/feinput,recon/frontend/common/feinput.cpp,FEInput_GetDebounceKey__Fii,front,xdef,0,
REAL0_RELOC_ONLY,0,0,13,82,0,,,frontend/common/feinput,recon/frontend/common/feinput.cpp,FEInput_GetKeyFromPlayer__F7tPlayerl,front,xdef,0,
REAL0_RELOC_ONLY,0,0,31,159,0,,,frontend/common/feinput,recon/frontend/common/feinput.cpp,FEInput_GetNoDebounceKey__Fii,front,xdef,0,
REAL0_RELOC_ONLY,0,0,5,24,0,,,frontend/common/feinput,recon/frontend/common/feinput.cpp,FEInput_VerifyControllerValues__Fi,front,xdef,0,
REAL0_RELOC_ONLY,0,0,1,16,0,,,frontend/common/felines,recon/frontend/common/felines.cpp,PSXDrawBrightEndLine__Fiiiiiiii,front,xdef,0,
REAL0_RELOC_ONLY,0,0,12,161,0,,,frontend/common/felines,recon/frontend/common/felines.cpp,PSXTransDrawBrightEndLine__Fiiiiiiiii,front,xdef,1,
REAL0_RELOC_ONLY,0,0,3,9,0,,,frontend/common/fememcard,recon/frontend/common/fememcard.cpp,BringThatBeatBack__Fv,front,xdef,0,
REAL0_RELOC_ONLY,0,0,5,30,0,,,frontend/common/fememcard,recon/frontend/common/fememcard.cpp,ChecksumData__FP12tMemCardData,front,xdef,0,
REAL0_RELOC_ONLY,0,0,37,109,0,,,frontend/common/fememcard,recon/frontend/common/fememcard.cpp,Confirm__Fii,front,xdef,0,
REAL0_RELOC_ONLY,0,0,18,40,0,,,frontend/common/fememcard,recon/frontend/common/fememcard.cpp,DeInit_Memcard__Fv,front,xdef,0,
REAL0_RELOC_ONLY,0,0,3,11,0,,,frontend/common/fememcard,recon/frontend/common/fememcard.cpp,FormatConfirm__Fv,front,xdef,0,
REAL0_RELOC_ONLY,0,0,22,58,0,,,frontend/common/fememcard,recon/frontend/common/fememcard.cpp,Init_MemcardFile__FR12MCRDFILE_defsb,front,xdef,0,
REAL0_RELOC_ONLY,0,0,40,87,0,,,frontend/common/fememcard,recon/frontend/common/fememcard.cpp,Init_Memcard__FbT0,front,xdef,0,
REAL0_CLEAN,0,0,0,2,0,,,frontend/common/fememcard,recon/frontend/common/fememcard.cpp,LoadingProc__Fv,front,xdef,0,
REAL0_RELOC_ONLY,0,0,3,10,0,,,frontend/common/fememcard,recon/frontend/common/fememcard.cpp,LoadingRedrawProc__Fv,front,xdef,0,
REAL0_RELOC_ONLY,0,0,3,9,0,,,frontend/common/fememcard,recon/frontend/common/fememcard.cpp,MakeWayForMemoryCard__Fv,front,xdef,0,
REAL0_CLEAN,0,0,0,2,0,,,frontend/common/fememcard,recon/frontend/common/fememcard.cpp,OverwriteAlwaysYes__Fv,front,xdef,0,
REAL0_RELOC_ONLY,0,0,3,11,0,,,frontend/common/fememcard,recon/frontend/common/fememcard.cpp,OverwriteConfirm__Fv,front,xdef,0,
REAL0_RELOC_ONLY,0,0,95,292,0,,,frontend/common/fememcard,recon/frontend/common/fememcard.cpp,SaveGame__Fs,front,xdef,0,
REAL0_RELOC_ONLY,0,0,49,219,0,,,frontend/common/fememcard,recon/frontend/common/fememcard.cpp,SavePinkSlipsCarsWithErrorDialogs__Fsss,front,xdef,1,
REAL0_RELOC_ONLY,0,0,3,10,0,,,frontend/common/fememcard,recon/frontend/common/fememcard.cpp,SavingProc__Fv,front,xdef,0,
REAL0_RELOC_ONLY,0,0,5,54,0,,,frontend/common/fememcard,recon/frontend/common/fememcard.cpp,VerifySuccessfulRead__FP12tMemCardData,front,xdef,0,
REAL0_CLEAN,0,0,0,2,0,,,frontend/common/femenu,recon/frontend/common/femenu.cpp,DebounceKeys__24tMenuItemLeftRightSlider,front,xdef,0,
REAL0_CLEAN,0,0,0,19,0,,,frontend/common/femenu,recon/frontend/common/femenu.cpp,DebounceKeys__5tMenu,front,xdef,0,
REAL0_CLEAN,0,0,0,2,0,,,frontend/common/femenu,recon/frontend/common/femenu.cpp,DebounceKeys__9tMenuItem,front,xdef,0,
REAL0_CLEAN,0,0,0,34,0,,,frontend/common/femenu,recon/frontend/common/femenu.cpp,Decrement__13tListIterator7tPlayer,front,xdef,0,
REAL0_CLEAN,0,0,0,10,0,,,frontend/common/femenu,recon/frontend/common/femenu.cpp,Decrement__18tListIteratorRange7tPlayer,front,xdef,0,
REAL0_CLEAN,0,0,0,43,0,,,frontend/common/femenu,recon/frontend/common/femenu.cpp,Decrement__20tListIteratorIndexed7tPlayer,front,xdef,0,
REAL0_CLEAN,0,0,0,40,0,,,frontend/common/femenu,recon/frontend/common/femenu.cpp,Decrement__24tListIteratorMultiPlayer7tPlayer,front,xdef,0,
REAL0_CLEAN,0,0,0,15,0,,,frontend/common/femenu,recon/frontend/common/femenu.cpp,Decrement__25tListIteratorRangeIndexed7tPlayer,front,xdef,0,
REAL0_CLEAN,0,0,0,59,0,,,frontend/common/femenu,recon/frontend/common/femenu.cpp,Decrement__26tListIteratorDoubleIndexed7tPlayer,front,xdef,0,
REAL0_RELOC_ONLY,0,0,6,51,0,,,frontend/common/femenu,recon/frontend/common/femenu.cpp,Draw__24tMenuItemLeftRightChoiceb,front,xdef,0,
REAL0_RELOC_ONLY,0,0,5,75,0,,,frontend/common/femenu,recon/frontend/common/femenu.cpp,Draw__24tMenuItemLeftRightSliderb,front,xdef,0,
REAL0_RELOC_ONLY,0,0,1,43,0,,,frontend/common/femenu,recon/frontend/common/femenu.cpp,Draw__5tMenu,front,xdef,0,
REAL0_CLEAN,0,0,0,15,0,,,frontend/common/femenu,recon/frontend/common/femenu.cpp,Draw__9tMenuItemiib,front,xdef,0,
REAL0_CLEAN,0,0,0,17,0,,,frontend/common/femenu,recon/frontend/common/femenu.cpp,Draw__9tMenuItemiiib,front,xdef,0,
REAL0_RELOC_ONLY,0,0,1,26,0,,,frontend/common/femenu,recon/frontend/common/femenu.cpp,GetNumberEnabledItems__5tMenu,front,xdef,0,
REAL0_CLEAN,0,0,0,19,0,,,frontend/common/femenu,recon/frontend/common/femenu.cpp,Increment__13tListIterator7tPlayer,front,xdef,0,
REAL0_CLEAN,0,0,0,10,0,,,frontend/common/femenu,recon/frontend/common/femenu.cpp,Increment__18tListIteratorRange7tPlayer,front,xdef,0,
REAL0_CLEAN,0,0,0,26,0,,,frontend/common/femenu,recon/frontend/common/femenu.cpp,Increment__20tListIteratorIndexed7tPlayer,front,xdef,0,
REAL0_CLEAN,0,0,0,25,0,,,frontend/common/femenu,recon/frontend/common/femenu.cpp,Increment__24tListIteratorMultiPlayer7tPlayer,front,xdef,0,
REAL0_CLEAN,0,0,0,15,0,,,frontend/common/femenu,recon/frontend/common/femenu.cpp,Increment__25tListIteratorRangeIndexed7tPlayer,front,xdef,0,
REAL0_CLEAN,0,0,0,39,0,,,frontend/common/femenu,recon/frontend/common/femenu.cpp,Increment__26tListIteratorDoubleIndexed7tPlayer,front,xdef,0,
REAL0_CLEAN,0,0,0,37,0,,,frontend/common/femenu,recon/frontend/common/femenu.cpp,Initialize__5tMenu,front,xdef,0,
REAL0_CLEAN,0,0,0,2,0,,,frontend/common/femenu,recon/frontend/common/femenu.cpp,IsSubMenu__5tMenu,front,xdef,0,
REAL0_RELOC_ONLY,0,0,1,36,0,,,frontend/common/femenu,recon/frontend/common/femenu.cpp,ProcessInput__23tMenuItemGoToMenuButton7tPlayerR13tInputKeyTypeR12tMenuCommand,front,xdef,0,
REAL0_RELOC_ONLY,0,0,3,44,0,,,frontend/common/femenu,recon/frontend/common/femenu.cpp,ProcessInput__24tMenuItemLeftRightChoice7tPlayerR13tInputKeyTypeR12tMenuCommand,front,xdef,0,
SHIM_MASKED,2,1,3,42,0,,PER_FN_TEXT_MOVES,frontend/common/femenu,recon/frontend/common/femenu.cpp,ProcessInput__24tMenuItemLeftRightSlider7tPlayerR13tInputKeyTypeR12tMenuCommand,front,xdef,0,
REAL0_RELOC_ONLY,0,0,17,199,0,,,frontend/common/femenu,recon/frontend/common/femenu.cpp,ProcessInput__5tMenu7tPlayerR13tInputKeyTypeR12tMenuCommand,front,xdef,0,
REAL0_CLEAN,0,0,0,2,0,,,frontend/common/femenu,recon/frontend/common/femenu.cpp,ProcessInput__9tMenuItem7tPlayerR13tInputKeyTypeR12tMenuCommand,front,xdef,0,
REAL0_CLEAN,0,0,0,6,0,,,frontend/common/femenu,recon/frontend/common/femenu.cpp,SetDimensions__24tMenuItemLeftRightSliderssss,front,xdef,0,
REAL0_CLEAN,0,0,0,20,0,,,frontend/common/femenu,recon/frontend/common/femenu.cpp,TextValue__13tListIterator7tPlayer,front,xdef,0,
REAL0_CLEAN,0,0,0,2,0,,,frontend/common/femenu,recon/frontend/common/femenu.cpp,TextValue__18tListIteratorRange7tPlayer,front,xdef,0,
REAL0_CLEAN,0,0,0,20,0,,,frontend/common/femenu,recon/frontend/common/femenu.cpp,TextValue__20tListIteratorIndexed7tPlayer,front,xdef,0,
REAL0_CLEAN,0,0,0,20,0,,,frontend/common/femenu,recon/frontend/common/femenu.cpp,TextValue__24tListIteratorMultiPlayer7tPlayer,front,xdef,0,
REAL0_CLEAN,0,0,0,20,0,,,frontend/common/femenu,recon/frontend/common/femenu.cpp,TextValue__26tListIteratorDoubleIndexed7tPlayer,front,xdef,0,
REAL0_CLEAN,0,0,0,2,0,,,frontend/common/femenu,recon/frontend/common/femenu.cpp,TransitionIsFinished__5tMenu,front,xdef,0,
REAL0_CLEAN,0,0,0,2,0,,,frontend/common/femenu,recon/frontend/common/femenu.cpp,TransitionIsFinished__9tMenuItem,front,xdef,0,
REAL0_CLEAN,0,0,0,2,0,,,frontend/common/femenu,recon/frontend/common/femenu.cpp,TransitionOff__5tMenu,front,xdef,0,
REAL0_CLEAN,0,0,0,2,0,,,frontend/common/femenu,recon/frontend/common/femenu.cpp,TransitionOff__9tMenuItem,front,xdef,0,
REAL0_CLEAN,0,0,0,2,0,,,frontend/common/femenu,recon/frontend/common/femenu.cpp,TransitionOn__5tMenu,front,xdef,0,
REAL0_CLEAN,0,0,0,2,0,,,frontend/common/femenu,recon/frontend/common/femenu.cpp,TransitionOn__9tMenuItem,front,xdef,0,
REAL0_RELOC_ONLY,0,0,1,22,0,,,frontend/common/femenu,recon/frontend/common/femenu.cpp,UpdateSelFade__9tMenuItemb,front,xdef,0,
REAL0_CLEAN,0,0,0,37,0,,,frontend/common/femenu,recon/frontend/common/femenu.cpp,UpdateTransition__5tMenu,front,xdef,0,
REAL0_RELOC_ONLY,0,0,1,8,0,,,frontend/common/femenu,recon/frontend/common/femenu.cpp,UpdateTransition__9tMenuItemb,front,xdef,0,
REAL0_CLEAN,0,0,0,5,0,,,frontend/common/femenu,recon/frontend/common/femenu.cpp,Value__13tListIterator7tPlayer,front,xdef,0,
REAL0_CLEAN,0,0,0,5,0,,,frontend/common/femenu,recon/frontend/common/femenu.cpp,Value__18tListIteratorRange7tPlayer,front,xdef,0,
REAL0_CLEAN,0,0,0,9,0,,,frontend/common/femenu,recon/frontend/common/femenu.cpp,Value__20tListIteratorIndexed7tPlayer,front,xdef,0,
REAL0_CLEAN,0,0,0,10,0,,,frontend/common/femenu,recon/frontend/common/femenu.cpp,Value__24tListIteratorMultiPlayer7tPlayer,front,xdef,0,
REAL0_CLEAN,0,0,0,9,0,,,frontend/common/femenu,recon/frontend/common/femenu.cpp,Value__25tListIteratorRangeIndexed7tPlayer,front,xdef,0,
REAL0_CLEAN,0,0,0,15,0,,,frontend/common/femenu,recon/frontend/common/femenu.cpp,Value__26tListIteratorDoubleIndexed7tPlayer,front,xdef,0,
REAL0_RELOC_ONLY,0,0,2,9,0,,,frontend/common/femenu,recon/frontend/common/femenu.cpp,__13tListIteratorPsPc,front,xdef,0,
REAL0_RELOC_ONLY,0,0,3,23,0,,,frontend/common/femenu,recon/frontend/common/femenu.cpp,__18tListIteratorRangeccPc,front,xdef,0,
REAL0_RELOC_ONLY,0,0,3,17,0,,,frontend/common/femenu,recon/frontend/common/femenu.cpp,__20tListIteratorIndexedPsPcT2,front,xdef,0,
REAL0_RELOC_ONLY,0,0,3,13,0,,,frontend/common/femenu,recon/frontend/common/femenu.cpp,__20tMenuItemInteractiveUi,front,xdef,0,
REAL0_RELOC_ONLY,0,0,3,21,0,,,frontend/common/femenu,recon/frontend/common/femenu.cpp,__23tMenuItemGoToMenuButtonUiP5tMenuPFR12tMenuCommand_v,front,xdef,0,
REAL0_RELOC_ONLY,0,0,3,20,0,,,frontend/common/femenu,recon/frontend/common/femenu.cpp,__24tMenuItemLeftRightChoiceUiP13tListIterator,front,xdef,0,
REAL0_RELOC_ONLY,0,0,3,23,0,,,frontend/common/femenu,recon/frontend/common/femenu.cpp,__24tMenuItemLeftRightSliderUiP13tListIterator,front,xdef,0,
REAL0_RELOC_ONLY,0,0,3,19,0,,,frontend/common/femenu,recon/frontend/common/femenu.cpp,__25tListIteratorRangeIndexedccPcT3,front,xdef,0,
REAL0_RELOC_ONLY,0,0,2,17,0,,,frontend/common/femenu,recon/frontend/common/femenu.cpp,__5tMenuUiP7tScreenP5tMenuT3PFR12tMenuCommand_vs,front,xdef,0,
REAL0_RELOC_ONLY,0,0,2,12,0,,,frontend/common/femenu,recon/frontend/common/femenu.cpp,__9tMenuItemUi,front,xdef,0,
REAL0_RELOC_ONLY,0,0,3,13,0,,,frontend/common/femenu,recon/frontend/common/femenu.cpp,___13tListIterator,front,xdef,0,
REAL0_RELOC_ONLY,0,0,3,10,0,,,frontend/common/femenu,recon/frontend/common/femenu.cpp,___18tListIteratorRange,front,xdef,0,
REAL0_RELOC_ONLY,0,0,3,10,0,,,frontend/common/femenu,recon/frontend/common/femenu.cpp,___20tListIteratorIndexed,front,xdef,0,
REAL0_RELOC_ONLY,0,0,3,10,0,,,frontend/common/femenu,recon/frontend/common/femenu.cpp,___20tMenuItemInteractive,front,xdef,0,
REAL0_RELOC_ONLY,0,0,3,10,0,,,frontend/common/femenu,recon/frontend/common/femenu.cpp,___23tMenuItemGoToMenuButton,front,xdef,0,
REAL0_RELOC_ONLY,0,0,3,10,0,,,frontend/common/femenu,recon/frontend/common/femenu.cpp,___24tListIteratorMultiPlayer,front,xdef,0,
REAL0_RELOC_ONLY,0,0,3,10,0,,,frontend/common/femenu,recon/frontend/common/femenu.cpp,___24tMenuItemLeftRightChoice,front,xdef,0,
REAL0_RELOC_ONLY,0,0,3,10,0,,,frontend/common/femenu,recon/frontend/common/femenu.cpp,___24tMenuItemLeftRightSlider,front,xdef,0,
REAL0_RELOC_ONLY,0,0,3,10,0,,,frontend/common/femenu,recon/frontend/common/femenu.cpp,___25tListIteratorRangeIndexed,front,xdef,0,
REAL0_RELOC_ONLY,0,0,3,10,0,,,frontend/common/femenu,recon/frontend/common/femenu.cpp,___26tListIteratorDoubleIndexed,front,xdef,0,
REAL0_RELOC_ONLY,0,0,3,13,0,,,frontend/common/femenu,recon/frontend/common/femenu.cpp,___5tMenu,front,xdef,0,
REAL0_RELOC_ONLY,0,0,3,13,0,,,frontend/common/femenu,recon/frontend/common/femenu.cpp,___9tMenuItem,front,xdef,0,
REAL0_RELOC_ONLY,0,0,1,14,0,,,frontend/common/femenu,recon/frontend/common/femenu.cpp,tMenuConstructor__5tMenuP9tMenuItemPv,front,xdef,0,
REAL0_RELOC_ONLY,0,0,5,30,0,,,frontend/common/femenudefs,recon/frontend/common/femenudefs.cpp,AskTheUserToSaveTheGame__Fv,front,xdef,0,
REAL0_CLEAN,0,0,0,2,0,,,frontend/common/femenudefs,recon/frontend/common/femenudefs.cpp,Draw__32tBlankMenuItemGoToMenuNFS4Buttonb,front,xdef,0,
REAL0_CLEAN,0,0,0,2,0,,,frontend/common/femenudefs,recon/frontend/common/femenudefs.cpp,Draw__32tBlankMenuItemGoToMenuNFS4Buttoniib,front,xdef,0,
REAL0_CLEAN,0,0,0,2,0,,,frontend/common/femenudefs,recon/frontend/common/femenudefs.cpp,Draw__33tBlankMenuItemNFS4LeftRightChoiceiib,front,xdef,0,
REAL0_RELOC_ONLY,0,0,14,37,0,,,frontend/common/femenudefs,recon/frontend/common/femenudefs.cpp,GenericMenuLoadGame__Fi,front,xdef,0,
REAL0_RELOC_ONLY,0,0,25,71,0,,,frontend/common/femenudefs,recon/frontend/common/femenudefs.cpp,GenericMenuSaveGame__Fi,front,xdef,0,
SHIM_MASKED,4,0,42,138,0,,PER_FN_TEXT_MOVES,frontend/common/femenudefs,recon/frontend/common/femenudefs.cpp,MenuExtended_AwardPinkSlipsCar__FR12tMenuCommand,front,xdef,0,
REAL0_RELOC_ONLY,0,0,22,85,0,,,frontend/common/femenudefs,recon/frontend/common/femenudefs.cpp,MenuExtended_BuyCar__FR12tMenuCommand,front,xdef,0,
REAL0_RELOC_ONLY,0,0,11,71,0,,,frontend/common/femenudefs,recon/frontend/common/femenudefs.cpp,MenuExtended_DidUserWinBeTheCop__Fv,front,xdef,0,
REAL0_RELOC_ONLY,0,0,8,25,0,,,frontend/common/femenudefs,recon/frontend/common/femenudefs.cpp,MenuExtended_EnterUserName__FR12tMenuCommand,front,xdef,0,
REAL0_RELOC_ONLY,0,0,20,76,0,,,frontend/common/femenudefs,recon/frontend/common/femenudefs.cpp,MenuExtended_ExitPinkSlipsEarly__FR12tMenuCommand,front,xdef,0,
REAL0_RELOC_ONLY,0,0,7,36,0,,,frontend/common/femenudefs,recon/frontend/common/femenudefs.cpp,MenuExtended_ExitTourney__FR12tMenuCommand,front,xdef,0,
REAL0_RELOC_ONLY,0,0,24,68,0,,,frontend/common/femenudefs,recon/frontend/common/femenudefs.cpp,MenuExtended_FinishedPlayer1GetName__FR12tMenuCommand,front,xdef,0,
REAL0_RELOC_ONLY,0,0,14,40,0,,,frontend/common/femenudefs,recon/frontend/common/femenudefs.cpp,MenuExtended_FinishedPlayer2GetName__FR12tMenuCommand,front,xdef,0,
REAL0_RELOC_ONLY,0,0,27,83,0,,,frontend/common/femenudefs,recon/frontend/common/femenudefs.cpp,MenuExtended_GoTo2PlayerRace__FR12tMenuCommand,front,xdef,0,
REAL0_RELOC_ONLY,0,0,6,23,0,,,frontend/common/femenudefs,recon/frontend/common/femenudefs.cpp,MenuExtended_GoToBestOfFive__FR12tMenuCommand,front,xdef,0,
REAL0_RELOC_ONLY,0,0,6,23,0,,,frontend/common/femenudefs,recon/frontend/common/femenudefs.cpp,MenuExtended_GoToBestOfOne__FR12tMenuCommand,front,xdef,0,
REAL0_RELOC_ONLY,0,0,6,23,0,,,frontend/common/femenudefs,recon/frontend/common/femenudefs.cpp,MenuExtended_GoToBestOfThree__FR12tMenuCommand,front,xdef,0,
REAL0_RELOC_ONLY,0,0,91,229,0,,,frontend/common/femenudefs,recon/frontend/common/femenudefs.cpp,MenuExtended_GoToCarSelect__FR12tMenuCommand,front,xdef,0,
REAL0_RELOC_ONLY,0,0,5,16,0,,,frontend/common/femenudefs,recon/frontend/common/femenudefs.cpp,MenuExtended_GoToDealerShowroom__FR12tMenuCommand,front,xdef,0,
SHIM_MASKED,3,4,9,26,0,,PER_FN_TEXT_MOVES,frontend/common/femenudefs,recon/frontend/common/femenudefs.cpp,MenuExtended_GoToDealer__FR12tMenuCommand,front,xdef,0,
REAL0_RELOC_ONLY,0,0,15,42,0,,,frontend/common/femenudefs,recon/frontend/common/femenudefs.cpp,MenuExtended_GoToGarage__FR12tMenuCommand,front,xdef,0,
REAL0_RELOC_ONLY,0,0,29,87,0,,,frontend/common/femenudefs,recon/frontend/common/femenudefs.cpp,MenuExtended_GoToRace__FR12tMenuCommand,front,xdef,0,
REAL0_RELOC_ONLY,0,0,2,4,0,,,frontend/common/femenudefs,recon/frontend/common/femenudefs.cpp,MenuExtended_GoToSETrophyRoom__FR12tMenuCommand,front,xdef,0,
SHIM_MASKED,3,4,9,26,0,,PER_FN_TEXT_MOVES,frontend/common/femenudefs,recon/frontend/common/femenudefs.cpp,MenuExtended_GoToSeller__FR12tMenuCommand,front,xdef,0,
REAL0_RELOC_ONLY,0,0,5,16,0,,,frontend/common/femenudefs,recon/frontend/common/femenudefs.cpp,MenuExtended_GoToShowroom__FR12tMenuCommand,front,xdef,0,
REAL0_RELOC_ONLY,0,0,23,91,0,,,frontend/common/femenudefs,recon/frontend/common/femenudefs.cpp,MenuExtended_GoToSpecialEventTrackInfo__FR12tMenuCommand,front,xdef,0,
SHIM_MASKED,1,3,23,90,0,,PER_FN_TEXT_MOVES,frontend/common/femenudefs,recon/frontend/common/femenudefs.cpp,MenuExtended_GoToTournTrackInfo__FR12tMenuCommand,front,xdef,0,
REAL0_RELOC_ONLY,0,0,2,3,0,,,frontend/common/femenudefs,recon/frontend/common/femenudefs.cpp,MenuExtended_GoToTournTrophyRoom__FR12tMenuCommand,front,xdef,0,
SHIM_MASKED,17,7,24,69,0,,PER_FN_TEXT_MOVES,frontend/common/femenudefs,recon/frontend/common/femenudefs.cpp,MenuExtended_GoToTwoPlayerSingleRace__FR12tMenuCommand,front,xdef,0,
REAL0_RELOC_ONLY,0,0,5,16,0,,,frontend/common/femenudefs,recon/frontend/common/femenudefs.cpp,MenuExtended_GoToUpgrades__FR12tMenuCommand,front,xdef,0,
REAL0_RELOC_ONLY,0,0,9,38,0,,,frontend/common/femenudefs,recon/frontend/common/femenudefs.cpp,MenuExtended_LoadGame__FR12tMenuCommand,front,xdef,0,
REAL0_RELOC_ONLY,0,0,5,27,0,,,frontend/common/femenudefs,recon/frontend/common/femenudefs.cpp,MenuExtended_PinkSlipsContinue__FR12tMenuCommand,front,xdef,0,
REAL0_RELOC_ONLY,0,0,26,64,0,,,frontend/common/femenudefs,recon/frontend/common/femenudefs.cpp,MenuExtended_PostGameMenu__FR12tMenuCommand,front,xdef,0,
REAL0_RELOC_ONLY,0,0,1,8,0,,,frontend/common/femenudefs,recon/frontend/common/femenudefs.cpp,MenuExtended_PurchaseUpgrade1__FR12tMenuCommand,front,xdef,0,
REAL0_RELOC_ONLY,0,0,1,8,0,,,frontend/common/femenudefs,recon/frontend/common/femenudefs.cpp,MenuExtended_PurchaseUpgrade2__FR12tMenuCommand,front,xdef,0,
REAL0_RELOC_ONLY,0,0,1,8,0,,,frontend/common/femenudefs,recon/frontend/common/femenudefs.cpp,MenuExtended_PurchaseUpgrade3__FR12tMenuCommand,front,xdef,0,
SHIM_MASKED,2,0,18,80,0,,PER_FN_TEXT_MOVES,frontend/common/femenudefs,recon/frontend/common/femenudefs.cpp,MenuExtended_PurchaseUpgrade__Fi,front,xdef,0,
REAL0_RELOC_ONLY,0,0,5,20,0,,,frontend/common/femenudefs,recon/frontend/common/femenudefs.cpp,MenuExtended_SaveGame__FR12tMenuCommand,front,xdef,0,
SHIM_MASKED,3,0,31,86,0,,PER_FN_TEXT_MOVES,frontend/common/femenudefs,recon/frontend/common/femenudefs.cpp,MenuExtended_SellCar__FR12tMenuCommand,front,xdef,0,
REAL0_RELOC_ONLY,0,0,2,3,0,,,frontend/common/femenudefs,recon/frontend/common/femenudefs.cpp,MenuExtended_SetBeginner__FR12tMenuCommand,front,xdef,0,
REAL0_RELOC_ONLY,0,0,5,16,0,,,frontend/common/femenudefs,recon/frontend/common/femenudefs.cpp,MenuExtended_SetDuelRace__FR12tMenuCommand,front,xdef,0,
REAL0_RELOC_ONLY,0,0,2,4,0,,,frontend/common/femenudefs,recon/frontend/common/femenudefs.cpp,MenuExtended_SetExpert__FR12tMenuCommand,front,xdef,0,
REAL0_RELOC_ONLY,0,0,5,16,0,,,frontend/common/femenudefs,recon/frontend/common/femenudefs.cpp,MenuExtended_SetFullGrid__FR12tMenuCommand,front,xdef,0,
REAL0_RELOC_ONLY,0,0,4,11,0,,,frontend/common/femenudefs,recon/frontend/common/femenudefs.cpp,MenuExtended_SetHPDuelRace__FR12tMenuCommand,front,xdef,0,
REAL0_RELOC_ONLY,0,0,4,11,0,,,frontend/common/femenudefs,recon/frontend/common/femenudefs.cpp,MenuExtended_SetHPSoloRace__FR12tMenuCommand,front,xdef,0,
REAL0_RELOC_ONLY,0,0,8,20,0,,,frontend/common/femenudefs,recon/frontend/common/femenudefs.cpp,MenuExtended_SetHotPursuit__FR12tMenuCommand,front,xdef,0,
REAL0_RELOC_ONLY,0,0,2,4,0,,,frontend/common/femenudefs,recon/frontend/common/femenudefs.cpp,MenuExtended_SetIntermediate__FR12tMenuCommand,front,xdef,0,
REAL0_RELOC_ONLY,0,0,8,19,0,,,frontend/common/femenudefs,recon/frontend/common/femenudefs.cpp,MenuExtended_SetOnePlayer__FR12tMenuCommand,front,xdef,0,
REAL0_RELOC_ONLY,0,0,7,48,0,,,frontend/common/femenudefs,recon/frontend/common/femenudefs.cpp,MenuExtended_SetPinkSlips__FR12tMenuCommand,front,xdef,0,
REAL0_RELOC_ONLY,0,0,5,16,0,,,frontend/common/femenudefs,recon/frontend/common/femenudefs.cpp,MenuExtended_SetSingleRace__FR12tMenuCommand,front,xdef,0,
REAL0_RELOC_ONLY,0,0,2,8,0,,,frontend/common/femenudefs,recon/frontend/common/femenudefs.cpp,MenuExtended_SetSoloRace__FR12tMenuCommand,front,xdef,0,
REAL0_RELOC_ONLY,0,0,5,18,0,,,frontend/common/femenudefs,recon/frontend/common/femenudefs.cpp,MenuExtended_SetSpecialEvent__FR12tMenuCommand,front,xdef,0,
REAL0_RELOC_ONLY,0,0,2,7,0,,,frontend/common/femenudefs,recon/frontend/common/femenudefs.cpp,MenuExtended_SetTestDrive__FR12tMenuCommand,front,xdef,0,
REAL0_RELOC_ONLY,0,0,5,18,0,,,frontend/common/femenudefs,recon/frontend/common/femenudefs.cpp,MenuExtended_SetTournament__FR12tMenuCommand,front,xdef,0,
REAL0_RELOC_ONLY,0,0,8,20,0,,,frontend/common/femenudefs,recon/frontend/common/femenudefs.cpp,MenuExtended_SetTwoPlayer__FR12tMenuCommand,front,xdef,0,
REAL0_RELOC_ONLY,0,0,11,32,0,,,frontend/common/femenudefs,recon/frontend/common/femenudefs.cpp,MenuExtended_TierFinished__FR12tMenuCommand,front,xdef,0,
REAL0_RELOC_ONLY,0,0,5,19,0,,,frontend/common/femenudefs,recon/frontend/common/femenudefs.cpp,MenuExtended_TransitionFromPostGameToMainMenuAndSaveGame__FR12tMenuCommand,front,xdef,0,
REAL0_RELOC_ONLY,0,0,2,7,0,,,frontend/common/femenudefs,recon/frontend/common/femenudefs.cpp,MenuExtended_TransitionFromPostGameToMainMenu__FR12tMenuCommand,front,xdef,0,
REAL0_RELOC_ONLY,0,0,11,50,0,,,frontend/common/femenudefs,recon/frontend/common/femenudefs.cpp,PinkSlipsPreSave__Fv,front,xdef,0,
REAL0_CLEAN,0,0,0,2,0,,,frontend/common/femenudefs,recon/frontend/common/femenudefs.cpp,TransitionIsFinished__32tBlankMenuItemGoToMenuNFS4Button,front,xdef,0,
REAL0_CLEAN,0,0,0,2,0,,,frontend/common/femenudefs,recon/frontend/common/femenudefs.cpp,TransitionIsFinished__33tBlankMenuItemNFS4LeftRightChoice,front,xdef,0,
REAL0_RELOC_ONLY,0,0,250,763,0,,,frontend/common/femenudefs,recon/frontend/common/femenudefs.cpp,___15tGlobalMenuDefs,front,xdef,0,
REAL0_RELOC_ONLY,0,0,1,8,0,,,frontend/common/femenudefs,recon/frontend/common/femenudefs.cpp,___32tBlankMenuItemGoToMenuNFS4Button,front,xdef,0,
REAL0_RELOC_ONLY,0,0,1,8,0,,,frontend/common/femenudefs,recon/frontend/common/femenudefs.cpp,___33tBlankMenuItemNFS4LeftRightChoice,front,xdef,0,
REAL0_CLEAN,0,0,0,2,0,,,frontend/common/femenuextended,recon/frontend/common/femenuextended.cpp,DebounceKeys__10tMenuBlank,front,xdef,0,
REAL0_RELOC_ONLY,0,0,2,30,0,,,frontend/common/femenuextended,recon/frontend/common/femenuextended.cpp,DrawItem__18tMenuNFS4TwoPlayeri,front,xdef,0,
REAL0_CLEAN,0,0,0,24,0,,,frontend/common/femenuextended,recon/frontend/common/femenuextended.cpp,DrawItem__9tMenuNFS4i,front,xdef,0,
REAL0_CLEAN,0,0,0,25,0,,,frontend/common/femenuextended,recon/frontend/common/femenuextended.cpp,Draw__10tMenuBlank,front,xdef,0,
REAL0_RELOC_ONLY,0,0,16,182,0,,,frontend/common/femenuextended,recon/frontend/common/femenuextended.cpp,Draw__12tMenuOptions,front,xdef,0,
REAL0_RELOC_ONLY,0,0,1,48,0,,,frontend/common/femenuextended,recon/frontend/common/femenuextended.cpp,Draw__15tMenuNFS4Bottom,front,xdef,0,
REAL0_RELOC_ONLY,0,0,16,159,0,,,frontend/common/femenuextended,recon/frontend/common/femenuextended.cpp,Draw__27tMenuItemGoToMenuNFS4Buttoniib,front,xdef,0,
REAL0_RELOC_ONLY,0,0,11,165,0,,,frontend/common/femenuextended,recon/frontend/common/femenuextended.cpp,Draw__28tMenuItemNFS4LeftRightChoiceiib,front,xdef,0,
REAL0_RELOC_ONLY,0,0,13,118,0,,,frontend/common/femenuextended,recon/frontend/common/femenuextended.cpp,Draw__31tMenuItemOptionsLeftRightChoiceiib,front,xdef,0,
REAL0_RELOC_ONLY,0,0,7,82,0,,,frontend/common/femenuextended,recon/frontend/common/femenuextended.cpp,Draw__9tMenuNFS4,front,xdef,0,
REAL0_CLEAN,0,0,0,2,0,,,frontend/common/femenuextended,recon/frontend/common/femenuextended.cpp,Initialize__10tMenuBlank,front,xdef,0,
REAL0_RELOC_ONLY,0,0,2,44,0,,,frontend/common/femenuextended,recon/frontend/common/femenuextended.cpp,Initialize__9tMenuNFS4,front,xdef,0,
REAL0_CLEAN,0,0,0,2,0,,,frontend/common/femenuextended,recon/frontend/common/femenuextended.cpp,IsSubMenu__12tMenuOptions,front,xdef,0,
SHIM_MASKED,4,0,32,293,0,,PER_FN_TEXT_MOVES,frontend/common/femenuextended,recon/frontend/common/femenuextended.cpp,MenuNFS4_DrawTextBox__FiR4RECTissbT5,front,xdef,0,
REAL0_RELOC_ONLY,0,0,3,12,0,,,frontend/common/femenuextended,recon/frontend/common/femenuextended.cpp,MenuNFS4_SetHelpPos__FR4RECT,front,xdef,0,
REAL0_RELOC_ONLY,0,0,2,17,0,,,frontend/common/femenuextended,recon/frontend/common/femenuextended.cpp,ProcessInput__10tMenuBlank7tPlayerR13tInputKeyTypeR12tMenuCommand,front,xdef,0,
REAL0_RELOC_ONLY,0,0,1,13,0,,,frontend/common/femenuextended,recon/frontend/common/femenuextended.cpp,ProcessInput__12tMenuOptions7tPlayerR13tInputKeyTypeR12tMenuCommand,front,xdef,0,
REAL0_RELOC_ONLY,0,0,1,8,0,,,frontend/common/femenuextended,recon/frontend/common/femenuextended.cpp,ProcessInput__9tMenuNFS47tPlayerR13tInputKeyTypeR12tMenuCommand,front,xdef,0,
REAL0_RELOC_ONLY,0,0,1,15,0,,,frontend/common/femenuextended,recon/frontend/common/femenuextended.cpp,TransitionIsFinished__10tMenuBlank,front,xdef,0,
REAL0_RELOC_ONLY,0,0,2,9,0,,,frontend/common/femenuextended,recon/frontend/common/femenuextended.cpp,TransitionIsFinished__12tMenuOptions,front,xdef,0,
REAL0_CLEAN,0,0,0,3,0,,,frontend/common/femenuextended,recon/frontend/common/femenuextended.cpp,TransitionIsFinished__27tMenuItemGoToMenuNFS4Button,front,xdef,0,
REAL0_CLEAN,0,0,0,3,0,,,frontend/common/femenuextended,recon/frontend/common/femenuextended.cpp,TransitionIsFinished__28tMenuItemNFS4LeftRightChoice,front,xdef,0,
REAL0_CLEAN,0,0,0,40,0,,,frontend/common/femenuextended,recon/frontend/common/femenuextended.cpp,TransitionIsFinished__9tMenuNFS4,front,xdef,0,
REAL0_CLEAN,0,0,0,7,0,,,frontend/common/femenuextended,recon/frontend/common/femenuextended.cpp,TransitionOff__10tMenuBlank,front,xdef,0,
REAL0_RELOC_ONLY,0,0,3,15,0,,,frontend/common/femenuextended,recon/frontend/common/femenuextended.cpp,TransitionOff__12tMenuOptions,front,xdef,0,
REAL0_CLEAN,0,0,0,3,0,,,frontend/common/femenuextended,recon/frontend/common/femenuextended.cpp,TransitionOff__27tMenuItemGoToMenuNFS4Button,front,xdef,0,
REAL0_CLEAN,0,0,0,3,0,,,frontend/common/femenuextended,recon/frontend/common/femenuextended.cpp,TransitionOff__28tMenuItemNFS4LeftRightChoice,front,xdef,0,
REAL0_CLEAN,0,0,0,34,0,,,frontend/common/femenuextended,recon/frontend/common/femenuextended.cpp,TransitionOff__9tMenuNFS4,front,xdef,0,
REAL0_CLEAN,0,0,0,6,0,,,frontend/common/femenuextended,recon/frontend/common/femenuextended.cpp,TransitionOn__10tMenuBlank,front,xdef,0,
REAL0_RELOC_ONLY,0,0,4,38,0,,,frontend/common/femenuextended,recon/frontend/common/femenuextended.cpp,TransitionOn__12tMenuOptions,front,xdef,0,
REAL0_CLEAN,0,0,0,4,0,,,frontend/common/femenuextended,recon/frontend/common/femenuextended.cpp,TransitionOn__27tMenuItemGoToMenuNFS4Button,front,xdef,0,
REAL0_CLEAN,0,0,0,4,0,,,frontend/common/femenuextended,recon/frontend/common/femenuextended.cpp,TransitionOn__28tMenuItemNFS4LeftRightChoice,front,xdef,0,
REAL0_CLEAN,0,0,0,23,0,,,frontend/common/femenuextended,recon/frontend/common/femenuextended.cpp,TransitionOn__29tMenuItemOptionsTwoItemChoice,front,xdef,0,
REAL0_CLEAN,0,0,0,34,0,,,frontend/common/femenuextended,recon/frontend/common/femenuextended.cpp,TransitionOn__9tMenuNFS4,front,xdef,0,
REAL0_CLEAN,0,0,0,2,0,,,frontend/common/femenuextended,recon/frontend/common/femenuextended.cpp,UpdateTransition__10tMenuBlank,front,xdef,0,
REAL0_RELOC_ONLY,0,0,2,23,0,,,frontend/common/femenuextended,recon/frontend/common/femenuextended.cpp,UpdateTransition__27tMenuItemGoToMenuNFS4Buttonb,front,xdef,0,
REAL0_RELOC_ONLY,0,0,2,23,0,,,frontend/common/femenuextended,recon/frontend/common/femenuextended.cpp,UpdateTransition__28tMenuItemNFS4LeftRightChoiceb,front,xdef,0,
REAL0_CLEAN,0,0,0,37,0,,,frontend/common/femenuextended,recon/frontend/common/femenuextended.cpp,UpdateTransition__9tMenuNFS4,front,xdef,0,
REAL0_RELOC_ONLY,0,0,3,25,0,,,frontend/common/femenuextended,recon/frontend/common/femenuextended.cpp,__10tMenuBlankUiP7tScreenP5tMenuT3PFR12tMenuCommand_vs,front,xdef,0,
REAL0_RELOC_ONLY,0,0,4,30,0,,,frontend/common/femenuextended,recon/frontend/common/femenuextended.cpp,__12tMenuOptionsUiP7tScreenP5tMenuT3PFR12tMenuCommand_vssP9tMenuIteme,front,xdef,0,
REAL0_RELOC_ONLY,0,0,4,26,0,,,frontend/common/femenuextended,recon/frontend/common/femenuextended.cpp,__15tMenuNFS4BottomUiP7tScreenP5tMenuT3PFR12tMenuCommand_vsP9tMenuIteme,front,xdef,0,
REAL0_RELOC_ONLY,0,0,4,27,0,,,frontend/common/femenuextended,recon/frontend/common/femenuextended.cpp,__18tMenuNFS4TwoPlayerUiP7tScreenP5tMenuT3PFR12tMenuCommand_vsP9tMenuIteme,front,xdef,0,
REAL0_RELOC_ONLY,0,0,3,26,0,,,frontend/common/femenuextended,recon/frontend/common/femenuextended.cpp,__27tMenuItemGoToMenuNFS4ButtonUiP5tMenuPFR12tMenuCommand_vii,front,xdef,0,
REAL0_RELOC_ONLY,0,0,3,25,0,,,frontend/common/femenuextended,recon/frontend/common/femenuextended.cpp,__28tMenuItemNFS4LeftRightChoiceUiP13tListIteratorii,front,xdef,0,
REAL0_RELOC_ONLY,0,0,3,22,0,,,frontend/common/femenuextended,recon/frontend/common/femenuextended.cpp,__9tMenuNFS4UiP7tScreenP5tMenuT3PFR12tMenuCommand_vs,front,xdef,0,
REAL0_RELOC_ONLY,0,0,4,26,0,,,frontend/common/femenuextended,recon/frontend/common/femenuextended.cpp,__9tMenuNFS4UiP7tScreenP5tMenuT3PFR12tMenuCommand_vsP9tMenuIteme,front,xdef,0,
REAL0_RELOC_ONLY,0,0,3,10,0,,,frontend/common/femenuextended,recon/frontend/common/femenuextended.cpp,___10tMenuBlank,front,xdef,0,
REAL0_RELOC_ONLY,0,0,3,10,0,,,frontend/common/femenuextended,recon/frontend/common/femenuextended.cpp,___12tMenuOptions,front,xdef,0,
REAL0_RELOC_ONLY,0,0,3,10,0,,,frontend/common/femenuextended,recon/frontend/common/femenuextended.cpp,___15tMenuNFS4Bottom,front,xdef,0,
REAL0_RELOC_ONLY,0,0,3,10,0,,,frontend/common/femenuextended,recon/frontend/common/femenuextended.cpp,___18tMenuNFS4TwoPlayer,front,xdef,0,
REAL0_RELOC_ONLY,0,0,3,10,0,,,frontend/common/femenuextended,recon/frontend/common/femenuextended.cpp,___27tMenuItemGoToMenuNFS4Button,front,xdef,0,
REAL0_RELOC_ONLY,0,0,3,10,0,,,frontend/common/femenuextended,recon/frontend/common/femenuextended.cpp,___28tMenuItemNFS4LeftRightChoice,front,xdef,0,
REAL0_RELOC_ONLY,0,0,1,8,0,,,frontend/common/femenuextended,recon/frontend/common/femenuextended.cpp,___29tMenuItemOptionsTwoItemChoice,front,xdef,0,
REAL0_RELOC_ONLY,0,0,1,8,0,,,frontend/common/femenuextended,recon/frontend/common/femenuextended.cpp,___31tMenuItemOptionsLeftRightChoice,front,xdef,0,
REAL0_RELOC_ONLY,0,0,3,10,0,,,frontend/common/femenuextended,recon/frontend/common/femenuextended.cpp,___9tMenuNFS4,front,xdef,0,
REAL0_RELOC_ONLY,0,0,5,22,0,,,frontend/common/femenuoptions,recon/frontend/common/femenuoptions.cpp,CalcPulsateYellow__Fv,front,xdef,0,
REAL0_RELOC_ONLY,0,0,40,200,0,,,frontend/common/femenuoptions,recon/frontend/common/femenuoptions.cpp,Calibrate__22tInsideBoxTwoWaySlider,front,xdef,0,
REAL0_RELOC_ONLY,0,0,3,32,0,,,frontend/common/femenuoptions,recon/frontend/common/femenuoptions.cpp,CheckForCheats__FPc,front,xdef,0,
REAL0_CLEAN,0,0,0,27,0,,,frontend/common/femenuoptions,recon/frontend/common/femenuoptions.cpp,DebounceKeys__12tOptionsMenu,front,xdef,0,
REAL0_CLEAN,0,0,0,2,0,,,frontend/common/femenuoptions,recon/frontend/common/femenuoptions.cpp,DebounceKeys__18tInsideBoxSongMenu,front,xdef,0,
REAL0_CLEAN,0,0,0,18,0,,,frontend/common/femenuoptions,recon/frontend/common/femenuoptions.cpp,DebounceKeys__20tMenuItemSlidingMenu,front,xdef,0,
REAL0_RELOC_ONLY,0,0,5,87,0,,,frontend/common/femenuoptions,recon/frontend/common/femenuoptions.cpp,DrawLeftFlare__FiiiRi,front,xdef,0,
REAL0_RELOC_ONLY,0,0,16,139,0,,,frontend/common/femenuoptions,recon/frontend/common/femenuoptions.cpp,DrawOneSong__18tInsideBoxSongMenussssss,front,xdef,0,
REAL0_RELOC_ONLY,0,0,6,129,0,,,frontend/common/femenuoptions,recon/frontend/common/femenuoptions.cpp,Draw__12tOptionsMenu,front,xdef,0,
REAL0_RELOC_ONLY,0,0,3,153,0,,,frontend/common/femenuoptions,recon/frontend/common/femenuoptions.cpp,Draw__14tInsideBoxMenusssss,front,xdef,0,
REAL0_RELOC_ONLY,0,0,8,156,0,,,frontend/common/femenuoptions,recon/frontend/common/femenuoptions.cpp,Draw__18tInsideBoxSongMenusssss,front,xdef,0,
REAL0_RELOC_ONLY,0,0,14,150,0,,,frontend/common/femenuoptions,recon/frontend/common/femenuoptions.cpp,Draw__19tMemoryCardMenuItemb,front,xdef,0,
REAL0_CLEAN,0,0,0,15,0,,,frontend/common/femenuoptions,recon/frontend/common/femenuoptions.cpp,Draw__20tMenuItemSlidingMenub,front,xdef,0,
REAL0_RELOC_ONLY,0,0,49,401,0,,,frontend/common/femenuoptions,recon/frontend/common/femenuoptions.cpp,Draw__20tMenuItemSlidingMenuiib,front,xdef,0,
REAL0_RELOC_ONLY,0,0,13,176,0,,,frontend/common/femenuoptions,recon/frontend/common/femenuoptions.cpp,Draw__22tInsideBoxTwoWaySlideriiib,front,xdef,0,
REAL0_RELOC_ONLY,0,0,7,97,0,,,frontend/common/femenuoptions,recon/frontend/common/femenuoptions.cpp,Draw__25tInsideBoxLeftRightSlideriiib,front,xdef,0,
REAL0_RELOC_ONLY,0,0,15,131,0,,,frontend/common/femenuoptions,recon/frontend/common/femenuoptions.cpp,Draw__29tMenuItemLeftRightAudioSlideriib,front,xdef,0,
REAL0_RELOC_ONLY,0,0,9,94,0,,,frontend/common/femenuoptions,recon/frontend/common/femenuoptions.cpp,Draw__29tMenuItemOnOffLeftRightChoiceiib,front,xdef,0,
REAL0_RELOC_ONLY,0,0,8,60,0,,,frontend/common/femenuoptions,recon/frontend/common/femenuoptions.cpp,Draw__31tMenuItemDisplayLeftRightChoiceiib,front,xdef,0,
REAL0_RELOC_ONLY,0,0,17,129,0,,,frontend/common/femenuoptions,recon/frontend/common/femenuoptions.cpp,Draw__34tMenuItemControllerLeftRightChoiceiib,front,xdef,0,
REAL0_RELOC_ONLY,0,0,2,23,0,,,frontend/common/femenuoptions,recon/frontend/common/femenuoptions.cpp,GetCurrentStickRange2__Fi,front,xdef,0,
REAL0_RELOC_ONLY,0,0,2,23,0,,,frontend/common/femenuoptions,recon/frontend/common/femenuoptions.cpp,GetCurrentStickRange__Fi,front,xdef,0,
REAL0_RELOC_ONLY,0,0,7,61,0,,,frontend/common/femenuoptions,recon/frontend/common/femenuoptions.cpp,MyLeftRightDraw__22tMenuItemLeftRightFadeii,front,xdef,0,
REAL0_CLEAN,0,0,0,53,0,,,frontend/common/femenuoptions,recon/frontend/common/femenuoptions.cpp,Percentage__29tMenuItemLeftRightAudioSlider,front,xdef,0,
REAL0_RELOC_ONLY,0,0,2,34,0,,,frontend/common/femenuoptions,recon/frontend/common/femenuoptions.cpp,ProcessInput__12tOptionsMenu7tPlayerR13tInputKeyTypeR12tMenuCommand,front,xdef,0,
REAL0_RELOC_ONLY,0,0,2,52,0,,,frontend/common/femenuoptions,recon/frontend/common/femenuoptions.cpp,ProcessInput__14tInsideBoxMenu7tPlayerR13tInputKeyTypeR12tMenuCommand,front,xdef,0,
REAL0_RELOC_ONLY,0,0,20,130,0,,,frontend/common/femenuoptions,recon/frontend/common/femenuoptions.cpp,ProcessInput__18tInsideBoxSongMenu7tPlayerR13tInputKeyTypeR12tMenuCommand,front,xdef,0,
REAL0_RELOC_ONLY,0,0,1,42,0,,,frontend/common/femenuoptions,recon/frontend/common/femenuoptions.cpp,ProcessInput__20tMenuItemSlidingMenu7tPlayerR13tInputKeyTypeR12tMenuCommand,front,xdef,0,
REAL0_RELOC_ONLY,0,0,2,44,0,,,frontend/common/femenuoptions,recon/frontend/common/femenuoptions.cpp,ProcessInput__22tInsideBoxTwoWaySlider7tPlayerR13tInputKeyTypeR12tMenuCommand,front,xdef,0,
REAL0_RELOC_ONLY,0,0,29,126,0,,,frontend/common/femenuoptions,recon/frontend/common/femenuoptions.cpp,ProcessInput__25tMenuItemSlidingActivated7tPlayerR13tInputKeyTypeR12tMenuCommand,front,xdef,0,
REAL0_RELOC_ONLY,0,0,4,49,0,,,frontend/common/femenuoptions,recon/frontend/common/femenuoptions.cpp,ProcessInput__35tInsideBoxControllerLeftRightSlider7tPlayerR13tInputKeyTypeR12tMenuCommand,front,xdef,0,
REAL0_CLEAN,0,0,0,17,0,,,frontend/common/femenuoptions,recon/frontend/common/femenuoptions.cpp,SetMenu__20tMenuItemSlidingMenubP14tInsideBoxMenu,front,xdef,0,
REAL0_RELOC_ONLY,0,0,12,36,0,,,frontend/common/femenuoptions,recon/frontend/common/femenuoptions.cpp,SpecialCharacter__Fc,front,xdef,0,
REAL0_RELOC_ONLY,0,0,2,88,0,,,frontend/common/femenuoptions,recon/frontend/common/femenuoptions.cpp,SubtractiveBox__Fiiiiiiii,front,xdef,0,
REAL0_RELOC_ONLY,0,0,4,82,0,,,frontend/common/femenuoptions,recon/frontend/common/femenuoptions.cpp,TransitionIsFinished__12tOptionsMenu,front,xdef,0,
REAL0_RELOC_ONLY,0,0,2,27,0,,,frontend/common/femenuoptions,recon/frontend/common/femenuoptions.cpp,TransitionIsFinished__17tUserNameMenuItem,front,xdef,0,
REAL0_RELOC_ONLY,0,0,1,34,0,,,frontend/common/femenuoptions,recon/frontend/common/femenuoptions.cpp,TransitionIsFinished__20tMenuItemSlidingMenu,front,xdef,0,
REAL0_RELOC_ONLY,0,0,1,26,0,,,frontend/common/femenuoptions,recon/frontend/common/femenuoptions.cpp,TransitionIsFinished__22tMenuItemLeftRightFade,front,xdef,0,
REAL0_RELOC_ONLY,0,0,1,34,0,,,frontend/common/femenuoptions,recon/frontend/common/femenuoptions.cpp,TransitionIsFinished__25tMenuItemSlidingActivated,front,xdef,0,
REAL0_CLEAN,0,0,0,22,0,,,frontend/common/femenuoptions,recon/frontend/common/femenuoptions.cpp,TransitionIsFinished__27tMenuItemGoToMenuButtonFade,front,xdef,0,
REAL0_CLEAN,0,0,0,23,0,,,frontend/common/femenuoptions,recon/frontend/common/femenuoptions.cpp,TransitionIsFinished__29tMenuItemLeftRightAudioSlider,front,xdef,0,
REAL0_CLEAN,0,0,0,38,0,,,frontend/common/femenuoptions,recon/frontend/common/femenuoptions.cpp,TransitionOff__12tOptionsMenu,front,xdef,0,
REAL0_CLEAN,0,0,0,3,0,,,frontend/common/femenuoptions,recon/frontend/common/femenuoptions.cpp,TransitionOff__17tUserNameMenuItem,front,xdef,0,
REAL0_CLEAN,0,0,0,11,0,,,frontend/common/femenuoptions,recon/frontend/common/femenuoptions.cpp,TransitionOff__20tMenuItemSlidingMenu,front,xdef,0,
REAL0_CLEAN,0,0,0,6,0,,,frontend/common/femenuoptions,recon/frontend/common/femenuoptions.cpp,TransitionOff__22tMenuItemLeftRightFade,front,xdef,0,
REAL0_CLEAN,0,0,0,11,0,,,frontend/common/femenuoptions,recon/frontend/common/femenuoptions.cpp,TransitionOff__25tMenuItemSlidingActivated,front,xdef,0,
REAL0_CLEAN,0,0,0,3,0,,,frontend/common/femenuoptions,recon/frontend/common/femenuoptions.cpp,TransitionOff__27tMenuItemGoToMenuButtonFade,front,xdef,0,
REAL0_CLEAN,0,0,0,4,0,,,frontend/common/femenuoptions,recon/frontend/common/femenuoptions.cpp,TransitionOff__29tMenuItemLeftRightAudioSlider,front,xdef,0,
REAL0_CLEAN,0,0,0,39,0,,,frontend/common/femenuoptions,recon/frontend/common/femenuoptions.cpp,TransitionOn__12tOptionsMenu,front,xdef,0,
REAL0_RELOC_ONLY,0,0,16,141,0,,,frontend/common/femenuoptions,recon/frontend/common/femenuoptions.cpp,TransitionOn__17tUserNameMenuItem,front,xdef,0,
REAL0_CLEAN,0,0,0,14,0,,,frontend/common/femenuoptions,recon/frontend/common/femenuoptions.cpp,TransitionOn__20tMenuItemSlidingMenu,front,xdef,0,
REAL0_CLEAN,0,0,0,9,0,,,frontend/common/femenuoptions,recon/frontend/common/femenuoptions.cpp,TransitionOn__22tMenuItemLeftRightFade,front,xdef,0,
REAL0_CLEAN,0,0,0,16,0,,,frontend/common/femenuoptions,recon/frontend/common/femenuoptions.cpp,TransitionOn__25tMenuItemSlidingActivated,front,xdef,0,
REAL0_CLEAN,0,0,0,7,0,,,frontend/common/femenuoptions,recon/frontend/common/femenuoptions.cpp,TransitionOn__27tMenuItemGoToMenuButtonFade,front,xdef,0,
REAL0_CLEAN,0,0,0,6,0,,,frontend/common/femenuoptions,recon/frontend/common/femenuoptions.cpp,TransitionOn__29tMenuItemLeftRightAudioSlider,front,xdef,0,
REAL0_RELOC_ONLY,0,0,1,25,0,,,frontend/common/femenuoptions,recon/frontend/common/femenuoptions.cpp,TransitionOn__29tMenuItemOnOffLeftRightChoice,front,xdef,0,
REAL0_RELOC_ONLY,0,0,1,31,0,,,frontend/common/femenuoptions,recon/frontend/common/femenuoptions.cpp,UpdateTransition__17tUserNameMenuItemb,front,xdef,0,
REAL0_RELOC_ONLY,0,0,1,31,0,,,frontend/common/femenuoptions,recon/frontend/common/femenuoptions.cpp,UpdateTransition__20tMenuItemSlidingMenub,front,xdef,0,
REAL0_RELOC_ONLY,0,0,1,31,0,,,frontend/common/femenuoptions,recon/frontend/common/femenuoptions.cpp,UpdateTransition__22tMenuItemLeftRightFadeb,front,xdef,0,
REAL0_RELOC_ONLY,0,0,1,31,0,,,frontend/common/femenuoptions,recon/frontend/common/femenuoptions.cpp,UpdateTransition__25tMenuItemSlidingActivatedb,front,xdef,0,
REAL0_RELOC_ONLY,0,0,1,31,0,,,frontend/common/femenuoptions,recon/frontend/common/femenuoptions.cpp,UpdateTransition__27tMenuItemGoToMenuButtonFadeb,front,xdef,0,
REAL0_RELOC_ONLY,0,0,1,19,0,,,frontend/common/femenuoptions,recon/frontend/common/femenuoptions.cpp,UpdateTransition__29tMenuItemLeftRightAudioSliderb,front,xdef,0,
REAL0_RELOC_ONLY,0,0,5,136,0,,,frontend/common/femenuoptions,recon/frontend/common/femenuoptions.cpp,UpdatefOpenHeight__20tMenuItemSlidingMenub,front,xdef,0,
REAL0_RELOC_ONLY,0,0,1,26,0,,,frontend/common/femenuoptions,recon/frontend/common/femenuoptions.cpp,UpdatefOpenHeight__25tMenuItemSlidingActivatedb,front,xdef,0,
REAL0_RELOC_ONLY,0,0,4,36,0,,,frontend/common/femenuoptions,recon/frontend/common/femenuoptions.cpp,__12tOptionsMenuUiP7tScreenP5tMenuT3PFR12tMenuCommand_vsiiP9tMenuIteme,front,xdef,0,
REAL0_RELOC_ONLY,0,0,4,29,0,,,frontend/common/femenuoptions,recon/frontend/common/femenuoptions.cpp,__14tInsideBoxMenuUiP7tScreenP5tMenuT3PFR12tMenuCommand_vsP9tMenuIteme,front,xdef,0,
REAL0_RELOC_ONLY,0,0,3,29,0,,,frontend/common/femenuoptions,recon/frontend/common/femenuoptions.cpp,__17tUserNameMenuItemUi,front,xdef,0,
REAL0_RELOC_ONLY,0,0,4,36,0,,,frontend/common/femenuoptions,recon/frontend/common/femenuoptions.cpp,__18tInsideBoxSongMenuUiP7tScreenP5tMenuT3PFR12tMenuCommand_vsP9tMenuIteme,front,xdef,0,
SHIM_MASKED,6,2,3,42,0,,PER_FN_TEXT_MOVES,frontend/common/femenuoptions,recon/frontend/common/femenuoptions.cpp,__20tMenuItemSlidingMenuUissssb,front,xdef,0,
REAL0_RELOC_ONLY,0,0,3,21,0,,,frontend/common/femenuoptions,recon/frontend/common/femenuoptions.cpp,__22tInsideBoxTwoWaySliderUiP13tListIteratori,front,xdef,0,
REAL0_RELOC_ONLY,0,0,3,15,0,,,frontend/common/femenuoptions,recon/frontend/common/femenuoptions.cpp,__22tMenuItemLeftRightFadeUiP13tListIterator,front,xdef,0,
REAL0_RELOC_ONLY,0,0,3,16,0,,,frontend/common/femenuoptions,recon/frontend/common/femenuoptions.cpp,__25tInsideBoxLeftRightSliderUiP13tListIterator,front,xdef,0,
REAL0_RELOC_ONLY,0,0,3,19,0,,,frontend/common/femenuoptions,recon/frontend/common/femenuoptions.cpp,__29tMenuItemLeftRightAudioSliderUiP13tListIteratori,front,xdef,0,
REAL0_RELOC_ONLY,0,0,3,10,0,,,frontend/common/femenuoptions,recon/frontend/common/femenuoptions.cpp,___12tOptionsMenu,front,xdef,0,
REAL0_RELOC_ONLY,0,0,3,10,0,,,frontend/common/femenuoptions,recon/frontend/common/femenuoptions.cpp,___14tInsideBoxMenu,front,xdef,0,
REAL0_RELOC_ONLY,0,0,1,8,0,,,frontend/common/femenuoptions,recon/frontend/common/femenuoptions.cpp,___17tUserNameMenuItem,front,xdef,0,
REAL0_RELOC_ONLY,0,0,3,10,0,,,frontend/common/femenuoptions,recon/frontend/common/femenuoptions.cpp,___18tInsideBoxSongMenu,front,xdef,0,
REAL0_RELOC_ONLY,0,0,3,10,0,,,frontend/common/femenuoptions,recon/frontend/common/femenuoptions.cpp,___20tMenuItemSlidingMenu,front,xdef,0,
REAL0_RELOC_ONLY,0,0,3,10,0,,,frontend/common/femenuoptions,recon/frontend/common/femenuoptions.cpp,___22tInsideBoxTwoWaySlider,front,xdef,0,
REAL0_RELOC_ONLY,0,0,1,8,0,,,frontend/common/femenuoptions,recon/frontend/common/femenuoptions.cpp,___22tMenuItemLeftRightFade,front,xdef,0,
REAL0_RELOC_ONLY,0,0,3,10,0,,,frontend/common/femenuoptions,recon/frontend/common/femenuoptions.cpp,___25tInsideBoxLeftRightSlider,front,xdef,0,
REAL0_RELOC_ONLY,0,0,1,8,0,,,frontend/common/femenuoptions,recon/frontend/common/femenuoptions.cpp,___25tMenuItemSlidingActivated,front,xdef,0,
REAL0_RELOC_ONLY,0,0,1,8,0,,,frontend/common/femenuoptions,recon/frontend/common/femenuoptions.cpp,___27tMenuItemGoToMenuButtonFade,front,xdef,0,
REAL0_RELOC_ONLY,0,0,3,10,0,,,frontend/common/femenuoptions,recon/frontend/common/femenuoptions.cpp,___29tMenuItemLeftRightAudioSlider,front,xdef,0,
REAL0_RELOC_ONLY,0,0,1,8,0,,,frontend/common/femenuoptions,recon/frontend/common/femenuoptions.cpp,___29tMenuItemOnOffLeftRightChoice,front,xdef,0,
REAL0_RELOC_ONLY,0,0,1,8,0,,,frontend/common/femenuoptions,recon/frontend/common/femenuoptions.cpp,___31tMenuItemDisplayLeftRightChoice,front,xdef,0,
REAL0_RELOC_ONLY,0,0,1,8,0,,,frontend/common/femenuoptions,recon/frontend/common/femenuoptions.cpp,___34tMenuItemControllerLeftRightChoice,front,xdef,0,
REAL0_RELOC_ONLY,0,0,1,8,0,,,frontend/common/femenuoptions,recon/frontend/common/femenuoptions.cpp,___35tInsideBoxControllerLeftRightSlider,front,xdef,0,
REAL0_CLEAN,0,0,0,26,0,,,frontend/common/femission,recon/frontend/common/femission.cpp,GetMissionStages__15tMissionManagerssPP10tStageInfo,front,xdef,0,
REAL0_RELOC_ONLY,0,0,2,17,0,,,frontend/common/femission,recon/frontend/common/femission.cpp,GetMissionToRace__15tMissionManagerPP12tMissionInfo,front,xdef,0,
REAL0_RELOC_ONLY,0,0,2,7,0,,,frontend/common/femission,recon/frontend/common/femission.cpp,Initialize__15tMissionManager,front,xdef,0,
REAL0_RELOC_ONLY,0,0,20,79,0,,,frontend/common/femission,recon/frontend/common/femission.cpp,LoadDescription__15tMissionManagerb,front,xdef,0,
REAL0_RELOC_ONLY,0,0,1,15,0,,,frontend/common/femission,recon/frontend/common/femission.cpp,ReleaseDescription__15tMissionManager,front,xdef,0,
REAL0_RELOC_ONLY,0,0,1,8,0,,,frontend/common/fescreen,recon/frontend/common/fescreen.cpp,AsyncLoadPermanentShapeFile__7tScreenPc,front,xdef,0,
REAL0_RELOC_ONLY,0,0,14,69,0,,,frontend/common/fescreen,recon/frontend/common/fescreen.cpp,AsyncLoadShapeFile__7tScreenPcR17tShapeInformation,front,xdef,0,
REAL0_RELOC_ONLY,0,0,5,21,0,,,frontend/common/fescreen,recon/frontend/common/fescreen.cpp,AsyncLoadSwapShapeFile__7tScreenPc,front,xdef,0,
REAL0_RELOC_ONLY,0,0,4,38,0,,,frontend/common/fescreen,recon/frontend/common/fescreen.cpp,CancelAsyncLoad__7tScreenR17tShapeInformation,front,xdef,0,
REAL0_RELOC_ONLY,0,0,4,19,0,,,frontend/common/fescreen,recon/frontend/common/fescreen.cpp,Cleanup__7tScreen,front,xdef,0,
REAL0_RELOC_ONLY,0,0,22,80,0,,,frontend/common/fescreen,recon/frontend/common/fescreen.cpp,DisplayLoadingText__7tScreen,front,xdef,0,
REAL0_RELOC_ONLY,0,0,2,52,0,,,frontend/common/fescreen,recon/frontend/common/fescreen.cpp,DrawBackgroundImage__7tScreeniiP18tTexture_ShapeInfoi,front,xdef,0,
REAL0_CLEAN,0,0,0,2,0,,,frontend/common/fescreen,recon/frontend/common/fescreen.cpp,DrawBackground__7tScreen,front,xdef,0,
REAL0_CLEAN,0,0,0,2,0,,,frontend/common/fescreen,recon/frontend/common/fescreen.cpp,DrawForeground__7tScreen,front,xdef,0,
REAL0_RELOC_ONLY,0,0,1,21,0,,,frontend/common/fescreen,recon/frontend/common/fescreen.cpp,Draw__7tScreenb,front,xdef,0,
REAL0_RELOC_ONLY,0,0,9,88,0,,,frontend/common/fescreen,recon/frontend/common/fescreen.cpp,FreeShapes__7tScreenR17tShapeInformation,front,xdef,0,
REAL0_CLEAN,0,0,0,6,0,,,frontend/common/fescreen,recon/frontend/common/fescreen.cpp,GetShapeInfo__7tScreenRsT1PPcT3,front,xdef,0,
SHIM_MASKED,4,7,13,52,0,,PER_FN_TEXT_MOVES,frontend/common/fescreen,recon/frontend/common/fescreen.cpp,GoNonInterlaced__7tScreen,front,xdef,0,
REAL0_RELOC_ONLY,0,0,7,61,0,,,frontend/common/fescreen,recon/frontend/common/fescreen.cpp,Initialize__7tScreen,front,xdef,0,
REAL0_RELOC_ONLY,0,0,13,94,0,,,frontend/common/fescreen,recon/frontend/common/fescreen.cpp,IsShapeFileLoaded__7tScreenR17tShapeInformation,front,xdef,0,
REAL0_RELOC_ONLY,0,0,4,33,0,,,frontend/common/fescreen,recon/frontend/common/fescreen.cpp,PreLoad__7tScreen,front,xdef,0,
REAL0_CLEAN,0,0,0,2,0,,,frontend/common/fescreen,recon/frontend/common/fescreen.cpp,ProcessInput__7tScreen7tPlayerR13tInputKeyTypeR12tMenuCommand,front,xdef,0,
REAL0_CLEAN,0,0,0,6,0,,,frontend/common/fescreen,recon/frontend/common/fescreen.cpp,TransitionIsFinished__7tScreen,front,xdef,0,
REAL0_RELOC_ONLY,0,0,2,8,0,,,frontend/common/fescreen,recon/frontend/common/fescreen.cpp,TransitionOff__7tScreen22tScreen_TransitionTypeP5tMenu,front,xdef,0,
REAL0_RELOC_ONLY,0,0,2,9,0,,,frontend/common/fescreen,recon/frontend/common/fescreen.cpp,TransitionOn__7tScreen22tScreen_TransitionTypeP5tMenu,front,xdef,0,
REAL0_CLEAN,0,0,0,30,0,,,frontend/common/fescreen,recon/frontend/common/fescreen.cpp,UpdateTransition__7tScreen,front,xdef,0,
REAL0_RELOC_ONLY,0,0,3,19,0,,,frontend/common/fescreen,recon/frontend/common/fescreen.cpp,UploadPermanentShapes__7tScreeni,front,xdef,0,
REAL0_RELOC_ONLY,0,0,3,99,0,,,frontend/common/fescreen,recon/frontend/common/fescreen.cpp,UploadShapes__7tScreenR17tShapeInformationssss,front,xdef,0,
REAL0_RELOC_ONLY,0,0,1,14,0,,,frontend/common/fescreen,recon/frontend/common/fescreen.cpp,UploadSwapShapes__7tScreeni,front,xdef,0,
REAL0_RELOC_ONLY,0,0,4,22,0,,,frontend/common/fescreen,recon/frontend/common/fescreen.cpp,__7tScreen,front,xdef,0,
REAL0_RELOC_ONLY,0,0,3,13,0,,,frontend/common/fescreen,recon/frontend/common/fescreen.cpp,___7tScreen,front,xdef,0,
REAL0_RELOC_ONLY,0,0,6,52,0,,,frontend/common/fetextrender,recon/frontend/common/fetextrender.cpp,FETextRender_FullTextFade__FiPcss13tMenuTextType14tMenuTextStates,front,xdef,0,
REAL0_RELOC_ONLY,0,0,16,93,0,,,frontend/common/fetextrender,recon/frontend/common/fetextrender.cpp,FETextRender_FullTextRGB__FPcssics,front,xdef,0,
REAL0_RELOC_ONLY,0,0,5,33,0,,,frontend/common/fetextrender,recon/frontend/common/fetextrender.cpp,FETextRender_FullText__FPcss13tMenuTextType14tMenuTextStates,front,xdef,0,
REAL0_RELOC_ONLY,0,0,7,51,0,,,frontend/common/fetextrender,recon/frontend/common/fetextrender.cpp,FETextRender_MenuTextFade__Fis14tMenuTextState13tMenuTextType,front,xdef,0,
REAL0_RELOC_ONLY,0,0,5,52,0,,,frontend/common/fetextrender,recon/frontend/common/fetextrender.cpp,FETextRender_MenuTextPositionedJustifyFade__Fissss14tMenuTextState13tMenuTextType,front,xdef,0,
REAL0_RELOC_ONLY,0,0,1,21,0,,,frontend/common/fetextrender,recon/frontend/common/fetextrender.cpp,FETextRender_MenuTextPositionedJustify__Fssss14tMenuTextState13tMenuTextType,front,xdef,0,
REAL0_RELOC_ONLY,0,0,4,40,0,,,frontend/common/fetextrender,recon/frontend/common/fetextrender.cpp,FETextRender_MenuTextPositioned__Fsss14tMenuTextState13tMenuTextType,front,xdef,0,
REAL0_RELOC_ONLY,0,0,3,9,0,,,frontend/common/fetextrender,recon/frontend/common/fetextrender.cpp,FETextRender_SetABR__Fib,front,xdef,1,
REAL0_RELOC_ONLY,0,0,13,29,0,,,frontend/common/fetextrender,recon/frontend/common/fetextrender.cpp,FETextRender_SetFont__Fi,front,xdef,0,
REAL0_RELOC_ONLY,0,0,9,53,0,,,frontend/common/fetextrender,recon/frontend/common/fetextrender.cpp,FETextRender_Title__Fs,front,xdef,0,
REAL0_RELOC_ONLY,0,0,2,26,0,,,frontend/common/fetextrender,recon/frontend/common/fetextrender.cpp,FETextRender_WordWrapFade__FisR4RECT14tMenuTextState13tMenuTextType,front,xdef,0,
REAL0_RELOC_ONLY,0,0,1,19,0,,,frontend/common/fetextrender,recon/frontend/common/fetextrender.cpp,FETextRender_WordWrapHeight__FsPc,front,xdef,0,
REAL0_RELOC_ONLY,0,0,6,42,0,,,frontend/common/fetextrender,recon/frontend/common/fetextrender.cpp,FETextRender_WordWrapTextFade__FiPcR4RECT14tMenuTextState13tMenuTextType,front,xdef,0,
REAL0_RELOC_ONLY,0,0,18,285,0,,,frontend/common/fetextrender,recon/frontend/common/fetextrender.cpp,FETextRender_WordWrapTextRGBJustify__FPcR4RECTiiib,front,xdef,0,
REAL0_RELOC_ONLY,0,0,1,10,0,,,frontend/common/fetextrender,recon/frontend/common/fetextrender.cpp,FETextRender_WordWrapTextRGB__FPcR4RECTi,front,xdef,0,
REAL0_RELOC_ONLY,0,0,1,15,0,,,frontend/common/fetextrender,recon/frontend/common/fetextrender.cpp,FETextRender_WordWrapText__FPcR4RECT14tMenuTextState13tMenuTextType,front,xdef,0,
REAL0_RELOC_ONLY,0,0,1,15,0,,,frontend/common/fetextrender,recon/frontend/common/fetextrender.cpp,FETextRender_WordWrap__FsR4RECT14tMenuTextState13tMenuTextType,front,xdef,0,
REAL0_RELOC_ONLY,0,0,17,126,0,,,frontend/common/fetools,recon/frontend/common/fetools.cpp,FeTools_DrawPSXButton__FUcUsii,front,xdef,0,
REAL0_RELOC_ONLY,0,0,7,93,0,,,frontend/common/fetools,recon/frontend/common/fetools.cpp,FeTools_FormatMoney__FPcl,front,xdef,1,
REAL0_RELOC_ONLY,0,0,10,20,0,,,frontend/common/fetools,recon/frontend/common/fetools.cpp,FeTools_deinit__Fv,front,xdef,0,
REAL0_RELOC_ONLY,0,0,26,58,0,,,frontend/common/fetools,recon/frontend/common/fetools.cpp,FeTools_init__Fv,front,xdef,0,
REAL0_RELOC_ONLY,0,0,1,24,0,,,frontend/common/fetools,recon/frontend/common/fetools.cpp,s_lower__FPc,front,xdef,0,
REAL0_RELOC_ONLY,0,0,1,24,0,,,frontend/common/fetools,recon/frontend/common/fetools.cpp,s_upper__FPc,front,xdef,0,
REAL0_RELOC_ONLY,0,0,18,273,0,,,frontend/common/fetourn,recon/frontend/common/fetourn.cpp,AdvanceToNextTrack__18tTournamentManager,front,xdef,0,
REAL0_CLEAN,0,0,0,11,0,,,frontend/common/fetourn,recon/frontend/common/fetourn.cpp,CalcTierFinishPrize__18tTournamentManager,front,xdef,0,
REAL0_RELOC_ONLY,0,0,24,113,0,,,frontend/common/fetourn,recon/frontend/common/fetourn.cpp,CalcTrackFinishDamageBill__18tTournamentManagerbRlT2,front,xdef,0,
REAL0_RELOC_ONLY,0,0,3,36,0,,,frontend/common/fetourn,recon/frontend/common/fetourn.cpp,Decrement__23tListIteratorTournament7tPlayer,front,xdef,0,
REAL0_CLEAN,0,0,0,16,0,,,frontend/common/fetourn,recon/frontend/common/fetourn.cpp,GetAwardInformation__18tTournamentManagerR17tAwardInformation,front,xdef,0,
REAL0_CLEAN,0,0,0,28,0,,,frontend/common/fetourn,recon/frontend/common/fetourn.cpp,GetLastTrackRaced__18tTournamentManager,front,xdef,0,
REAL0_CLEAN,0,0,0,19,0,,,frontend/common/fetourn,recon/frontend/common/fetourn.cpp,GetNumCompetitors__18tTournamentManager,front,xdef,0,
REAL0_CLEAN,0,0,0,29,0,,,frontend/common/fetourn,recon/frontend/common/fetourn.cpp,GetTournamentFinishPrize__18tTournamentManagers,front,xdef,0,
REAL0_RELOC_ONLY,0,0,8,118,0,,,frontend/common/fetourn,recon/frontend/common/fetourn.cpp,GetTrackFinishPrize__18tTournamentManagers,front,xdef,0,
REAL0_RELOC_ONLY,0,0,1,14,0,,,frontend/common/fetourn,recon/frontend/common/fetourn.cpp,GetTrackList__18tTournamentManagerss,front,xdef,0,
REAL0_RELOC_ONLY,0,0,1,62,0,,,frontend/common/fetourn,recon/frontend/common/fetourn.cpp,GetTrackToRace__18tTournamentManagerR10tTrackInfo,front,xdef,0,
REAL0_RELOC_ONLY,0,0,10,48,0,,,frontend/common/fetourn,recon/frontend/common/fetourn.cpp,GetTrophyName__18tTournamentManagerP12tTourneyInfo11tTrophySizePci,front,xdef,0,
REAL0_RELOC_ONLY,0,0,3,40,0,,,frontend/common/fetourn,recon/frontend/common/fetourn.cpp,Increment__23tListIteratorTournament7tPlayer,front,xdef,0,
REAL0_RELOC_ONLY,0,0,4,53,0,,,frontend/common/fetourn,recon/frontend/common/fetourn.cpp,Initialize__18tTournamentManager,front,xdef,0,
REAL0_CLEAN,0,0,0,37,0,,,frontend/common/fetourn,recon/frontend/common/fetourn.cpp,IsTournamentFinished__18tTournamentManager,front,xdef,0,
REAL0_RELOC_ONLY,0,0,17,147,0,,,frontend/common/fetourn,recon/frontend/common/fetourn.cpp,LoadDescription__18tTournamentManager,front,xdef,0,
REAL0_CLEAN,0,0,0,18,0,,,frontend/common/fetourn,recon/frontend/common/fetourn.cpp,LoadTournament__18tTournamentManagerR15tSaveTournament,front,xdef,0,
REAL0_RELOC_ONLY,0,0,2,36,0,,,frontend/common/fetourn,recon/frontend/common/fetourn.cpp,PlayerRanking__18tTournamentManagers,front,xdef,0,
REAL0_RELOC_ONLY,0,0,1,15,0,,,frontend/common/fetourn,recon/frontend/common/fetourn.cpp,ReleaseDescription__18tTournamentManager,front,xdef,0,
REAL0_CLEAN,0,0,0,18,0,,,frontend/common/fetourn,recon/frontend/common/fetourn.cpp,SaveTournament__18tTournamentManagerR15tSaveTournament,front,xdef,0,
REAL0_RELOC_ONLY,0,0,7,142,0,,,frontend/common/fetourn,recon/frontend/common/fetourn.cpp,StartNewTournament__18tTournamentManagerUcUc,front,xdef,0,
REAL0_RELOC_ONLY,0,0,2,22,0,,,frontend/common/fetourn,recon/frontend/common/fetourn.cpp,TextValue__23tListIteratorTournament7tPlayer,front,xdef,0,
REAL0_CLEAN,0,0,0,7,0,,,frontend/common/fetourn,recon/frontend/common/fetourn.cpp,TournPointTotal__18tTournamentManagerPs,front,xdef,0,
REAL0_RELOC_ONLY,0,0,19,94,0,,,frontend/common/fetourn,recon/frontend/common/fetourn.cpp,UpdateAwardInformation__18tTournamentManager,front,xdef,0,
REAL0_RELOC_ONLY,0,0,1,44,0,,,frontend/common/fetourn,recon/frontend/common/fetourn.cpp,UpdateCarLineup__18tTournamentManager,front,xdef,0,
REAL0_RELOC_ONLY,0,0,3,76,0,,,frontend/common/fetourn,recon/frontend/common/fetourn.cpp,UpdateTournFinishMoney__18tTournamentManager,front,xdef,0,
REAL0_RELOC_ONLY,0,0,3,24,0,,,frontend/common/fetourn,recon/frontend/common/fetourn.cpp,UpdateTrackFinishMoney__18tTournamentManager,front,xdef,0,
REAL0_RELOC_ONLY,0,0,8,134,0,,,frontend/common/fetourn,recon/frontend/common/fetourn.cpp,UpdateTrackFinishPoints__18tTournamentManager,front,xdef,0,
REAL0_CLEAN,0,0,0,52,0,,,frontend/common/fetourn,recon/frontend/common/fetourn.cpp,UpdateTrackList__18tTournamentManagerss,front,xdef,0,
REAL0_RELOC_ONLY,0,0,5,94,0,,,frontend/common/fetourn,recon/frontend/common/fetourn.cpp,ValidCar__18tTournamentManagerR8tCarInfo,front,xdef,0,
REAL0_RELOC_ONLY,0,0,2,43,0,,,frontend/common/fetourn,recon/frontend/common/fetourn.cpp,ValidTournament__23tListIteratorTournamentc,front,xdef,1,
REAL0_CLEAN,0,0,0,5,0,,,frontend/common/fetourn,recon/frontend/common/fetourn.cpp,Value__23tListIteratorTournament7tPlayer,front,xdef,0,
REAL0_RELOC_ONLY,0,0,3,20,0,,,frontend/common/fetourn,recon/frontend/common/fetourn.cpp,__23tListIteratorTournamentPcP18tTournamentManager,front,xdef,0,
REAL0_RELOC_ONLY,0,0,3,10,0,,,frontend/common/fetourn,recon/frontend/common/fetourn.cpp,___23tListIteratorTournament,front,xdef,0,
REAL0_RELOC_ONLY,0,0,4,35,0,,,frontend/common/fetourn,recon/frontend/common/fetourn.cpp,tournPointsCompare__FPcT0,front,xdef,0,
REAL0_RELOC_ONLY,0,0,1,36,0,,,frontend/common/fetracks,recon/frontend/common/fetracks.cpp,Decrement__18tListIteratorTrack7tPlayer,front,xdef,0,
REAL0_CLEAN,0,0,0,21,0,,,frontend/common/fetracks,recon/frontend/common/fetracks.cpp,GetTrackByID__13tTrackManagers,front,xdef,0,
REAL0_RELOC_ONLY,0,0,1,28,0,,,frontend/common/fetracks,recon/frontend/common/fetracks.cpp,GetTrack__13tTrackManagersR17tTrackInformation,front,xdef,0,
REAL0_RELOC_ONLY,0,0,1,43,0,,,frontend/common/fetracks,recon/frontend/common/fetracks.cpp,Increment__18tListIteratorTrack7tPlayer,front,xdef,0,
REAL0_CLEAN,0,0,0,16,0,,,frontend/common/fetracks,recon/frontend/common/fetracks.cpp,Initialize__13tTrackManager,front,xdef,0,
REAL0_RELOC_ONLY,0,0,14,78,0,,,frontend/common/fetracks,recon/frontend/common/fetracks.cpp,LoadDescription__13tTrackManager,front,xdef,0,
REAL0_CLEAN,0,0,0,11,0,,,frontend/common/fetracks,recon/frontend/common/fetracks.cpp,LoadTracks__13tTrackManagerR14tSaveTrackInfo,front,xdef,0,
REAL0_RELOC_ONLY,0,0,1,16,0,,,frontend/common/fetracks,recon/frontend/common/fetracks.cpp,ReleaseDescription__13tTrackManager,front,xdef,0,
REAL0_CLEAN,0,0,0,10,0,,,frontend/common/fetracks,recon/frontend/common/fetracks.cpp,SaveTracks__13tTrackManagerR14tSaveTrackInfo,front,xdef,0,
REAL0_CLEAN,0,0,0,24,0,,,frontend/common/fetracks,recon/frontend/common/fetracks.cpp,SetClassAvailable__13tTrackManager15tTrackClassTypeb,front,xdef,0,
REAL0_CLEAN,0,0,0,5,0,,,frontend/common/fetracks,recon/frontend/common/fetracks.cpp,SetTrackAvailable__13tTrackManagersb,front,xdef,0,
REAL0_CLEAN,0,0,0,16,0,,,frontend/common/fetracks,recon/frontend/common/fetracks.cpp,TextValue__18tListIteratorTrack7tPlayer,front,xdef,0,
REAL0_RELOC_ONLY,0,0,4,42,0,,,frontend/common/fetracks,recon/frontend/common/fetracks.cpp,ValidTrack__18tListIteratorTrackc,front,xdef,0,
REAL0_RELOC_ONLY,0,0,3,22,0,,,frontend/common/fetracks,recon/frontend/common/fetracks.cpp,__18tListIteratorTrackPcT1P13tTrackManager,front,xdef,0,
REAL0_RELOC_ONLY,0,0,3,10,0,,,frontend/common/fetracks,recon/frontend/common/fetracks.cpp,___18tListIteratorTrack,front,xdef,0,
REAL0_RELOC_ONLY,0,0,4,213,0,,,frontend/common/fetv,recon/frontend/common/fetv.cpp,DrawTVLines__FR9tTVConfig,front,xdef,0,
REAL0_RELOC_ONLY,0,0,3,132,0,,,frontend/common/fetv,recon/frontend/common/fetv.cpp,InitTV__FR9tTVConfigP18tTexture_ShapeInfos,front,xdef,0,
REAL0_CLEAN,0,0,0,4,0,,,frontend/common/fetv,recon/frontend/common/fetv.cpp,TurnOffTV__FR9tTVConfig,front,xdef,0,
REAL0_CLEAN,0,0,0,5,0,,,frontend/common/fetv,recon/frontend/common/fetv.cpp,TurnOnTV__FR9tTVConfig,front,xdef,1,
REAL0_RELOC_ONLY,0,0,12,169,0,,,frontend/common/fevideowall,recon/frontend/common/fevideowall.cpp,Draw__10tVideoWall,front,xdef,0,
REAL0_RELOC_ONLY,0,0,2,44,0,,,frontend/common/fevideowall,recon/frontend/common/fevideowall.cpp,Initialize__10tVideoWallP9tTVConfigP18tTexture_ShapeInfossPss,front,xdef,0,
REAL0_CLEAN,0,0,0,8,0,,,frontend/common/fevideowall,recon/frontend/common/fevideowall.cpp,SetAvailableIcon__10tVideoWallssssP18tTexture_ShapeInfo,front,xdef,0,
REAL0_CLEAN,0,0,0,7,0,,,frontend/common/fevideowall,recon/frontend/common/fevideowall.cpp,SetAvailableText__10tVideoWallsss,front,xdef,0,
REAL0_CLEAN,0,0,0,2,0,,,frontend/common/fevideowall,recon/frontend/common/fevideowall.cpp,SetAvailable__10tVideoWalls,front,xdef,0,
REAL0_CLEAN,0,0,0,3,0,,,frontend/common/fevideowall,recon/frontend/common/fevideowall.cpp,SetOffset__10tVideoWallss,front,xdef,0,
REAL0_CLEAN,0,0,0,2,0,,,frontend/common/fevideowall,recon/frontend/common/fevideowall.cpp,SetValid__10tVideoWalls,front,xdef,0,
REAL0_RELOC_ONLY,0,0,2,31,0,,,frontend/common/fevideowall,recon/frontend/common/fevideowall.cpp,TurnOffInstant__10tVideoWall,front,xdef,0,
REAL0_RELOC_ONLY,0,0,2,9,0,,,frontend/common/fevideowall,recon/frontend/common/fevideowall.cpp,TurnOff__10tVideoWall,front,xdef,0,
REAL0_RELOC_ONLY,0,0,2,9,0,,,frontend/common/fevideowall,recon/frontend/common/fevideowall.cpp,TurnOn__10tVideoWall,front,xdef,1,
REAL0_RELOC_ONLY,0,0,1,83,0,,,frontend/common/fevideowall,recon/frontend/common/fevideowall.cpp,UpdateImages__10tVideoWall,front,xdef,0,
REAL0_RELOC_ONLY,0,0,8,116,0,,,frontend/common/fevideowall,recon/frontend/common/fevideowall.cpp,UpdateTransition__10tVideoWall,front,xdef,0,
REAL0_RELOC_ONLY,0,0,6,149,0,,,frontend/common/front,recon/frontend/common/front.cpp,Front_AppendCopData__FPiR9tFEStream,front,xdef,0,
REAL0_RELOC_ONLY,0,0,3,205,0,,,frontend/common/front,recon/frontend/common/front.cpp,Front_AppendOpponentData__FPiR9tFEStream,front,xdef,0,
REAL0_RELOC_ONLY,0,0,4,166,0,,,frontend/common/front,recon/frontend/common/front.cpp,Front_AppendPerpData__FPiR9tFEStream,front,xdef,0,
REAL0_RELOC_ONLY,0,0,7,313,0,,,frontend/common/front,recon/frontend/common/front.cpp,Front_AppendPlayerCarData__FPiR9tFEStream,front,xdef,0,
REAL0_RELOC_ONLY,0,0,9,80,0,,,frontend/common/front,recon/frontend/common/front.cpp,Front_AppendTrackData__FPiR9tFEStream,front,xdef,0,
REAL0_RELOC_ONLY,0,0,3,148,0,,,frontend/common/front,recon/frontend/common/front.cpp,Front_AppendTrafficData__FPiR9tFEStream,front,xdef,0,
REAL0_RELOC_ONLY,0,0,123,1000,0,,,frontend/common/front,recon/frontend/common/front.cpp,Front_BuildStream__FPi,front,xdef,0,
REAL0_RELOC_ONLY,0,0,64,100,0,,,frontend/common/front,recon/frontend/common/front.cpp,Front_ConstructAll__Fv,front,xdef,0,
REAL0_RELOC_ONLY,0,0,10,25,0,,,frontend/common/front,recon/frontend/common/front.cpp,Front_DeleteAll__Fv,front,xdef,0,
REAL0_RELOC_ONLY,0,0,5,35,0,,,frontend/common/front,recon/frontend/common/front.cpp,Front_EnableLocalSpeech__Fv,front,xdef,0,
REAL0_RELOC_ONLY,0,0,15,61,0,,,frontend/common/front,recon/frontend/common/front.cpp,Front_GetInGameVars__Fv,front,xdef,0,
REAL0_RELOC_ONLY,0,0,5,42,0,,,frontend/common/front,recon/frontend/common/front.cpp,Front_GetLapsForType__Fv,front,xdef,0,
REAL0_RELOC_ONLY,0,0,9,28,0,,,frontend/common/front,recon/frontend/common/front.cpp,Front_GetTrackRaced__Fv,front,xdef,0,
REAL0_RELOC_ONLY,0,0,18,240,0,,,frontend/common/front,recon/frontend/common/front.cpp,Front_InitCopCars__FR9tFEStream,front,xdef,0,
REAL0_RELOC_ONLY,0,0,1,8,0,,,frontend/common/front,recon/frontend/common/front.cpp,Front_InitGraphicsAndDisplayLoading__Fv,front,xdef,0,
REAL0_RELOC_ONLY,0,0,12,30,0,,,frontend/common/front,recon/frontend/common/front.cpp,Front_InitGraphics__Fv,front,xdef,0,
REAL0_RELOC_ONLY,0,0,9,76,0,,,frontend/common/front,recon/frontend/common/front.cpp,Front_InitMissions__FR9tFEStream,front,xdef,0,
REAL0_RELOC_ONLY,0,0,7,114,0,,,frontend/common/front,recon/frontend/common/front.cpp,Front_InitPerps__FR9tFEStream,front,xdef,0,
REAL0_RELOC_ONLY,0,0,24,241,0,,,frontend/common/front,recon/frontend/common/front.cpp,Front_InitPlayerCars__FR9tFEStream,front,xdef,0,
REAL0_RELOC_ONLY,0,0,3,12,0,,,frontend/common/front,recon/frontend/common/front.cpp,Front_InitStream__FR9tFEStream,front,xdef,0,
REAL0_RELOC_ONLY,0,0,8,93,0,,,frontend/common/front,recon/frontend/common/front.cpp,Front_InitTourneyTraffic__FR9tFEStream,front,xdef,0,
REAL0_RELOC_ONLY,0,0,18,113,0,,,frontend/common/front,recon/frontend/common/front.cpp,Front_InitTrack__FR9tFEStream,front,xdef,0,
REAL0_RELOC_ONLY,0,0,17,142,0,,,frontend/common/front,recon/frontend/common/front.cpp,Front_InitTraffic__FR9tFEStream,front,xdef,0,
REAL0_RELOC_ONLY,0,0,12,19,0,,,frontend/common/front,recon/frontend/common/front.cpp,Front_InitialMemCardCheck__Fv,front,xdef,0,
REAL0_RELOC_ONLY,0,0,70,173,0,,,frontend/common/front,recon/frontend/common/front.cpp,Front_Menu__F21tFront_ProcessingType,front,xdef,0,
REAL0_RELOC_ONLY,0,0,2,17,0,,,frontend/common/front,recon/frontend/common/front.cpp,Front_ResetPSXAnalogs__Fi,front,xdef,0,
REAL0_RELOC_ONLY,0,0,6,27,0,,,frontend/common/front,recon/frontend/common/front.cpp,Front_ResetPSXController__Fii,front,xdef,0,
REAL0_RELOC_ONLY,0,0,2,20,0,,,frontend/common/front,recon/frontend/common/front.cpp,Front_ResetSettingsForCar__Fii,front,xdef,0,
REAL0_RELOC_ONLY,0,0,1,18,0,,,frontend/common/front,recon/frontend/common/front.cpp,Front_ResetSettingsMenu__Fi,front,xdef,0,
REAL0_RELOC_ONLY,0,0,13,50,0,,,frontend/common/front,recon/frontend/common/front.cpp,Front_SecondaryMemCardCheck__Fv,front,xdef,0,
REAL0_RELOC_ONLY,0,0,27,190,0,,,frontend/common/front,recon/frontend/common/front.cpp,InitFrontEndStructure__Fv,front,xdef,0,
REAL0_CLEAN,0,0,0,2,0,,,frontend/common/front,recon/frontend/common/front.cpp,LoadConfig__Fv,front,xdef,0,
REAL0_RELOC_ONLY,0,0,9,134,0,,,frontend/common/front,recon/frontend/common/front.cpp,OutputDisplaySettings__FPiiiR17tTrackInformation,front,xdef,0,
REAL0_RELOC_ONLY,0,0,3,11,0,,,frontend/common/front,recon/frontend/common/front.cpp,PlayerNameExist__Fi,front,xdef,0,
REAL0_RELOC_ONLY,0,0,4,27,0,,,frontend/common/front,recon/frontend/common/front.cpp,PlayerNameMixedCase__Fi,front,xdef,0,
REAL0_RELOC_ONLY,0,0,7,35,0,,,frontend/common/front,recon/frontend/common/front.cpp,PlayerName__Fi,front,xdef,0,
REAL0_RELOC_ONLY,0,0,8,42,0,,,frontend/common/front,recon/frontend/common/front.cpp,SetLicensePlate__Fv,front,xdef,0,
REAL0_RELOC_ONLY,0,0,12,79,0,,,frontend/common/front,recon/frontend/common/front.cpp,SetPads__Fv,front,xdef,0,
REAL0_RELOC_ONLY,0,0,18,59,0,,,frontend/common/front,recon/frontend/common/front.cpp,SetPlayList__Fi,front,xdef,0,
REAL0_RELOC_ONLY,0,0,76,262,0,,,frontend/common/front,recon/frontend/common/front.cpp,__11tAllScreens,front,xdef,0,
REAL0_RELOC_ONLY,0,0,32,116,0,,,frontend/common/front,recon/frontend/common/front.cpp,___11tAllScreens,front,xdef,1,
REAL0_RELOC_ONLY,0,0,2,18,0,,,frontend/common/mcrd,recon/frontend/common/mcrd.cpp,MCRD_getcard,front,xdef,0,
REAL0_RELOC_ONLY,0,0,20,62,0,,,frontend/common/screenaudio,recon/frontend/common/screenaudio.cpp,Cleanup__12tScreenAudio,front,xdef,0,
REAL0_RELOC_ONLY,0,0,51,154,0,,,frontend/common/screenaudio,recon/frontend/common/screenaudio.cpp,DrawBackground__12tScreenAudio,front,xdef,0,
REAL0_RELOC_ONLY,0,0,8,68,0,,,frontend/common/screenaudio,recon/frontend/common/screenaudio.cpp,DrawForeground__12tScreenAudio,front,xdef,0,
REAL0_RELOC_ONLY,0,0,2,9,0,,,frontend/common/screenaudio,recon/frontend/common/screenaudio.cpp,GetShapeInfo__12tScreenAudioRsT1PPcT3,front,xdef,0,
REAL0_RELOC_ONLY,0,0,6,24,0,,,frontend/common/screenaudio,recon/frontend/common/screenaudio.cpp,Initialize__12tScreenAudio,front,xdef,0,
REAL0_RELOC_ONLY,0,0,73,232,0,,,frontend/common/screenaudio,recon/frontend/common/screenaudio.cpp,PlaySound__12tScreenAudio,front,xdef,0,
REAL0_RELOC_ONLY,0,0,3,16,0,,,frontend/common/screenaudio,recon/frontend/common/screenaudio.cpp,__12tScreenAudio,front,xdef,0,
REAL0_RELOC_ONLY,0,0,1,8,0,,,frontend/common/screenaudio,recon/frontend/common/screenaudio.cpp,___12tScreenAudio,front,xdef,1,
REAL0_RELOC_ONLY,0,0,3,13,0,,,frontend/common/screencarselect,recon/frontend/common/screencarselect.cpp,AllocateAsyncBuffer__16tScreenCarSelect,front,xdef,0,
REAL0_CLEAN,0,0,0,2,0,,,frontend/common/screencarselect,recon/frontend/common/screencarselect.cpp,AllocateAsyncBuffer__20tScreenCarSelectDuel,front,xdef,0,
REAL0_RELOC_ONLY,0,0,3,13,0,,,frontend/common/screencarselect,recon/frontend/common/screencarselect.cpp,AllocateAsyncBuffer__25tScreenCarSelectTwoPlayer,front,xdef,0,
REAL0_RELOC_ONLY,0,0,16,176,0,,,frontend/common/screencarselect,recon/frontend/common/screencarselect.cpp,CalcSplinePosition__16tScreenCarSelectiiiiUlRiN46,front,xdef,0,
REAL0_RELOC_ONLY,0,0,2,18,0,,,frontend/common/screencarselect,recon/frontend/common/screencarselect.cpp,Cleanup__16tScreenCarSelect,front,xdef,0,
REAL0_RELOC_ONLY,0,0,2,12,0,,,frontend/common/screencarselect,recon/frontend/common/screencarselect.cpp,Cleanup__20tScreenCarSelectDuel,front,xdef,0,
REAL0_RELOC_ONLY,0,0,2,12,0,,,frontend/common/screencarselect,recon/frontend/common/screencarselect.cpp,Cleanup__25tScreenCarSelectTwoPlayer,front,xdef,0,
REAL0_RELOC_ONLY,0,0,6,21,0,,,frontend/common/screencarselect,recon/frontend/common/screencarselect.cpp,Cleanup__25tScreenPinkSlipsCarSelect,front,xdef,0,
REAL0_RELOC_ONLY,0,0,52,198,0,,,frontend/common/screencarselect,recon/frontend/common/screencarselect.cpp,DoMemCardStuff__25tScreenPinkSlipsCarSelect,front,xdef,0,
REAL0_RELOC_ONLY,0,0,10,76,0,,,frontend/common/screencarselect,recon/frontend/common/screencarselect.cpp,DrawBackground__16tScreenCarSelect,front,xdef,0,
REAL0_RELOC_ONLY,0,0,83,414,0,,,frontend/common/screencarselect,recon/frontend/common/screencarselect.cpp,DrawBackground__20tScreenCarSelectDuel,front,xdef,0,
REAL0_RELOC_ONLY,0,0,3,17,0,,,frontend/common/screencarselect,recon/frontend/common/screencarselect.cpp,DrawBackground__25tScreenPinkSlipsCarSelect,front,xdef,0,
REAL0_RELOC_ONLY,0,0,17,107,0,,,frontend/common/screencarselect,recon/frontend/common/screencarselect.cpp,DrawCar__FR8tCarInfossffcbUl7tPlayer,front,xdef,0,
REAL0_RELOC_ONLY,0,0,77,557,0,,,frontend/common/screencarselect,recon/frontend/common/screencarselect.cpp,DrawForeground__16tScreenCarSelect,front,xdef,0,
REAL0_RELOC_ONLY,0,0,14,118,0,,,frontend/common/screencarselect,recon/frontend/common/screencarselect.cpp,DrawForeground__20tScreenCarSelectDuel,front,xdef,0,
REAL0_RELOC_ONLY,0,0,16,143,0,,,frontend/common/screencarselect,recon/frontend/common/screencarselect.cpp,DrawForeground__25tScreenCarSelectTwoPlayer,front,xdef,0,
REAL0_RELOC_ONLY,0,0,1,8,0,,,frontend/common/screencarselect,recon/frontend/common/screencarselect.cpp,DrawForeground__25tScreenPinkSlipsCarSelect,front,xdef,0,
REAL0_RELOC_ONLY,0,0,52,551,0,,,frontend/common/screencarselect,recon/frontend/common/screencarselect.cpp,DrawOverlay__16tScreenCarSelectP8tOverlay,front,xdef,0,
REAL0_RELOC_ONLY,0,0,7,91,0,,,frontend/common/screencarselect,recon/frontend/common/screencarselect.cpp,DrawSliders__16tScreenCarSelectR8tCarInfoss,front,xdef,0,
REAL0_RELOC_ONLY,0,0,9,67,0,,,frontend/common/screencarselect,recon/frontend/common/screencarselect.cpp,DrawVideoWall__16tScreenCarSelects,front,xdef,0,
REAL0_RELOC_ONLY,0,0,13,104,0,,,frontend/common/screencarselect,recon/frontend/common/screencarselect.cpp,DrawVideoWall__25tScreenCarSelectTwoPlayers,front,xdef,0,
REAL0_RELOC_ONLY,0,0,1,10,0,,,frontend/common/screencarselect,recon/frontend/common/screencarselect.cpp,FreeAsyncBuffer__16tScreenCarSelect,front,xdef,0,
REAL0_RELOC_ONLY,0,0,1,11,0,,,frontend/common/screencarselect,recon/frontend/common/screencarselect.cpp,FreeAsyncBuffer__20tScreenCarSelectDuel,front,xdef,0,
REAL0_RELOC_ONLY,0,0,52,160,0,,,frontend/common/screencarselect,recon/frontend/common/screencarselect.cpp,GetCar__16tScreenCarSelectR8tCarInfo,front,xdef,0,
REAL0_RELOC_ONLY,0,0,18,84,0,,,frontend/common/screencarselect,recon/frontend/common/screencarselect.cpp,GetCar__25tScreenCarSelectTwoPlayerR8tCarInfo,front,xdef,0,
REAL0_RELOC_ONLY,0,0,11,36,0,,,frontend/common/screencarselect,recon/frontend/common/screencarselect.cpp,GetCar__25tScreenPinkSlipsCarSelectR8tCarInfo,front,xdef,0,
REAL0_RELOC_ONLY,0,0,10,49,0,,,frontend/common/screencarselect,recon/frontend/common/screencarselect.cpp,GetShapeInfo__16tScreenCarSelectRsT1PPcT3,front,xdef,0,
REAL0_RELOC_ONLY,0,0,5,47,0,,,frontend/common/screencarselect,recon/frontend/common/screencarselect.cpp,GetShapeInfo__20tScreenCarSelectDuelRsT1PPcT3,front,xdef,0,
REAL0_RELOC_ONLY,0,0,10,38,0,,,frontend/common/screencarselect,recon/frontend/common/screencarselect.cpp,GetShapeInfo__25tScreenCarSelectTwoPlayerRsT1PPcT3,front,xdef,0,
REAL0_RELOC_ONLY,0,0,10,38,0,,,frontend/common/screencarselect,recon/frontend/common/screencarselect.cpp,GetShapeInfo__25tScreenPinkSlipsCarSelectRsT1PPcT3,front,xdef,0,
REAL0_RELOC_ONLY,0,0,6,46,0,,,frontend/common/screencarselect,recon/frontend/common/screencarselect.cpp,InitializeVideoWall__16tScreenCarSelect,front,xdef,0,
REAL0_RELOC_ONLY,0,0,10,71,0,,,frontend/common/screencarselect,recon/frontend/common/screencarselect.cpp,InitializeVideoWall__20tScreenCarSelectDuel,front,xdef,0,
REAL0_RELOC_ONLY,0,0,4,31,0,,,frontend/common/screencarselect,recon/frontend/common/screencarselect.cpp,InitializeVideoWall__25tScreenCarSelectTwoPlayer,front,xdef,0,
REAL0_RELOC_ONLY,0,0,27,130,0,,,frontend/common/screencarselect,recon/frontend/common/screencarselect.cpp,Initialize__16tScreenCarSelect,front,xdef,0,
REAL0_RELOC_ONLY,0,0,3,12,0,,,frontend/common/screencarselect,recon/frontend/common/screencarselect.cpp,Initialize__20tScreenCarSelectDuel,front,xdef,0,
REAL0_RELOC_ONLY,0,0,3,20,0,,,frontend/common/screencarselect,recon/frontend/common/screencarselect.cpp,Initialize__25tScreenCarSelectTwoPlayer,front,xdef,0,
REAL0_RELOC_ONLY,0,0,6,24,0,,,frontend/common/screencarselect,recon/frontend/common/screencarselect.cpp,Initialize__25tScreenPinkSlipsCarSelect,front,xdef,0,
REAL0_RELOC_ONLY,0,0,22,74,0,,,frontend/common/screencarselect,recon/frontend/common/screencarselect.cpp,PreLoad__20tScreenCarSelectDuel,front,xdef,0,
REAL0_RELOC_ONLY,0,0,20,98,0,,,frontend/common/screencarselect,recon/frontend/common/screencarselect.cpp,ProcessInput__16tScreenCarSelect7tPlayerR13tInputKeyTypeR12tMenuCommand,front,xdef,0,
REAL0_RELOC_ONLY,0,0,8,42,0,,,frontend/common/screencarselect,recon/frontend/common/screencarselect.cpp,ProcessInput__25tScreenPinkSlipsCarSelect7tPlayerR13tInputKeyTypeR12tMenuCommand,front,xdef,0,
REAL0_CLEAN,0,0,0,5,0,,,frontend/common/screencarselect,recon/frontend/common/screencarselect.cpp,SetBrightness__16tScreenCarSelectss,front,xdef,0,
REAL0_RELOC_ONLY,0,0,10,48,0,,,frontend/common/screencarselect,recon/frontend/common/screencarselect.cpp,SetDialog__25tScreenCarSelectTwoPlayer,front,xdef,0,
REAL0_RELOC_ONLY,0,0,42,164,0,,,frontend/common/screencarselect,recon/frontend/common/screencarselect.cpp,SetDialog__25tScreenPinkSlipsCarSelect,front,xdef,0,
REAL0_RELOC_ONLY,0,0,21,161,0,,,frontend/common/screencarselect,recon/frontend/common/screencarselect.cpp,SetState__16tScreenCarSelecti,front,xdef,0,
REAL0_RELOC_ONLY,0,0,1,57,0,,,frontend/common/screencarselect,recon/frontend/common/screencarselect.cpp,TransformVector,front,xdef,0,
REAL0_RELOC_ONLY,0,0,1,8,0,,,frontend/common/screencarselect,recon/frontend/common/screencarselect.cpp,TurnOffVideoWall__25tScreenCarSelectTwoPlayer,front,xdef,0,
REAL0_CLEAN,0,0,0,33,0,,,frontend/common/screencarselect,recon/frontend/common/screencarselect.cpp,UpdateBrightness__16tScreenCarSelects,front,xdef,0,
REAL0_RELOC_ONLY,0,0,6,33,0,,,frontend/common/screencarselect,recon/frontend/common/screencarselect.cpp,UpdateOpponentVideoWall__20tScreenCarSelectDuelR8tCarInfo,front,xdef,0,
REAL0_RELOC_ONLY,0,0,3,52,0,,,frontend/common/screencarselect,recon/frontend/common/screencarselect.cpp,UpdateVideoWall__16tScreenCarSelectR8tCarInfo,front,xdef,0,
REAL0_RELOC_ONLY,0,0,3,52,0,,,frontend/common/screencarselect,recon/frontend/common/screencarselect.cpp,UpdateVideoWall__20tScreenCarSelectDuelR8tCarInfo,front,xdef,0,
REAL0_RELOC_ONLY,0,0,3,53,0,,,frontend/common/screencarselect,recon/frontend/common/screencarselect.cpp,UpdateVideoWall__25tScreenCarSelectTwoPlayerR8tCarInfo,front,xdef,0,
REAL0_RELOC_ONLY,0,0,5,68,0,,,frontend/common/screencarselect,recon/frontend/common/screencarselect.cpp,__16tScreenCarSelect,front,xdef,0,
REAL0_RELOC_ONLY,0,0,3,10,0,,,frontend/common/screencarselect,recon/frontend/common/screencarselect.cpp,___16tScreenCarSelect,front,xdef,0,
REAL0_RELOC_ONLY,0,0,1,8,0,,,frontend/common/screencarselect,recon/frontend/common/screencarselect.cpp,___20tScreenCarSelectDuel,front,xdef,0,
REAL0_RELOC_ONLY,0,0,2,17,0,,,frontend/common/screencarselect,recon/frontend/common/screencarselect.cpp,___25tScreenCarSelectTwoPlayer,front,xdef,0,
REAL0_RELOC_ONLY,0,0,2,17,0,,,frontend/common/screencarselect,recon/frontend/common/screencarselect.cpp,___25tScreenPinkSlipsCarSelect,front,xdef,0,
SHIM_MASKED,14,0,0,29,0,,PER_FN_TEXT_MOVES,frontend/common/screencongrats,recon/frontend/common/screencongrats.cpp,CalculatePrizes__15tScreenCongrats,front,xdef,0,
REAL0_RELOC_ONLY,0,0,1,20,0,,,frontend/common/screencongrats,recon/frontend/common/screencongrats.cpp,CalculatePrizes__23tScreenBeTheCopCongrats,front,xdef,0,
REAL0_RELOC_ONLY,0,0,5,68,0,,,frontend/common/screencongrats,recon/frontend/common/screencongrats.cpp,CalculatePrizes__23tScreenPinkSlipCongrats,front,xdef,0,
REAL0_RELOC_ONLY,0,0,4,38,0,,,frontend/common/screencongrats,recon/frontend/common/screencongrats.cpp,CalculatePrizes__25tScreenTournamentCongrats,front,xdef,0,
REAL0_RELOC_ONLY,0,0,2,11,0,,,frontend/common/screencongrats,recon/frontend/common/screencongrats.cpp,Cleanup__15tScreenCongrats,front,xdef,0,
REAL0_RELOC_ONLY,0,0,2,11,0,,,frontend/common/screencongrats,recon/frontend/common/screencongrats.cpp,Cleanup__23tScreenPinkSlipCongrats,front,xdef,0,
REAL0_RELOC_ONLY,0,0,77,541,0,,,frontend/common/screencongrats,recon/frontend/common/screencongrats.cpp,DrawBackground__15tScreenCongrats,front,xdef,0,
REAL0_RELOC_ONLY,0,0,8,47,0,,,frontend/common/screencongrats,recon/frontend/common/screencongrats.cpp,DrawCongratsMessage__23tScreenBeTheCopCongrats,front,xdef,0,
REAL0_RELOC_ONLY,0,0,13,71,0,,,frontend/common/screencongrats,recon/frontend/common/screencongrats.cpp,DrawCongratsMessage__23tScreenPinkSlipCongrats,front,xdef,0,
REAL0_RELOC_ONLY,0,0,29,182,0,,,frontend/common/screencongrats,recon/frontend/common/screencongrats.cpp,DrawCongratsMessage__23tScreenTournamentTrophy,front,xdef,0,
REAL0_RELOC_ONLY,0,0,10,51,0,,,frontend/common/screencongrats,recon/frontend/common/screencongrats.cpp,DrawCongratsMessage__25tScreenTournamentCongrats,front,xdef,0,
REAL0_CLEAN,0,0,0,2,0,,,frontend/common/screencongrats,recon/frontend/common/screencongrats.cpp,DrawForeground__15tScreenCongrats,front,xdef,0,
REAL0_RELOC_ONLY,0,0,5,22,0,,,frontend/common/screencongrats,recon/frontend/common/screencongrats.cpp,GetCar__15tScreenCongratsR8tCarInfo,front,xdef,0,
REAL0_RELOC_ONLY,0,0,6,24,0,,,frontend/common/screencongrats,recon/frontend/common/screencongrats.cpp,GetCar__23tScreenBeTheCopCongratsR8tCarInfo,front,xdef,0,
REAL0_RELOC_ONLY,0,0,5,30,0,,,frontend/common/screencongrats,recon/frontend/common/screencongrats.cpp,GetCar__23tScreenPinkSlipCongratsR8tCarInfo,front,xdef,0,
REAL0_RELOC_ONLY,0,0,13,43,0,,,frontend/common/screencongrats,recon/frontend/common/screencongrats.cpp,GetCar__23tScreenTournamentTrophyR8tCarInfo,front,xdef,0,
REAL0_RELOC_ONLY,0,0,7,21,0,,,frontend/common/screencongrats,recon/frontend/common/screencongrats.cpp,GetCar__25tScreenTournamentCongratsR8tCarInfo,front,xdef,0,
REAL0_RELOC_ONLY,0,0,39,150,0,,,frontend/common/screencongrats,recon/frontend/common/screencongrats.cpp,GetShapeInfo__15tScreenCongratsRsT1PPcT3,front,xdef,0,
REAL0_RELOC_ONLY,0,0,5,49,0,,,frontend/common/screencongrats,recon/frontend/common/screencongrats.cpp,Initialize__15tScreenCongrats,front,xdef,0,
REAL0_RELOC_ONLY,0,0,4,22,0,,,frontend/common/screencongrats,recon/frontend/common/screencongrats.cpp,Initialize__23tScreenPinkSlipCongrats,front,xdef,0,
REAL0_RELOC_ONLY,0,0,4,22,0,,,frontend/common/screencongrats,recon/frontend/common/screencongrats.cpp,ProcessInput__15tScreenCongrats7tPlayerR13tInputKeyTypeR12tMenuCommand,front,xdef,0,
REAL0_RELOC_ONLY,0,0,1,18,0,,,frontend/common/screencongrats,recon/frontend/common/screencongrats.cpp,ProcessInput__23tScreenTournamentTrophy7tPlayerR13tInputKeyTypeR12tMenuCommand,front,xdef,0,
REAL0_RELOC_ONLY,0,0,1,8,0,,,frontend/common/screencongrats,recon/frontend/common/screencongrats.cpp,___15tScreenCongrats,front,xdef,0,
REAL0_RELOC_ONLY,0,0,1,8,0,,,frontend/common/screencongrats,recon/frontend/common/screencongrats.cpp,___23tScreenBeTheCopCongrats,front,xdef,0,
REAL0_RELOC_ONLY,0,0,1,8,0,,,frontend/common/screencongrats,recon/frontend/common/screencongrats.cpp,___23tScreenPinkSlipCongrats,front,xdef,0,
REAL0_RELOC_ONLY,0,0,1,8,0,,,frontend/common/screencongrats,recon/frontend/common/screencongrats.cpp,___23tScreenTournamentTrophy,front,xdef,0,
REAL0_RELOC_ONLY,0,0,1,8,0,,,frontend/common/screencongrats,recon/frontend/common/screencongrats.cpp,___25tScreenTournamentCongrats,front,xdef,0,
REAL0_RELOC_ONLY,0,0,17,154,0,,,frontend/common/screencontroller,recon/frontend/common/screencontroller.cpp,ActualDrawController__23tScreenControllerConfigiiiii,front,xdef,0,
REAL0_CLEAN,0,0,0,25,0,,,frontend/common/screencontroller,recon/frontend/common/screencontroller.cpp,AnimKeyPoints__23tScreenControllerConfigbT1,front,xdef,0,
REAL0_RELOC_ONLY,0,0,3,35,0,,,frontend/common/screencontroller,recon/frontend/common/screencontroller.cpp,CalcAnimFrame__23tScreenControllerConfigi,front,xdef,0,
REAL0_RELOC_ONLY,0,0,24,187,0,,,frontend/common/screencontroller,recon/frontend/common/screencontroller.cpp,CheckConfigs__23tScreenControllerConfig,front,xdef,0,
REAL0_RELOC_ONLY,0,0,4,15,0,,,frontend/common/screencontroller,recon/frontend/common/screencontroller.cpp,Cleanup__23tScreenControllerConfig,front,xdef,0,
REAL0_CLEAN,0,0,0,3,0,,,frontend/common/screencontroller,recon/frontend/common/screencontroller.cpp,ClearActuators__23tScreenControllerConfig,front,xdef,0,
REAL0_RELOC_ONLY,0,0,13,83,0,,,frontend/common/screencontroller,recon/frontend/common/screencontroller.cpp,Controller_SetRamp__Fv,front,xdef,0,
REAL0_RELOC_ONLY,0,0,7,64,0,,,frontend/common/screencontroller,recon/frontend/common/screencontroller.cpp,DrawArrow__23tScreenControllerConfigPs,front,xdef,0,
REAL0_RELOC_ONLY,0,0,16,137,0,,,frontend/common/screencontroller,recon/frontend/common/screencontroller.cpp,DrawBackground__23tScreenControllerConfig,front,xdef,0,
REAL0_RELOC_ONLY,0,0,127,836,0,,,frontend/common/screencontroller,recon/frontend/common/screencontroller.cpp,DrawController__23tScreenControllerConfig,front,xdef,0,
REAL0_RELOC_ONLY,0,0,52,410,0,,,frontend/common/screencontroller,recon/frontend/common/screencontroller.cpp,DrawForeground__23tScreenControllerConfig,front,xdef,0,
REAL0_RELOC_ONLY,0,0,1,24,0,,,frontend/common/screencontroller,recon/frontend/common/screencontroller.cpp,GetHelpText__23tScreenControllerConfig,front,xdef,0,
REAL0_RELOC_ONLY,0,0,4,12,0,,,frontend/common/screencontroller,recon/frontend/common/screencontroller.cpp,GetShapeInfo__23tScreenControllerConfigRsT1PPcT3,front,xdef,0,
REAL0_RELOC_ONLY,0,0,5,147,0,,,frontend/common/screencontroller,recon/frontend/common/screencontroller.cpp,HorzVertLine__23tScreenControllerConfigPsb,front,xdef,0,
REAL0_RELOC_ONLY,0,0,14,73,0,,,frontend/common/screencontroller,recon/frontend/common/screencontroller.cpp,Initialize__23tScreenControllerConfig,front,xdef,0,
REAL0_RELOC_ONLY,0,0,7,34,0,,,frontend/common/screencontroller,recon/frontend/common/screencontroller.cpp,SetActuators__23tScreenControllerConfigi,front,xdef,0,
REAL0_RELOC_ONLY,0,0,42,222,0,,,frontend/common/screencontroller,recon/frontend/common/screencontroller.cpp,SetCurrentController__23tScreenControllerConfigb,front,xdef,0,
REAL0_RELOC_ONLY,0,0,7,39,0,,,frontend/common/screencontroller,recon/frontend/common/screencontroller.cpp,ShakeIt__23tScreenControllerConfig,front,xdef,0,
REAL0_RELOC_ONLY,0,0,6,35,0,,,frontend/common/screencontroller,recon/frontend/common/screencontroller.cpp,SwapInController__23tScreenControllerConfig,front,xdef,0,
REAL0_CLEAN,0,0,0,2,0,,,frontend/common/screencontroller,recon/frontend/common/screencontroller.cpp,TurnOffShakers__23tScreenControllerConfig,front,xdef,0,
REAL0_RELOC_ONLY,0,0,4,20,0,,,frontend/common/screencontroller,recon/frontend/common/screencontroller.cpp,__23tScreenControllerConfig,front,xdef,0,
REAL0_RELOC_ONLY,0,0,2,17,0,,,frontend/common/screencontroller,recon/frontend/common/screencontroller.cpp,___23tScreenControllerConfig,front,xdef,0,
REAL0_RELOC_ONLY,0,0,3,35,0,,,frontend/common/screendisplay,recon/frontend/common/screendisplay.cpp,DrawBackground__14tScreenDisplay,front,xdef,0,
REAL0_RELOC_ONLY,0,0,2,10,0,,,frontend/common/screendisplay,recon/frontend/common/screendisplay.cpp,GetShapeInfo__14tScreenDisplayRsT1PPcT3,front,xdef,0,
REAL0_RELOC_ONLY,0,0,1,8,0,,,frontend/common/screendisplay,recon/frontend/common/screendisplay.cpp,___14tScreenDisplay,front,xdef,1,
REAL0_RELOC_ONLY,0,0,4,27,0,,,frontend/common/screenmain,recon/frontend/common/screenmain.cpp,Cleanup__11tScreenMain,front,xdef,0,
REAL0_CLEAN,0,0,0,31,0,,,frontend/common/screenmain,recon/frontend/common/screenmain.cpp,DoneLoadingBackground__11tScreenMain,front,xdef,0,
REAL0_RELOC_ONLY,0,0,3,69,0,,,frontend/common/screenmain,recon/frontend/common/screenmain.cpp,DrawDropShadow__11tScreenMain,front,xdef,0,
REAL0_RELOC_ONLY,0,0,3,42,0,,,frontend/common/screenmain,recon/frontend/common/screenmain.cpp,DrawVideoLines__11tScreenMain,front,xdef,0,
REAL0_RELOC_ONLY,0,0,4,12,0,,,frontend/common/screenmain,recon/frontend/common/screenmain.cpp,GetShapeInfo__11tScreenMainRsT1PPcT3,front,xdef,0,
REAL0_RELOC_ONLY,0,0,6,219,0,,,frontend/common/screenmain,recon/frontend/common/screenmain.cpp,InitDynamicImages__11tScreenMain,front,xdef,0,
REAL0_RELOC_ONLY,0,0,15,129,0,,,frontend/common/screenmain,recon/frontend/common/screenmain.cpp,Initialize__11tScreenMain,front,xdef,0,
REAL0_RELOC_ONLY,0,0,21,131,0,,,frontend/common/screenmain,recon/frontend/common/screenmain.cpp,PreLoad__11tScreenMain,front,xdef,0,
REAL0_RELOC_ONLY,0,0,8,27,0,,,frontend/common/screenmain,recon/frontend/common/screenmain.cpp,ProcessInput__11tScreenMain7tPlayerR13tInputKeyTypeR12tMenuCommand,front,xdef,0,
REAL0_RELOC_ONLY,0,0,18,181,0,,,frontend/common/screenmain,recon/frontend/common/screenmain.cpp,SetState__11tScreenMain16tScreenMainState,front,xdef,0,
REAL0_RELOC_ONLY,0,0,9,111,0,,,frontend/common/screenmain,recon/frontend/common/screenmain.cpp,SwapBackground__11tScreenMaini,front,xdef,0,
REAL0_RELOC_ONLY,0,0,1,8,0,,,frontend/common/screenmain,recon/frontend/common/screenmain.cpp,___11tScreenMain,front,xdef,1,
REAL0_RELOC_ONLY,0,0,8,25,0,,,frontend/common/screenmemcard,recon/frontend/common/screenmemcard.cpp,Cleanup__14tScreenMemcard,front,xdef,0,
REAL0_RELOC_ONLY,0,0,97,410,0,,,frontend/common/screenmemcard,recon/frontend/common/screenmemcard.cpp,DrawBackground__14tScreenMemcard,front,xdef,0,
REAL0_RELOC_ONLY,0,0,2,39,0,,,frontend/common/screenmemcard,recon/frontend/common/screenmemcard.cpp,DrawForeground__14tScreenMemcard,front,xdef,0,
REAL0_RELOC_ONLY,0,0,9,48,0,,,frontend/common/screenmemcard,recon/frontend/common/screenmemcard.cpp,DrawHorizontalLine__14tScreenMemcardssss,front,xdef,0,
REAL0_RELOC_ONLY,0,0,1,126,0,,,frontend/common/screenmemcard,recon/frontend/common/screenmemcard.cpp,DrawIcon__14tScreenMemcardP8shapetbliiiis,front,xdef,0,
REAL0_RELOC_ONLY,0,0,8,45,0,,,frontend/common/screenmemcard,recon/frontend/common/screenmemcard.cpp,DrawVerticalLine__14tScreenMemcardssss,front,xdef,0,
REAL0_RELOC_ONLY,0,0,2,9,0,,,frontend/common/screenmemcard,recon/frontend/common/screenmemcard.cpp,GetShapeInfo__14tScreenMemcardRsT1PPcT3,front,xdef,0,
REAL0_RELOC_ONLY,0,0,44,106,0,,,frontend/common/screenmemcard,recon/frontend/common/screenmemcard.cpp,Initialize__14tScreenMemcard,front,xdef,0,
REAL0_RELOC_ONLY,0,0,27,215,0,,,frontend/common/screenmemcard,recon/frontend/common/screenmemcard.cpp,LoadIcon__14tScreenMemcardi,front,xdef,0,
REAL0_RELOC_ONLY,0,0,34,213,0,,,frontend/common/screenmemcard,recon/frontend/common/screenmemcard.cpp,PlaceIcons__14tScreenMemcardii,front,xdef,0,
REAL0_RELOC_ONLY,0,0,1,30,0,,,frontend/common/screenmemcard,recon/frontend/common/screenmemcard.cpp,ReleaseIcons__14tScreenMemcard,front,xdef,0,
REAL0_RELOC_ONLY,0,0,16,109,0,,,frontend/common/screenmemcard,recon/frontend/common/screenmemcard.cpp,SetEnablings__14tScreenMemcard,front,xdef,0,
REAL0_RELOC_ONLY,0,0,3,17,0,,,frontend/common/screenmemcard,recon/frontend/common/screenmemcard.cpp,__14tScreenMemcard,front,xdef,0,
REAL0_RELOC_ONLY,0,0,1,8,0,,,frontend/common/screenmemcard,recon/frontend/common/screenmemcard.cpp,___14tScreenMemcard,front,xdef,1,
REAL0_RELOC_ONLY,0,0,5,18,0,,,frontend/common/screenpinkslips,recon/frontend/common/screenpinkslips.cpp,Cleanup__16tScreenPinkSlips,front,xdef,0,
REAL0_RELOC_ONLY,0,0,47,364,0,,,frontend/common/screenpinkslips,recon/frontend/common/screenpinkslips.cpp,DrawBackground__16tScreenPinkSlips,front,xdef,0,
REAL0_RELOC_ONLY,0,0,14,159,0,,,frontend/common/screenpinkslips,recon/frontend/common/screenpinkslips.cpp,DrawVideoWall__16tScreenPinkSlips,front,xdef,0,
REAL0_RELOC_ONLY,0,0,12,48,0,,,frontend/common/screenpinkslips,recon/frontend/common/screenpinkslips.cpp,GetShapeInfo__16tScreenPinkSlipsRsT1PPcT3,front,xdef,0,
REAL0_RELOC_ONLY,0,0,25,82,0,,,frontend/common/screenpinkslips,recon/frontend/common/screenpinkslips.cpp,Initialize__16tScreenPinkSlips,front,xdef,0,
REAL0_RELOC_ONLY,0,0,18,79,0,,,frontend/common/screenpinkslips,recon/frontend/common/screenpinkslips.cpp,ProcessInput__16tScreenPinkSlips7tPlayerR13tInputKeyTypeR12tMenuCommand,front,xdef,0,
REAL0_RELOC_ONLY,0,0,9,43,0,,,frontend/common/screenpinkslips,recon/frontend/common/screenpinkslips.cpp,UpdateVideoWall__16tScreenPinkSlipsR17tTrackInformation,front,xdef,0,
REAL0_RELOC_ONLY,0,0,1,8,0,,,frontend/common/screenpinkslips,recon/frontend/common/screenpinkslips.cpp,___16tScreenPinkSlips,front,xdef,1,
REAL0_RELOC_ONLY,0,0,1,8,0,,,frontend/common/screenpost,recon/frontend/common/screenpost.cpp,Cleanup__26tScreenTournamentStandings,front,xdef,0,
REAL0_RELOC_ONLY,0,0,49,265,0,,,frontend/common/screenpost,recon/frontend/common/screenpost.cpp,DrawBackground__24tScreenPinkSlipStandings,front,xdef,0,
REAL0_RELOC_ONLY,0,0,13,78,0,,,frontend/common/screenpost,recon/frontend/common/screenpost.cpp,DrawMoney__Fiiilii,front,xdef,0,
REAL0_RELOC_ONLY,0,0,2,9,0,,,frontend/common/screenpost,recon/frontend/common/screenpost.cpp,GetShapeInfo__26tScreenTournamentStandingsRsT1PPcT3,front,xdef,0,
REAL0_RELOC_ONLY,0,0,2,9,0,,,frontend/common/screenpost,recon/frontend/common/screenpost.cpp,GetShapeInfo__31tScreenTournamentStandings3itemRsT1PPcT3,front,xdef,0,
REAL0_RELOC_ONLY,0,0,8,99,0,,,frontend/common/screenpost,recon/frontend/common/screenpost.cpp,Initialize__26tScreenTournamentStandings,front,xdef,0,
REAL0_RELOC_ONLY,0,0,1,8,0,,,frontend/common/screenpost,recon/frontend/common/screenpost.cpp,ProcessInput__24tScreenPinkSlipStandings7tPlayerR13tInputKeyTypeR12tMenuCommand,front,xdef,0,
REAL0_CLEAN,0,0,0,12,0,,,frontend/common/screenpost,recon/frontend/common/screenpost.cpp,ProcessInput__26tScreenTournamentStandings7tPlayerR13tInputKeyTypeR12tMenuCommand,front,xdef,0,
REAL0_RELOC_ONLY,0,0,3,14,0,,,frontend/common/screenpost,recon/frontend/common/screenpost.cpp,__26tScreenTournamentStandings,front,xdef,0,
REAL0_RELOC_ONLY,0,0,1,8,0,,,frontend/common/screenpost,recon/frontend/common/screenpost.cpp,___24tScreenPinkSlipStandings,front,xdef,0,
REAL0_RELOC_ONLY,0,0,1,8,0,,,frontend/common/screenpost,recon/frontend/common/screenpost.cpp,___26tScreenTournamentStandings,front,xdef,1,
REAL0_RELOC_ONLY,0,0,1,8,0,,,frontend/common/screenpost,recon/frontend/common/screenpost.cpp,___31tScreenTournamentStandings3item,front,xdef,0,
REAL0_RELOC_ONLY,0,0,3,16,0,,,frontend/common/screentournselect,recon/frontend/common/screentournselect.cpp,Cleanup__18tScreenTournSelect,front,xdef,0,
REAL0_RELOC_ONLY,0,0,66,415,0,,,frontend/common/screentournselect,recon/frontend/common/screentournselect.cpp,DrawBackground__18tScreenTournSelect,front,xdef,0,
REAL0_RELOC_ONLY,0,0,2,38,0,,,frontend/common/screentournselect,recon/frontend/common/screentournselect.cpp,DrawForeground__18tScreenTournSelect,front,xdef,0,
REAL0_RELOC_ONLY,0,0,20,164,0,,,frontend/common/screentournselect,recon/frontend/common/screentournselect.cpp,DrawVideoWall__18tScreenTournSelect,front,xdef,0,
REAL0_RELOC_ONLY,0,0,11,51,0,,,frontend/common/screentournselect,recon/frontend/common/screentournselect.cpp,GetShapeInfo__18tScreenTournSelectRsT1PPcT3,front,xdef,0,
REAL0_RELOC_ONLY,0,0,19,146,0,,,frontend/common/screentournselect,recon/frontend/common/screentournselect.cpp,Initialize__18tScreenTournSelect,front,xdef,0,
REAL0_RELOC_ONLY,0,0,8,41,0,,,frontend/common/screentournselect,recon/frontend/common/screentournselect.cpp,UpdateVideoWall__18tScreenTournSelectP12tTourneyInfo,front,xdef,0,
REAL0_RELOC_ONLY,0,0,3,13,0,,,frontend/common/screentournselect,recon/frontend/common/screentournselect.cpp,__18tScreenTournSelect,front,xdef,0,
REAL0_RELOC_ONLY,0,0,3,10,0,,,frontend/common/screentournselect,recon/frontend/common/screentournselect.cpp,___18tScreenTournSelect,front,xdef,0,
REAL0_RELOC_ONLY,0,0,30,162,0,,,frontend/common/screentrackinfo,recon/frontend/common/screentrackinfo.cpp,DrawBackground__16tScreenTrackInfo,front,xdef,0,
REAL0_RELOC_ONLY,0,0,10,40,0,,,frontend/common/screentrackinfo,recon/frontend/common/screentrackinfo.cpp,GetShapeInfo__16tScreenTrackInfoRsT1PPcT3,front,xdef,0,
REAL0_RELOC_ONLY,0,0,6,27,0,,,frontend/common/screentrackinfo,recon/frontend/common/screentrackinfo.cpp,Initialize__16tScreenTrackInfo,front,xdef,0,
REAL0_RELOC_ONLY,0,0,3,39,0,,,frontend/common/screentrackinfo,recon/frontend/common/screentrackinfo.cpp,ProcessInput__16tScreenTrackInfo7tPlayerR13tInputKeyTypeR12tMenuCommand,front,xdef,0,
REAL0_RELOC_ONLY,0,0,1,8,0,,,frontend/common/screentrackinfo,recon/frontend/common/screentrackinfo.cpp,___16tScreenTrackInfo,front,xdef,0,
REAL0_RELOC_ONLY,0,0,3,15,0,,,frontend/common/screentrackrecords,recon/frontend/common/screentrackrecords.cpp,Cleanup__19tScreenTrackRecords,front,xdef,0,
REAL0_RELOC_ONLY,0,0,51,364,0,,,frontend/common/screentrackrecords,recon/frontend/common/screentrackrecords.cpp,DrawBackground__19tScreenTrackRecords,front,xdef,0,
REAL0_RELOC_ONLY,0,0,21,154,0,,,frontend/common/screentrackrecords,recon/frontend/common/screentrackrecords.cpp,DrawOneRecord__19tScreenTrackRecordsibi,front,xdef,0,
REAL0_RELOC_ONLY,0,0,14,120,0,,,frontend/common/screentrackrecords,recon/frontend/common/screentrackrecords.cpp,DrawRecords__19tScreenTrackRecordss,front,xdef,0,
REAL0_RELOC_ONLY,0,0,2,9,0,,,frontend/common/screentrackrecords,recon/frontend/common/screentrackrecords.cpp,GetShapeInfo__19tScreenTrackRecordsRsT1PPcT3,front,xdef,0,
REAL0_RELOC_ONLY,0,0,6,22,0,,,frontend/common/screentrackrecords,recon/frontend/common/screentrackrecords.cpp,Initialize__19tScreenTrackRecords,front,xdef,0,
REAL0_RELOC_ONLY,0,0,1,8,0,,,frontend/common/screentrackrecords,recon/frontend/common/screentrackrecords.cpp,___19tScreenTrackRecords,front,xdef,0,
REAL0_RELOC_ONLY,0,0,3,16,0,,,frontend/common/screentracks,recon/frontend/common/screentracks.cpp,Cleanup__18tScreenTrackSelect,front,xdef,0,
SHIM_MASKED,9,0,36,299,0,,PER_FN_TEXT_MOVES,frontend/common/screentracks,recon/frontend/common/screentracks.cpp,DrawBackground__18tScreenTrackSelect,front,xdef,0,
REAL0_RELOC_ONLY,0,0,13,68,0,,,frontend/common/screentracks,recon/frontend/common/screentracks.cpp,DrawVideoWall__18tScreenTrackSelect,front,xdef,0,
REAL0_RELOC_ONLY,0,0,12,48,0,,,frontend/common/screentracks,recon/frontend/common/screentracks.cpp,GetShapeInfo__18tScreenTrackSelectRsT1PPcT3,front,xdef,0,
REAL0_RELOC_ONLY,0,0,29,111,0,,,frontend/common/screentracks,recon/frontend/common/screentracks.cpp,Initialize__18tScreenTrackSelect,front,xdef,0,
REAL0_RELOC_ONLY,0,0,25,114,0,,,frontend/common/screentracks,recon/frontend/common/screentracks.cpp,ProcessInput__18tScreenTrackSelect7tPlayerR13tInputKeyTypeR12tMenuCommand,front,xdef,0,
REAL0_RELOC_ONLY,0,0,2,12,0,,,frontend/common/screentracks,recon/frontend/common/screentracks.cpp,SetBrightness__18tScreenTrackSelects,front,xdef,0,
REAL0_RELOC_ONLY,0,0,7,60,0,,,frontend/common/screentracks,recon/frontend/common/screentracks.cpp,UpdateBrightness__18tScreenTrackSelectR17tTrackInformation,front,xdef,0,
REAL0_RELOC_ONLY,0,0,3,29,0,,,frontend/common/screentracks,recon/frontend/common/screentracks.cpp,UpdateVideoWall__18tScreenTrackSelectR17tTrackInformation,front,xdef,0,
REAL0_RELOC_ONLY,0,0,1,8,0,,,frontend/common/screentracks,recon/frontend/common/screentracks.cpp,___18tScreenTrackSelect,front,xdef,1,
REAL0_RELOC_ONLY,0,0,45,298,0,,,frontend/common/screentrophyinfo,recon/frontend/common/screentrophyinfo.cpp,DrawBackground__17tScreenTrophyInfo,front,xdef,0,
REAL0_RELOC_ONLY,0,0,13,76,0,,PER_FN_TEXT_MOVES,frontend/common/screentrophyinfo,recon/frontend/common/screentrophyinfo.cpp,GetShapeInfo__17tScreenTrophyInfoRsT1PPcT3,front,xdef,0,
REAL0_RELOC_ONLY,0,0,1,8,0,,,frontend/common/screentrophyinfo,recon/frontend/common/screentrophyinfo.cpp,___17tScreenTrophyInfo,front,xdef,0,
REAL0_RELOC_ONLY,0,0,2,12,0,,,frontend/common/screentrophyroom,recon/frontend/common/screentrophyroom.cpp,Cleanup__17tScreenTrophyRoom,front,xdef,0,
REAL0_RELOC_ONLY,0,0,30,261,0,,,frontend/common/screentrophyroom,recon/frontend/common/screentrophyroom.cpp,DrawBackground__17tScreenTrophyRoom,front,xdef,0,
REAL0_RELOC_ONLY,0,0,9,48,0,,,frontend/common/screentrophyroom,recon/frontend/common/screentrophyroom.cpp,GetShapeInfo__17tScreenTrophyRoomRsT1PPcT3,front,xdef,0,
REAL0_RELOC_ONLY,0,0,12,118,0,,,frontend/common/screentrophyroom,recon/frontend/common/screentrophyroom.cpp,Initialize__17tScreenTrophyRoom,front,xdef,0,
REAL0_RELOC_ONLY,0,0,8,54,0,,,frontend/common/screentrophyroom,recon/frontend/common/screentrophyroom.cpp,LoadTrophy__17tScreenTrophyRoom,front,xdef,1,
REAL0_RELOC_ONLY,0,0,10,26,0,,,frontend/common/screentrophyroom,recon/frontend/common/screentrophyroom.cpp,PreLoad__17tScreenTrophyRoom,front,xdef,0,
REAL0_RELOC_ONLY,0,0,7,132,0,,,frontend/common/screentrophyroom,recon/frontend/common/screentrophyroom.cpp,ProcessInput__17tScreenTrophyRoom7tPlayerR13tInputKeyTypeR12tMenuCommand,front,xdef,0,
REAL0_RELOC_ONLY,0,0,3,16,0,,,frontend/common/screentrophyroom,recon/frontend/common/screentrophyroom.cpp,__17tScreenTrophyRoom,front,xdef,0,
REAL0_RELOC_ONLY,0,0,3,10,0,,,frontend/common/screentrophyroom,recon/frontend/common/screentrophyroom.cpp,___17tScreenTrophyRoom,front,xdef,0,
SHIM_MASKED,4,0,2,33,0,,PER_FN_TEXT_MOVES,frontend/common/screenusername,recon/frontend/common/screenusername.cpp,DrawHorizontalLine__15tScreenUserNamesss,front,xdef,0,
SHIM_MASKED,4,0,2,32,0,,PER_FN_TEXT_MOVES,frontend/common/screenusername,recon/frontend/common/screenusername.cpp,DrawVerticalLine__15tScreenUserNamesss,front,xdef,0,
REAL0_RELOC_ONLY,0,0,7,24,0,,,frontend/common/screenusername,recon/frontend/common/screenusername.cpp,GetShapeInfo__15tScreenUserNameRsT1PPcT3,front,xdef,0,
REAL0_RELOC_ONLY,0,0,8,48,0,,,frontend/common/screenusername,recon/frontend/common/screenusername.cpp,Initialize__15tScreenUserName,front,xdef,0,
REAL0_RELOC_ONLY,0,0,1,8,0,,,frontend/common/screenusername,recon/frontend/common/screenusername.cpp,___15tScreenUserName,front,xdef,1,
REAL0_RELOC_ONLY,0,0,4,11,0,,,frontend/common/statchk,recon/frontend/common/statchk.cpp,StatChk_ClearNewRecords__Fv,front,xdef,1,
REAL0_RELOC_ONLY,0,0,28,207,0,,,frontend/common/statchk,recon/frontend/common/statchk.cpp,StatChk_IsRecordLapTime__FP10Car_tStatssPs,front,xdef,0,
REAL0_RELOC_ONLY,0,0,20,100,0,,,frontend/common/statchk,recon/frontend/common/statchk.cpp,StatChk_SaveRecordLapTime__FP10Car_tStatsss,front,xdef,0,
REAL0_RELOC_ONLY,0,0,1,19,0,-fno-builtin,,frontend/common/stattool,recon/frontend/common/stattool.cpp,StatTool_UpperCaseItKeepingInMindThoseBloodySpecialCharacters__FPc,front,xdef,0,
REAL0_RELOC_ONLY,0,0,2,34,0,-fno-builtin,,frontend/common/stattool,recon/frontend/common/stattool.cpp,Stattool_CheckForHumanCar__FP10Car_tStats,front,xdef,0,
REAL0_RELOC_ONLY,0,0,4,15,0,-fno-builtin,,frontend/common/stattool,recon/frontend/common/stattool.cpp,Stattool_GetAINameFromPersonality__F14tPersonalities,front,xdef,0,
REAL0_RELOC_ONLY,0,0,7,62,0,-fno-builtin,,frontend/common/stattool,recon/frontend/common/stattool.cpp,Stattool_GetAllDefaultRecords__FP13tRecordBufferb,front,xdef,0,
REAL0_RELOC_ONLY,0,0,3,18,0,-fno-builtin,,frontend/common/stattool,recon/frontend/common/stattool.cpp,Stattool_GetRecords__FsP13tRecordBuffer,front,xdef,0,
REAL0_RELOC_ONLY,0,0,12,70,0,-fno-builtin,,frontend/common/stattool,recon/frontend/common/stattool.cpp,Stattool_ParseTime__FiPc,front,xdef,0,
REAL0_RELOC_ONLY,0,0,14,34,0,-fno-builtin,,frontend/common/stattool,recon/frontend/common/stattool.cpp,Stattool_ReadDefaultRecords__FP13tRecordBufferb,front,xdef,0,
REAL0_RELOC_ONLY,0,0,6,25,0,-fno-builtin,,frontend/common/stattool,recon/frontend/common/stattool.cpp,Stattool_ReturnRecordLapTime__Fs,front,xdef,0,
REAL0_RELOC_ONLY,0,0,3,31,0,-fno-builtin,,frontend/common/stattool,recon/frontend/common/stattool.cpp,Stattool_SamNelsonsUpperLowerStringConverterForRecords__FPc,front,xdef,0,
REAL0_RELOC_ONLY,0,0,4,77,0,-fno-builtin,,frontend/common/stattool,recon/frontend/common/stattool.cpp,Stattool_nCreateIndex__FiPiPs,front,xdef,0,
REAL0_RELOC_ONLY,0,0,4,71,0,-fno-builtin,,frontend/common/stattool,recon/frontend/common/stattool.cpp,UserNameUpperCaseOneLetter__FPc,front,xdef,0,
REAL0_RELOC_ONLY,0,0,14,200,4,,,frontend/psx/drawshp,recon/frontend/psx/drawshp.cpp,DrawShape_NFS4Rectangle__FR4RECT,front,xdef,0,
REAL0_RELOC_ONLY,0,0,11,131,4,,,frontend/psx/drawshp,recon/frontend/psx/drawshp.cpp,DrawShape_NFS4RoundRectangle__FiR4RECTs,front,xdef,0,
REAL0_RELOC_ONLY,0,0,6,74,4,,,frontend/psx/drawshp,recon/frontend/psx/drawshp.cpp,DrawShape_NFS4TransRectangle__FR4RECTs,front,xdef,1,
REAL0_RELOC_ONLY,0,0,2,108,4,,,frontend/psx/drawshp,recon/frontend/psx/drawshp.cpp,DrawShape_SubtractNFS4RectEdges__FR4RECT,front,xdef,0,
REAL0_RELOC_ONLY,0,0,13,174,4,,,frontend/psx/fetexture,recon/frontend/psx/fetexture.cpp,FETexture_LoadPmxAtOffset__FPciP18tTexture_ShapeInfoii,front,xdef,0,
REAL0_RELOC_ONLY,0,0,1,9,4,,,frontend/psx/fetexture,recon/frontend/psx/fetexture.cpp,FETexture_LoadPmx__FPciP18tTexture_ShapeInfo,front,xdef,1,
REAL0_RELOC_ONLY,0,0,8,41,4,,,frontend/psx/mdec,recon/frontend/psx/mdec.cpp,MDECCompleteHandler__Fv,front,xdef,1,
REAL0_RELOC_ONLY,0,0,16,101,4,,,frontend/psx/mdec,recon/frontend/psx/mdec.cpp,initmdec,front,xdef,0,
REAL0_RELOC_ONLY,0,0,13,70,4,,,frontend/psx/mdec,recon/frontend/psx/mdec.cpp,mdec,front,xdef,0,
REAL0_RELOC_ONLY,0,0,2,7,4,,,frontend/psx/mdec,recon/frontend/psx/mdec.cpp,mdecdone,front,xdef,0,
REAL0_RELOC_ONLY,0,0,7,17,4,,,frontend/psx/mdec,recon/frontend/psx/mdec.cpp,mdecreset__Fv,front,xdef,0,
REAL0_RELOC_ONLY,0,0,6,21,4,,,frontend/psx/mdec,recon/frontend/psx/mdec.cpp,restoremdec,front,xdef,0,
REAL0_RELOC_ONLY,0,0,6,30,4,,,frontend/psx/memcard,recon/frontend/psx/memcard.c,MCRD_fileexists,front,xdef,0,
REAL0_RELOC_ONLY,0,0,3,30,4,,,frontend/psx/memcard,recon/frontend/psx/memcard.c,MCRD_getopts,front,xdef,0,
REAL0_RELOC_ONLY,0,0,14,40,4,,,frontend/psx/memcard,recon/frontend/psx/memcard.c,MCRD_init,front,xdef,0,
REAL0_RELOC_ONLY,0,0,6,59,4,,,frontend/psx/memcard,recon/frontend/psx/memcard.c,MCRD_loadfile,front,xdef,0,
REAL0_RELOC_ONLY,0,0,6,17,4,,,frontend/psx/memcard,recon/frontend/psx/memcard.c,MCRD_restore,front,xdef,0,
REAL0_RELOC_ONLY,0,0,17,143,4,,,frontend/psx/memcard,recon/frontend/psx/memcard.c,MCRD_savefile,front,xdef,0,
REAL0_RELOC_ONLY,0,0,17,73,4,,,frontend/psx/memcard,recon/frontend/psx/memcard.c,MCRD_setopts,front,xdef,0,
REAL0_RELOC_ONLY,0,0,10,72,4,,,frontend/psx/memcard,recon/frontend/psx/memcard.c,ascii2sjis,front,xdef,0,
REAL0_RELOC_ONLY,0,0,6,34,4,,,frontend/psx/memcard,recon/frontend/psx/memcard.c,garyMemCardGrabBlocks,front,xdef,0,
REAL0_CLEAN,0,0,0,2,4,,,frontend/psx/memcard,recon/frontend/psx/memcard.c,iMCRD_DefaultCBProc1,front,xdef,0,
REAL0_RELOC_ONLY,0,0,6,37,4,,,frontend/psx/memcard,recon/frontend/psx/memcard.c,iMCRD_DoFileDelete,front,xdef,0,
REAL0_RELOC_ONLY,0,0,22,170,4,,,frontend/psx/memcard,recon/frontend/psx/memcard.c,iMCRD_DoFileLoad,front,xdef,0,
REAL0_RELOC_ONLY,0,0,16,89,4,,,frontend/psx/memcard,recon/frontend/psx/memcard.c,iMCRD_DoFileWrite,front,xdef,0,
REAL0_RELOC_ONLY,0,0,6,35,4,,,frontend/psx/memcard,recon/frontend/psx/memcard.c,iMCRD_FormatCard,front,xdef,0,
REAL0_RELOC_ONLY,0,0,31,135,4,,,frontend/psx/memcard,recon/frontend/psx/memcard.c,iMCRD_HandleError,front,xdef,0,
REAL0_RELOC_ONLY,0,0,3,22,4,,,frontend/psx/memcard,recon/frontend/psx/memcard.c,iMCRD_InitCard,front,xdef,0,
REAL0_RELOC_ONLY,0,0,11,63,4,,,frontend/psx/memcard,recon/frontend/psx/memcard.c,iMCRD_LoadCard,front,xdef,0,
REAL0_RELOC_ONLY,0,0,2,12,4,,,frontend/psx/memcard,recon/frontend/psx/memcard.c,iMCRD_timersub,front,xdef,0,
REAL0_RELOC_ONLY,0,0,6,44,4,,,frontend/psx/memcard,recon/frontend/psx/memcard.c,sjis2ascii,front,xdef,0,
REAL0_RELOC_ONLY,0,0,2,39,4,,,frontend/psx/mmeffect,recon/frontend/psx/mmeffect.cpp,FeDraw_SetABRMode__Fi,front,xdef,1,
REAL0_RELOC_ONLY,0,0,24,54,4,,,frontend/psx/movie,recon/frontend/psx/movie.cpp,Movie_DeInit__Fv,front,xdef,0,
REAL0_RELOC_ONLY,0,0,2,4,4,,,frontend/psx/movie,recon/frontend/psx/movie.cpp,Movie_DownloadFrame__Fv,front,xdef,0,
REAL0_RELOC_ONLY,0,0,10,24,4,,,frontend/psx/movie,recon/frontend/psx/movie.cpp,Movie_Finished__Fv,front,xdef,0,
REAL0_RELOC_ONLY,0,0,62,116,4,,,frontend/psx/movie,recon/frontend/psx/movie.cpp,Movie_Init__Fc,front,xdef,0,
REAL0_RELOC_ONLY,0,0,60,107,4,,,frontend/psx/movie,recon/frontend/psx/movie.cpp,Movie_Load__Fc,front,xdef,0,
REAL0_RELOC_ONLY,0,0,15,77,4,,,frontend/psx/movie,recon/frontend/psx/movie.cpp,Movie_NextFrame__Fv,front,xdef,0,
REAL0_RELOC_ONLY,0,0,39,132,4,,,frontend/psx/movie,recon/frontend/psx/movie.cpp,Movie_Play__Fc,front,xdef,0,
REAL0_RELOC_ONLY,0,0,14,53,4,,,frontend/psx/movie,recon/frontend/psx/movie.cpp,Movie_SetDecodeOffset__Fssss,front,xdef,0,
REAL0_RELOC_ONLY,0,0,2,4,4,,,frontend/psx/movie,recon/frontend/psx/movie.cpp,Movie_Stop__Fv,front,xdef,0,
REAL0_RELOC_ONLY,0,0,1,8,4,,,frontend/psx/movie,recon/frontend/psx/movie.cpp,play_movie__Fc,front,xdef,0,
REAL0_RELOC_ONLY,0,0,40,191,4,,,frontend/psx/movie,recon/frontend/psx/movie.cpp,strCallback__Fv,front,xdef,0,
REAL0_RELOC_ONLY,0,0,12,38,4,,,frontend/psx/movie,recon/frontend/psx/movie.cpp,strInit__FP6CdlLOCiPFe_vT2,front,xdef,0,
REAL0_RELOC_ONLY,0,0,2,18,4,,,frontend/psx/movie,recon/frontend/psx/movie.cpp,strKickCD__FP6CdlLOC,front,xdef,1,
REAL0_RELOC_ONLY,0,0,5,40,4,,,frontend/psx/movie,recon/frontend/psx/movie.cpp,strNextVlc__FP6DECENV,front,xdef,0,
REAL0_RELOC_ONLY,0,0,33,130,4,,,frontend/psx/movie,recon/frontend/psx/movie.cpp,strNext__FP6DECENV,front,xdef,0,
REAL0_RELOC_ONLY,0,0,12,35,4,,,frontend/psx/movie,recon/frontend/psx/movie.cpp,strSetDefDecEnv__FP6DECENV,front,xdef,0,
REAL0_RELOC_ONLY,0,0,2,44,4,,,frontend/psx/movie,recon/frontend/psx/movie.cpp,strSync__FP6DECENVi,front,xdef,0,
REAL0_RELOC_ONLY,0,0,1,203,4,,,frontend/psx/psxfront,recon/frontend/psx/psxfront.cpp,AdjustShapeDrawing__FP18tTexture_ShapeInfoRiN21iPiP18tDrawShapeExtended,front,xdef,0,
REAL0_RELOC_ONLY,0,0,8,28,4,,,frontend/psx/psxfront,recon/frontend/psx/psxfront.cpp,CleanupSpinningCarsMenu__Fv,front,xdef,0,
REAL0_RELOC_ONLY,0,0,32,62,4,,,frontend/psx/psxfront,recon/frontend/psx/psxfront.cpp,CleanupSpinningCars__Fv,front,xdef,0,
REAL0_RELOC_ONLY,0,0,3,15,4,,,frontend/psx/psxfront,recon/frontend/psx/psxfront.cpp,DoLanguageScreen__Fv,front,xdef,0,
REAL0_RELOC_ONLY,0,0,29,64,4,,,frontend/psx/psxfront,recon/frontend/psx/psxfront.cpp,DoTitleScreen__Fv,front,xdef,0,
REAL0_RELOC_ONLY,0,0,1,16,4,,,frontend/psx/psxfront,recon/frontend/psx/psxfront.cpp,DrawFlatShape__FP18tTexture_ShapeInfoiiiPii,front,xdef,0,
REAL0_RELOC_ONLY,0,0,9,65,4,,,frontend/psx/psxfront,recon/frontend/psx/psxfront.cpp,DrawShapeExtended__FiiiiiiP18tDrawShapeExtended,front,xdef,0,
REAL0_RELOC_ONLY,0,0,38,80,4,,,frontend/psx/psxfront,recon/frontend/psx/psxfront.cpp,Init_PSX_FrontEnd__Fv,front,xdef,0,
REAL0_RELOC_ONLY,0,0,21,59,4,,,frontend/psx/psxfront,recon/frontend/psx/psxfront.cpp,Init_RenderingEnvironment__Fv,front,xdef,0,
REAL0_RELOC_ONLY,0,0,42,95,4,,,frontend/psx/psxfront,recon/frontend/psx/psxfront.cpp,InitializeSpinningCars__Fv,front,xdef,0,
REAL0_RELOC_ONLY,0,0,10,36,4,,,frontend/psx/psxfront,recon/frontend/psx/psxfront.cpp,LoadAllHelpShapes__Fv,front,xdef,0,
REAL0_RELOC_ONLY,0,0,1,60,4,,,frontend/psx/psxfront,recon/frontend/psx/psxfront.cpp,PSXDrawGouraudSquare__Fiiiiiiii,front,xdef,0,
REAL0_CLEAN,0,0,0,38,4,,,frontend/psx/psxfront,recon/frontend/psx/psxfront.cpp,PSXDrawSquare__Fiiiii,front,xdef,0,
REAL0_CLEAN,0,0,0,65,4,,,frontend/psx/psxfront,recon/frontend/psx/psxfront.cpp,PSXDrawTransGouraudSquare__Fiiiiiiiii,front,xdef,0,
REAL0_CLEAN,0,0,0,57,4,,,frontend/psx/psxfront,recon/frontend/psx/psxfront.cpp,PSXDrawTransSquare__Fiiiiis,front,xdef,0,
REAL0_RELOC_ONLY,0,0,11,22,4,,,frontend/psx/psxfront,recon/frontend/psx/psxfront.cpp,PSXExitFrontend__Fv,front,xdef,0,
REAL0_RELOC_ONLY,0,0,12,29,4,,,frontend/psx/psxfront,recon/frontend/psx/psxfront.cpp,PSXFront_AllocateDrawMemory__Fv,front,xdef,0,
REAL0_RELOC_ONLY,0,0,1,8,4,,,frontend/psx/psxfront,recon/frontend/psx/psxfront.cpp,PSXFront_FreeDrawMemory__Fv,front,xdef,0,
REAL0_RELOC_ONLY,0,0,6,17,4,,,frontend/psx/psxfront,recon/frontend/psx/psxfront.cpp,PSX_AllocShapes__Fv,front,xdef,0,
REAL0_RELOC_ONLY,0,0,1,17,4,,,frontend/psx/psxfront,recon/frontend/psx/psxfront.cpp,Quick_DD__Fiii,front,xdef,0,
REAL0_RELOC_ONLY,0,0,1,20,4,,,frontend/psx/psxfront,recon/frontend/psx/psxfront.cpp,ScaleFlatShape__FP18tTexture_ShapeInfoiiiiiPii,front,xdef,0,
REAL0_RELOC_ONLY,0,0,9,175,4,,,frontend/psx/psxfront,recon/frontend/psx/psxfront.cpp,ScaleGouraudShape__FP18tTexture_ShapeInfoiiiiiPii,front,xdef,0,
REAL0_RELOC_ONLY,0,0,9,75,4,,,frontend/psx/psxfront,recon/frontend/psx/psxfront.cpp,ScaleShapeExtended__FiiiiiiP18tDrawShapeExtended,front,xdef,0,
REAL0_RELOC_ONLY,0,0,1,17,4,,,frontend/psx/video,recon/frontend/psx/video.cpp,VIDEO_abortplayback__Fi,front,xdef,0,
REAL0_RELOC_ONLY,0,0,28,94,4,,,frontend/psx/video,recon/frontend/psx/video.cpp,VIDEO_create__Fiiiii,front,xdef,0,
REAL0_RELOC_ONLY,0,0,3,22,4,,,frontend/psx/video,recon/frontend/psx/video.cpp,VIDEO_destroy__Fi,front,xdef,0,
REAL0_RELOC_ONLY,0,0,1,23,4,,,frontend/psx/video,recon/frontend/psx/video.cpp,VIDEO_spoolfile__FiPc,front,xdef,0,
REAL0_RELOC_ONLY,0,0,1,24,4,,,frontend/psx/video,recon/frontend/psx/video.cpp,VIDEO_startplayback__Fi,front,xdef,0,
REAL0_RELOC_ONLY,0,0,5,42,4,,,frontend/psx/video,recon/frontend/psx/video.cpp,VIDEO_state__Fi,front,xdef,0,
REAL0_RELOC_ONLY,0,0,9,80,4,,,frontend/psx/video,recon/frontend/psx/video.cpp,VIDEO_updateframexy__Fiii,front,xdef,0,
REAL0_RELOC_ONLY,0,0,10,43,4,,,frontend/psx/video,recon/frontend/psx/video.cpp,videodecode__FP11VIDEOSTRUCTP14STREAMCHUNKHDRii,front,xdef,1,
REAL0_CLEAN,0,0,0,12,4,,,frontend/psx/video,recon/frontend/psx/video.cpp,videoupdatetime__FP11VIDEOSTRUCT,front,xdef,0,
REAL0_RELOC_ONLY,0,0,5,28,4,,,game/common/AIWORLD,recon/game/common/AIWORLD.cpp,AIWorld_ApxSplineDistance__FP8Car_tObjT0,main,xdef,0,
REAL0_RELOC_ONLY,0,0,5,27,4,,,game/common/AIWORLD,recon/game/common/AIWORLD.cpp,AIWorld_ApxSplineDistance__FP8Car_tObji,main,xdef,0,
REAL0_RELOC_ONLY,0,0,1,10,4,,,game/common/AIWORLD,recon/game/common/AIWORLD.cpp,AIWorld_ApxSplineDistance__FiP8Car_tObj,main,xdef,0,
REAL0_RELOC_ONLY,0,0,5,26,4,,,game/common/AIWORLD,recon/game/common/AIWORLD.cpp,AIWorld_ApxSplineDistance__Fii,main,xdef,0,
REAL0_RELOC_ONLY,0,0,10,70,4,,,game/common/AIWORLD,recon/game/common/AIWORLD.cpp,AIWorld_CalcFutureLateralVel__FP8Car_tObji,main,xdef,0,
REAL0_RELOC_ONLY,0,0,3,23,4,,,game/common/AIWORLD,recon/game/common/AIWORLD.cpp,AIWorld_CalcLateralVelocity__FP8Car_tObj,main,xdef,0,
REAL0_RELOC_ONLY,0,0,7,55,4,,,game/common/AIWORLD,recon/game/common/AIWORLD.cpp,AIWorld_CalcRoadBend__FP8Car_tObji,main,xdef,0,
REAL0_CLEAN,0,0,0,18,4,,,game/common/AIWORLD,recon/game/common/AIWORLD.cpp,AIWorld_CalcSpeed__FP8Car_tObj,main,xdef,0,
REAL0_RELOC_ONLY,0,0,3,34,4,,,game/common/AIWORLD,recon/game/common/AIWORLD.cpp,AIWorld_CalculateDeltaRoadYaw__FP8Car_tObj,main,xdef,0,
REAL0_RELOC_ONLY,0,0,3,49,4,,,game/common/AIWORLD,recon/game/common/AIWORLD.cpp,AIWorld_CalculateLaneInfo__FP8Car_tObj,main,xdef,0,
REAL0_RELOC_ONLY,0,0,2,29,4,,,game/common/AIWORLD,recon/game/common/AIWORLD.cpp,AIWorld_CheckForBarrierBetweenLanes__Fiii,main,xdef,0,
REAL0_RELOC_ONLY,0,0,8,71,4,,,game/common/AIWORLD,recon/game/common/AIWORLD.cpp,AIWorld_FindBarrierLessLaneAndPosition__FP8Car_tObjPiT1,main,xdef,0,
REAL0_CLEAN,0,0,0,6,4,,,game/common/AIWORLD,recon/game/common/AIWORLD.cpp,AIWorld_GameOdometer__FP8Car_tObj,main,xdef,0,
REAL0_CLEAN,0,0,0,16,4,,,game/common/AIWORLD,recon/game/common/AIWORLD.cpp,AIWorld_GetProfileMask__Fi,main,xdef,0,
REAL0_RELOC_ONLY,0,0,6,46,4,,,game/common/AIWORLD,recon/game/common/AIWORLD.cpp,AIWorld_IsDriveableLaneInSliceRange__Fiiii,main,xdef,0,
REAL0_RELOC_ONLY,0,0,2,7,4,,,game/common/AIWORLD,recon/game/common/AIWORLD.cpp,AIWorld_IsDriveableLane_UsingMask__Fii,main,xdef,0,
REAL0_RELOC_ONLY,0,0,2,21,4,,,game/common/AIWORLD,recon/game/common/AIWORLD.cpp,AIWorld_IsDriveableLane__Fii,main,xdef,0,
REAL0_RELOC_ONLY,0,0,8,50,4,,,game/common/AIWORLD,recon/game/common/AIWORLD.cpp,AIWorld_LaneIndex__Fii,main,xdef,0,
REAL0_RELOC_ONLY,0,0,2,22,4,,,game/common/AIWORLD,recon/game/common/AIWORLD.cpp,AIWorld_SplineDistance__FP8Car_tObjT0,main,xdef,0,
REAL0_RELOC_ONLY,0,0,2,23,4,,,game/common/AIWORLD,recon/game/common/AIWORLD.cpp,AIWorld_SplineDistance__FP8Car_tObjiP8coorddef,main,xdef,0,
REAL0_RELOC_ONLY,0,0,2,37,4,,,game/common/AIWORLD,recon/game/common/AIWORLD.cpp,AIWorld_ZSplineDistance__FP8Car_tObjT0,main,xdef,0,
REAL0_RELOC_ONLY,0,0,2,37,4,,,game/common/AIWORLD,recon/game/common/AIWORLD.cpp,AIWorld_ZSplineDistance__FP8coorddefT0P10matrixtdef,main,xdef,0,
REAL0_RELOC_ONLY,0,0,13,127,4,,,game/common/ai,recon/game/common/ai.cpp,AI_AddCollidableObjects__FP8Car_tObjP5Group,main,xdef,0,
REAL0_RELOC_ONLY,0,0,5,13,4,,,game/common/ai,recon/game/common/ai.cpp,AI_AvoidObjects__FP8Car_tObj,main,xdef,0,
REAL0_RELOC_ONLY,0,0,3,34,4,,,game/common/ai,recon/game/common/ai.cpp,AI_AvoidSpikeBelt__FP8Car_tObj,main,xdef,0,
REAL0_RELOC_ONLY,0,0,3,34,4,,,game/common/ai,recon/game/common/ai.cpp,AI_CalcBestLineMerits__FP8Car_tObj,main,xdef,0,
REAL0_RELOC_ONLY,0,0,33,224,4,,,game/common/ai,recon/game/common/ai.cpp,AI_CalcMeritsBasedOnSpeed__FP8Car_tObj,main,xdef,0,
REAL0_RELOC_ONLY,0,0,27,166,4,,,game/common/ai,recon/game/common/ai.cpp,AI_CalculateAdjustedDesiredSpeed__FP8Car_tObj,main,xdef,0,
REAL0_RELOC_ONLY,0,0,20,141,4,,,game/common/ai,recon/game/common/ai.cpp,AI_CalculateDesiredLatPosition__FP8Car_tObj,main,xdef,0,
REAL0_RELOC_ONLY,0,0,12,229,4,,,game/common/ai,recon/game/common/ai.cpp,AI_CalculateLaneSpeeds__FP8Car_tObj,main,xdef,0,
REAL0_RELOC_ONLY,0,0,5,17,4,,,game/common/ai,recon/game/common/ai.cpp,AI_CarAvoidance__FP8Car_tObj,main,xdef,0,
REAL0_RELOC_ONLY,0,0,43,240,4,,,game/common/ai,recon/game/common/ai.cpp,AI_CheckForBarriers__FP8Car_tObj,main,xdef,0,
REAL0_RELOC_ONLY,0,0,12,84,4,,,game/common/ai,recon/game/common/ai.cpp,AI_CheckForCarsOnSide__FP8Car_tObj,main,xdef,0,
REAL0_RELOC_ONLY,0,0,10,156,4,,,game/common/ai,recon/game/common/ai.cpp,AI_CheckForClearLanes__FP8Car_tObj,main,xdef,0,
REAL0_RELOC_ONLY,0,0,27,144,4,,,game/common/ai,recon/game/common/ai.cpp,AI_CheckForPlayerActions__FP8Car_tObjT0,main,xdef,0,
REAL0_RELOC_ONLY,0,0,8,109,4,,,game/common/ai,recon/game/common/ai.cpp,AI_CheckPreferredLateralPosition__FP8Car_tObj,main,xdef,0,
REAL0_RELOC_ONLY,0,0,2,35,4,,,game/common/ai,recon/game/common/ai.cpp,AI_ChooseBestLane__FP8Car_tObj,main,xdef,0,
REAL0_RELOC_ONLY,0,0,8,19,4,,,game/common/ai,recon/game/common/ai.cpp,AI_ChooseNewLaneSlack__FP8Car_tObj,main,xdef,0,
REAL0_CLEAN,0,0,0,2,4,,,game/common/ai,recon/game/common/ai.cpp,AI_CleanUp__Fv,main,xdef,0,
REAL0_RELOC_ONLY,0,0,3,10,4,,,game/common/ai,recon/game/common/ai.cpp,AI_ClearLaneMerits__Fv,main,xdef,0,
REAL0_RELOC_ONLY,0,0,8,49,4,,,game/common/ai,recon/game/common/ai.cpp,AI_DoReactionsAndBehavior__FP8Car_tObj,main,xdef,0,
REAL0_RELOC_ONLY,0,0,31,144,4,,,game/common/ai,recon/game/common/ai.cpp,AI_DoReactions__FP8Car_tObj,main,xdef,0,
REAL0_RELOC_ONLY,0,0,2,10,4,,,game/common/ai,recon/game/common/ai.cpp,AI_GenericBeginCycle__FP8Car_tObj,main,xdef,0,
REAL0_RELOC_ONLY,0,0,7,21,4,,,game/common/ai,recon/game/common/ai.cpp,AI_GenericCycle__FP8Car_tObj,main,xdef,0,
REAL0_RELOC_ONLY,0,0,3,13,4,,,game/common/ai,recon/game/common/ai.cpp,AI_GenericEndCycle__FP8Car_tObj,main,xdef,0,
REAL0_RELOC_ONLY,0,0,13,92,4,,,game/common/ai,recon/game/common/ai.cpp,AI_HandleChangeInNumLanes__FP8Car_tObj,main,xdef,0,
REAL0_RELOC_ONLY,0,0,35,241,4,,,game/common/ai,recon/game/common/ai.cpp,AI_HandleShouldersAndOffRoad__FP8Car_tObj,main,xdef,0,
REAL0_RELOC_ONLY,0,0,16,65,4,,,game/common/ai,recon/game/common/ai.cpp,AI_HandleTrafficHonking__FP8Car_tObj,main,xdef,0,
REAL0_RELOC_ONLY,0,0,4,18,4,,,game/common/ai,recon/game/common/ai.cpp,AI_InitAIInfo__FP8Car_tObj,main,xdef,0,
REAL0_RELOC_ONLY,0,0,6,59,4,,,game/common/ai,recon/game/common/ai.cpp,AI_IsMellowZone__FP8Car_tObji,main,xdef,0,
REAL0_CLEAN,0,0,0,4,4,,,game/common/ai,recon/game/common/ai.cpp,AI_KeepCarsInLane__FP8Car_tObj,main,xdef,0,
REAL0_CLEAN,0,0,0,2,4,,,game/common/ai,recon/game/common/ai.cpp,AI_Main_OverallSetup__Fv,main,xdef,0,
REAL0_RELOC_ONLY,0,0,14,71,4,,,game/common/ai,recon/game/common/ai.cpp,AI_MaybeChangeLaneSlack__FP8Car_tObj,main,xdef,0,
REAL0_RELOC_ONLY,0,0,25,127,4,,,game/common/ai,recon/game/common/ai.cpp,AI_OpponentBlockPlayer__FP8Car_tObjT0,main,xdef,0,
REAL0_RELOC_ONLY,0,0,6,17,4,,,game/common/ai,recon/game/common/ai.cpp,AI_ProcessObservationsAndChooseLane__FP8Car_tObj,main,xdef,0,
REAL0_RELOC_ONLY,0,0,22,103,4,,,game/common/ai,recon/game/common/ai.cpp,AI_PushFinishedCarsToSide__FP8Car_tObj,main,xdef,0,
REAL0_RELOC_ONLY,0,0,19,86,4,,,game/common/ai,recon/game/common/ai.cpp,AI_SetupOncomingLaneDemerits__FP8Car_tObj,main,xdef,0,
REAL0_CLEAN,0,0,0,2,4,,,game/common/ai,recon/game/common/ai.cpp,AI_StartUp__Fv,main,xdef,0,
REAL0_RELOC_ONLY,0,0,9,105,4,,,game/common/ai,recon/game/common/ai.cpp,AI_SubmitObstacle__FP8Car_tObjiiii,main,xdef,0,
REAL0_RELOC_ONLY,0,0,5,20,4,,,game/common/ai,recon/game/common/ai.cpp,AI_TargetLane__FP8Car_tObji,main,xdef,0,
REAL0_RELOC_ONLY,0,0,8,63,4,,,game/common/ai,recon/game/common/ai.cpp,AI_TryToShareLanes__FP8Car_tObjT0,main,xdef,0,
REAL0_RELOC_ONLY,0,0,6,19,4,,,game/common/ai,recon/game/common/ai.cpp,AI_WorldAvoidance__FP8Car_tObj,main,xdef,0,
REAL0_RELOC_ONLY,0,0,10,24,4,,,game/common/aicop,recon/game/common/aicop.cpp,AICop_CleanUp__Fv,main,xdef,0,
REAL0_RELOC_ONLY,0,0,6,42,4,,,game/common/aicop,recon/game/common/aicop.cpp,AICop_NoCopsInArea__Fii,main,xdef,0,
REAL0_RELOC_ONLY,0,0,10,20,4,,,game/common/aicop,recon/game/common/aicop.cpp,AICop_Restart__Fv,main,xdef,0,
REAL0_RELOC_ONLY,0,0,22,43,4,,,game/common/aicop,recon/game/common/aicop.cpp,AICop_StartUp__Fv,main,xdef,0,
REAL0_RELOC_ONLY,0,0,2,15,4,,,game/common/aidatarecord,recon/game/common/aidatarecord.cpp,AddRecordToCollection__14AIDataRecord_t,main,xdef,0,
REAL0_RELOC_ONLY,0,0,4,28,4,,,game/common/aidatarecord,recon/game/common/aidatarecord.cpp,CleanUp1__14AIDataRecord_t,main,xdef,0,
REAL0_CLEAN,0,0,0,2,4,,,game/common/aidatarecord,recon/game/common/aidatarecord.cpp,CleanUp2__14AIDataRecord_t,main,xdef,0,
REAL0_CLEAN,0,0,0,6,4,,,game/common/aidatarecord,recon/game/common/aidatarecord.cpp,Get__23AIDataRecord_AccTable_ti,main,xdef,0,
REAL0_CLEAN,0,0,0,6,4,,,game/common/aidatarecord,recon/game/common/aidatarecord.cpp,Get__25AIDataRecord_TrackCurve_ti,main,xdef,0,
REAL0_CLEAN,0,0,0,2,4,,,game/common/aidatarecord,recon/game/common/aidatarecord.cpp,Get__26AIDataRecord_CarTracking_ti,main,xdef,0,
REAL0_CLEAN,0,0,0,13,4,,,game/common/aidatarecord,recon/game/common/aidatarecord.cpp,Get__30AIDataRecord_CurveSpeedTable_ti,main,xdef,0,
REAL0_RELOC_ONLY,0,0,1,17,4,,,game/common/aidatarecord,recon/game/common/aidatarecord.cpp,Load__14AIDataRecord_t,main,xdef,0,
REAL0_RELOC_ONLY,0,0,2,15,4,,,game/common/aidatarecord,recon/game/common/aidatarecord.cpp,RemoveRecordFromCollection__14AIDataRecord_t,main,xdef,0,
REAL0_RELOC_ONLY,0,0,1,20,4,,,game/common/aidatarecord,recon/game/common/aidatarecord.cpp,SaveAndPurge__14AIDataRecord_t,main,xdef,0,
REAL0_RELOC_ONLY,0,0,2,20,4,,,game/common/aidatarecord,recon/game/common/aidatarecord.cpp,Setup__14AIDataRecord_t,main,xdef,0,
REAL0_RELOC_ONLY,0,0,4,27,4,,,game/common/aidatarecord,recon/game/common/aidatarecord.cpp,Setup__23AIDataRecord_AccTable_t,main,xdef,0,
REAL0_RELOC_ONLY,0,0,10,27,4,,,game/common/aidatarecord,recon/game/common/aidatarecord.cpp,StartUp1__14AIDataRecord_t,main,xdef,0,
REAL0_RELOC_ONLY,0,0,2,27,4,,,game/common/aidatarecord,recon/game/common/aidatarecord.cpp,StartUp2__14AIDataRecord_t,main,xdef,0,
REAL0_RELOC_ONLY,0,0,3,35,4,,,game/common/aidatarecord,recon/game/common/aidatarecord.cpp,Upgrade__30AIDataRecord_CurveSpeedTable_ti,main,xdef,0,
REAL0_RELOC_ONLY,0,0,3,18,4,,,game/common/aidatarecord,recon/game/common/aidatarecord.cpp,__14AIDataRecord_t26AIDataRecord_WhichRecord_tPc,main,xdef,0,
REAL0_RELOC_ONLY,0,0,10,33,4,,,game/common/aidatarecord,recon/game/common/aidatarecord.cpp,__23AIDataRecord_AccTable_tPci26AIDataRecord_WhichRecord_t,main,xdef,0,
REAL0_RELOC_ONLY,0,0,19,37,4,,,game/common/aidatarecord,recon/game/common/aidatarecord.cpp,__23AIDataRecord_BestLine_t26AIDataRecord_WhichRecord_t,main,xdef,0,
REAL0_RELOC_ONLY,0,0,19,38,4,,,game/common/aidatarecord,recon/game/common/aidatarecord.cpp,__25AIDataRecord_TrackCurve_t26AIDataRecord_WhichRecord_t,main,xdef,0,
REAL0_RELOC_ONLY,0,0,13,36,4,,,game/common/aidatarecord,recon/game/common/aidatarecord.cpp,__30AIDataRecord_CurveSpeedTable_tPc26AIDataRecord_WhichRecord_t,main,xdef,0,
REAL0_RELOC_ONLY,0,0,5,22,4,,,game/common/aidatarecord,recon/game/common/aidatarecord.cpp,___14AIDataRecord_t,main,xdef,0,
REAL0_RELOC_ONLY,0,0,1,8,4,,,game/common/aidatarecord,recon/game/common/aidatarecord.cpp,___23AIDataRecord_AccTable_t,main,xdef,0,
REAL0_RELOC_ONLY,0,0,1,8,4,,,game/common/aidatarecord,recon/game/common/aidatarecord.cpp,___23AIDataRecord_BestLine_t,main,xdef,0,
REAL0_RELOC_ONLY,0,0,1,8,4,,,game/common/aidatarecord,recon/game/common/aidatarecord.cpp,___25AIDataRecord_TrackCurve_t,main,xdef,0,
REAL0_RELOC_ONLY,0,0,1,8,4,,,game/common/aidatarecord,recon/game/common/aidatarecord.cpp,___26AIDataRecord_CarTracking_t,main,xdef,0,
REAL0_RELOC_ONLY,0,0,1,8,4,,,game/common/aidatarecord,recon/game/common/aidatarecord.cpp,___30AIDataRecord_CurveSpeedTable_t,main,xdef,0,
REAL0_RELOC_ONLY,0,0,1,58,4,,,game/common/aidelaycar,recon/game/common/aidelaycar.cpp,SetNewTargetCar__10AIDelayCarP8Car_tObj,main,xdef,0,
REAL0_RELOC_ONLY,0,0,13,148,4,,,game/common/aidelaycar,recon/game/common/aidelaycar.cpp,Update__10AIDelayCar,main,xdef,0,
REAL0_RELOC_ONLY,0,0,1,13,4,,,game/common/aidelaycar,recon/game/common/aidelaycar.cpp,__10AIDelayCarP8Car_tObjT1i,main,xdef,0,
REAL0_RELOC_ONLY,0,0,13,95,4,,,game/common/aih_basiccop,recon/game/common/aih_basiccop.cpp,Blockade_AddObject__FiP8coorddefi,main,xdef,0,
REAL0_RELOC_ONLY,0,0,2,21,4,,,game/common/aih_basiccop,recon/game/common/aih_basiccop.cpp,Blockade_AddRoadFlare__FP8coorddef,main,xdef,0,
REAL0_RELOC_ONLY,0,0,19,50,4,,,game/common/aih_basiccop,recon/game/common/aih_basiccop.cpp,CheckSpikeBelt__15AIHigh_BasicCop,main,xdef,0,
REAL0_RELOC_ONLY,0,0,6,73,4,,,game/common/aih_basiccop,recon/game/common/aih_basiccop.cpp,HandleBlockadeSpeech__15AIHigh_BasicCop,main,xdef,0,
REAL0_RELOC_ONLY,0,0,16,107,4,,,game/common/aih_basiccop,recon/game/common/aih_basiccop.cpp,PlacePointOnRoad__FiP8coorddef,main,xdef,0,
REAL0_RELOC_ONLY,0,0,17,166,4,,,game/common/aih_basiccop,recon/game/common/aih_basiccop.cpp,SetupBlockadeElements__15AIHigh_BasicCopP10blockade_t,main,xdef,0,
REAL0_RELOC_ONLY,0,0,11,88,4,,,game/common/aih_basiccop,recon/game/common/aih_basiccop.cpp,ShouldIPerformCutOffBlock__15AIHigh_BasicCopiP8Car_tObj,main,xdef,0,
REAL0_RELOC_ONLY,0,0,4,34,4,,,game/common/aih_basiccop,recon/game/common/aih_basiccop.cpp,__15AIHigh_BasicCopP8Car_tObji,main,xdef,0,
REAL0_RELOC_ONLY,0,0,1,8,4,,,game/common/aih_basiccop,recon/game/common/aih_basiccop.cpp,___15AIHigh_BasicCop,main,xdef,0,
REAL0_RELOC_ONLY,0,0,1,21,4,,,game/common/aih_basicperp,recon/game/common/aih_basicperp.cpp,AddChaser__16AIHigh_BasicPerpii7copType,main,xdef,0,
REAL0_RELOC_ONLY,0,0,24,163,4,,,game/common/aih_basicperp,recon/game/common/aih_basicperp.cpp,CheckForCrimes__16AIHigh_BasicPerp,main,xdef,0,
REAL0_RELOC_ONLY,0,0,56,380,4,,,game/common/aih_basicperp,recon/game/common/aih_basicperp.cpp,CheckIfCaught__16AIHigh_BasicPerp,main,xdef,0,
REAL0_CLEAN,0,0,0,15,4,,,game/common/aih_basicperp,recon/game/common/aih_basicperp.cpp,Clear__16AIHigh_BasicPerp,main,xdef,0,
REAL0_CLEAN,0,0,0,15,4,,,game/common/aih_basicperp,recon/game/common/aih_basicperp.cpp,RemoveChaser__16AIHigh_BasicPerpii7copType,main,xdef,0,
REAL0_RELOC_ONLY,0,0,12,84,4,,,game/common/aih_basicperp,recon/game/common/aih_basicperp.cpp,RemoveCloseCops__16AIHigh_BasicPerp,main,xdef,0,
REAL0_RELOC_ONLY,0,0,4,18,4,,,game/common/aih_basicperp,recon/game/common/aih_basicperp.cpp,__16AIHigh_BasicPerpP8Car_tObj,main,xdef,0,
REAL0_RELOC_ONLY,0,0,3,10,4,,,game/common/aih_basicperp,recon/game/common/aih_basicperp.cpp,___16AIHigh_BasicPerp,main,xdef,0,
REAL0_RELOC_ONLY,0,0,2,28,4,,,game/common/aih_btccop,recon/game/common/aih_btccop.cpp,AssignToPlayer__14AIHigh_BTC_CopP15AIHigh_BTC_Perp,main,xdef,0,
REAL0_RELOC_ONLY,0,0,9,59,4,,,game/common/aih_btccop,recon/game/common/aih_btccop.cpp,CheckConditionWithCop0__19AIHigh_BTC_HumanCop,main,xdef,0,
REAL0_RELOC_ONLY,0,0,10,76,4,,,game/common/aih_btccop,recon/game/common/aih_btccop.cpp,CheckForActivation__18AIHigh_BTC_Wingman,main,xdef,0,
REAL0_CLEAN,0,0,0,17,4,,,game/common/aih_btccop,recon/game/common/aih_btccop.cpp,CheckForBlockaderRequest__19AIHigh_BTC_HumanCopPi,main,xdef,0,
REAL0_RELOC_ONLY,0,0,11,86,4,,,game/common/aih_btccop,recon/game/common/aih_btccop.cpp,CheckForNewTarget__14AIHigh_BTC_Cop,main,xdef,0,
REAL0_CLEAN,0,0,0,9,4,,,game/common/aih_btccop,recon/game/common/aih_btccop.cpp,CheckForWingmanRequest__19AIHigh_BTC_HumanCop,main,xdef,0,
REAL0_RELOC_ONLY,0,0,7,22,4,,,game/common/aih_btccop,recon/game/common/aih_btccop.cpp,ClearTrafficToPurgatory__19AIHigh_BTC_HumanCop,main,xdef,0,
REAL0_CLEAN,0,0,0,2,4,,,game/common/aih_btccop,recon/game/common/aih_btccop.cpp,Execute__17AIState_NonActive,main,xdef,0,
REAL0_CLEAN,0,0,0,7,4,,,game/common/aih_btccop,recon/game/common/aih_btccop.cpp,FalseArrest__14AIHigh_BTC_CopP15AIHigh_BTC_Perp,main,xdef,0,
REAL0_RELOC_ONLY,0,0,26,116,4,,,game/common/aih_btccop,recon/game/common/aih_btccop.cpp,FindRandomBarrierFreeArea__19AIHigh_BTC_HumanCopiii,main,xdef,0,
REAL0_RELOC_ONLY,0,0,1,24,4,,,game/common/aih_btccop,recon/game/common/aih_btccop.cpp,FinishArrest__14AIHigh_BTC_CopP15AIHigh_BTC_Perp,main,xdef,0,
REAL0_CLEAN,0,0,0,2,4,,,game/common/aih_btccop,recon/game/common/aih_btccop.cpp,FreezeAndEndChase__14AIHigh_BTC_Cop,main,xdef,0,
REAL0_RELOC_ONLY,0,0,27,117,4,,,game/common/aih_btccop,recon/game/common/aih_btccop.cpp,FreezeAndEndChase__19AIHigh_BTC_HumanCop,main,xdef,0,
REAL0_RELOC_ONLY,0,0,3,39,4,,,game/common/aih_btccop,recon/game/common/aih_btccop.cpp,GetCheckChasePosition__14AIHigh_BTC_CopP8coorddef,main,xdef,0,
REAL0_RELOC_ONLY,0,0,20,118,4,,,game/common/aih_btccop,recon/game/common/aih_btccop.cpp,HighExecute__19AIHigh_BTC_HumanCop,main,xdef,0,
REAL0_RELOC_ONLY,0,0,1,12,4,,,game/common/aih_btccop,recon/game/common/aih_btccop.cpp,HudOff__14AIHigh_BTC_Cop,main,xdef,0,
REAL0_RELOC_ONLY,0,0,5,27,4,,,game/common/aih_btccop,recon/game/common/aih_btccop.cpp,HudOn__19AIHigh_BTC_HumanCopP15AIHigh_BTC_PerpiP8Car_tObj,main,xdef,0,
REAL0_RELOC_ONLY,0,0,41,220,4,,,game/common/aih_btccop,recon/game/common/aih_btccop.cpp,NewStage__19AIHigh_BTC_HumanCopiii,main,xdef,0,
REAL0_RELOC_ONLY,0,0,4,28,4,,,game/common/aih_btccop,recon/game/common/aih_btccop.cpp,ReleaseAndStartChase__19AIHigh_BTC_HumanCopP15AIHigh_BTC_Perp,main,xdef,0,
REAL0_RELOC_ONLY,0,0,17,118,4,,,game/common/aih_btccop,recon/game/common/aih_btccop.cpp,RequestBlockader__19AIHigh_BTC_HumanCopi,main,xdef,0,
REAL0_RELOC_ONLY,0,0,9,71,4,,,game/common/aih_btccop,recon/game/common/aih_btccop.cpp,RequestWingman__19AIHigh_BTC_HumanCop,main,xdef,0,
REAL0_RELOC_ONLY,0,0,7,21,4,,,game/common/aih_btccop,recon/game/common/aih_btccop.cpp,ResetClearTrafficToPurgatory__19AIHigh_BTC_HumanCop,main,xdef,0,
REAL0_RELOC_ONLY,0,0,1,24,4,,,game/common/aih_btccop,recon/game/common/aih_btccop.cpp,SetDesiredSpeed__19AIHigh_BTC_HumanCop,main,xdef,0,
REAL0_RELOC_ONLY,0,0,78,340,4,,,game/common/aih_btccop,recon/game/common/aih_btccop.cpp,SetupBlockader__18AIHigh_BTC_WingmanP19AIHigh_BTC_HumanCopi,main,xdef,0,
REAL0_RELOC_ONLY,0,0,15,79,4,,,game/common/aih_btccop,recon/game/common/aih_btccop.cpp,SetupWingman__18AIHigh_BTC_WingmanP19AIHigh_BTC_HumanCop,main,xdef,0,
REAL0_RELOC_ONLY,0,0,1,28,4,,,game/common/aih_btccop,recon/game/common/aih_btccop.cpp,StartArrest__14AIHigh_BTC_CopP15AIHigh_BTC_Perp,main,xdef,0,
REAL0_CLEAN,0,0,0,2,4,,,game/common/aih_btccop,recon/game/common/aih_btccop.cpp,TestForRelease__12AIState_Base_8005F678,main,xdef,0,
REAL0_RELOC_ONLY,0,0,11,69,4,,,game/common/aih_btccop,recon/game/common/aih_btccop.cpp,UpdateAndCheckTimeLeft__19AIHigh_BTC_HumanCop,main,xdef,0,
REAL0_CLEAN,0,0,0,16,4,,,game/common/aih_btccop,recon/game/common/aih_btccop.cpp,UpdateFreezeModeAndPullOverMode__18AIHigh_BTC_Wingman,main,xdef,0,
REAL0_RELOC_ONLY,0,0,2,73,4,,,game/common/aih_btccop,recon/game/common/aih_btccop.cpp,UpdateFreezeModeAndPullOverMode__19AIHigh_BTC_HumanCop,main,xdef,0,
REAL0_CLEAN,0,0,0,19,4,,,game/common/aih_btccop,recon/game/common/aih_btccop.cpp,UpdateWingmanRole__19AIHigh_BTC_HumanCop12Wingman_Role,main,xdef,0,
REAL0_RELOC_ONLY,0,0,3,16,4,,,game/common/aih_btccop,recon/game/common/aih_btccop.cpp,__14AIHigh_BTC_CopP8Car_tObji,main,xdef,0,
REAL0_RELOC_ONLY,0,0,3,19,4,,,game/common/aih_btccop,recon/game/common/aih_btccop.cpp,__18AIHigh_BTC_WingmanP8Car_tObji,main,xdef,0,
REAL0_RELOC_ONLY,0,0,29,135,4,,,game/common/aih_btccop,recon/game/common/aih_btccop.cpp,__19AIHigh_BTC_HumanCopP8Car_tObji,main,xdef,0,
REAL0_RELOC_ONLY,0,0,3,13,4,,,game/common/aih_btccop,recon/game/common/aih_btccop.cpp,___12AIState_Base_8005F680,main,xdef,0,
REAL0_RELOC_ONLY,0,0,1,8,4,,,game/common/aih_btccop,recon/game/common/aih_btccop.cpp,___14AIHigh_BTC_Cop,main,xdef,0,
REAL0_RELOC_ONLY,0,0,5,19,4,,,game/common/aih_btccop,recon/game/common/aih_btccop.cpp,___17AIState_NonActive,main,xdef,0,
REAL0_RELOC_ONLY,0,0,1,8,4,,,game/common/aih_btccop,recon/game/common/aih_btccop.cpp,___18AIHigh_BTC_Wingman,main,xdef,0,
REAL0_RELOC_ONLY,0,0,1,8,4,,,game/common/aih_btccop,recon/game/common/aih_btccop.cpp,___19AIHigh_BTC_HumanCop,main,xdef,0,
REAL0_RELOC_ONLY,0,0,32,209,4,,,game/common/aih_btcperp,recon/game/common/aih_btcperp.cpp,AvoidCops__17AIHigh_BTC_AIPerp,main,xdef,0,
REAL0_RELOC_ONLY,0,0,1,41,4,,,game/common/aih_btcperp,recon/game/common/aih_btcperp.cpp,CalculateTimeTillContact__17AIHigh_BTC_AIPerp,main,xdef,0,
REAL0_RELOC_ONLY,0,0,9,66,4,,,game/common/aih_btcperp,recon/game/common/aih_btcperp.cpp,CheckForActivation__15AIHigh_BTC_Perp,main,xdef,0,
REAL0_RELOC_ONLY,0,0,6,40,4,,,game/common/aih_btcperp,recon/game/common/aih_btcperp.cpp,CheckForControlsPressed__15AIHigh_BTC_Perp,main,xdef,0,
REAL0_RELOC_ONLY,0,0,1,25,4,,,game/common/aih_btcperp,recon/game/common/aih_btcperp.cpp,ClearForNewStage__15AIHigh_BTC_PerpP19AIHigh_BTC_HumanCop,main,xdef,0,
REAL0_CLEAN,0,0,0,2,4,,,game/common/aih_btcperp,recon/game/common/aih_btcperp.cpp,Execute__17AIState_NonActive_80061370,main,xdef,0,
REAL0_RELOC_ONLY,0,0,9,64,4,,,game/common/aih_btcperp,recon/game/common/aih_btcperp.cpp,FindClosestCop__17AIHigh_BTC_AIPerp,main,xdef,0,
REAL0_RELOC_ONLY,0,0,1,8,4,,,game/common/aih_btcperp,recon/game/common/aih_btcperp.cpp,HandleCops__15AIHigh_BTC_Perp,main,xdef,0,
REAL0_RELOC_ONLY,0,0,20,118,4,,,game/common/aih_btcperp,recon/game/common/aih_btcperp.cpp,HandlePullOver__15AIHigh_BTC_Perp,main,xdef,0,
REAL0_RELOC_ONLY,0,0,46,304,4,,,game/common/aih_btcperp,recon/game/common/aih_btcperp.cpp,HighExecute__17AIHigh_BTC_AIPerp,main,xdef,0,
REAL0_RELOC_ONLY,0,0,4,22,4,,,game/common/aih_btcperp,recon/game/common/aih_btcperp.cpp,HighExecute__20AIHigh_BTC_HumanPerp,main,xdef,0,
REAL0_RELOC_ONLY,0,0,21,136,4,,,game/common/aih_btcperp,recon/game/common/aih_btcperp.cpp,IsFalseArrest__15AIHigh_BTC_Perp,main,xdef,0,
REAL0_RELOC_ONLY,0,0,53,363,4,,,game/common/aih_btcperp,recon/game/common/aih_btcperp.cpp,NewStage__17AIHigh_BTC_AIPerpP19AIHigh_BTC_HumanCop,main,xdef,0,
REAL0_RELOC_ONLY,0,0,27,136,4,,,game/common/aih_btcperp,recon/game/common/aih_btcperp.cpp,NewStage__20AIHigh_BTC_HumanPerpP19AIHigh_BTC_HumanCop,main,xdef,0,
REAL0_RELOC_ONLY,0,0,8,46,4,,,game/common/aih_btcperp,recon/game/common/aih_btcperp.cpp,NotifyCopsOfArrestComplete__15AIHigh_BTC_Perp,main,xdef,0,
REAL0_RELOC_ONLY,0,0,8,46,4,,,game/common/aih_btcperp,recon/game/common/aih_btcperp.cpp,NotifyCopsOfArrest__15AIHigh_BTC_Perp,main,xdef,0,
REAL0_RELOC_ONLY,0,0,8,46,4,,,game/common/aih_btcperp,recon/game/common/aih_btcperp.cpp,NotifyCopsOfFalseArrest__15AIHigh_BTC_Perp,main,xdef,0,
REAL0_RELOC_ONLY,0,0,8,46,4,,,game/common/aih_btcperp,recon/game/common/aih_btcperp.cpp,NotifyHumanCopsOfArrestHud__15AIHigh_BTC_Perp,main,xdef,0,
REAL0_RELOC_ONLY,0,0,8,49,4,,,game/common/aih_btcperp,recon/game/common/aih_btcperp.cpp,ReleaseCops__15AIHigh_BTC_Perp,main,xdef,0,
REAL0_CLEAN,0,0,0,2,4,,,game/common/aih_btcperp,recon/game/common/aih_btcperp.cpp,TestForRelease__12AIState_Base_800613C4,main,xdef,0,
REAL0_RELOC_ONLY,0,0,5,34,4,,,game/common/aih_btcperp,recon/game/common/aih_btcperp.cpp,__17AIHigh_BTC_AIPerpP8Car_tObj,main,xdef,0,
REAL0_RELOC_ONLY,0,0,3,13,4,,,game/common/aih_btcperp,recon/game/common/aih_btcperp.cpp,___12AIState_Base_800613CC,main,xdef,0,
REAL0_RELOC_ONLY,0,0,5,20,4,,,game/common/aih_btcperp,recon/game/common/aih_btcperp.cpp,___17AIHigh_BTC_AIPerp,main,xdef,0,
REAL0_RELOC_ONLY,0,0,5,19,4,,,game/common/aih_btcperp,recon/game/common/aih_btcperp.cpp,___17AIState_NonActive_80061378,main,xdef,0,
REAL0_RELOC_ONLY,0,0,3,10,4,,,game/common/aih_btcperp,recon/game/common/aih_btcperp.cpp,___20AIHigh_BTC_HumanPerp,main,xdef,0,
REAL0_RELOC_ONLY,0,0,2,35,4,,,game/common/aih_cop,recon/game/common/aih_cop.cpp,AssignToPlayer__10AIHigh_CopP13AIHigh_Player,main,xdef,0,
REAL0_RELOC_ONLY,0,0,7,39,4,,,game/common/aih_cop,recon/game/common/aih_cop.cpp,CheckForNeedyPlayers__10AIHigh_Cop,main,xdef,0,
REAL0_RELOC_ONLY,0,0,19,152,4,,,game/common/aih_cop,recon/game/common/aih_cop.cpp,CheckForNewTarget__10AIHigh_Cop,main,xdef,0,
REAL0_RELOC_ONLY,0,0,38,202,4,,,game/common/aih_cop,recon/game/common/aih_cop.cpp,CheckForNewTriggers__10AIHigh_Cop,main,xdef,0,
REAL0_RELOC_ONLY,0,0,21,94,4,,,game/common/aih_cop,recon/game/common/aih_cop.cpp,CheckForWipeOut__10AIHigh_Cop,main,xdef,0,
REAL0_RELOC_ONLY,0,0,3,44,4,,,game/common/aih_cop,recon/game/common/aih_cop.cpp,GetCheckChasePosition__10AIHigh_CopP8coorddef,main,xdef,0,
REAL0_RELOC_ONLY,0,0,3,30,4,,,game/common/aih_cop,recon/game/common/aih_cop.cpp,SetTuningLevers__10AIHigh_Cop,main,xdef,0,
REAL0_RELOC_ONLY,0,0,3,19,4,,,game/common/aih_cop,recon/game/common/aih_cop.cpp,__10AIHigh_CopP8Car_tObji,main,xdef,0,
REAL0_RELOC_ONLY,0,0,1,8,4,,,game/common/aih_cop,recon/game/common/aih_cop.cpp,___10AIHigh_Cop,main,xdef,0,
REAL0_RELOC_ONLY,0,0,2,15,4,,,game/common/aih_hum,recon/game/common/aih_hum.cpp,HighExecute__12AIHigh_Human,main,xdef,0,
REAL0_RELOC_ONLY,0,0,3,13,4,,,game/common/aih_hum,recon/game/common/aih_hum.cpp,__12AIHigh_HumanP8Car_tObj,main,xdef,0,
REAL0_RELOC_ONLY,0,0,3,10,4,,,game/common/aih_hum,recon/game/common/aih_hum.cpp,___12AIHigh_Human,main,xdef,0,
REAL0_RELOC_ONLY,0,0,2,43,4,,,game/common/aih_opp,recon/game/common/aih_opp.cpp,DoProvokedAttack__15AIHigh_Opponent,main,xdef,0,
REAL0_RELOC_ONLY,0,0,34,203,4,,,game/common/aih_opp,recon/game/common/aih_opp.cpp,HighExecute__15AIHigh_Opponent,main,xdef,0,
REAL0_RELOC_ONLY,0,0,3,17,4,,,game/common/aih_opp,recon/game/common/aih_opp.cpp,__15AIHigh_OpponentP8Car_tObj,main,xdef,0,
REAL0_RELOC_ONLY,0,0,3,10,4,,,game/common/aih_opp,recon/game/common/aih_opp.cpp,___15AIHigh_Opponent,main,xdef,0,
REAL0_RELOC_ONLY,0,0,15,184,4,,,game/common/aih_play,recon/game/common/aih_play.cpp,CheckForNewLevel__13AIHigh_Playeri,main,xdef,0,
REAL0_RELOC_ONLY,0,0,27,225,4,,,game/common/aih_play,recon/game/common/aih_play.cpp,CheckIfABlockadeCanBeSetup__13AIHigh_Player,main,xdef,0,
REAL0_RELOC_ONLY,0,0,8,70,4,,,game/common/aih_play,recon/game/common/aih_play.cpp,CleanupBlockaders__13AIHigh_Playeri,main,xdef,0,
REAL0_RELOC_ONLY,0,0,13,104,4,,,game/common/aih_play,recon/game/common/aih_play.cpp,HandleCops__13AIHigh_Player,main,xdef,0,
REAL0_RELOC_ONLY,0,0,52,307,4,,,game/common/aih_play,recon/game/common/aih_play.cpp,HandlePullOver__13AIHigh_Player,main,xdef,0,
REAL0_RELOC_ONLY,0,0,15,83,4,,,game/common/aih_play,recon/game/common/aih_play.cpp,HandleSpeech__13AIHigh_Player,main,xdef,0,
REAL0_RELOC_ONLY,0,0,28,162,4,,,game/common/aih_play,recon/game/common/aih_play.cpp,MaintainAvailableCops__13AIHigh_Player,main,xdef,0,
REAL0_RELOC_ONLY,0,0,107,674,4,,,game/common/aih_play,recon/game/common/aih_play.cpp,SetupBlockade__13AIHigh_Player,main,xdef,0,
REAL0_RELOC_ONLY,0,0,18,129,4,,,game/common/aih_play,recon/game/common/aih_play.cpp,__13AIHigh_PlayerP8Car_tObj,main,xdef,0,
REAL0_RELOC_ONLY,0,0,3,10,4,,,game/common/aih_play,recon/game/common/aih_play.cpp,___13AIHigh_Player,main,xdef,0,
REAL0_RELOC_ONLY,0,0,6,53,4,,,game/common/aih_traf,recon/game/common/aih_traf.cpp,CheckForCops__14AIHigh_TrafficPi,main,xdef,0,
REAL0_RELOC_ONLY,0,0,30,149,4,,,game/common/aih_traf,recon/game/common/aih_traf.cpp,CheckForNewTriggers__14AIHigh_Traffic,main,xdef,0,
REAL0_RELOC_ONLY,0,0,8,67,4,,,game/common/aih_traf,recon/game/common/aih_traf.cpp,CopCheck__14AIHigh_TrafficPi,main,xdef,0,
REAL0_RELOC_ONLY,0,0,89,547,4,,,game/common/aih_traf,recon/game/common/aih_traf.cpp,HighExecute__14AIHigh_Traffic,main,xdef,0,
REAL0_RELOC_ONLY,0,0,3,16,4,,,game/common/aih_traf,recon/game/common/aih_traf.cpp,__14AIHigh_TrafficP8Car_tObj,main,xdef,0,
REAL0_RELOC_ONLY,0,0,1,8,4,,,game/common/aih_traf,recon/game/common/aih_traf.cpp,___14AIHigh_Traffic,main,xdef,0,
REAL0_RELOC_ONLY,0,0,7,35,4,,,game/common/aihigh,recon/game/common/aihigh.cpp,AIHigh_CleanUp__Fv,main,xdef,0,
REAL0_RELOC_ONLY,0,0,14,66,4,,,game/common/aihigh,recon/game/common/aihigh.cpp,AIHigh_Execute__Fv,main,xdef,0,
REAL0_RELOC_ONLY,0,0,1,8,4,,,game/common/aihigh,recon/game/common/aihigh.cpp,AIHigh_Restart1__Fv,main,xdef,0,
REAL0_RELOC_ONLY,0,0,2,10,4,,,game/common/aihigh,recon/game/common/aihigh.cpp,AIHigh_Restart2__Fv,main,xdef,0,
REAL0_RELOC_ONLY,0,0,70,234,4,,,game/common/aihigh,recon/game/common/aihigh.cpp,AIHigh_StartUp__Fv,main,xdef,0,
REAL0_CLEAN,0,0,0,2,4,,,game/common/aihigh,recon/game/common/aihigh.cpp,Execute__12AIState_None,main,xdef,0,
REAL0_CLEAN,0,0,0,2,4,,,game/common/aihigh,recon/game/common/aihigh.cpp,HighExecute__11AIHigh_None,main,xdef,0,
REAL0_CLEAN,0,0,0,2,4,,,game/common/aihigh,recon/game/common/aihigh.cpp,TestForRelease__12AIState_Base,main,xdef,0,
REAL0_RELOC_ONLY,0,0,6,43,4,,,game/common/aihigh,recon/game/common/aihigh.cpp,__11AIHigh_BaseP8Car_tObj,main,xdef,0,
REAL0_RELOC_ONLY,0,0,3,29,4,,,game/common/aihigh,recon/game/common/aihigh.cpp,___11AIHigh_Base,main,xdef,0,
REAL0_RELOC_ONLY,0,0,1,8,4,,,game/common/aihigh,recon/game/common/aihigh.cpp,___11AIHigh_None,main,xdef,0,
REAL0_RELOC_ONLY,0,0,3,13,4,,,game/common/aihigh,recon/game/common/aihigh.cpp,___12AIState_Base,main,xdef,0,
REAL0_RELOC_ONLY,0,0,3,13,4,,,game/common/aihigh,recon/game/common/aihigh.cpp,___12AIState_None,main,xdef,0,
REAL0_RELOC_ONLY,0,0,3,10,4,,,game/common/aihigh,recon/game/common/aihigh.cpp,___15AIHigh_BTC_Perp,main,xdef,0,
REAL0_RELOC_ONLY,0,0,4,14,4,,,game/common/aiinit,recon/game/common/aiinit.cpp,AIInit_CleanUp1__Fv,main,xdef,0,
REAL0_RELOC_ONLY,0,0,18,50,4,,,game/common/aiinit,recon/game/common/aiinit.cpp,AIInit_CleanUp2__Fv,main,xdef,0,
REAL0_RELOC_ONLY,0,0,1,30,4,,,game/common/aiinit,recon/game/common/aiinit.cpp,AIInit_ClearAICar__FP8Car_tObj,main,xdef,0,
REAL0_CLEAN,0,0,0,2,4,,,game/common/aiinit,recon/game/common/aiinit.cpp,AIInit_DeInitAICar2__FP8Car_tObj,main,xdef,0,
REAL0_CLEAN,0,0,0,32,4,,,game/common/aiinit,recon/game/common/aiinit.cpp,AIInit_DeInitAICar__FP8Car_tObj,main,xdef,0,
REAL0_RELOC_ONLY,0,0,4,26,4,,,game/common/aiinit,recon/game/common/aiinit.cpp,AIInit_InitAICar2__FP8Car_tObj,main,xdef,0,
REAL0_RELOC_ONLY,0,0,21,117,4,,,game/common/aiinit,recon/game/common/aiinit.cpp,AIInit_InitAICar__FP8Car_tObjP10Udff_tInfo,main,xdef,0,
REAL0_RELOC_ONLY,0,0,3,30,4,,,game/common/aiinit,recon/game/common/aiinit.cpp,AIInit_IsNonStandardCarFile__Fi,main,xdef,0,
REAL0_RELOC_ONLY,0,0,10,23,4,,,game/common/aiinit,recon/game/common/aiinit.cpp,AIInit_LoadConfigs__Fv,main,xdef,0,
REAL0_RELOC_ONLY,0,0,24,72,4,,,game/common/aiinit,recon/game/common/aiinit.cpp,AIInit_LoadPhysicsConfig__FP10Udff_tInfo,main,xdef,0,
REAL0_RELOC_ONLY,0,0,1,3,4,,,game/common/aiinit,recon/game/common/aiinit.cpp,AIInit_Reset1__Fv,main,xdef,0,
REAL0_RELOC_ONLY,0,0,23,65,4,,,game/common/aiinit,recon/game/common/aiinit.cpp,AIInit_Reset2__Fv,main,xdef,0,
REAL0_RELOC_ONLY,0,0,3,74,4,,,game/common/aiinit,recon/game/common/aiinit.cpp,AIInit_RestartAICar__FP8Car_tObj,main,xdef,0,
REAL0_RELOC_ONLY,0,0,8,29,4,,,game/common/aiinit,recon/game/common/aiinit.cpp,AIInit_StartUp1__Fv,main,xdef,0,
REAL0_RELOC_ONLY,0,0,20,54,4,,,game/common/aiinit,recon/game/common/aiinit.cpp,AIInit_StartUp2__Fv,main,xdef,0,
REAL0_RELOC_ONLY,0,0,8,20,4,,,game/common/aiinit,recon/game/common/aiinit.cpp,AI_TrafficCleanUp__Fv,main,xdef,0,
REAL0_RELOC_ONLY,0,0,18,39,4,,,game/common/aiinit,recon/game/common/aiinit.cpp,AI_TrafficStartUp__Fv,main,xdef,0,
REAL0_CLEAN,0,0,0,6,4,,,game/common/ailife,recon/game/common/ailife.cpp,AILife_Debug__FPce,main,xdef,0,
REAL0_RELOC_ONLY,0,0,2,25,4,,,game/common/ailife,recon/game/common/ailife.cpp,AILife_EvaluateLife__FP8Car_tObj,main,xdef,0,
REAL0_RELOC_ONLY,0,0,1,8,4,,,game/common/ailife,recon/game/common/ailife.cpp,AILife_IsCarInAnyVisibleArea__FP8Car_tObj,main,xdef,0,
REAL0_RELOC_ONLY,0,0,5,43,4,,,game/common/ailife,recon/game/common/ailife.cpp,AILife_IsCoordInThisLiveArea__FP8coorddefP8Car_tObj,main,xdef,0,
REAL0_RELOC_ONLY,0,0,1,25,4,,,game/common/ailife,recon/game/common/ailife.cpp,AILife_IsCoordInThisVisibleArea__FP8coorddefP8Car_tObj,main,xdef,0,
REAL0_RELOC_ONLY,0,0,8,33,4,,,game/common/ailife,recon/game/common/ailife.cpp,AILife_IsPositionInAnyVisibleArea__FP8coorddef,main,xdef,0,
REAL0_RELOC_ONLY,0,0,7,40,4,,,game/common/ailife,recon/game/common/ailife.cpp,AILife_IsSliceCloseToAnyCopCar__Fi,main,xdef,0,
REAL0_RELOC_ONLY,0,0,7,40,4,,,game/common/ailife,recon/game/common/ailife.cpp,AILife_IsSliceInAnyVisibleArea__Fi,main,xdef,0,
REAL0_RELOC_ONLY,0,0,8,33,4,,,game/common/ailife,recon/game/common/ailife.cpp,AILife_IsTrafficCarInAnyLiveArea__FP8Car_tObj,main,xdef,0,
REAL0_RELOC_ONLY,0,0,32,129,4,,,game/common/ailife,recon/game/common/ailife.cpp,AILife_PlaceCarAtLocation__FP8Car_tObji,main,xdef,0,
REAL0_RELOC_ONLY,0,0,1,15,4,,,game/common/ailife,recon/game/common/ailife.cpp,AILife_PlaceCarAtLocation__FP8Car_tObjiiiii,main,xdef,0,
REAL0_RELOC_ONLY,0,0,23,77,4,,,game/common/ailife,recon/game/common/ailife.cpp,AILife_RCPickDesiredLatPosition__FP8Car_tObj,main,xdef,0,
REAL0_RELOC_ONLY,0,0,60,270,4,,,game/common/ailife,recon/game/common/ailife.cpp,AILife_RCPickSliceAndDirection__FP8Car_tObj,main,xdef,0,
REAL0_RELOC_ONLY,0,0,1,12,4,,,game/common/ailife,recon/game/common/ailife.cpp,AILife_RCSetSpeeds__FP8Car_tObj,main,xdef,0,
REAL0_RELOC_ONLY,0,0,14,97,4,,,game/common/ailife,recon/game/common/ailife.cpp,AILife_ReencarnateCopByLatPosAndRotation__FP8Car_tObjiiii,main,xdef,0,
REAL0_RELOC_ONLY,0,0,12,108,4,,,game/common/ailife,recon/game/common/ailife.cpp,AILife_ReencarnateCopByPosition__FP8Car_tObjiiP8coorddefP10matrixtdef,main,xdef,0,
REAL0_RELOC_ONLY,0,0,18,97,4,,,game/common/ailife,recon/game/common/ailife.cpp,AILife_ReencarnateCopBySlice__FP8Car_tObjiiii,main,xdef,0,
REAL0_RELOC_ONLY,0,0,20,131,4,,,game/common/ailife,recon/game/common/ailife.cpp,AILife_ReencarnateTrafficByPosition__FP8Car_tObjiiP8coorddefP10matrixtdef,main,xdef,0,
REAL0_RELOC_ONLY,0,0,15,44,4,,,game/common/ailife,recon/game/common/ailife.cpp,AILife_ReencarnateTraffic__FP8Car_tObj,main,xdef,0,
REAL0_RELOC_ONLY,0,0,2,21,4,,,game/common/ailife,recon/game/common/ailife.cpp,AILife_SetInitialSlicePositionOrientationEtc__FP8Car_tObj,main,xdef,0,
REAL0_CLEAN,0,0,0,2,4,,,game/common/aiperson,recon/game/common/aiperson.cpp,AIPerson_Cleanup__Fv,main,xdef,0,
REAL0_RELOC_ONLY,0,0,17,67,4,,,game/common/aiperson,recon/game/common/aiperson.cpp,AIPerson_LoadGlue__FP10Udff_tInfo,main,xdef,0,
REAL0_RELOC_ONLY,0,0,6,19,4,,,game/common/aiperson,recon/game/common/aiperson.cpp,AIPerson_LoadGridAndSetPersonalityIndexes__Fv,main,xdef,0,
REAL0_RELOC_ONLY,0,0,56,209,4,,,game/common/aiperson,recon/game/common/aiperson.cpp,AIPerson_LoadPersonalityData__FP10Udff_tInfo,main,xdef,0,
REAL0_RELOC_ONLY,0,0,7,55,4,,,game/common/aiperson,recon/game/common/aiperson.cpp,AIPerson_LoadScriptData__FP10Udff_tInfo,main,xdef,0,
REAL0_RELOC_ONLY,0,0,6,25,4,,,game/common/aiperson,recon/game/common/aiperson.cpp,AIPerson_SetPersonalityPointers__Fv,main,xdef,0,
REAL0_RELOC_ONLY,0,0,8,50,4,,,game/common/aiperson,recon/game/common/aiperson.cpp,AIPerson_SetPersonality__FP8Car_tObji,main,xdef,0,
REAL0_RELOC_ONLY,0,0,45,105,4,,,game/common/aiperson,recon/game/common/aiperson.cpp,AIPerson_Startup__Fv,main,xdef,0,
REAL0_CLEAN,0,0,0,19,4,,,game/common/aiphysic,recon/game/common/aiphysic.cpp,AIPhysic_CalcDeceleration__FP8Car_tObj,main,xdef,0,
REAL0_RELOC_ONLY,0,0,7,65,4,,,game/common/aiphysic,recon/game/common/aiphysic.cpp,AIPhysic_CalculateGear__FP8Car_tObj,main,xdef,0,
REAL0_RELOC_ONLY,0,0,5,66,4,,,game/common/aiphysic,recon/game/common/aiphysic.cpp,AIPhysic_CalculateRampedDesiredLatPos__FP8Car_tObj9eRampType,main,xdef,0,
REAL0_RELOC_ONLY,0,0,4,72,4,,,game/common/aiphysic,recon/game/common/aiphysic.cpp,AIPhysic_CalculateRoadPosition__FP8coorddefi,main,xdef,0,
REAL0_RELOC_ONLY,0,0,4,46,4,,,game/common/aiphysic,recon/game/common/aiphysic.cpp,AIPhysic_ChangeDirection__FP8Car_tObji,main,xdef,0,
REAL0_RELOC_ONLY,0,0,3,54,4,,,game/common/aiphysic,recon/game/common/aiphysic.cpp,AIPhysic_CheckForBadPosition__FP8Car_tObj,main,xdef,0,
REAL0_RELOC_ONLY,0,0,17,101,4,,,game/common/aiphysic,recon/game/common/aiphysic.cpp,AIPhysic_CheckForGripReduction__FP8Car_tObj,main,xdef,0,
REAL0_RELOC_ONLY,0,0,9,104,4,,,game/common/aiphysic,recon/game/common/aiphysic.cpp,AIPhysic_CheckIfOutOfControl__FP8Car_tObj,main,xdef,0,
REAL0_CLEAN,0,0,0,2,4,,,game/common/aiphysic,recon/game/common/aiphysic.cpp,AIPhysic_CleanUp__Fv,main,xdef,0,
REAL0_RELOC_ONLY,0,0,9,45,4,,,game/common/aiphysic,recon/game/common/aiphysic.cpp,AIPhysic_CoolPhysics__FP8Car_tObj,main,xdef,0,
REAL0_RELOC_ONLY,0,0,1,20,4,,,game/common/aiphysic,recon/game/common/aiphysic.cpp,AIPhysic_DeInitCar__FP8Car_tObj,main,xdef,0,
REAL0_RELOC_ONLY,0,0,41,251,4,,,game/common/aiphysic,recon/game/common/aiphysic.cpp,AIPhysic_FinishUp__FP8Car_tObj,main,xdef,0,
REAL0_CLEAN,0,0,0,10,4,,,game/common/aiphysic,recon/game/common/aiphysic.cpp,AIPhysic_GearBottomSpeed__FP8Car_tObj6Gear_t,main,xdef,0,
REAL0_RELOC_ONLY,0,0,1,10,4,,,game/common/aiphysic,recon/game/common/aiphysic.cpp,AIPhysic_GearInvSpeedRange__FP8Car_tObj6Gear_t,main,xdef,0,
REAL0_RELOC_ONLY,0,0,1,10,4,,,game/common/aiphysic,recon/game/common/aiphysic.cpp,AIPhysic_GearTopSpeed__FP8Car_tObj6Gear_t,main,xdef,0,
REAL0_RELOC_ONLY,0,0,38,378,4,,,game/common/aiphysic,recon/game/common/aiphysic.cpp,AIPhysic_GetDesiredVector__FP8Car_tObj,main,xdef,0,
REAL0_RELOC_ONLY,0,0,1,22,4,,,game/common/aiphysic,recon/game/common/aiphysic.cpp,AIPhysic_GetRearEndDamageFactor__FP8Car_tObj,main,xdef,0,
REAL0_RELOC_ONLY,0,0,7,58,4,,,game/common/aiphysic,recon/game/common/aiphysic.cpp,AIPhysic_HandleDirection__FP8Car_tObj,main,xdef,0,
REAL0_RELOC_ONLY,0,0,6,90,4,,,game/common/aiphysic,recon/game/common/aiphysic.cpp,AIPhysic_HandleShifting__FP8Car_tObj,main,xdef,0,
REAL0_CLEAN,0,0,0,29,4,,,game/common/aiphysic,recon/game/common/aiphysic.cpp,AIPhysic_HandleSignalling__FP8Car_tObj,main,xdef,0,
REAL0_RELOC_ONLY,0,0,10,37,4,,,game/common/aiphysic,recon/game/common/aiphysic.cpp,AIPhysic_HandleWipeoutTimer__FP8Car_tObj,main,xdef,0,
REAL0_RELOC_ONLY,0,0,4,44,4,,,game/common/aiphysic,recon/game/common/aiphysic.cpp,AIPhysic_HitWallCheck__FP8Car_tObj,main,xdef,0,
REAL0_RELOC_ONLY,0,0,51,557,4,,,game/common/aiphysic,recon/game/common/aiphysic.cpp,AIPhysic_InControlPhysics__FP8Car_tObj,main,xdef,0,
REAL0_RELOC_ONLY,0,0,6,93,4,,,game/common/aiphysic,recon/game/common/aiphysic.cpp,AIPhysic_InitCar__FP8Car_tObj,main,xdef,0,
REAL0_RELOC_ONLY,0,0,31,164,4,,,game/common/aiphysic,recon/game/common/aiphysic.cpp,AIPhysic_Main__FP8Car_tObj,main,xdef,0,
REAL0_RELOC_ONLY,0,0,1,22,4,,,game/common/aiphysic,recon/game/common/aiphysic.cpp,AIPhysic_ModifyAccelerationAccordingToScript__FP8Car_tObji,main,xdef,0,
REAL0_RELOC_ONLY,0,0,23,154,4,,,game/common/aiphysic,recon/game/common/aiphysic.cpp,AIPhysic_Preperation__FP8Car_tObj,main,xdef,0,
REAL0_RELOC_ONLY,0,0,1,21,4,,,game/common/aiphysic,recon/game/common/aiphysic.cpp,AIPhysic_ProcessBarrierCollision__FP8Car_tObj,main,xdef,0,
REAL0_RELOC_ONLY,0,0,1,31,4,,,game/common/aiphysic,recon/game/common/aiphysic.cpp,AIPhysic_ProcessCollision__FP8Car_tObj,main,xdef,0,
REAL0_CLEAN,0,0,0,3,4,,,game/common/aiphysic,recon/game/common/aiphysic.cpp,AIPhysic_ResetCar__FP8Car_tObj,main,xdef,0,
REAL0_CLEAN,0,0,0,2,4,,,game/common/aiphysic,recon/game/common/aiphysic.cpp,AIPhysic_Reset__Fv,main,xdef,0,
REAL0_RELOC_ONLY,0,0,1,52,4,,,game/common/aiphysic,recon/game/common/aiphysic.cpp,AIPhysic_RevEngine__FP8Car_tObj,main,xdef,0,
REAL0_RELOC_ONLY,0,0,5,73,4,,,game/common/aiphysic,recon/game/common/aiphysic.cpp,AIPhysic_SimplePhysics_LatVel__FP8Car_tObj,main,xdef,0,
REAL0_RELOC_ONLY,0,0,21,214,4,,,game/common/aiphysic,recon/game/common/aiphysic.cpp,AIPhysic_SimplePhysics_LongVel__FP8Car_tObj,main,xdef,0,
REAL0_RELOC_ONLY,0,0,24,219,4,,,game/common/aiphysic,recon/game/common/aiphysic.cpp,AIPhysic_SimplePhysics__FP8Car_tObj,main,xdef,0,
REAL0_CLEAN,0,0,0,2,4,,,game/common/aiphysic,recon/game/common/aiphysic.cpp,AIPhysic_StartUp__Fv,main,xdef,0,
REAL0_CLEAN,0,0,0,49,4,,,game/common/aiphysic,recon/game/common/aiphysic.cpp,AIPhysic_StopCar__FP8Car_tObjii,main,xdef,0,
REAL0_CLEAN,0,0,0,15,4,,,game/common/aiphysic,recon/game/common/aiphysic.cpp,AIPhysic_TargetedGetDesiredVector__FP8Car_tObj,main,xdef,0,
REAL0_CLEAN,0,0,0,17,4,,,game/common/aiphysic,recon/game/common/aiphysic.cpp,AIPhysics_UseCoolPhysics__FP8Car_tObj,main,xdef,0,
REAL0_CLEAN,0,0,0,2,4,,,game/common/aiscript,recon/game/common/aiscript.cpp,AIScript_Assign__FP10AIScript_tPA7_25AIScript_tReactionDetails,main,xdef,0,
REAL0_CLEAN,0,0,0,2,4,,,game/common/aiscript,recon/game/common/aiscript.cpp,AIScript_Cleanup__Fv,main,xdef,0,
REAL0_CLEAN,0,0,0,9,4,,,game/common/aiscript,recon/game/common/aiscript.cpp,AIScript_ClearLastReactionIndex__FP10AIScript_t,main,xdef,0,
REAL0_CLEAN,0,0,0,12,4,,,game/common/aiscript,recon/game/common/aiscript.cpp,AIScript_DoReAction__FP10AIScript_t20AIScript_tAIReaction,main,xdef,0,
REAL0_CLEAN,0,0,0,7,4,,,game/common/aiscript,recon/game/common/aiscript.cpp,AIScript_GetReactionTicksLeft__FP10AIScript_t,main,xdef,0,
REAL0_RELOC_ONLY,0,0,1,90,4,,,game/common/aiscript,recon/game/common/aiscript.cpp,AIScript_ProcessActionsAndReactions__FP10AIScript_ti,main,xdef,0,
REAL0_RELOC_ONLY,0,0,1,15,4,,,game/common/aiscript,recon/game/common/aiscript.cpp,AIScript_Startup__FP10AIScript_t,main,xdef,0,
REAL0_RELOC_ONLY,0,0,1,34,4,,,game/common/aiscript,recon/game/common/aiscript.cpp,AIScript_SubmitPlayerAction__FP10AIScript_ti20AIScript_tPlayActioni,main,xdef,0,
REAL0_RELOC_ONLY,0,0,12,111,4,,,game/common/aispeeds,recon/game/common/aispeeds.cpp,AISpeeds_BTCGetGlueFactor__FP8Car_tObj,main,xdef,0,
REAL0_RELOC_ONLY,0,0,3,50,4,,,game/common/aispeeds,recon/game/common/aispeeds.cpp,AISpeeds_CalcCopTopSpeed__FP8Car_tObj,main,xdef,0,
REAL0_RELOC_ONLY,0,0,7,41,4,,,game/common/aispeeds,recon/game/common/aispeeds.cpp,AISpeeds_CalcDesiredSpeed__FP8Car_tObj,main,xdef,0,
REAL0_RELOC_ONLY,0,0,46,183,4,,,game/common/aispeeds,recon/game/common/aispeeds.cpp,AISpeeds_CalcHumanCurveSpeed__FP8Car_tObj,main,xdef,0,
REAL0_RELOC_ONLY,0,0,1,8,4,,,game/common/aispeeds,recon/game/common/aispeeds.cpp,AISpeeds_CalcHumanTopSpeed__FP8Car_tObj,main,xdef,0,
REAL0_RELOC_ONLY,0,0,15,90,4,,,game/common/aispeeds,recon/game/common/aispeeds.cpp,AISpeeds_CalcOpponentCurveSpeed__FP8Car_tObj,main,xdef,0,
REAL0_RELOC_ONLY,0,0,19,104,4,,,game/common/aispeeds,recon/game/common/aispeeds.cpp,AISpeeds_CalcTrafficTopSpeed__FP8Car_tObj,main,xdef,0,
REAL0_RELOC_ONLY,0,0,4,42,4,,,game/common/aispeeds,recon/game/common/aispeeds.cpp,AISpeeds_CalculateOncomingCarSpeed__FP8Car_tObj,main,xdef,0,
REAL0_RELOC_ONLY,0,0,3,11,4,,,game/common/aispeeds,recon/game/common/aispeeds.cpp,AISpeeds_CleanUp__Fv,main,xdef,0,
REAL0_RELOC_ONLY,0,0,44,239,4,,,game/common/aispeeds,recon/game/common/aispeeds.cpp,AISpeeds_GetCaravanFactor__FP8Car_tObj,main,xdef,0,
REAL0_RELOC_ONLY,0,0,9,70,4,,,game/common/aispeeds,recon/game/common/aispeeds.cpp,AISpeeds_GetDamageFactor__FP8Car_tObj,main,xdef,0,
REAL0_RELOC_ONLY,0,0,20,131,4,,,game/common/aispeeds,recon/game/common/aispeeds.cpp,AISpeeds_GetGlueFactor__FP8Car_tObj,main,xdef,0,
REAL0_RELOC_ONLY,0,0,4,17,4,,,game/common/aispeeds,recon/game/common/aispeeds.cpp,AISpeeds_GetLegalSpeed__Fi,main,xdef,0,
REAL0_CLEAN,0,0,0,3,4,,,game/common/aispeeds,recon/game/common/aispeeds.cpp,AISpeeds_GetNextAICar__FP8Car_tObj,main,xdef,0,
REAL0_RELOC_ONLY,0,0,4,27,4,,,game/common/aispeeds,recon/game/common/aispeeds.cpp,AISpeeds_GetPrevAICar__FP8Car_tObj,main,xdef,0,
REAL0_RELOC_ONLY,0,0,3,26,4,,,game/common/aispeeds,recon/game/common/aispeeds.cpp,AISpeeds_GetScriptFactor__FP8Car_tObj,main,xdef,0,
REAL0_RELOC_ONLY,0,0,11,47,4,,,game/common/aispeeds,recon/game/common/aispeeds.cpp,AISpeeds_GetUpgradeAccMult__Fi,main,xdef,0,
REAL0_RELOC_ONLY,0,0,11,47,4,,,game/common/aispeeds,recon/game/common/aispeeds.cpp,AISpeeds_GetUpgradeBrakeMult__Fi,main,xdef,0,
REAL0_RELOC_ONLY,0,0,11,47,4,,,game/common/aispeeds,recon/game/common/aispeeds.cpp,AISpeeds_GetUpgradeHandlingMult__Fi,main,xdef,0,
REAL0_RELOC_ONLY,0,0,11,47,4,,,game/common/aispeeds,recon/game/common/aispeeds.cpp,AISpeeds_GetUpgradeTopSpeedMult__Fi,main,xdef,0,
REAL0_RELOC_ONLY,0,0,6,61,4,,,game/common/aispeeds,recon/game/common/aispeeds.cpp,AISpeeds_LimitGlueMultiplier__FP8Car_tObji,main,xdef,0,
REAL0_RELOC_ONLY,0,0,10,64,4,,,game/common/aispeeds,recon/game/common/aispeeds.cpp,AISpeeds_MaintainLeaderBoard__Fv,main,xdef,0,
REAL0_CLEAN,0,0,0,41,4,,,game/common/aispeeds,recon/game/common/aispeeds.cpp,AISpeeds_NeedToSlowDownForCurve__FP8Car_tObjiii,main,xdef,0,
REAL0_RELOC_ONLY,0,0,1,35,4,,,game/common/aispeeds,recon/game/common/aispeeds.cpp,AISpeeds_RandomizeTrafficSpeed__FP8Car_tObji,main,xdef,0,
REAL0_RELOC_ONLY,0,0,50,161,4,,,game/common/aispeeds,recon/game/common/aispeeds.cpp,AISpeeds_ReadTuningInfo__Fv,main,xdef,0,
REAL0_RELOC_ONLY,0,0,10,31,4,,,game/common/aispeeds,recon/game/common/aispeeds.cpp,AISpeeds_SetTrafficSpeedRandomFactor__FP8Car_tObj,main,xdef,0,
REAL0_RELOC_ONLY,0,0,5,14,4,,,game/common/aispeeds,recon/game/common/aispeeds.cpp,AISpeeds_StartUp__Fv,main,xdef,0,
REAL0_RELOC_ONLY,0,0,10,39,4,,,game/common/aispeeds,recon/game/common/aispeeds.cpp,AISpeeds_SuperDuperSpeedUpTheCarsAtTheStartBecauseWeCannotActuallyHandleRenderingTheseCars__FP8Car_tObj,main,xdef,0,
REAL0_CLEAN,0,0,0,2,4,,,game/common/aistate,recon/game/common/aistate.cpp,AIState_CleanUp__Fv,main,xdef,0,
REAL0_RELOC_ONLY,0,0,1,8,4,,,game/common/aistate,recon/game/common/aistate.cpp,AIState_Restart__Fv,main,xdef,0,
REAL0_RELOC_ONLY,0,0,1,8,4,,,game/common/aistate,recon/game/common/aistate.cpp,AIState_StartUp__Fv,main,xdef,0,
REAL0_RELOC_ONLY,0,0,14,195,4,,,game/common/aistate,recon/game/common/aistate.cpp,ApproachTargeting__13AIState_Chasei,main,xdef,0,
REAL0_RELOC_ONLY,0,0,3,35,4,,,game/common/aistate,recon/game/common/aistate.cpp,CalculateCloseTargettingAheadSlowDownFactor__13AIState_Chase,main,xdef,0,
REAL0_RELOC_ONLY,0,0,11,84,4,,,game/common/aistate,recon/game/common/aistate.cpp,CheckForBarriersAndTargetAroundThem__13AIState_Chase,main,xdef,0,
REAL0_RELOC_ONLY,0,0,8,83,4,,,game/common/aistate,recon/game/common/aistate.cpp,DoNitrous__13AIState_Chasei,main,xdef,0,
REAL0_CLEAN,0,0,0,7,4,,,game/common/aistate,recon/game/common/aistate.cpp,DoSlowNitrous__13AIState_Chase,main,xdef,0,
REAL0_RELOC_ONLY,0,0,3,47,4,,,game/common/aistate,recon/game/common/aistate.cpp,Execute__12AIState_Idle,main,xdef,0,
REAL0_RELOC_ONLY,0,0,12,93,4,,,game/common/aistate,recon/game/common/aistate.cpp,Execute__13AIState_Chase,main,xdef,0,
REAL0_RELOC_ONLY,0,0,10,53,4,,,game/common/aistate,recon/game/common/aistate.cpp,Execute__14AIState_Cruise,main,xdef,0,
REAL0_RELOC_ONLY,0,0,32,319,4,,,game/common/aistate,recon/game/common/aistate.cpp,Execute__14AIState_Donuts,main,xdef,0,
REAL0_RELOC_ONLY,0,0,4,20,4,,,game/common/aistate,recon/game/common/aistate.cpp,Execute__14AIState_Normal,main,xdef,0,
REAL0_RELOC_ONLY,0,0,7,107,4,,,game/common/aistate,recon/game/common/aistate.cpp,Execute__15AIState_Offroad,main,xdef,0,
REAL0_RELOC_ONLY,0,0,7,70,4,,,game/common/aistate,recon/game/common/aistate.cpp,Execute__17AIState_GotoSlice,main,xdef,0,
REAL0_CLEAN,0,0,0,2,4,,,game/common/aistate,recon/game/common/aistate.cpp,Execute__17AIState_NonActive_80072750,main,xdef,0,
REAL0_RELOC_ONLY,0,0,4,26,4,,,game/common/aistate,recon/game/common/aistate.cpp,Execute__17AIState_Purgatory,main,xdef,0,
REAL0_RELOC_ONLY,0,0,18,233,4,,,game/common/aistate,recon/game/common/aistate.cpp,Execute__21AIState_RovingTraffic,main,xdef,0,
REAL0_RELOC_ONLY,0,0,9,43,4,,,game/common/aistate,recon/game/common/aistate.cpp,FarTargeting__13AIState_Chase,main,xdef,0,
REAL0_RELOC_ONLY,0,0,36,230,4,,,game/common/aistate,recon/game/common/aistate.cpp,FindBarrierEndSlice__13AIState_Chase,main,xdef,0,
REAL0_RELOC_ONLY,0,0,1,17,4,,,game/common/aistate,recon/game/common/aistate.cpp,InTargetSliceRange__17AIState_GotoSlicei,main,xdef,0,
REAL0_CLEAN,0,0,0,3,4,,,game/common/aistate,recon/game/common/aistate.cpp,SetIdlePosition__12AIState_Idlei,main,xdef,0,
REAL0_RELOC_ONLY,0,0,2,11,4,,,game/common/aistate,recon/game/common/aistate.cpp,SetMurderMode__13AIState_Chaseii,main,xdef,0,
REAL0_RELOC_ONLY,0,0,2,56,4,,,game/common/aistate,recon/game/common/aistate.cpp,SetTarget__13AIState_ChaseP8Car_tObjP8coorddef,main,xdef,0,
REAL0_RELOC_ONLY,0,0,6,87,4,,,game/common/aistate,recon/game/common/aistate.cpp,SetUp__13AIState_Chase,main,xdef,0,
REAL0_RELOC_ONLY,0,0,1,3,4,,,game/common/aistate,recon/game/common/aistate.cpp,StartUp__17AIState_Purgatory,main,xdef,0,
REAL0_RELOC_ONLY,0,0,3,34,4,,,game/common/aistate,recon/game/common/aistate.cpp,StateExecute__12AIState_Base,main,xdef,0,
REAL0_CLEAN,0,0,0,2,4,,,game/common/aistate,recon/game/common/aistate.cpp,TestForRelease__12AIState_Base_80072830,main,xdef,0,
REAL0_RELOC_ONLY,0,0,7,31,4,,,game/common/aistate,recon/game/common/aistate.cpp,TestForRelease__17AIState_Purgatory,main,xdef,0,
REAL0_CLEAN,0,0,0,6,4,,,game/common/aistate,recon/game/common/aistate.cpp,TestForRelease__21AIState_RovingTraffic,main,xdef,0,
REAL0_RELOC_ONLY,0,0,2,30,4,,,game/common/aistate,recon/game/common/aistate.cpp,UnleashIfInRange__15AIState_OffroadP8Car_tObj,main,xdef,0,
REAL0_RELOC_ONLY,0,0,2,6,4,,,game/common/aistate,recon/game/common/aistate.cpp,__12AIState_BaseP8Car_tObj,main,xdef,0,
REAL0_RELOC_ONLY,0,0,7,66,4,,,game/common/aistate,recon/game/common/aistate.cpp,__13AIState_ChaseP8Car_tObjT1P8coorddefiiiii,main,xdef,0,
REAL0_RELOC_ONLY,0,0,4,27,4,,,game/common/aistate,recon/game/common/aistate.cpp,__14AIState_CruiseP8Car_tObj12cruiseMode_ti,main,xdef,0,
REAL0_RELOC_ONLY,0,0,3,22,4,,,game/common/aistate,recon/game/common/aistate.cpp,__14AIState_NormalP8Car_tObj,main,xdef,0,
REAL0_RELOC_ONLY,0,0,5,82,4,,,game/common/aistate,recon/game/common/aistate.cpp,__15AIState_OffroadP8Car_tObjiP8coorddefP10matrixtdefiii,main,xdef,0,
REAL0_RELOC_ONLY,0,0,3,21,4,,,game/common/aistate,recon/game/common/aistate.cpp,__17AIState_GotoSliceP8Car_tObjii,main,xdef,0,
REAL0_RELOC_ONLY,0,0,29,108,4,,,game/common/aistate,recon/game/common/aistate.cpp,__17AIState_PurgatoryP8Car_tObj,main,xdef,0,
REAL0_RELOC_ONLY,0,0,3,26,4,,,game/common/aistate,recon/game/common/aistate.cpp,__21AIState_RovingTrafficP8Car_tObjP9trigger_t,main,xdef,0,
REAL0_RELOC_ONLY,0,0,3,13,4,,,game/common/aistate,recon/game/common/aistate.cpp,___12AIState_Base_80072838,main,xdef,0,
REAL0_RELOC_ONLY,0,0,5,22,4,,,game/common/aistate,recon/game/common/aistate.cpp,___12AIState_Idle,main,xdef,0,
REAL0_RELOC_ONLY,0,0,5,34,4,,,game/common/aistate,recon/game/common/aistate.cpp,___13AIState_Chase,main,xdef,0,
REAL0_RELOC_ONLY,0,0,3,13,4,,,game/common/aistate,recon/game/common/aistate.cpp,___14AIState_Cruise,main,xdef,0,
REAL0_RELOC_ONLY,0,0,5,25,4,,,game/common/aistate,recon/game/common/aistate.cpp,___14AIState_Donuts,main,xdef,0,
REAL0_RELOC_ONLY,0,0,3,13,4,,,game/common/aistate,recon/game/common/aistate.cpp,___14AIState_Normal,main,xdef,0,
REAL0_RELOC_ONLY,0,0,5,29,4,,,game/common/aistate,recon/game/common/aistate.cpp,___15AIState_Offroad,main,xdef,0,
REAL0_RELOC_ONLY,0,0,3,13,4,,,game/common/aistate,recon/game/common/aistate.cpp,___17AIState_GotoSlice,main,xdef,0,
REAL0_RELOC_ONLY,0,0,5,19,4,,,game/common/aistate,recon/game/common/aistate.cpp,___17AIState_NonActive_80072758,main,xdef,0,
SHIM_MASKED,1,2,15,72,4,,PER_FN_TEXT_MOVES,game/common/aistate,recon/game/common/aistate.cpp,___17AIState_Purgatory,main,xdef,0,
REAL0_RELOC_ONLY,0,0,5,29,4,,,game/common/aistate,recon/game/common/aistate.cpp,___21AIState_RovingTraffic,main,xdef,0,
REAL0_CLEAN,0,0,0,6,4,,,game/common/aitriger,recon/game/common/aitriger.cpp,AITrigger_Compare__FPCvT0,main,xdef,0,
REAL0_RELOC_ONLY,0,0,1,52,4,,,game/common/aitriger,recon/game/common/aitriger.cpp,CheckForClosestTriggerOfType__24AITrigger_TriggerManageri11triggerTypei,main,xdef,0,
REAL0_RELOC_ONLY,0,0,5,109,4,,,game/common/aitriger,recon/game/common/aitriger.cpp,CheckForTriggerAtSlice__24AITrigger_TriggerManagerii,main,xdef,0,
REAL0_CLEAN,0,0,0,2,4,,,game/common/aitriger,recon/game/common/aitriger.cpp,DescribeTrigger__24AITrigger_TriggerManagerP9trigger_t,main,xdef,0,
REAL0_CLEAN,0,0,0,28,4,,,game/common/aitriger,recon/game/common/aitriger.cpp,GetNextTrigger__24AITrigger_TriggerManageri,main,xdef,0,
REAL0_CLEAN,0,0,0,28,4,,,game/common/aitriger,recon/game/common/aitriger.cpp,GetPrevTrigger__24AITrigger_TriggerManageri,main,xdef,0,
REAL0_RELOC_ONLY,0,0,5,26,4,,,game/common/aitriger,recon/game/common/aitriger.cpp,GetTrigger__24AITrigger_TriggerManageriPi,main,xdef,0,
REAL0_RELOC_ONLY,0,0,3,55,4,,,game/common/aitriger,recon/game/common/aitriger.cpp,Init__24AITrigger_TriggerManagerPc,main,xdef,0,
REAL0_RELOC_ONLY,0,0,5,63,4,,,game/common/aitriger,recon/game/common/aitriger.cpp,InsertTrigger__24AITrigger_TriggerManagerP9trigger_tb,main,xdef,0,
REAL0_RELOC_ONLY,0,0,3,14,4,,,game/common/aitriger,recon/game/common/aitriger.cpp,Sort__24AITrigger_TriggerManager,main,xdef,0,
REAL0_CLEAN,0,0,0,2,4,,,game/common/aitune,recon/game/common/aitune.cpp,AITune_CleanUp1__Fv,main,xdef,0,
REAL0_CLEAN,0,0,0,2,4,,,game/common/aitune,recon/game/common/aitune.cpp,AITune_CleanUp2__Fv,main,xdef,0,
REAL0_RELOC_ONLY,0,0,4,16,4,,,game/common/aitune,recon/game/common/aitune.cpp,AITune_GetDriveSide__Fv,main,xdef,0,
REAL0_RELOC_ONLY,0,0,6,22,4,,,game/common/aitune,recon/game/common/aitune.cpp,AITune_GetOneWay__Fv,main,xdef,0,
REAL0_RELOC_ONLY,0,0,4,16,4,,,game/common/aitune,recon/game/common/aitune.cpp,AITune_GetRoughLapTimes__Fv,main,xdef,0,
REAL0_RELOC_ONLY,0,0,6,14,4,,,game/common/aitune,recon/game/common/aitune.cpp,AITune_StartUp1__Fv,main,xdef,0,
REAL0_CLEAN,0,0,0,2,4,,,game/common/aitune,recon/game/common/aitune.cpp,AITune_StartUp2__Fv,main,xdef,0,
REAL0_RELOC_ONLY,0,0,2,14,4,,,game/common/anim,recon/game/common/anim.cpp,Anim_DeInitSystem__Fv,main,xdef,0,
REAL0_RELOC_ONLY,0,0,7,32,4,,,game/common/anim,recon/game/common/anim.cpp,Anim_FreeHandle__Fi,main,xdef,0,
REAL0_RELOC_ONLY,0,0,2,7,4,,,game/common/anim,recon/game/common/anim.cpp,Anim_GetAnim__Fi,main,xdef,0,
REAL0_RELOC_ONLY,0,0,3,38,4,,,game/common/anim,recon/game/common/anim.cpp,Anim_GetLastAnimPosRot__FiiP8coorddefP10matrixtdef,main,xdef,0,
REAL0_RELOC_ONLY,0,0,1,30,4,,,game/common/anim,recon/game/common/anim.cpp,Anim_GetLastRotPos__FP15Trk_AnimateInstP8coorddefP10matrixtdef,main,xdef,0,
REAL0_RELOC_ONLY,0,0,2,141,4,,,game/common/anim,recon/game/common/anim.cpp,Anim_GetPos__FP15Trk_AnimateInstiiP8coorddefPiT4,main,xdef,0,
REAL0_RELOC_ONLY,0,0,3,133,4,,,game/common/anim,recon/game/common/anim.cpp,Anim_GetRotPos__FP15Trk_AnimateInstiiP8coorddefP10matrixtdef,main,xdef,0,
REAL0_RELOC_ONLY,0,0,4,33,4,,,game/common/anim,recon/game/common/anim.cpp,Anim_Handle__Fi,main,xdef,0,
REAL0_RELOC_ONLY,0,0,27,101,4,,,game/common/anim,recon/game/common/anim.cpp,Anim_InitSystem__FPc,main,xdef,0,
REAL0_RELOC_ONLY,0,0,6,34,4,,,game/common/anim,recon/game/common/anim.cpp,Anim_Restart__Fv,main,xdef,0,
REAL0_RELOC_ONLY,0,0,3,47,4,,,game/common/anim,recon/game/common/anim.cpp,GetAnimFrameInfo__10AnimScriptPiT1,main,xdef,0,
REAL0_CLEAN,0,0,0,5,4,,,game/common/anim,recon/game/common/anim.cpp,GetStatus__10AnimScript,main,xdef,0,
REAL0_RELOC_ONLY,0,0,1,11,4,,,game/common/anim,recon/game/common/anim.cpp,GetTimedAnimPosRot__10AnimScriptP8coorddefP10matrixtdef,main,xdef,0,
REAL0_RELOC_ONLY,0,0,5,62,4,,,game/common/anim,recon/game/common/anim.cpp,GetTimedAnimPosRot__10AnimScriptiP8coorddefP10matrixtdef,main,xdef,0,
REAL0_CLEAN,0,0,0,2,4,,,game/common/anim,recon/game/common/anim.cpp,SetAnimAttrib__10AnimScripti,main,xdef,0,
REAL0_RELOC_ONLY,0,0,3,51,4,,,game/common/anim,recon/game/common/anim.cpp,__10AnimScriptP5Groupiii,main,xdef,0,
REAL0_RELOC_ONLY,0,0,5,27,4,,,game/common/anim,recon/game/common/anim.cpp,__10AnimScripti,main,xdef,0,
REAL0_RELOC_ONLY,0,0,5,39,4,,,game/common/anim,recon/game/common/anim.cpp,__10AnimScriptii,main,xdef,0,
REAL0_RELOC_ONLY,0,0,8,21,4,,,game/common/audedit,recon/game/common/audedit.cpp,AudList_LoadAudioFile__Fi,main,xdef,0,
REAL0_RELOC_ONLY,0,0,2,10,4,,,game/common/audedit,recon/game/common/audedit.cpp,AudList_PurgeAudio__Fv,main,xdef,0,
REAL0_RELOC_ONLY,0,0,3,90,4,,,game/common/audioclc,recon/game/common/audioclc.cpp,AudioClc_CalcAzimuth__FP17DRender_tCalcViewP8coorddef,main,xdef,0,
REAL0_CLEAN,0,0,0,53,4,,,game/common/audioclc,recon/game/common/audioclc.cpp,AudioClc_CalcCarDirection__FP17DRender_tCalcViewP8Car_tObj,main,xdef,0,
REAL0_RELOC_ONLY,0,0,1,34,4,,,game/common/audioclc,recon/game/common/audioclc.cpp,AudioClc_CalcDistance__FP17DRender_tCalcViewP8coorddef,main,xdef,0,
REAL0_RELOC_ONLY,0,0,6,115,4,,,game/common/audioclc,recon/game/common/audioclc.cpp,AudioClc_CalcDopplerShiftRatio__FP8coorddefT0,main,xdef,0,
REAL0_RELOC_ONLY,0,0,3,78,4,,,game/common/audioclc,recon/game/common/audioclc.cpp,AudioClc_CalcTrackAzimuth__FP17DRender_tCalcViewP8Car_tObj,main,xdef,0,
REAL0_RELOC_ONLY,0,0,2,24,4,,,game/common/audioclc,recon/game/common/audioclc.cpp,AudioClc_HonkHorn__FP8Car_tObjiii,main,xdef,0,
REAL0_CLEAN,0,0,0,12,4,,,game/common/audioclc,recon/game/common/audioclc.cpp,AudioClc_InitSource__FP16AudioClc_tSourceP8Car_tObj,main,xdef,0,
REAL0_RELOC_ONLY,0,0,14,50,4,,,game/common/audioclc,recon/game/common/audioclc.cpp,AudioClc_ResetClosest__FiP8Car_tObji,main,xdef,0,
REAL0_RELOC_ONLY,0,0,3,28,4,,,game/common/audioclc,recon/game/common/audioclc.cpp,AudioClc_SetHorn__FP8Car_tObji,main,xdef,0,
REAL0_RELOC_ONLY,0,0,1,8,4,,,game/common/audioclc,recon/game/common/audioclc.cpp,AudioClc_SilenceOpponentHorn__Fi,main,xdef,0,
REAL0_CLEAN,0,0,0,2,4,,,game/common/audioclc,recon/game/common/audioclc.cpp,AudioClc_SndError__Fi,main,xdef,0,
REAL0_RELOC_ONLY,0,0,62,176,4,,,game/common/audioclc,recon/game/common/audioclc.cpp,AudioClc_SoundCars__Fv,main,xdef,0,
REAL0_RELOC_ONLY,0,0,47,312,4,,,game/common/audioclc,recon/game/common/audioclc.cpp,AudioClc_SoundCloseCar__Fii,main,xdef,0,
REAL0_RELOC_ONLY,0,0,5,43,4,,,game/common/audioclc,recon/game/common/audioclc.cpp,AudioClc_SoundOpponentHorn__Fiiii,main,xdef,0,
SHIM_MASKED,3,0,75,461,4,,PER_FN_NO_THREAD_JUMPS,game/common/audioclc,recon/game/common/audioclc.cpp,AudioClc_SoundPlayersCar__Fi,main,xdef,0,
REAL0_RELOC_ONLY,0,0,3,12,4,,,game/common/audioclc,recon/game/common/audioclc.cpp,AudioClc_SoundSpeech__Fv,main,xdef,0,
REAL0_RELOC_ONLY,0,0,23,87,4,,,game/common/audioclc,recon/game/common/audioclc.cpp,AudioClc_StartUp__Fv,main,xdef,0,
REAL0_RELOC_ONLY,0,0,1,14,4,,,game/common/audiocmn,recon/game/common/audiocmn.cpp,AudioCmn_DeInitAsyncSfx__Fv,main,xdef,0,
REAL0_RELOC_ONLY,0,0,19,54,4,,,game/common/audiocmn,recon/game/common/audiocmn.cpp,AudioCmn_DeInit__Fv,main,xdef,0,
REAL0_RELOC_ONLY,0,0,19,93,4,,,game/common/audiocmn,recon/game/common/audiocmn.cpp,AudioCmn_GetAsyncSfx__Fiib,main,xdef,0,
REAL0_RELOC_ONLY,0,0,3,20,4,,,game/common/audiocmn,recon/game/common/audiocmn.cpp,AudioCmn_GetTimePhrase__Fi,main,xdef,0,
REAL0_RELOC_ONLY,0,0,2,4,4,,,game/common/audiocmn,recon/game/common/audiocmn.cpp,AudioCmn_GetTrackRecordLapTime__Fv,main,xdef,0,
REAL0_RELOC_ONLY,0,0,3,14,4,,,game/common/audiocmn,recon/game/common/audiocmn.cpp,AudioCmn_InitAsyncSfx__Fv,main,xdef,0,
REAL0_RELOC_ONLY,0,0,3,14,4,,,game/common/audiocmn,recon/game/common/audiocmn.cpp,AudioCmn_InitChannelArray__Fv,main,xdef,0,
REAL0_RELOC_ONLY,0,0,4,17,4,,,game/common/audiocmn,recon/game/common/audiocmn.cpp,AudioCmn_InitReverb__Fv,main,xdef,0,
REAL0_RELOC_ONLY,0,0,3,5,4,,,game/common/audiocmn,recon/game/common/audiocmn.cpp,AudioCmn_InitThunder__Fv,main,xdef,0,
SHIM_MASKED,0,8,48,94,4,,PER_FN_G8,game/common/audiocmn,recon/game/common/audiocmn.cpp,AudioCmn_Init__Fv,main,xdef,0,
REAL0_RELOC_ONLY,0,0,23,105,4,,,game/common/audiocmn,recon/game/common/audiocmn.cpp,AudioCmn_LoadAsyncSfx__FiiPvi,main,xdef,0,
REAL0_RELOC_ONLY,0,0,7,17,4,,,game/common/audiocmn,recon/game/common/audiocmn.cpp,AudioCmn_LoadFESamples__Fv,main,xdef,0,
REAL0_RELOC_ONLY,0,0,21,77,4,,,game/common/audiocmn,recon/game/common/audiocmn.cpp,AudioCmn_LoadGameSamples__Fv,main,xdef,0,
REAL0_CLEAN,0,0,0,24,4,,,game/common/audiocmn,recon/game/common/audiocmn.cpp,AudioCmn_MusicLevel__Fi,main,xdef,0,
REAL0_RELOC_ONLY,0,0,13,46,4,,,game/common/audiocmn,recon/game/common/audiocmn.cpp,AudioCmn_Pause__Fv,main,xdef,0,
REAL0_RELOC_ONLY,0,0,29,152,4,,,game/common/audiocmn,recon/game/common/audiocmn.cpp,AudioCmn_PlayDoppleredSound__Fiiiiii,main,xdef,0,
REAL0_RELOC_ONLY,0,0,7,34,4,,,game/common/audiocmn,recon/game/common/audiocmn.cpp,AudioCmn_PlayFESFXVol__Fii,main,xdef,0,
REAL0_RELOC_ONLY,0,0,1,8,4,,,game/common/audiocmn,recon/game/common/audiocmn.cpp,AudioCmn_PlayFESFX__Fi,main,xdef,0,
REAL0_RELOC_ONLY,0,0,4,14,4,,,game/common/audiocmn,recon/game/common/audiocmn.cpp,AudioCmn_PlayPauseSound__Fi,main,xdef,0,
REAL0_RELOC_ONLY,0,0,80,316,4,,,game/common/audiocmn,recon/game/common/audiocmn.cpp,AudioCmn_PlaySFX__Fiiiiii,main,xdef,0,
REAL0_RELOC_ONLY,0,0,1,11,4,,,game/common/audiocmn,recon/game/common/audiocmn.cpp,AudioCmn_PlaySound__Fiiiii,main,xdef,0,
REAL0_RELOC_ONLY,0,0,4,11,4,,,game/common/audiocmn,recon/game/common/audiocmn.cpp,AudioCmn_PlayThunder__Fii,main,xdef,0,
REAL0_RELOC_ONLY,0,0,3,14,4,,,game/common/audiocmn,recon/game/common/audiocmn.cpp,AudioCmn_PlayWrongWaySFX__Fv,main,xdef,0,
REAL0_RELOC_ONLY,0,0,12,47,4,,,game/common/audiocmn,recon/game/common/audiocmn.cpp,AudioCmn_PlayerHornOff__Fi,main,xdef,0,
REAL0_RELOC_ONLY,0,0,9,65,4,,,game/common/audiocmn,recon/game/common/audiocmn.cpp,AudioCmn_PlayerHornOn__Fiiiii,main,xdef,0,
REAL0_RELOC_ONLY,0,0,4,34,4,,,game/common/audiocmn,recon/game/common/audiocmn.cpp,AudioCmn_RemoveAsyncSfx__Fi,main,xdef,0,
REAL0_RELOC_ONLY,0,0,9,58,4,,,game/common/audiocmn,recon/game/common/audiocmn.cpp,AudioCmn_RemoveOldestAsyncSfx__Fi,main,xdef,0,
REAL0_RELOC_ONLY,0,0,56,214,4,,,game/common/audiocmn,recon/game/common/audiocmn.cpp,AudioCmn_Reset__Fv,main,xdef,0,
REAL0_RELOC_ONLY,0,0,3,10,4,,,game/common/audiocmn,recon/game/common/audiocmn.cpp,AudioCmn_ReverbOff__Fv,main,xdef,0,
REAL0_RELOC_ONLY,0,0,27,224,4,,,game/common/audiocmn,recon/game/common/audiocmn.cpp,AudioCmn_SFX__Fi6s_typeT1iii,main,xdef,0,
REAL0_RELOC_ONLY,0,0,6,20,4,,,game/common/audiocmn,recon/game/common/audiocmn.cpp,AudioCmn_SetLevels__Fv,main,xdef,0,
SHIM_MASKED,218,23,70,530,4,,PER_FN_TEXT_MOVES,game/common/audiocmn,recon/game/common/audiocmn.cpp,AudioCmn_SoundCar__FP8Car_tObjiiiiiii,main,xdef,0,
REAL0_RELOC_ONLY,0,0,20,163,4,,,game/common/audiocmn,recon/game/common/audiocmn.cpp,AudioCmn_TrafficSFX__Fiiiiiiii,main,xdef,0,
REAL0_RELOC_ONLY,0,0,7,45,4,,,game/common/audiocmn,recon/game/common/audiocmn.cpp,AudioCmn_TrafficSkidSFX__Fi6s_typeT1iii,main,xdef,0,
REAL0_RELOC_ONLY,0,0,17,58,4,,,game/common/audiocmn,recon/game/common/audiocmn.cpp,AudioCmn_UnPauseAndQuit__Fv,main,xdef,0,
REAL0_RELOC_ONLY,0,0,21,63,4,,,game/common/audiocmn,recon/game/common/audiocmn.cpp,AudioCmn_UnPauseAndRestart__Fv,main,xdef,0,
REAL0_RELOC_ONLY,0,0,8,35,4,,,game/common/audiocmn,recon/game/common/audiocmn.cpp,AudioCmn_UnPause__Fv,main,xdef,0,
REAL0_RELOC_ONLY,0,0,16,43,4,,,game/common/audiocmn,recon/game/common/audiocmn.cpp,AudioCmn_UpdateThunder__Fv,main,xdef,0,
REAL0_RELOC_ONLY,0,0,32,184,4,,,game/common/audiocmn,recon/game/common/audiocmn.cpp,ChooseImpactSample__Fi6s_typeT1,main,xdef,0,
REAL0_CLEAN,0,0,0,47,4,,,game/common/audiocmn,recon/game/common/audiocmn.cpp,ChooseLoopedSample__F6s_typeT0,main,xdef,0,
REAL0_RELOC_ONLY,0,0,17,47,4,,,game/common/audiocmn,recon/game/common/audiocmn.cpp,SirenOff__Fi,main,xdef,0,
REAL0_RELOC_ONLY,0,0,16,42,4,,,game/common/audiocmn,recon/game/common/audiocmn.cpp,SirenOn__Fii,main,xdef,0,
REAL0_RELOC_ONLY,0,0,7,26,4,,,game/common/audiocmn,recon/game/common/audiocmn.cpp,SuperCopSirenOn__Fi,main,xdef,0,
REAL0_RELOC_ONLY,0,0,31,129,4,,,game/common/audiocmn,recon/game/common/audiocmn.cpp,UpdateSiren__Fiiiii,main,xdef,0,
REAL0_RELOC_ONLY,0,0,6,28,4,,,game/common/audiocmn,recon/game/common/audiocmn.cpp,freeVoiceChannel__Fi,main,xdef,0,
REAL0_RELOC_ONLY,0,0,7,29,4,,,game/common/audiocmn,recon/game/common/audiocmn.cpp,quickSirenOn__Fi,main,xdef,0,
REAL0_RELOC_ONLY,0,0,8,51,4,,,game/common/audiocmn,recon/game/common/audiocmn.cpp,scaleFrequency__Fiii,main,xdef,0,
REAL0_RELOC_ONLY,0,0,7,56,8,,,game/common/audioeng,recon/game/common/audioeng.cpp,AudioEng_CleanUp__Fv,main,xdef,0,
REAL0_RELOC_ONLY,0,0,2,30,8,,,game/common/audioeng,recon/game/common/audioeng.cpp,AudioEng_LoadDef__FPcT0illPP13AudioEng_tDef,main,xdef,0,
REAL0_RELOC_ONLY,0,0,3,44,8,,,game/common/audioeng,recon/game/common/audioeng.cpp,AudioEng_Pause__Fv,main,xdef,0,
REAL0_CLEAN,0,0,0,2,8,,,game/common/audioeng,recon/game/common/audioeng.cpp,AudioEng_Resume__Fv,main,xdef,0,
SHIM_MASKED,11,0,12,159,8,,PER_FN_TEXT_MOVES,game/common/audioeng,recon/game/common/audioeng.cpp,AudioEng_Set__Fiiiiiiii,main,xdef,0,
REAL0_RELOC_ONLY,0,0,3,9,8,,,game/common/audioeng,recon/game/common/audioeng.cpp,AudioEng_StartServer__Fv,main,xdef,0,
REAL0_RELOC_ONLY,0,0,65,376,8,,,game/common/audioeng,recon/game/common/audioeng.cpp,AudioEng_StartUp__FiPc,main,xdef,0,
REAL0_RELOC_ONLY,0,0,3,9,8,,,game/common/audioeng,recon/game/common/audioeng.cpp,AudioEng_StopServer__Fv,main,xdef,0,
REAL0_RELOC_ONLY,0,0,32,366,8,,,game/common/audioeng,recon/game/common/audioeng.cpp,AudioEng_Update__Fv,main,xdef,0,
REAL0_RELOC_ONLY,0,0,7,48,4,,,game/common/audiomus,recon/game/common/audiomus.cpp,AudioMus_AutoVolume__Fii,main,xdef,0,
REAL0_RELOC_ONLY,0,0,1,19,4,,,game/common/audiomus,recon/game/common/audiomus.cpp,AudioMus_Buffered__Fv,main,xdef,0,
REAL0_RELOC_ONLY,0,0,7,52,4,,,game/common/audiomus,recon/game/common/audiomus.cpp,AudioMus_BuildPattern__FPc,main,xdef,0,
REAL0_RELOC_ONLY,0,0,3,34,4,,,game/common/audiomus,recon/game/common/audiomus.cpp,AudioMus_BuildPlayList__FiPi,main,xdef,0,
REAL0_RELOC_ONLY,0,0,9,31,4,,,game/common/audiomus,recon/game/common/audiomus.cpp,AudioMus_DriverCleanUp__Fv,main,xdef,0,
REAL0_RELOC_ONLY,0,0,20,81,4,,,game/common/audiomus,recon/game/common/audiomus.cpp,AudioMus_DriverStartUp__Fii,main,xdef,0,
REAL0_RELOC_ONLY,0,0,7,31,4,,,game/common/audiomus,recon/game/common/audiomus.cpp,AudioMus_Fail__Fi,main,xdef,0,
REAL0_RELOC_ONLY,0,0,11,47,4,,,game/common/audiomus,recon/game/common/audiomus.cpp,AudioMus_GetCurrentSong__Fv,main,xdef,0,
REAL0_RELOC_ONLY,0,0,16,117,4,,,game/common/audiomus,recon/game/common/audiomus.cpp,AudioMus_GetSongList__FPci,main,xdef,0,
REAL0_RELOC_ONLY,0,0,1,23,4,,,game/common/audiomus,recon/game/common/audiomus.cpp,AudioMus_InitDriverGlobals__Fv,main,xdef,0,
REAL0_RELOC_ONLY,0,0,1,9,4,,,game/common/audiomus,recon/game/common/audiomus.cpp,AudioMus_InitGlobals__Fv,main,xdef,0,
REAL0_RELOC_ONLY,0,0,30,160,4,,,game/common/audiomus,recon/game/common/audiomus.cpp,AudioMus_PlaySong__FPc,main,xdef,0,
REAL0_RELOC_ONLY,0,0,8,44,4,,,game/common/audiomus,recon/game/common/audiomus.cpp,AudioMus_QueueRequestedSong__Fv,main,xdef,0,
REAL0_RELOC_ONLY,0,0,5,25,4,,,game/common/audiomus,recon/game/common/audiomus.cpp,AudioMus_RefreshStatus__Fv,main,xdef,0,
REAL0_RELOC_ONLY,0,0,56,300,4,,,game/common/audiomus,recon/game/common/audiomus.cpp,AudioMus_Server__Fii,main,xdef,0,
REAL0_RELOC_ONLY,0,0,2,16,4,,,game/common/audiomus,recon/game/common/audiomus.cpp,AudioMus_SetCurrentSongInfo__Fv,main,xdef,0,
REAL0_RELOC_ONLY,0,0,2,34,4,,,game/common/audiomus,recon/game/common/audiomus.cpp,AudioMus_SetEntry__FP19AudioMus_tSongEntry,main,xdef,0,
REAL0_RELOC_ONLY,0,0,10,53,4,,,game/common/audiomus,recon/game/common/audiomus.cpp,AudioMus_StopSong__Fi,main,xdef,0,
REAL0_RELOC_ONLY,0,0,9,62,4,,,game/common/audiomus,recon/game/common/audiomus.cpp,AudioMus_SwitchSong__Fv,main,xdef,0,
REAL0_RELOC_ONLY,0,0,9,30,4,,,game/common/audiomus,recon/game/common/audiomus.cpp,AudioMus_SysCleanUp__Fv,main,xdef,0,
REAL0_RELOC_ONLY,0,0,23,62,4,,,game/common/audiomus,recon/game/common/audiomus.cpp,AudioMus_SysStartUp__FiiPc,main,xdef,0,
REAL0_RELOC_ONLY,0,0,1,33,4,,,game/common/audiomus,recon/game/common/audiomus.cpp,AudioMus_Threshold__Fv,main,xdef,0,
REAL0_RELOC_ONLY,0,0,15,111,4,,,game/common/audiomus,recon/game/common/audiomus.cpp,AudioMus_Volume__Fi,main,xdef,0,
REAL0_RELOC_ONLY,0,0,8,38,4,,,game/common/audiotrk,recon/game/common/audiotrk.cpp,AudioTrk_CleanUp__Fv,main,xdef,0,
REAL0_RELOC_ONLY,0,0,23,116,4,,,game/common/audiotrk,recon/game/common/audiotrk.cpp,AudioTrk_PreLoad__Fv,main,xdef,0,
REAL0_RELOC_ONLY,0,0,9,56,4,,,game/common/audiotrk,recon/game/common/audiotrk.cpp,AudioTrk_Reset__Fv,main,xdef,0,
REAL0_RELOC_ONLY,0,0,26,358,4,,,game/common/audiotrk,recon/game/common/audiotrk.cpp,AudioTrk_SoundTrack__FP8Car_tObji,main,xdef,0,
REAL0_RELOC_ONLY,0,0,6,23,4,,,game/common/audiotrk,recon/game/common/audiotrk.cpp,AudioTrk_StartUp__Fv,main,xdef,0,
REAL0_RELOC_ONLY,0,0,5,12,4,,,game/common/bworld,recon/game/common/bworld.cpp,BWAllocMem__Fl,main,xdef,0,
REAL0_RELOC_ONLY,0,0,9,86,4,,,game/common/bworld,recon/game/common/bworld.cpp,BWorld_BuildGlareEffects__FP13DRender_tViewP11Draw_DCacheP5Group,main,xdef,0,
REAL0_RELOC_ONLY,0,0,18,80,4,,,game/common/bworld,recon/game/common/bworld.cpp,BWorld_CheckChunkVisible__FP12BWorldSm_PosT0,main,xdef,0,
REAL0_RELOC_ONLY,0,0,1,8,4,,,game/common/bworld,recon/game/common/bworld.cpp,BWorld_DeInitContexts__Fv,main,xdef,0,
REAL0_RELOC_ONLY,0,0,9,23,4,,,game/common/bworld,recon/game/common/bworld.cpp,BWorld_DeInit__Fv,main,xdef,0,
REAL0_RELOC_ONLY,0,0,4,18,4,,,game/common/bworld,recon/game/common/bworld.cpp,BWorld_GetSpikeBelt__FPiN20,main,xdef,0,
REAL0_RELOC_ONLY,0,0,3,14,4,,,game/common/bworld,recon/game/common/bworld.cpp,BWorld_InitContexts__Fv,main,xdef,0,
REAL0_RELOC_ONLY,0,0,9,43,4,,,game/common/bworld,recon/game/common/bworld.cpp,BWorld_InitSpikeBelt__Fv,main,xdef,0,
REAL0_RELOC_ONLY,0,0,61,187,4,,,game/common/bworld,recon/game/common/bworld.cpp,BWorld_Init__Fv,main,xdef,0,
REAL0_RELOC_ONLY,0,0,3,21,4,,,game/common/bworld,recon/game/common/bworld.cpp,BWorld_IsSliceInBuildList__Fi,main,xdef,0,
REAL0_RELOC_ONLY,0,0,98,193,4,,,game/common/bworld,recon/game/common/bworld.cpp,BWorld_OnyxBuildFacets__FP13DRender_tView,main,xdef,0,
REAL0_RELOC_ONLY,0,0,8,46,4,,,game/common/bworld,recon/game/common/bworld.cpp,BWorld_OpenContext__Fii,main,xdef,0,
REAL0_RELOC_ONLY,0,0,10,23,4,,,game/common/bworld,recon/game/common/bworld.cpp,BWorld_Restart__Fv,main,xdef,0,
REAL0_RELOC_ONLY,0,0,7,13,4,,,game/common/bworld,recon/game/common/bworld.cpp,BWorld_SetSpikeBelt__Fiii,main,xdef,0,
REAL0_CLEAN,0,0,0,2,4,,,game/common/bworld,recon/game/common/bworld.cpp,BWorld_StartLoop__Fv,main,xdef,0,
REAL0_RELOC_ONLY,0,0,1,8,4,,,game/common/bworld,recon/game/common/bworld.cpp,GetRezIndex__Fi,main,xdef,0,
REAL0_RELOC_ONLY,0,0,3,11,4,,,game/common/bworld,recon/game/common/bworld.cpp,SetContext__Fi,main,xdef,0,
REAL0_RELOC_ONLY,0,0,41,181,4,,,game/common/bworld,recon/game/common/bworld.cpp,SetupBuildMatrices__FP13DRender_tViewP11Draw_DCache,main,xdef,0,
REAL0_RELOC_ONLY,0,0,10,46,4,,,game/common/bworld,recon/game/common/bworld.cpp,UpdateContext__FP13DRender_tViewi,main,xdef,0,
REAL0_CLEAN,0,0,0,17,4,,,game/common/bworld,recon/game/common/bworld.cpp,xzsquaredist32__FP8coorddefT0,main,xdef,0,
REAL0_CLEAN,0,0,0,2,4,,,game/common/bworldSm,recon/game/common/bworldSm.cpp,BWorldSm_DeInit__Fv,main,xdef,0,
REAL0_RELOC_ONLY,0,0,1,8,4,,,game/common/bworldSm,recon/game/common/bworldSm.cpp,BWorldSm_FindClosestQuadMaxIterations__FP8coorddefP12BWorldSm_Posi,main,xdef,0,
REAL0_RELOC_ONLY,0,0,12,115,4,,,game/common/bworldSm,recon/game/common/bworldSm.cpp,BWorldSm_FindClosestQuadRez__FP8coorddefP12BWorldSm_Posi,main,xdef,0,
REAL0_RELOC_ONLY,0,0,5,39,4,,,game/common/bworldSm,recon/game/common/bworldSm.cpp,BWorldSm_FindClosestSlice__FP8coorddefP12BWorldSm_Pos,main,xdef,0,
REAL0_RELOC_ONLY,0,0,3,39,4,,,game/common/bworldSm,recon/game/common/bworldSm.cpp,BWorldSm_FindClosestTriangleRez__FP8coorddefP12BWorldSm_Posi,main,xdef,0,
REAL0_RELOC_ONLY,0,0,4,71,4,,,game/common/bworldSm,recon/game/common/bworldSm.cpp,BWorldSm_FindEdgeOff__FP8coorddefP12BWorldSm_PosT1Pi,main,xdef,0,
REAL0_RELOC_ONLY,0,0,4,14,4,,,game/common/bworldSm,recon/game/common/bworldSm.cpp,BWorldSm_Init__FP5Group,main,xdef,0,
REAL0_RELOC_ONLY,0,0,11,100,4,,,game/common/bworldSm,recon/game/common/bworldSm.cpp,BWorldSm_QuadLight__FP12BWorldSm_Pos,main,xdef,0,
REAL0_RELOC_ONLY,0,0,1,8,4,,,game/common/bworldSm,recon/game/common/bworldSm.cpp,BWorldSm_Restart__Fv,main,xdef,0,
REAL0_RELOC_ONLY,0,0,1,21,4,,,game/common/bworldSm,recon/game/common/bworldSm.cpp,BWorldSm_SetSlice__FiP12BWorldSm_Pos,main,xdef,0,
REAL0_RELOC_ONLY,0,0,2,22,4,,,game/common/bworldSm,recon/game/common/bworldSm.cpp,BWorldSm_TunnelFlagSm__FP12BWorldSm_Pos,main,xdef,0,
REAL0_RELOC_ONLY,0,0,1,10,4,,,game/common/bworldSm,recon/game/common/bworldSm.cpp,BWorldSm_UForward__FP12BWorldSm_Pos,main,xdef,0,
REAL0_RELOC_ONLY,0,0,1,10,4,,,game/common/bworldSm,recon/game/common/bworldSm.cpp,BWorldSm_UNormal__FP12BWorldSm_Pos,main,xdef,0,
REAL0_RELOC_ONLY,0,0,3,24,4,,,game/common/bworldSm,recon/game/common/bworldSm.cpp,BWorld_SetSimSlice__FP12BWorldSm_Pos,main,xdef,0,
REAL0_CLEAN,0,0,0,12,4,,,game/common/bworldSm,recon/game/common/bworldSm.cpp,BworldSm_IsSimQuadValid__FP12BWorldSm_Pos,main,xdef,0,
REAL0_RELOC_ONLY,0,0,4,34,4,,,game/common/bworldSm,recon/game/common/bworldSm.cpp,BworldSm_UpdateSimQuad__FP12BWorldSm_Pos,main,xdef,0,
REAL0_RELOC_ONLY,0,0,7,206,4,,,game/common/bworldSm,recon/game/common/bworldSm.cpp,Check_Rot__FP12BWorldSm_Pos,main,xdef,0,
REAL0_RELOC_ONLY,0,0,3,41,4,,,game/common/bworldSm,recon/game/common/bworldSm.cpp,FindAbsClosestSliceCrude__FP8coorddefP12BWorldSm_Pos,main,xdef,0,
REAL0_RELOC_ONLY,0,0,16,115,4,,,game/common/bworldSm,recon/game/common/bworldSm.cpp,FindClosestQuad__FP8coorddefP12BWorldSm_Pos,main,xdef,0,
REAL0_RELOC_ONLY,0,0,1,39,4,,,game/common/bworldSm,recon/game/common/bworldSm.cpp,GetFirstStmQuadPts__FP12BWorldSm_PosP8CCOORD16,main,xdef,0,
REAL0_RELOC_ONLY,0,0,2,74,4,,,game/common/bworldSm,recon/game/common/bworldSm.cpp,GetStmQuadPts__FP12BWorldSm_PosP8coorddef,main,xdef,0,
REAL0_RELOC_ONLY,0,0,7,47,4,,,game/common/bworldSm,recon/game/common/bworldSm.cpp,NormalCache_AddEntry__FP12BWorldSm_Pos,main,xdef,0,
REAL0_RELOC_ONLY,0,0,6,49,4,,,game/common/bworldSm,recon/game/common/bworldSm.cpp,NormalCache_FindEntry__FP12BWorldSm_Pos,main,xdef,0,
REAL0_RELOC_ONLY,0,0,3,15,4,,,game/common/bworldSm,recon/game/common/bworldSm.cpp,NormalCache_Init__Fv,main,xdef,0,
REAL0_RELOC_ONLY,0,0,2,30,4,,,game/common/bworldSm,recon/game/common/bworldSm.cpp,PointDirection__FP8coorddefN20,main,xdef,0,
REAL0_RELOC_ONLY,0,0,40,491,4,,,game/common/bworldSm,recon/game/common/bworldSm.cpp,RawFindClosestQuad__FP8coorddefP12BWorldSm_Pos,main,xdef,0,
REAL0_RELOC_ONLY,0,0,6,173,4,,,game/common/bworldSm,recon/game/common/bworldSm.cpp,RawFindClosestSlice__FP8coorddefP12BWorldSm_Pos,main,xdef,0,
REAL0_RELOC_ONLY,0,0,2,46,4,,,game/common/bworldSm,recon/game/common/bworldSm.cpp,SetStrip__FP12BWorldSm_Pos,main,xdef,0,
REAL0_RELOC_ONLY,0,0,36,231,4,,,game/common/camera,recon/game/common/camera.cpp,Camera_AcquireTarget__FiP8coorddefT1P10matrixtdefi,main,xdef,0,
REAL0_RELOC_ONLY,0,0,61,605,4,,,game/common/camera,recon/game/common/camera.cpp,Camera_CheckWallCollisions__FiP8coorddef,main,xdef,0,
REAL0_RELOC_ONLY,0,0,19,139,4,,,game/common/camera,recon/game/common/camera.cpp,Camera_GetAudioViewInfo__FiP17DRender_tCalcViewPP8coorddef,main,xdef,0,
REAL0_RELOC_ONLY,0,0,7,40,4,,,game/common/camera,recon/game/common/camera.cpp,Camera_GetMode__Fi,main,xdef,0,
REAL0_RELOC_ONLY,0,0,28,205,4,,,game/common/camera,recon/game/common/camera.cpp,Camera_GetViewInfo__FiP17DRender_tCalcViewi,main,xdef,0,
REAL0_RELOC_ONLY,0,0,23,229,4,,,game/common/camera,recon/game/common/camera.cpp,Camera_Init__Fv,main,xdef,0,
REAL0_CLEAN,0,0,0,22,4,,,game/common/camera,recon/game/common/camera.cpp,Camera_IslandProfile__FUs,main,xdef,0,
REAL0_RELOC_ONLY,0,0,5,34,4,,,game/common/camera,recon/game/common/camera.cpp,Camera_Kill__Fv,main,xdef,0,
REAL0_CLEAN,0,0,0,34,4,,,game/common/camera,recon/game/common/camera.cpp,Camera_LookBack__FP10matrixtdefT0,main,xdef,0,
REAL0_RELOC_ONLY,0,0,30,237,4,,,game/common/camera,recon/game/common/camera.cpp,Camera_NextMode__Fi,main,xdef,0,
REAL0_RELOC_ONLY,0,0,36,245,4,,,game/common/camera,recon/game/common/camera.cpp,Camera_OpponentLookBehind__FiP8coorddefi,main,xdef,0,
REAL0_RELOC_ONLY,0,0,6,45,4,,,game/common/camera,recon/game/common/camera.cpp,Camera_PitchAndRoll__Fi,main,xdef,0,
REAL0_RELOC_ONLY,0,0,5,65,4,,,game/common/camera,recon/game/common/camera.cpp,Camera_ReplayUpdate__FiP15Camera_tCamSlot,main,xdef,0,
REAL0_RELOC_ONLY,0,0,5,44,4,,,game/common/camera,recon/game/common/camera.cpp,Camera_ResetRelPos__Fi,main,xdef,0,
REAL0_RELOC_ONLY,0,0,4,35,4,,,game/common/camera,recon/game/common/camera.cpp,Camera_SetAboveGround__FiP8coorddef,main,xdef,0,
REAL0_RELOC_ONLY,0,0,2,14,4,,,game/common/camera,recon/game/common/camera.cpp,Camera_SetCamera__FP13DRender_tView,main,xdef,0,
REAL0_RELOC_ONLY,0,0,13,133,4,,,game/common/camera,recon/game/common/camera.cpp,Camera_SetMode__Fii,main,xdef,0,
REAL0_RELOC_ONLY,0,0,21,128,4,,,game/common/camera,recon/game/common/camera.cpp,Camera_SetSplineCam__Fi,main,xdef,0,
REAL0_RELOC_ONLY,0,0,10,92,4,,,game/common/camera,recon/game/common/camera.cpp,Camera_TooSteep__FiP12BWorldSm_Pos,main,xdef,0,
REAL0_RELOC_ONLY,0,0,12,82,4,,,game/common/camera,recon/game/common/camera.cpp,Camera_TunnelLimit__FiPi,main,xdef,0,
REAL0_RELOC_ONLY,0,0,40,176,4,,,game/common/camera,recon/game/common/camera.cpp,Camera_UpdateAnimCam__Fi,main,xdef,0,
REAL0_RELOC_ONLY,0,0,14,74,4,,,game/common/camera,recon/game/common/camera.cpp,Camera_UpdateBTCopCam__Fi,main,xdef,0,
REAL0_RELOC_ONLY,0,0,8,81,4,,,game/common/camera,recon/game/common/camera.cpp,Camera_UpdateBlimpCam__Fi,main,xdef,0,
REAL0_RELOC_ONLY,0,0,10,118,4,,,game/common/camera,recon/game/common/camera.cpp,Camera_UpdateBumperCam__Fi,main,xdef,0,
REAL0_RELOC_ONLY,0,0,18,160,4,,,game/common/camera,recon/game/common/camera.cpp,Camera_UpdateCircleCam__Fi,main,xdef,0,
REAL0_RELOC_ONLY,0,0,15,111,4,,,game/common/camera,recon/game/common/camera.cpp,Camera_UpdateCollisionCam__Fi,main,xdef,0,
REAL0_RELOC_ONLY,0,0,8,102,4,,,game/common/camera,recon/game/common/camera.cpp,Camera_UpdateCopCam1__Fi,main,xdef,0,
REAL0_RELOC_ONLY,0,0,3,66,4,,,game/common/camera,recon/game/common/camera.cpp,Camera_UpdateCopCam2__Fi,main,xdef,0,
REAL0_RELOC_ONLY,0,0,8,74,4,,,game/common/camera,recon/game/common/camera.cpp,Camera_UpdateFinishCam__Fi,main,xdef,0,
REAL0_RELOC_ONLY,0,0,28,223,4,,,game/common/camera,recon/game/common/camera.cpp,Camera_UpdatePulloverCam__Fi,main,xdef,0,
REAL0_RELOC_ONLY,0,0,7,57,4,,,game/common/camera,recon/game/common/camera.cpp,Camera_UpdateSimpleCam__Fi,main,xdef,0,
REAL0_RELOC_ONLY,0,0,16,83,4,,,game/common/camera,recon/game/common/camera.cpp,Camera_UpdateTVCam__Fi,main,xdef,0,
SHIM_MASKED,147,21,64,402,4,,PER_FN_TEXT_MOVES,game/common/camera,recon/game/common/camera.cpp,Camera_UpdateTailCam__Fii,main,xdef,0,
REAL0_RELOC_ONLY,0,0,56,288,4,,,game/common/camera,recon/game/common/camera.cpp,Camera_Update__Fv,main,xdef,0,
REAL0_RELOC_ONLY,0,0,5,62,4,,,game/common/camera,recon/game/common/camera.cpp,EulerToMat__FP10matrixtdefiii,main,xdef,0,
REAL0_RELOC_ONLY,0,0,9,68,4,,,game/common/camera,recon/game/common/camera.cpp,SetCameraZoom__Fii,main,xdef,0,
REAL0_RELOC_ONLY,0,0,12,154,8,,,game/common/cars,recon/game/common/cars.cpp,Car_DoPostCollisionStuff__FP8Car_tObj,main,xdef,0,
REAL0_RELOC_ONLY,0,0,8,68,8,,,game/common/cars,recon/game/common/cars.cpp,Car_DoSkiddingStuff__FP8Car_tObj,main,xdef,0,
REAL0_RELOC_ONLY,0,0,87,1957,8,,,game/common/cars,recon/game/common/cars.cpp,Car_TireSkiddingStuff__FP8Car_tObj,main,xdef,0,
REAL0_RELOC_ONLY,0,0,20,272,8,,,game/common/cars,recon/game/common/cars.cpp,Cars_AddCarSfx__FP8Car_tObjiP8coorddefiii,main,xdef,0,
REAL0_CLEAN,0,0,0,39,8,,,game/common/cars,recon/game/common/cars.cpp,Cars_CalcVelDownRoad__FP8Car_tObj,main,xdef,0,
REAL0_RELOC_ONLY,0,0,1,8,8,,,game/common/cars,recon/game/common/cars.cpp,Cars_CalculateRoadPosition__FP8Car_tObj,main,xdef,0,
REAL0_CLEAN,0,0,0,146,8,,,game/common/cars,recon/game/common/cars.cpp,Cars_CalculateRoadSpan__FP8Car_tObj,main,xdef,0,
REAL0_RELOC_ONLY,0,0,25,145,8,,,game/common/cars,recon/game/common/cars.cpp,Cars_CalculateStartingGridOffset__FP8Car_tObjPiP8coorddef,main,xdef,0,
REAL0_RELOC_ONLY,0,0,17,50,8,,,game/common/cars,recon/game/common/cars.cpp,Cars_CheckForAccidentScenes__Fv,main,xdef,0,
REAL0_RELOC_ONLY,0,0,22,98,8,,,game/common/cars,recon/game/common/cars.cpp,Cars_CleanUp__Fv,main,xdef,0,
REAL0_RELOC_ONLY,0,0,3,18,8,,,game/common/cars,recon/game/common/cars.cpp,Cars_DeInitCar__FP8Car_tObj,main,xdef,0,
REAL0_RELOC_ONLY,0,0,8,80,8,,,game/common/cars,recon/game/common/cars.cpp,Cars_DoGravityEffectsOnAcc__FP8Car_tObji,main,xdef,0,
REAL0_RELOC_ONLY,0,0,7,46,8,,,game/common/cars,recon/game/common/cars.cpp,Cars_FindCurrentLap__FP8Car_tObj,main,xdef,0,
REAL0_RELOC_ONLY,0,0,5,27,8,,,game/common/cars,recon/game/common/cars.cpp,Cars_FindTotalSlice__FP8Car_tObj,main,xdef,0,
REAL0_CLEAN,0,0,0,9,8,,,game/common/cars,recon/game/common/cars.cpp,Cars_GetDashData__FP8Car_tObjPiN21,main,xdef,0,
REAL0_RELOC_ONLY,0,0,27,251,8,,,game/common/cars,recon/game/common/cars.cpp,Cars_IniCarObjects__FP8Car_tObji,main,xdef,0,
REAL0_RELOC_ONLY,0,0,80,196,8,,,game/common/cars,recon/game/common/cars.cpp,Cars_InitCar__FP8Car_tObji,main,xdef,0,
REAL0_CLEAN,0,0,0,10,8,,,game/common/cars,recon/game/common/cars.cpp,Cars_InitDashData__FP8Car_tObjPiT1,main,xdef,0,
REAL0_CLEAN,0,0,0,26,8,,,game/common/cars,recon/game/common/cars.cpp,Cars_InitStats__FP8Car_tObj,main,xdef,0,
REAL0_RELOC_ONLY,0,0,104,326,8,,,game/common/cars,recon/game/common/cars.cpp,Cars_InitializeCarTablesFlagsAndCounters__FP8Car_tObj,main,xdef,0,
REAL0_CLEAN,0,0,0,9,8,,,game/common/cars,recon/game/common/cars.cpp,Cars_Initialize__FPci,main,xdef,0,
REAL0_RELOC_ONLY,0,0,25,114,8,,,game/common/cars,recon/game/common/cars.cpp,Cars_ManageBureaucracy__Fv,main,xdef,0,
REAL0_CLEAN,0,0,0,31,8,,,game/common/cars,recon/game/common/cars.cpp,Cars_QDUpdateVelGlue__FP8Car_tObj,main,xdef,0,
REAL0_RELOC_ONLY,0,0,11,30,8,,,game/common/cars,recon/game/common/cars.cpp,Cars_Randomize__Fv,main,xdef,0,
REAL0_RELOC_ONLY,0,0,8,10,8,,,game/common/cars,recon/game/common/cars.cpp,Cars_ResetCarCounters__Fv,main,xdef,0,
REAL0_RELOC_ONLY,0,0,1,26,8,,,game/common/cars,recon/game/common/cars.cpp,Cars_ResetVariablesAfterACollision__FP8Car_tObj,main,xdef,0,
REAL0_RELOC_ONLY,0,0,17,58,8,,,game/common/cars,recon/game/common/cars.cpp,Cars_Restart__Fv,main,xdef,0,
REAL0_CLEAN,0,0,0,50,8,,,game/common/cars,recon/game/common/cars.cpp,Cars_SetAudioCalls__FP8Car_tObjiiiiii,main,xdef,0,
REAL0_RELOC_ONLY,0,0,2,29,8,,,game/common/cars,recon/game/common/cars.cpp,Cars_SetCarUpForHiRezSim__FP8Car_tObj,main,xdef,0,
REAL0_RELOC_ONLY,0,0,13,92,8,,,game/common/cars,recon/game/common/cars.cpp,Cars_SortCars__Fv,main,xdef,0,
REAL0_RELOC_ONLY,0,0,94,282,8,,,game/common/cars,recon/game/common/cars.cpp,Cars_StartUp__Fv,main,xdef,0,
REAL0_CLEAN,0,0,0,2,4,,,game/common/chunk,recon/game/common/chunk.cpp,Chunk_DeInit__Fv,main,xdef,0,
REAL0_CLEAN,0,0,0,2,4,,,game/common/chunk,recon/game/common/chunk.cpp,Chunk_Init__Fv,main,xdef,0,
REAL0_CLEAN,0,0,0,2,4,,,game/common/chunk,recon/game/common/chunk.cpp,Chunk_UpdateSys__FP13DRender_tView,main,xdef,0,
REAL0_RELOC_ONLY,0,0,30,329,4,,,game/common/chunk,recon/game/common/chunk.cpp,InstanceGroup__5ChunkP15SerializedGroupP9SimpleMem,main,xdef,0,
REAL0_RELOC_ONLY,0,0,11,43,4,,,game/common/clock,recon/game/common/clock.cpp,Clock_MasterInterruptHandler__Fv,main,xdef,0,
REAL0_RELOC_ONLY,0,0,5,12,4,,,game/common/clock,recon/game/common/clock.cpp,Clock_SystemCleanUp__Fv,main,xdef,0,
REAL0_RELOC_ONLY,0,0,14,23,4,,,game/common/clock,recon/game/common/clock.cpp,Clock_SystemStartUp__Fv,main,xdef,0,
REAL0_RELOC_ONLY,0,0,14,291,4,,,game/common/collide,recon/game/common/collide.cpp,CHECK_CENTER_VERTEX_WITH_DIRS_OTHER__Fiii,main,xdef,0,
REAL0_RELOC_ONLY,0,0,15,288,4,,,game/common/collide,recon/game/common/collide.cpp,CHECK_CENTER_VERTEX_WITH_DIRS__Fiii,main,xdef,0,
REAL0_RELOC_ONLY,0,0,13,242,4,,,game/common/collide,recon/game/common/collide.cpp,CHECK_VERTEX_WITH_DIRS_OTHER__Fiii,main,xdef,0,
REAL0_RELOC_ONLY,0,0,14,242,4,,,game/common/collide,recon/game/common/collide.cpp,CHECK_VERTEX_WITH_DIRS__Fiii,main,xdef,0,
REAL0_RELOC_ONLY,0,0,20,126,4,,,game/common/collide,recon/game/common/collide.cpp,Collide_CheckAccuratePointRadiusCollision__FP13BO_tNewtonObjP8coorddefi,main,xdef,0,
REAL0_RELOC_ONLY,0,0,12,88,4,,,game/common/collide,recon/game/common/collide.cpp,Collide_CheckForCollisionBetween__FP13BO_tNewtonObjT0,main,xdef,0,
REAL0_RELOC_ONLY,0,0,44,381,4,,,game/common/collide,recon/game/common/collide.cpp,Collide_CheckMeForCollisions__FP13BO_tNewtonObj,main,xdef,0,
REAL0_RELOC_ONLY,0,0,15,128,4,,,game/common/collide,recon/game/common/collide.cpp,Collide_ClearCollisionRegistry__Fv,main,xdef,0,
REAL0_RELOC_ONLY,0,0,42,874,4,,,game/common/collide,recon/game/common/collide.cpp,Collide_DoObjectFixedObjectCollision__FP13BO_tNewtonObjP8coorddefN21,main,xdef,0,
REAL0_RELOC_ONLY,0,0,119,991,4,,,game/common/collide,recon/game/common/collide.cpp,Collide_DoObjectObjectCollision__FP13BO_tNewtonObjT0P8coorddefT2,main,xdef,0,
REAL0_RELOC_ONLY,0,0,2,61,4,,,game/common/collide,recon/game/common/collide.cpp,Collide_LimitAngularVel__FP13BO_tNewtonObj,main,xdef,0,
REAL0_RELOC_ONLY,0,0,43,779,4,,,game/common/collide,recon/game/common/collide.cpp,Collide_TestWithPlane__FP13BO_tNewtonObjP8coorddefT1,main,xdef,0,
REAL0_CLEAN,0,0,0,15,4,,,game/common/color,recon/game/common/color.cpp,IsNumChar__Fc,main,xdef,0,
REAL0_RELOC_ONLY,0,0,5,56,4,,,game/common/color,recon/game/common/color.cpp,Risk_ReadNextValue__FPPc,main,xdef,0,
REAL0_CLEAN,0,0,0,2,4,,,game/common/control,recon/game/common/control.cpp,Control_AI__FP8Car_tObj,main,xdef,0,
REAL0_RELOC_ONLY,0,0,50,288,4,,,game/common/control,recon/game/common/control.cpp,Control_Human__FP8Car_tObj,main,xdef,0,
REAL0_RELOC_ONLY,0,0,16,38,8,,,game/common/copspeak,recon/game/common/copspeak.cpp,CopSpeak_Alloc__FP17CopSpeak_tRequest,main,xdef,0,
REAL0_RELOC_ONLY,0,0,4,12,8,,,game/common/copspeak,recon/game/common/copspeak.cpp,CopSpeak_BankVolume__FP17CopSpeak_tRequest,main,xdef,0,
REAL0_RELOC_ONLY,0,0,21,40,8,,,game/common/copspeak,recon/game/common/copspeak.cpp,CopSpeak_Cancel__Fv,main,xdef,0,
REAL0_RELOC_ONLY,0,0,7,37,8,,,game/common/copspeak,recon/game/common/copspeak.cpp,CopSpeak_CleanUp__Fv,main,xdef,0,
REAL0_RELOC_ONLY,0,0,1,8,8,,,game/common/copspeak,recon/game/common/copspeak.cpp,CopSpeak_Debug__Fv,main,xdef,0,
REAL0_RELOC_ONLY,0,0,6,43,8,,,game/common/copspeak,recon/game/common/copspeak.cpp,CopSpeak_DirectRequest__FillP8Car_tObjPc,main,xdef,0,
REAL0_RELOC_ONLY,0,0,5,20,8,,,game/common/copspeak,recon/game/common/copspeak.cpp,CopSpeak_Flush__Fv,main,xdef,0,
REAL0_RELOC_ONLY,0,0,7,36,8,,,game/common/copspeak,recon/game/common/copspeak.cpp,CopSpeak_Free__FP17CopSpeak_tRequest,main,xdef,0,
REAL0_RELOC_ONLY,0,0,7,41,8,,,game/common/copspeak,recon/game/common/copspeak.cpp,CopSpeak_GenericBankRequest__FiP8Car_tObj,main,xdef,0,
REAL0_RELOC_ONLY,0,0,2,14,8,,,game/common/copspeak,recon/game/common/copspeak.cpp,CopSpeak_GetEnginePatch__Fii,main,xdef,0,
REAL0_CLEAN,0,0,0,12,8,,,game/common/copspeak,recon/game/common/copspeak.cpp,CopSpeak_InitRequest__FP17CopSpeak_tRequest,main,xdef,0,
REAL0_RELOC_ONLY,0,0,16,31,8,,,game/common/copspeak,recon/game/common/copspeak.cpp,CopSpeak_InitVars__Fv,main,xdef,0,
REAL0_RELOC_ONLY,0,0,27,125,8,,,game/common/copspeak,recon/game/common/copspeak.cpp,CopSpeak_LoadNextRequest__Fv,main,xdef,0,
REAL0_RELOC_ONLY,0,0,13,71,8,,,game/common/copspeak,recon/game/common/copspeak.cpp,CopSpeak_PlayNextRequest__Fv,main,xdef,0,
REAL0_RELOC_ONLY,0,0,18,86,8,,,game/common/copspeak,recon/game/common/copspeak.cpp,CopSpeak_Play__FP17CopSpeak_tRequesti,main,xdef,0,
REAL0_RELOC_ONLY,0,0,14,92,8,,,game/common/copspeak,recon/game/common/copspeak.cpp,CopSpeak_RadioStaticActive__Fi,main,xdef,0,
REAL0_RELOC_ONLY,0,0,4,15,8,,,game/common/copspeak,recon/game/common/copspeak.cpp,CopSpeak_RadioStaticInit__Fv,main,xdef,0,
REAL0_RELOC_ONLY,0,0,3,26,8,,,game/common/copspeak,recon/game/common/copspeak.cpp,CopSpeak_RadioStaticSquelch__Fv,main,xdef,0,
REAL0_RELOC_ONLY,0,0,26,156,8,,,game/common/copspeak,recon/game/common/copspeak.cpp,CopSpeak_ReadyNextRequest__Fv,main,xdef,0,
REAL0_RELOC_ONLY,0,0,8,79,8,,,game/common/copspeak,recon/game/common/copspeak.cpp,CopSpeak_Request__FP17CopSpeak_tRequest,main,xdef,0,
REAL0_RELOC_ONLY,0,0,48,179,8,,,game/common/copspeak,recon/game/common/copspeak.cpp,CopSpeak_Server__Fv,main,xdef,0,
REAL0_RELOC_ONLY,0,0,4,27,8,,,game/common/copspeak,recon/game/common/copspeak.cpp,CopSpeak_SfxQueued__Fv,main,xdef,0,
REAL0_RELOC_ONLY,0,0,40,116,8,,,game/common/copspeak,recon/game/common/copspeak.cpp,CopSpeak_ShowQueue__Fv,main,xdef,0,
REAL0_RELOC_ONLY,0,0,6,25,8,,,game/common/copspeak,recon/game/common/copspeak.cpp,CopSpeak_SilenceCop__FP8Car_tObji,main,xdef,0,
REAL0_RELOC_ONLY,0,0,6,27,8,,,game/common/copspeak,recon/game/common/copspeak.cpp,CopSpeak_Skip__Fv,main,xdef,0,
REAL0_RELOC_ONLY,0,0,98,356,8,,,game/common/copspeak,recon/game/common/copspeak.cpp,CopSpeak_StartUp__Fv,main,xdef,0,
REAL0_RELOC_ONLY,0,0,1,8,8,,,game/common/copspeak,recon/game/common/copspeak.cpp,CopSpeak_Stop__Fv,main,xdef,0,
REAL0_RELOC_ONLY,0,0,4,28,4,,,game/common/dashhud,recon/game/common/dashhud.cpp,DashHUD_CheckWrongWay__Fi,main,xdef,0,
REAL0_RELOC_ONLY,0,0,51,176,4,,,game/common/dashhud,recon/game/common/dashhud.cpp,DashHUD_HUDCalc__Fi,main,xdef,0,
REAL0_RELOC_ONLY,0,0,26,77,4,,,game/common/dashhud,recon/game/common/dashhud.cpp,DashHUD_InitHUD__Fv,main,xdef,0,
REAL0_RELOC_ONLY,0,0,1,8,4,,,game/common/dashhud,recon/game/common/dashhud.cpp,DashHUD_KillHUD__Fv,main,xdef,0,
REAL0_RELOC_ONLY,0,0,13,25,4,,,game/common/dashhud,recon/game/common/dashhud.cpp,DashHUD_ResetHUD__Fv,main,xdef,0,
REAL0_RELOC_ONLY,0,0,2,9,4,,,game/common/dashhud,recon/game/common/dashhud.cpp,DashHUD_ToggleHud__Fi,main,xdef,0,
REAL0_CLEAN,0,0,0,2,4,,,game/common/fastrand,recon/game/common/fastrand.cpp,FastRandom_CleanUp__Fv,main,xdef,0,
REAL0_RELOC_ONLY,0,0,5,34,4,,,game/common/fastrand,recon/game/common/fastrand.cpp,FastRandom_StartUp__FUi,main,xdef,0,
REAL0_RELOC_ONLY,0,0,174,593,8,,,game/common/genericpmx,recon/game/common/genericpmx.cpp,GenericPMX_LoadTexture__Fv,main,xdef,0,
REAL0_CLEAN,0,0,0,2,4,,,game/common/gmesetup,recon/game/common/gmesetup.cpp,GameSetup_CleanUp__Fv,main,xdef,0,
REAL0_RELOC_ONLY,0,0,54,225,4,,,game/common/gmesetup,recon/game/common/gmesetup.cpp,GameSetup_StartUp__FPi,main,xdef,0,
REAL0_RELOC_ONLY,0,0,2,24,4,,,game/common/group,recon/game/common/group.cpp,CreateLiteGroupDataSize__15SerializedGroupP15SerializedGroupP9SimpleMemi,main,xdef,0,
REAL0_RELOC_ONLY,0,0,2,26,4,,,game/common/group,recon/game/common/group.cpp,CreateLiteGroup__15SerializedGroupP15SerializedGroupP9SimpleMem,main,xdef,0,
REAL0_RELOC_ONLY,0,0,4,30,4,,,game/common/group,recon/game/common/group.cpp,LocateCreateGroupType__15SerializedGroupiP9SimpleMemi,main,xdef,0,
REAL0_CLEAN,0,0,0,17,4,,,game/common/group,recon/game/common/group.cpp,LocateGroupNum__15SerializedGroupi,main,xdef,0,
REAL0_CLEAN,0,0,0,28,4,,,game/common/group,recon/game/common/group.cpp,LocateGroupType__15SerializedGroupii,main,xdef,0,
REAL0_CLEAN,0,0,0,10,4,,,game/common/group,recon/game/common/group.cpp,LocateNextGroupType__15SerializedGroupi,main,xdef,0,
REAL0_RELOC_ONLY,0,0,349,661,8,,,game/common/hudpmx,recon/game/common/hudpmx.cpp,HudPmx_InitTextures__Fv,main,xdef,0,
REAL0_RELOC_ONLY,0,0,2,9,8,,,game/common/hudpmx,recon/game/common/hudpmx.cpp,HudPmx_Kill__Fv,main,xdef,0,
REAL0_RELOC_ONLY,0,0,5,30,8,,,game/common/hudpmx,recon/game/common/hudpmx.cpp,HudPmx_LoadShape__FPcP13HudPmx_tShape,main,xdef,0,
REAL0_RELOC_ONLY,0,0,3,10,8,,,game/common/input,recon/game/common/input.cpp,Input_Fetch__Fi,main,xdef,0,
REAL0_RELOC_ONLY,0,0,2,23,8,,,game/common/input,recon/game/common/input.cpp,Input_Gear__Fci,main,xdef,0,
REAL0_RELOC_ONLY,0,0,8,41,8,,,game/common/input,recon/game/common/input.cpp,Input_Interface__FUli,main,xdef,0,
REAL0_RELOC_ONLY,0,0,4,10,8,,,game/common/input,recon/game/common/input.cpp,Input_MainExitKey__Fv,main,xdef,0,
REAL0_RELOC_ONLY,0,0,14,49,8,,,game/common/input,recon/game/common/input.cpp,Input_StartUp__Fv,main,xdef,0,
REAL0_RELOC_ONLY,0,0,13,35,8,,,game/common/input,recon/game/common/input.cpp,Input_Store__Fv,main,xdef,0,
REAL0_RELOC_ONLY,0,0,93,868,8,,,game/common/input,recon/game/common/input.cpp,Input_Update__Fv,main,xdef,0,
REAL0_RELOC_ONLY,0,0,4,28,8,,,game/common/input,recon/game/common/input.cpp,Input_WingCommandMode__Fi,main,xdef,0,
REAL0_RELOC_ONLY,0,0,2,88,4,,,game/common/mathnfs,recon/game/common/mathnfs.cpp,Math_BetterDist__Fii,main,xdef,0,
REAL0_RELOC_ONLY,0,0,1,36,4,,,game/common/mathnfs,recon/game/common/mathnfs.cpp,Math_Dist3D__FP8coorddefT0,main,xdef,0,
REAL0_CLEAN,0,0,0,21,4,,,game/common/mathnfs,recon/game/common/mathnfs.cpp,Math_DistXZ__FP8coorddefT0,main,xdef,0,
REAL0_RELOC_ONLY,0,0,8,43,4,,,game/common/mathnfs,recon/game/common/mathnfs.cpp,Math_NormalizeShortVector__FP8coorddef,main,xdef,0,
REAL0_RELOC_ONLY,0,0,11,110,4,,,game/common/mathnfs,recon/game/common/mathnfs.cpp,Math_NormalizeVector__FP8coorddef,main,xdef,0,
REAL0_RELOC_ONLY,0,0,3,67,4,,,game/common/mathnfs,recon/game/common/mathnfs.cpp,Math_QDNormalizeVector__FP8coorddef,main,xdef,0,
REAL0_RELOC_ONLY,0,0,6,49,4,,,game/common/mathnfs,recon/game/common/mathnfs.cpp,Math_ResolveRotatedVector__FiiiPiT3,main,xdef,0,
REAL0_RELOC_ONLY,0,0,7,101,4,,,game/common/mathnfs,recon/game/common/mathnfs.cpp,Math_VectorLength2__FP8coorddef,main,xdef,0,
REAL0_RELOC_ONLY,0,0,8,103,4,,,game/common/mathnfs,recon/game/common/mathnfs.cpp,Math_VectorLength__FP8coorddef,main,xdef,0,
REAL0_CLEAN,0,0,0,82,4,,,game/common/mathnfs,recon/game/common/mathnfs.cpp,Math_fasttransmult__FP10matrixtdefN20,main,xdef,0,
REAL0_RELOC_ONLY,0,0,4,18,4,,,game/common/minfront,recon/game/common/minfront.cpp,MinFront_ParseOptions__Fv,front,xdef,0,
REAL0_RELOC_ONLY,0,0,20,57,4,,,game/common/mpause,recon/game/common/mpause.cpp,MPause_ControllerLogic__Fv,main,xdef,0,
REAL0_RELOC_ONLY,0,0,5,15,4,,,game/common/mpause,recon/game/common/mpause.cpp,MPause_EndPauseMenu__Fv,main,xdef,0,
REAL0_RELOC_ONLY,0,0,6,14,4,,,game/common/mpause,recon/game/common/mpause.cpp,MPause_InitMPause__Fv,main,xdef,0,
REAL0_RELOC_ONLY,0,0,4,16,4,,,game/common/mpause,recon/game/common/mpause.cpp,MPause_KillMPause__Fv,main,xdef,0,
REAL0_RELOC_ONLY,0,0,48,199,4,,,game/common/mpause,recon/game/common/mpause.cpp,MPause_Logic__Fv,main,xdef,0,
REAL0_RELOC_ONLY,0,0,74,174,4,,,game/common/mpause,recon/game/common/mpause.cpp,MPause_MusicLogic__Fc,main,xdef,0,
REAL0_RELOC_ONLY,0,0,25,106,4,,,game/common/mpause,recon/game/common/mpause.cpp,MPause_Render__Fv,main,xdef,0,
REAL0_RELOC_ONLY,0,0,42,140,4,,,game/common/mpause,recon/game/common/mpause.cpp,MPause_StartPauseMenu__Fv,main,xdef,0,
REAL0_RELOC_ONLY,0,0,51,216,4,,,game/common/mpause,recon/game/common/mpause.cpp,__14tPauseMenuDefs,main,xdef,0,
REAL0_RELOC_ONLY,0,0,32,109,4,,,game/common/mpause,recon/game/common/mpause.cpp,___14tPauseMenuDefs,main,xdef,0,
REAL0_RELOC_ONLY,0,0,1,8,4,,,game/common/new,recon/game/common/new.cpp,__builtin_delete,main,xdef,0,
REAL0_RELOC_ONLY,0,0,1,10,4,,,game/common/new,recon/game/common/new.cpp,__builtin_new,main,xdef,0,
REAL0_RELOC_ONLY,0,0,1,8,4,,,game/common/new,recon/game/common/new.cpp,__builtin_vec_delete,main,xdef,0,
REAL0_RELOC_ONLY,0,0,1,10,4,,,game/common/new,recon/game/common/new.cpp,__builtin_vec_new,main,xdef,0,
REAL0_CLEAN,0,0,0,24,4,,,game/common/newton,recon/game/common/newton.cpp,Netwon_CheckForBadQuad__FP13BO_tNewtonObjP12BWorldSm_Posi,main,xdef,0,
REAL0_RELOC_ONLY,0,0,58,502,4,,,game/common/newton,recon/game/common/newton.cpp,Newton_AddDamageZone__FP13BO_tNewtonObjiii,main,xdef,0,
REAL0_RELOC_ONLY,0,0,29,315,4,,,game/common/newton,recon/game/common/newton.cpp,Newton_ApplyTheLawOfGravity__FP13BO_tNewtonObj,main,xdef,0,
REAL0_RELOC_ONLY,0,0,48,200,4,,,game/common/newton,recon/game/common/newton.cpp,Newton_CalcDistToClosestPlayerCar__FP13BO_tNewtonObj,main,xdef,0,
REAL0_RELOC_ONLY,0,0,4,55,4,,,game/common/newton,recon/game/common/newton.cpp,Newton_CalcPerpenHeightOfCenterPointFromGround__FP13BO_tNewtonObjP8coorddefT1,main,xdef,0,
REAL0_CLEAN,0,0,0,225,4,,,game/common/newton,recon/game/common/newton.cpp,Newton_CalcPerpenHeightOfLowestPointFromGround__FP13BO_tNewtonObjP8coorddefT1,main,xdef,0,
REAL0_RELOC_ONLY,0,0,14,232,4,,,game/common/newton,recon/game/common/newton.cpp,Newton_CalcRealShadowCoordinates__FP8Car_tObji,main,xdef,0,
REAL0_RELOC_ONLY,0,0,31,221,4,,,game/common/newton,recon/game/common/newton.cpp,Newton_CalculateGroundShadowMatrix__FP13BO_tNewtonObjP8coorddefi,main,xdef,0,
REAL0_RELOC_ONLY,0,0,2,61,4,,,game/common/newton,recon/game/common/newton.cpp,Newton_CalculateRoadPositionFromSliceAndPosition__FiP8coorddefP10matrixtdef,main,xdef,0,
REAL0_RELOC_ONLY,0,0,2,66,4,,,game/common/newton,recon/game/common/newton.cpp,Newton_CalculateRoadPosition__FP13BO_tNewtonObj,main,xdef,0,
REAL0_RELOC_ONLY,0,0,6,28,4,,,game/common/newton,recon/game/common/newton.cpp,Newton_CalculateSliceYaw__Fi,main,xdef,0,
REAL0_RELOC_ONLY,0,0,3,49,4,,,game/common/newton,recon/game/common/newton.cpp,Newton_CheckForSpikeBelts__FP13BO_tNewtonObj,main,xdef,0,
REAL0_CLEAN,0,0,0,53,4,,,game/common/newton,recon/game/common/newton.cpp,Newton_CopyRoadMatrixToOrientMat__FP13BO_tNewtonObji,main,xdef,0,
REAL0_CLEAN,0,0,0,53,4,,,game/common/newton,recon/game/common/newton.cpp,Newton_CopyRoadMatrixToShadowMat__FP13BO_tNewtonObji,main,xdef,0,
REAL0_RELOC_ONLY,0,0,1,11,4,,,game/common/newton,recon/game/common/newton.cpp,Newton_FindClosestQuad__FP13BO_tNewtonObj,main,xdef,0,
REAL0_RELOC_ONLY,0,0,2,72,4,,,game/common/newton,recon/game/common/newton.cpp,Newton_FindGroundElevationAndNormalFast__FP13BO_tNewtonObjP8coorddef,main,xdef,0,
REAL0_RELOC_ONLY,0,0,63,905,4,,,game/common/newton,recon/game/common/newton.cpp,Newton_FindGroundElevationAndNormal__FP13BO_tNewtonObjP8coorddef,main,xdef,0,
REAL0_RELOC_ONLY,0,0,5,87,4,,,game/common/newton,recon/game/common/newton.cpp,Newton_FindGroundElevationGeneral__FP8coorddefN20,main,xdef,0,
REAL0_RELOC_ONLY,0,0,9,117,4,,,game/common/newton,recon/game/common/newton.cpp,Newton_FindGroundElevationRough__FP8coorddefN20,main,xdef,0,
REAL0_RELOC_ONLY,0,0,10,99,4,,,game/common/newton,recon/game/common/newton.cpp,Newton_GenerateVector__FiP8coorddefP12BWorldSm_Pos,main,xdef,0,
REAL0_RELOC_ONLY,0,0,12,160,4,,,game/common/newton,recon/game/common/newton.cpp,Newton_InitBaseNewtonObj__FP13BO_tNewtonObjiiiiii,main,xdef,0,
REAL0_CLEAN,0,0,0,38,4,,,game/common/newton,recon/game/common/newton.cpp,Newton_LimitAngularVelocity__FP13BO_tNewtonObj,main,xdef,0,
REAL0_RELOC_ONLY,0,0,3,17,4,,,game/common/newton,recon/game/common/newton.cpp,Newton_LimitCarsToDrivableDist__FP13BO_tNewtonObj,main,xdef,0,
REAL0_RELOC_ONLY,0,0,7,103,4,,,game/common/newton,recon/game/common/newton.cpp,Newton_OptzRotxform__FP10matrixtdefiiiPiiT4,main,xdef,0,
REAL0_RELOC_ONLY,0,0,3,72,4,,,game/common/newton,recon/game/common/newton.cpp,Newton_QDUpdateRot32Hz__FP13BO_tNewtonObj,main,xdef,0,
REAL0_RELOC_ONLY,0,0,3,68,4,,,game/common/newton,recon/game/common/newton.cpp,Newton_QDUpdateRot64Hz__FP13BO_tNewtonObj,main,xdef,0,
REAL0_RELOC_ONLY,0,0,5,57,4,,,game/common/newton,recon/game/common/newton.cpp,Newton_QDUpdateVel__FP13BO_tNewtonObj,main,xdef,0,
REAL0_RELOC_ONLY,0,0,59,275,4,,,game/common/newton,recon/game/common/newton.cpp,Newton_SetInitialSlicePositionOrientationEtc__FP13BO_tNewtonObjiP8coorddefi,main,xdef,0,
REAL0_RELOC_ONLY,0,0,24,228,4,,,game/common/newton,recon/game/common/newton.cpp,Newton_UpdateRoadGeometry__FP13BO_tNewtonObj,main,xdef,0,
REAL0_RELOC_ONLY,0,0,3,35,4,,,game/common/newton,recon/game/common/newton.cpp,Newton_UpdateRoadInfo__FP13BO_tNewtonObj,main,xdef,0,
REAL0_RELOC_ONLY,0,0,7,21,8,,,game/common/nfs3,recon/game/common/nfs3.cpp,LoadFrontendOverlay__Fv,main,xdef,0,
REAL0_RELOC_ONLY,0,0,12,27,8,,,game/common/nfs3,recon/game/common/nfs3.cpp,LoadOverlay__Fv,main,xdef,0,
REAL0_RELOC_ONLY,0,0,26,168,8,,,game/common/nfs3,recon/game/common/nfs3.cpp,NFS4_LoadPerps__Fv,main,xdef,0,
REAL0_RELOC_ONLY,0,0,18,73,8,,,game/common/nfs3,recon/game/common/nfs3.cpp,NFS4_LoadingIcon__Fv,main,xdef,0,
REAL0_RELOC_ONLY,0,0,5,22,8,,,game/common/nfs3,recon/game/common/nfs3.cpp,Nfs2_BefuddleCode__Fv,main,xdef,0,
REAL0_RELOC_ONLY,0,0,24,105,8,,,game/common/nfs3,recon/game/common/nfs3.cpp,Nfs2_CleanUpGameModule__Fv,main,xdef,0,
REAL0_RELOC_ONLY,0,0,47,107,8,,,game/common/nfs3,recon/game/common/nfs3.cpp,Nfs2_GameModuleStartUp__FPi,main,xdef,0,
REAL0_RELOC_ONLY,0,0,9,24,8,,,game/common/nfs3,recon/game/common/nfs3.cpp,Nfs2_ResetGame__Fv,main,xdef,0,
REAL0_RELOC_ONLY,0,0,10,25,8,,,game/common/nfs3,recon/game/common/nfs3.cpp,Nfs2_SystemNLibStartUp__Fv,main,xdef,0,
REAL0_RELOC_ONLY,0,0,110,237,8,,,game/common/nfs3,recon/game/common/nfs3.cpp,main,main,xdef,0,
REAL0_RELOC_ONLY,0,0,6,41,4,,,game/common/object,recon/game/common/object.cpp,BuildObjCollisionMatrix__FiiiP10matrixtdef,main,xdef,0,
REAL0_RELOC_ONLY,0,0,3,51,4,,,game/common/object,recon/game/common/object.cpp,CalcObjExtentPoints__FP8coorddefP8CCOORD16T0P5tQuat,main,xdef,0,
REAL0_RELOC_ONLY,0,0,1,14,4,,,game/common/object,recon/game/common/object.cpp,CalcObjYawAngle__FP8CCOORD16,main,xdef,0,
REAL0_RELOC_ONLY,0,0,8,118,4,,,game/common/object,recon/game/common/object.cpp,Draw__14ObjectSignAnimP13DRender_tViewP11Draw_DCachei,main,xdef,0,
REAL0_RELOC_ONLY,0,0,24,265,4,,,game/common/object,recon/game/common/object.cpp,Draw__15ObjectMultiAnimP13DRender_tViewP11Draw_DCachei,main,xdef,0,
REAL0_RELOC_ONLY,0,0,1,18,4,,,game/common/object,recon/game/common/object.cpp,Draw__22ObjectFinishedSignAnimP13DRender_tViewP11Draw_DCachei,main,xdef,0,
REAL0_CLEAN,0,0,0,2,4,,,game/common/object,recon/game/common/object.cpp,Draw__23ObjectFinishedMultiAnimP13DRender_tViewP11Draw_DCachei,main,xdef,0,
REAL0_RELOC_ONLY,0,0,2,28,4,,,game/common/object,recon/game/common/object.cpp,FindObjInstanceFromSerialNum__FP5Groupi,main,xdef,0,
REAL0_RELOC_ONLY,0,0,5,94,4,,,game/common/object,recon/game/common/object.cpp,GetObjMaxDimensions__FPP13Trk_ObjectDefP14Trk_SimpleInstP8coorddef,main,xdef,0,
REAL0_RELOC_ONLY,0,0,3,53,4,,,game/common/object,recon/game/common/object.cpp,GetSimObj__FiP18Object_tSimObjListPi,main,xdef,0,
REAL0_RELOC_ONLY,0,0,29,213,4,,,game/common/object,recon/game/common/object.cpp,Object_AddCustomObject__FP9SceneElemi,main,xdef,0,
REAL0_RELOC_ONLY,0,0,10,106,4,,,game/common/object,recon/game/common/object.cpp,Object_AddCustomSimObject__FP9SceneElemii,main,xdef,0,
REAL0_RELOC_ONLY,0,0,33,166,4,,,game/common/object,recon/game/common/object.cpp,Object_CheckCollisionResults__FP18Object_tSimObjListiP13BO_tNewtonObj,main,xdef,0,
REAL0_RELOC_ONLY,0,0,14,52,4,,,game/common/object,recon/game/common/object.cpp,Object_ClearCustomObjects__Fv,main,xdef,0,
REAL0_RELOC_ONLY,0,0,9,24,4,,,game/common/object,recon/game/common/object.cpp,Object_DeInitCustomObjects__Fv,main,xdef,0,
REAL0_RELOC_ONLY,0,0,2,10,4,,,game/common/object,recon/game/common/object.cpp,Object_DeInitIMassObjectInfo__Fv,main,xdef,0,
REAL0_RELOC_ONLY,0,0,5,22,4,,,game/common/object,recon/game/common/object.cpp,Object_FindDefWithThisID__Fi,main,xdef,0,
REAL0_RELOC_ONLY,0,0,2,11,4,,,game/common/object,recon/game/common/object.cpp,Object_GetAnim__FP13Trk_SimObject,main,xdef,0,
REAL0_RELOC_ONLY,0,0,1,11,4,,,game/common/object,recon/game/common/object.cpp,Object_GetIMassObjectDimensions__FiP8coorddef,main,xdef,0,
REAL0_RELOC_ONLY,0,0,7,111,4,,,game/common/object,recon/game/common/object.cpp,Object_GetIMassObjectMotion__FiP8coorddefP10matrixtdefT1,main,xdef,0,
REAL0_RELOC_ONLY,0,0,1,3,4,,,game/common/object,recon/game/common/object.cpp,Object_GetNumIMassObjects__Fv,main,xdef,0,
REAL0_RELOC_ONLY,0,0,4,21,4,,,game/common/object,recon/game/common/object.cpp,Object_GetObjDefID__Fi,main,xdef,0,
REAL0_RELOC_ONLY,0,0,11,79,4,,,game/common/object,recon/game/common/object.cpp,Object_GetPointsCollisionData__FP18Object_tSimObjListiPiP8coorddef,main,xdef,0,
REAL0_RELOC_ONLY,0,0,10,67,4,,,game/common/object,recon/game/common/object.cpp,Object_GetRadiusCollisionData__FP18Object_tSimObjListiP8coorddefPi,main,xdef,0,
REAL0_RELOC_ONLY,0,0,26,134,4,,,game/common/object,recon/game/common/object.cpp,Object_InitCollisionCheckLoop__FP12BWorldSm_PosP18Object_tSimObjListPi,main,xdef,0,
REAL0_RELOC_ONLY,0,0,12,33,4,,,game/common/object,recon/game/common/object.cpp,Object_InitCustomObjects__Fv,main,xdef,0,
REAL0_RELOC_ONLY,0,0,22,67,4,,,game/common/object,recon/game/common/object.cpp,Object_InitIMassObjectInfo__Fv,main,xdef,0,
REAL0_RELOC_ONLY,0,0,2,10,4,,,game/common/object,recon/game/common/object.cpp,Object_InitStatus__Fv,main,xdef,0,
REAL0_RELOC_ONLY,0,0,2,27,4,,,game/common/object,recon/game/common/object.cpp,Object_KillStatus__Fv,main,xdef,0,
REAL0_RELOC_ONLY,0,0,4,29,4,,,game/common/object,recon/game/common/object.cpp,SetCautionSurface__FP8coorddefP12BWorldSm_Pos,main,xdef,0,
REAL0_RELOC_ONLY,0,0,27,181,4,,,game/common/object,recon/game/common/object.cpp,__14ObjectSignAnimP8coorddefiP7AnimDefP19Trk_CollideBoomInstP13Trk_ObjectDefP13Trk_SimObjectT1P22ObjectFinishedSignAnim,main,xdef,0,
REAL0_RELOC_ONLY,0,0,11,62,4,,,game/common/object,recon/game/common/object.cpp,__15ObjectMultiAnimP8coorddefP7AnimDefP19Trk_CollideBoomInstP13Trk_ObjectDefP13Trk_SimObjectP23ObjectFinishedMultiAnim,main,xdef,0,
REAL0_RELOC_ONLY,0,0,3,13,4,,,game/common/object,recon/game/common/object.cpp,___10ObjectAnim,main,xdef,0,
REAL0_RELOC_ONLY,0,0,7,45,4,,,game/common/object,recon/game/common/object.cpp,___14ObjectSignAnim,main,xdef,0,
REAL0_RELOC_ONLY,0,0,7,45,4,,,game/common/object,recon/game/common/object.cpp,___15ObjectMultiAnim,main,xdef,0,
REAL0_RELOC_ONLY,0,0,3,13,4,,,game/common/object,recon/game/common/object.cpp,___22ObjectFinishedSignAnim,main,xdef,0,
REAL0_RELOC_ONLY,0,0,3,13,4,,,game/common/object,recon/game/common/object.cpp,___23ObjectFinishedMultiAnim,main,xdef,0,
REAL0_RELOC_ONLY,0,0,8,19,4,,,game/common/paths,recon/game/common/paths.cpp,Paths_StartUp__Fv,main,xdef,0,
REAL0_RELOC_ONLY,0,0,2,66,4,,,game/common/pausemenu,recon/game/common/pausemenu.cpp,CheckForDisabled__6tPMenu,main,xdef,0,
REAL0_CLEAN,0,0,0,2,4,,,game/common/pausemenu,recon/game/common/pausemenu.cpp,Debounce__10tPMenuItem,main,xdef,0,
REAL0_CLEAN,0,0,0,2,4,,,game/common/pausemenu,recon/game/common/pausemenu.cpp,Debounce__25tPMenuItemLeftRightSlider,main,xdef,0,
REAL0_CLEAN,0,0,0,19,4,,,game/common/pausemenu,recon/game/common/pausemenu.cpp,Debounce__6tPMenu,main,xdef,0,
REAL0_RELOC_ONLY,0,0,4,40,4,,,game/common/pausemenu,recon/game/common/pausemenu.cpp,Decrement__14tPListIterator7tPlayer,main,xdef,0,
REAL0_RELOC_ONLY,0,0,4,51,4,,,game/common/pausemenu,recon/game/common/pausemenu.cpp,Decrement__21tPListIteratorIndexed7tPlayer,main,xdef,0,
REAL0_RELOC_ONLY,0,0,1,10,4,,,game/common/pausemenu,recon/game/common/pausemenu.cpp,Draw__21tPMenuItemInteractiveb,main,xdef,0,
REAL0_RELOC_ONLY,0,0,13,118,4,,,game/common/pausemenu,recon/game/common/pausemenu.cpp,Draw__25tPMenuItemLeftRightChoiceb,main,xdef,0,
REAL0_RELOC_ONLY,0,0,1,10,4,,,game/common/pausemenu,recon/game/common/pausemenu.cpp,Draw__28tPMenuItemNonInteractiveTextb,main,xdef,0,
REAL0_RELOC_ONLY,0,0,1,19,4,,,game/common/pausemenu,recon/game/common/pausemenu.cpp,Draw__32tPMenuItemLeftRightSliderIndexedb,main,xdef,0,
REAL0_RELOC_ONLY,0,0,7,60,4,,,game/common/pausemenu,recon/game/common/pausemenu.cpp,Draw__6tPMenu,main,xdef,0,
REAL0_RELOC_ONLY,0,0,3,27,4,,,game/common/pausemenu,recon/game/common/pausemenu.cpp,Increment__14tPListIterator7tPlayer,main,xdef,0,
REAL0_RELOC_ONLY,0,0,3,35,4,,,game/common/pausemenu,recon/game/common/pausemenu.cpp,Increment__21tPListIteratorIndexed7tPlayer,main,xdef,0,
REAL0_RELOC_ONLY,0,0,1,64,4,,,game/common/pausemenu,recon/game/common/pausemenu.cpp,Initialize__6tPMenu,main,xdef,0,
REAL0_CLEAN,0,0,0,3,4,,,game/common/pausemenu,recon/game/common/pausemenu.cpp,IsDisabled__10tPMenuItem,main,xdef,0,
REAL0_CLEAN,0,0,0,5,4,,,game/common/pausemenu,recon/game/common/pausemenu.cpp,IsEnabled__10tPMenuItem,main,xdef,0,
REAL0_CLEAN,0,0,0,2,4,,,game/common/pausemenu,recon/game/common/pausemenu.cpp,IsNavigable__21tPMenuItemInteractive,main,xdef,0,
REAL0_CLEAN,0,0,0,2,4,,,game/common/pausemenu,recon/game/common/pausemenu.cpp,IsNavigable__28tPMenuItemNonInteractiveText,main,xdef,0,
REAL0_RELOC_ONLY,0,0,1,18,4,,,game/common/pausemenu,recon/game/common/pausemenu.cpp,ItemEnabledNum__6tPMenui,main,xdef,0,
REAL0_CLEAN,0,0,0,2,4,,,game/common/pausemenu,recon/game/common/pausemenu.cpp,NextMenu__10tPMenuItem,main,xdef,0,
REAL0_CLEAN,0,0,0,3,4,,,game/common/pausemenu,recon/game/common/pausemenu.cpp,NextMenu__24tPMenuItemGoToMenuButton,main,xdef,0,
REAL0_RELOC_ONLY,0,0,1,20,4,,,game/common/pausemenu,recon/game/common/pausemenu.cpp,NumEnabledItems__6tPMenu,main,xdef,0,
REAL0_RELOC_ONLY,0,0,7,45,4,,,game/common/pausemenu,recon/game/common/pausemenu.cpp,PauseMenu_FullText__FPcsss,main,xdef,0,
REAL0_RELOC_ONLY,0,0,3,30,4,,,game/common/pausemenu,recon/game/common/pausemenu.cpp,PauseMenu_MenuTextPositioned__Fssss,main,xdef,0,
REAL0_RELOC_ONLY,0,0,2,25,4,,,game/common/pausemenu,recon/game/common/pausemenu.cpp,PauseMenu_MenuText__FsbT1,main,xdef,0,
REAL0_CLEAN,0,0,0,2,4,,,game/common/pausemenu,recon/game/common/pausemenu.cpp,ProcessInput__10tPMenuItemR13tInputKeyTypeR13tPMenuCommand,main,xdef,0,
REAL0_RELOC_ONLY,0,0,1,24,4,,,game/common/pausemenu,recon/game/common/pausemenu.cpp,ProcessInput__23tPMenuItemCommandButtonR13tInputKeyTypeR13tPMenuCommand,main,xdef,0,
REAL0_RELOC_ONLY,0,0,1,45,4,,,game/common/pausemenu,recon/game/common/pausemenu.cpp,ProcessInput__24tPMenuItemGoToMenuButtonR13tInputKeyTypeR13tPMenuCommand,main,xdef,0,
REAL0_RELOC_ONLY,0,0,2,35,4,,,game/common/pausemenu,recon/game/common/pausemenu.cpp,ProcessInput__25tPMenuItemLeftRightChoiceR13tInputKeyTypeR13tPMenuCommand,main,xdef,0,
REAL0_RELOC_ONLY,0,0,7,71,4,,,game/common/pausemenu,recon/game/common/pausemenu.cpp,ProcessInput__25tPMenuItemLeftRightSliderR13tInputKeyTypeR13tPMenuCommand,main,xdef,0,
REAL0_RELOC_ONLY,0,0,1,19,4,,,game/common/pausemenu,recon/game/common/pausemenu.cpp,ProcessInput__32tPMenuItemLeftRightSliderIndexedR13tInputKeyTypeR13tPMenuCommand,main,xdef,0,
REAL0_RELOC_ONLY,0,0,10,157,4,,,game/common/pausemenu,recon/game/common/pausemenu.cpp,ProcessInput__6tPMenuR13tInputKeyTypeR13tPMenuCommand,main,xdef,0,
REAL0_CLEAN,0,0,0,20,4,,,game/common/pausemenu,recon/game/common/pausemenu.cpp,TextValue__14tPListIterator7tPlayer,main,xdef,0,
REAL0_CLEAN,0,0,0,20,4,,,game/common/pausemenu,recon/game/common/pausemenu.cpp,TextValue__21tPListIteratorIndexed7tPlayer,main,xdef,0,
REAL0_CLEAN,0,0,0,5,4,,,game/common/pausemenu,recon/game/common/pausemenu.cpp,Value__14tPListIterator7tPlayer,main,xdef,0,
REAL0_CLEAN,0,0,0,9,4,,,game/common/pausemenu,recon/game/common/pausemenu.cpp,Value__21tPListIteratorIndexed7tPlayer,main,xdef,0,
REAL0_RELOC_ONLY,0,0,2,7,4,,,game/common/pausemenu,recon/game/common/pausemenu.cpp,__10tPMenuItemUi,main,xdef,0,
REAL0_RELOC_ONLY,0,0,2,7,4,,,game/common/pausemenu,recon/game/common/pausemenu.cpp,__14tPListIteratorPsPi,main,xdef,0,
REAL0_RELOC_ONLY,0,0,3,17,4,,,game/common/pausemenu,recon/game/common/pausemenu.cpp,__21tPListIteratorIndexedPsPiPc,main,xdef,0,
REAL0_RELOC_ONLY,0,0,3,13,4,,,game/common/pausemenu,recon/game/common/pausemenu.cpp,__21tPMenuItemInteractiveUi,main,xdef,0,
REAL0_RELOC_ONLY,0,0,3,17,4,,,game/common/pausemenu,recon/game/common/pausemenu.cpp,__23tPMenuItemCommandButtonUi17tPMenuCommandType,main,xdef,0,
REAL0_RELOC_ONLY,0,0,3,21,4,,,game/common/pausemenu,recon/game/common/pausemenu.cpp,__24tPMenuItemGoToMenuButtonUiP6tPMenuPFR13tPMenuCommand_v,main,xdef,0,
REAL0_RELOC_ONLY,0,0,3,17,4,,,game/common/pausemenu,recon/game/common/pausemenu.cpp,__25tPMenuItemLeftRightChoiceUiP14tPListIterator,main,xdef,0,
REAL0_RELOC_ONLY,0,0,3,21,4,,,game/common/pausemenu,recon/game/common/pausemenu.cpp,__25tPMenuItemLeftRightSliderUiPic,main,xdef,0,
REAL0_RELOC_ONLY,0,0,3,13,4,,,game/common/pausemenu,recon/game/common/pausemenu.cpp,__28tPMenuItemNonInteractiveTextUi,main,xdef,0,
REAL0_RELOC_ONLY,0,0,3,18,4,,,game/common/pausemenu,recon/game/common/pausemenu.cpp,__32tPMenuItemLeftRightSliderIndexedUiPicPc,main,xdef,0,
REAL0_RELOC_ONLY,0,0,3,19,4,,,game/common/pausemenu,recon/game/common/pausemenu.cpp,__6tPMenuP10tPMenuIteme,main,xdef,0,
REAL0_RELOC_ONLY,0,0,3,13,4,,,game/common/pausemenu,recon/game/common/pausemenu.cpp,___10tPMenuItem,main,xdef,0,
REAL0_RELOC_ONLY,0,0,3,13,4,,,game/common/pausemenu,recon/game/common/pausemenu.cpp,___14tPListIterator,main,xdef,0,
REAL0_RELOC_ONLY,0,0,3,10,4,,,game/common/pausemenu,recon/game/common/pausemenu.cpp,___21tPListIteratorIndexed,main,xdef,0,
REAL0_RELOC_ONLY,0,0,3,10,4,,,game/common/pausemenu,recon/game/common/pausemenu.cpp,___21tPMenuItemInteractive,main,xdef,0,
REAL0_RELOC_ONLY,0,0,3,10,4,,,game/common/pausemenu,recon/game/common/pausemenu.cpp,___23tPMenuItemCommandButton,main,xdef,0,
REAL0_RELOC_ONLY,0,0,3,10,4,,,game/common/pausemenu,recon/game/common/pausemenu.cpp,___24tPMenuItemGoToMenuButton,main,xdef,0,
REAL0_RELOC_ONLY,0,0,3,10,4,,,game/common/pausemenu,recon/game/common/pausemenu.cpp,___25tPMenuItemLeftRightChoice,main,xdef,0,
REAL0_RELOC_ONLY,0,0,3,10,4,,,game/common/pausemenu,recon/game/common/pausemenu.cpp,___25tPMenuItemLeftRightSlider,main,xdef,0,
REAL0_RELOC_ONLY,0,0,3,10,4,,,game/common/pausemenu,recon/game/common/pausemenu.cpp,___28tPMenuItemNonInteractiveText,main,xdef,0,
REAL0_RELOC_ONLY,0,0,3,10,4,,,game/common/pausemenu,recon/game/common/pausemenu.cpp,___32tPMenuItemLeftRightSliderIndexed,main,xdef,0,
REAL0_RELOC_ONLY,0,0,3,13,4,,,game/common/pausemenu,recon/game/common/pausemenu.cpp,___6tPMenu,main,xdef,0,
REAL0_CLEAN,0,0,0,19,4,,,game/common/pausemenu,recon/game/common/pausemenu.cpp,tPMenuConstructor__6tPMenuP10tPMenuItemPv,main,xdef,0,
REAL0_RELOC_ONLY,0,0,18,279,4,,,game/common/physics,recon/game/common/physics.cpp,Physics_AttenuateVelocity__FP8Car_tObjiP10matrixtdef,main,xdef,0,
REAL0_RELOC_ONLY,0,0,7,175,4,,,game/common/physics,recon/game/common/physics.cpp,Physics_AutoShift__FP8Car_tObj,main,xdef,0,
REAL0_RELOC_ONLY,0,0,18,233,4,,,game/common/physics,recon/game/common/physics.cpp,Physics_CalcTractionCircleAcc__FP8Car_tObjP23Physics_tWheelAccStruct,main,xdef,0,
REAL0_RELOC_ONLY,0,0,12,127,4,,,game/common/physics,recon/game/common/physics.cpp,Physics_CalcWheelLockAcc__FP8Car_tObjP23Physics_tWheelAccStruct,main,xdef,0,
REAL0_RELOC_ONLY,0,0,23,324,4,,,game/common/physics,recon/game/common/physics.cpp,Physics_CalculateDerivedCarSpecs__FP8Car_tObj,main,xdef,0,
REAL0_RELOC_ONLY,0,0,14,112,4,,,game/common/physics,recon/game/common/physics.cpp,Physics_CalculateRSControlDesiredPosition__FP8Car_tObjii,main,xdef,0,
REAL0_RELOC_ONLY,0,0,19,95,4,,,game/common/physics,recon/game/common/physics.cpp,Physics_CalculateRoadGripModifiers__FP8Car_tObj,main,xdef,0,
REAL0_CLEAN,0,0,0,2,4,,,game/common/physics,recon/game/common/physics.cpp,Physics_CheckGamedata__Fv,main,xdef,0,
REAL0_RELOC_ONLY,0,0,8,102,4,,,game/common/physics,recon/game/common/physics.cpp,Physics_CorrectPostCollisionYaw__FP8Car_tObjiG8coorddef,main,xdef,0,
SHIM_MASKED,5,0,19,358,4,,PER_FN_TEXT_MOVES,game/common/physics,recon/game/common/physics.cpp,Physics_DoBarrierCheck__FP8Car_tObj,main,xdef,0,
REAL0_CLEAN,0,0,0,86,4,,,game/common/physics,recon/game/common/physics.cpp,Physics_FixEngineRpm__FP8Car_tObj,main,xdef,0,
REAL0_CLEAN,0,0,0,15,4,,,game/common/physics,recon/game/common/physics.cpp,Physics_GetTorque__FP8Car_tObji,main,xdef,0,
REAL0_RELOC_ONLY,0,0,33,167,4,,,game/common/physics,recon/game/common/physics.cpp,Physics_InitCarSpecs__FP8Car_tObjP10Udff_tInfo,main,xdef,0,
REAL0_RELOC_ONLY,0,0,44,502,4,,,game/common/physics,recon/game/common/physics.cpp,Physics_RampCarControlValues__FP8Car_tObj,main,xdef,0,
REAL0_RELOC_ONLY,0,0,1,39,4,,,game/common/physics,recon/game/common/physics.cpp,Physics_ResetCar__FP8Car_tObj,main,xdef,0,
REAL0_RELOC_ONLY,0,0,1,3,4,,,game/common/physics,recon/game/common/physics.cpp,Physics_SetCurrentWallType__Fi,main,xdef,0,
REAL0_RELOC_ONLY,0,0,4,33,4,,,game/common/physics,recon/game/common/physics.cpp,Physics_SimCar__FP8Car_tObj,main,xdef,0,
REAL0_CLEAN,0,0,0,54,4,,,game/common/physics,recon/game/common/physics.cpp,Physics_StopCar__FP8Car_tObj,main,xdef,0,
REAL0_RELOC_ONLY,0,0,2,22,4,,,game/common/physics,recon/game/common/physics.cpp,Physics_TestForBarrierCollision__FP8Car_tObj,main,xdef,0,
REAL0_RELOC_ONLY,0,0,5,66,4,,,game/common/quatern,recon/game/common/quatern.cpp,Quatern_Interpolate__FP5tQuatT0P8coorddefT2iT0T2,main,xdef,0,
REAL0_RELOC_ONLY,0,0,25,231,4,,,game/common/quatern,recon/game/common/quatern.cpp,Quatern_MatToQuat__FP10matrixtdefP5tQuat,main,xdef,0,
REAL0_CLEAN,0,0,0,68,4,,,game/common/quatern,recon/game/common/quatern.cpp,Quatern_QuatToMat__FP5tQuatP10matrixtdef,main,xdef,0,
REAL0_RELOC_ONLY,0,0,3,44,4,,,game/common/quatern,recon/game/common/quatern.cpp,Quatern_VecInterpolate__FP8coorddefT0iT0,main,xdef,0,
REAL0_RELOC_ONLY,0,0,10,58,8,,,game/common/r3dcar,recon/game/common/r3dcar.cpp,R3DCar_ChangeTrafficColor__FP8Car_tObji,main,xdef,0,
REAL0_RELOC_ONLY,0,0,26,90,8,,,game/common/r3dcar,recon/game/common/r3dcar.cpp,R3DCar_CleanUp__Fv,main,xdef,0,
REAL0_RELOC_ONLY,0,0,13,80,8,,,game/common/r3dcar,recon/game/common/r3dcar.cpp,R3DCar_DeInstantiate3DCarMenu__FP8Car_tObj,main,xdef,0,
REAL0_RELOC_ONLY,0,0,1,15,8,,,game/common/r3dcar,recon/game/common/r3dcar.cpp,R3DCar_DeInstantiate3DCar__FP8Car_tObj,main,xdef,0,
REAL0_RELOC_ONLY,0,0,9,37,8,,,game/common/r3dcar,recon/game/common/r3dcar.cpp,R3DCar_GetCarName__FPcii,main,xdef,0,
REAL0_RELOC_ONLY,0,0,6,23,8,,,game/common/r3dcar,recon/game/common/r3dcar.cpp,R3DCar_GetFileName__FPcN20,main,xdef,0,
REAL0_RELOC_ONLY,0,0,79,301,8,,,game/common/r3dcar,recon/game/common/r3dcar.cpp,R3DCar_InsertAllListFacet__FP13DRender_tView,main,xdef,0,
REAL0_RELOC_ONLY,0,0,64,379,8,,,game/common/r3dcar,recon/game/common/r3dcar.cpp,R3DCar_InsertCarFacetII__FP8Car_tObj,main,xdef,0,
REAL0_RELOC_ONLY,0,0,44,266,8,,,game/common/r3dcar,recon/game/common/r3dcar.cpp,R3DCar_InsertCarFacetMenuII__FP8Car_tObji,main,xdef,0,
REAL0_RELOC_ONLY,0,0,1,8,8,,,game/common/r3dcar,recon/game/common/r3dcar.cpp,R3DCar_InsertCarFacetZ__FP8Car_tObjP13DRender_tView,main,xdef,0,
REAL0_RELOC_ONLY,0,0,125,520,8,,,game/common/r3dcar,recon/game/common/r3dcar.cpp,R3DCar_Instantiate3DCar__FP8Car_tObji,main,xdef,0,
REAL0_RELOC_ONLY,0,0,5,18,8,,,game/common/r3dcar,recon/game/common/r3dcar.cpp,R3DCar_LoadFileAdr__FPc,main,xdef,0,
REAL0_CLEAN,0,0,0,10,8,,,game/common/r3dcar,recon/game/common/r3dcar.cpp,R3DCar_MATRIX3DT_Copy__FPiT0,main,xdef,0,
REAL0_RELOC_ONLY,0,0,22,57,8,,,game/common/r3dcar,recon/game/common/r3dcar.cpp,R3DCar_PostStartUp__Fv,main,xdef,0,
REAL0_RELOC_ONLY,0,0,18,322,8,,,game/common/r3dcar,recon/game/common/r3dcar.cpp,R3DCar_ReadInCarData__FPcP8Car_tObj,main,xdef,0,
REAL0_RELOC_ONLY,0,0,50,211,8,,,game/common/r3dcar,recon/game/common/r3dcar.cpp,R3DCar_ReadInCarTextureMenu__FP8Car_tObjPcii,main,xdef,0,
REAL0_RELOC_ONLY,0,0,7,30,8,,,game/common/r3dcar,recon/game/common/r3dcar.cpp,R3DCar_Restart__Fv,main,xdef,0,
REAL0_RELOC_ONLY,0,0,2,20,8,,,game/common/r3dcar,recon/game/common/r3dcar.cpp,R3DCar_Showroom__FP13DRender_tView,main,xdef,0,
REAL0_RELOC_ONLY,0,0,23,52,8,,,game/common/r3dcar,recon/game/common/r3dcar.cpp,R3DCar_StartUp__Fv,main,xdef,0,
REAL0_CLEAN,0,0,0,21,8,,,game/common/r3dcar,recon/game/common/r3dcar.cpp,R3DCar_TurnHeadLightOff__FP8Car_tObji,main,xdef,0,
REAL0_CLEAN,0,0,0,24,8,,,game/common/r3dcar,recon/game/common/r3dcar.cpp,R3DCar_TurnHeadLightOn__FP8Car_tObji,main,xdef,0,
REAL0_RELOC_ONLY,0,0,8,234,8,,,game/common/r3dcar,recon/game/common/r3dcar.cpp,R3DCar_Visibilty__FP8Car_tObjP13DRender_tView,main,xdef,0,
REAL0_RELOC_ONLY,0,0,21,58,8,,,game/common/r3dcar,recon/game/common/r3dcar.cpp,R3DCcar_ReadTrackShadow__Fv,main,xdef,0,
REAL0_RELOC_ONLY,0,0,13,46,8,,,game/common/r3dcar,recon/game/common/r3dcar.cpp,R3DCcar_ReadeMapData__Fv,main,xdef,0,
REAL0_RELOC_ONLY,0,0,10,67,4,,,game/common/render,recon/game/common/render.cpp,FlareThing__Fv,main,xdef,0,
REAL0_RELOC_ONLY,0,0,2,19,4,,,game/common/render,recon/game/common/render.cpp,Render_CreatePauseMenuViews__Fv,main,xdef,0,
REAL0_RELOC_ONLY,0,0,9,59,4,,,game/common/render,recon/game/common/render.cpp,Render_CreatePlayerViews__Fv,main,xdef,0,
REAL0_RELOC_ONLY,0,0,4,14,4,,,game/common/render,recon/game/common/render.cpp,Render_CreateViews__Fv,main,xdef,0,
REAL0_RELOC_ONLY,0,0,5,26,4,,,game/common/render,recon/game/common/render.cpp,Render_InitBlurMode__Fv,main,xdef,0,
REAL0_RELOC_ONLY,0,0,1,8,4,,,game/common/render,recon/game/common/render.cpp,Render_InitLibRender__Fv,main,xdef,0,
REAL0_RELOC_ONLY,0,0,1,8,4,,,game/common/render,recon/game/common/render.cpp,Render_InitPauseMenu__Fv,main,xdef,0,
REAL0_RELOC_ONLY,0,0,3,11,4,,,game/common/render,recon/game/common/render.cpp,Render_InitTrackRenderPostSim__Fv,main,xdef,0,
REAL0_RELOC_ONLY,0,0,18,46,4,,,game/common/render,recon/game/common/render.cpp,Render_InitTrackRender__Fv,main,xdef,0,
REAL0_RELOC_ONLY,0,0,12,120,4,,,game/common/render,recon/game/common/render.cpp,Render_InsertDepthOfField__Fv,main,xdef,0,
REAL0_RELOC_ONLY,0,0,1,8,4,,,game/common/render,recon/game/common/render.cpp,Render_KillPauseMenu__Fv,main,xdef,0,
REAL0_RELOC_ONLY,0,0,10,26,4,,,game/common/render,recon/game/common/render.cpp,Render_KillTrackRender__Fv,main,xdef,0,
REAL0_CLEAN,0,0,0,2,4,,,game/common/render,recon/game/common/render.cpp,Render_RenderDebugView__Fv,main,xdef,0,
REAL0_RELOC_ONLY,0,0,13,22,4,,,game/common/render,recon/game/common/render.cpp,Render_RenderPauseMenuView__Fv,main,xdef,0,
REAL0_RELOC_ONLY,0,0,6,19,4,,,game/common/render,recon/game/common/render.cpp,Render_RenderPlayerView__Fii,main,xdef,0,
REAL0_RELOC_ONLY,0,0,13,41,4,,,game/common/render,recon/game/common/render.cpp,Render_RenderWorld__FP13DRender_tView,main,xdef,0,
REAL0_RELOC_ONLY,0,0,39,80,4,,,game/common/render,recon/game/common/render.cpp,Render_Render__Fi,main,xdef,0,
REAL0_RELOC_ONLY,0,0,6,18,4,,,game/common/render,recon/game/common/render.cpp,Render_RestartTrackRender__Fv,main,xdef,0,
REAL0_RELOC_ONLY,0,0,5,16,4,,,game/common/render,recon/game/common/render.cpp,Render_StartFrameRender__Fv,main,xdef,0,
REAL0_RELOC_ONLY,0,0,11,31,4,,,game/common/render,recon/game/common/render.cpp,Render_StartRenderingWorldView__Fi,main,xdef,0,
REAL0_RELOC_ONLY,0,0,1,8,4,,,game/common/render,recon/game/common/render.cpp,Render_StopFrameRender__Fv,main,xdef,0,
REAL0_RELOC_ONLY,0,0,1,8,4,,,game/common/render,recon/game/common/render.cpp,Render_StopRenderingWorldView__Fi,main,xdef,0,
REAL0_RELOC_ONLY,0,0,8,87,4,,,game/common/render,recon/game/common/render.cpp,StampImage__Fii,main,xdef,0,
REAL0_RELOC_ONLY,0,0,6,49,4,,,game/common/replay,recon/game/common/replay.cpp,Replay_Compress__FPc,main,xdef,0,
REAL0_RELOC_ONLY,0,0,5,36,4,,,game/common/replay,recon/game/common/replay.cpp,Replay_Decompress__FPc,main,xdef,0,
REAL0_RELOC_ONLY,0,0,4,17,4,,,game/common/replay,recon/game/common/replay.cpp,Replay_DoReplay__FP8Car_tObj,main,xdef,0,
REAL0_RELOC_ONLY,0,0,70,280,4,,,game/common/replay,recon/game/common/replay.cpp,Replay_GetInput__Fi,main,xdef,0,
REAL0_RELOC_ONLY,0,0,83,292,4,,,game/common/replay,recon/game/common/replay.cpp,Replay_GetInterfaceKey__Fv,main,xdef,0,
REAL0_RELOC_ONLY,0,0,19,105,4,,,game/common/replay,recon/game/common/replay.cpp,Replay_InitReplay__Fv,main,xdef,0,
REAL0_RELOC_ONLY,0,0,41,219,4,,,game/common/replay,recon/game/common/replay.cpp,Replay_LoadCameraFile__Fv,main,xdef,0,
REAL0_CLEAN,0,0,0,2,4,,,game/common/replay,recon/game/common/replay.cpp,Replay_LoadReplay__Fv,main,xdef,0,
REAL0_RELOC_ONLY,0,0,43,170,4,,,game/common/replay,recon/game/common/replay.cpp,Replay_ReplayChooseCamera__Fii,main,xdef,0,
REAL0_RELOC_ONLY,0,0,26,282,4,,,game/common/replay,recon/game/common/replay.cpp,Replay_ReplayFindClosestCamera__Fii,main,xdef,0,
REAL0_RELOC_ONLY,0,0,25,86,4,,,game/common/replay,recon/game/common/replay.cpp,Replay_ResetReplay__Fv,main,xdef,0,
REAL0_RELOC_ONLY,0,0,20,231,4,,,game/common/replay,recon/game/common/replay.cpp,Replay_RetreivingControllerData__Fv,main,xdef,0,
REAL0_RELOC_ONLY,0,0,17,197,4,,,game/common/replay,recon/game/common/replay.cpp,Replay_SaveInput__Fi,main,xdef,0,
REAL0_RELOC_ONLY,0,0,12,35,4,,,game/common/replay,recon/game/common/replay.cpp,Replay_SaveReplay__Fv,main,xdef,0,
REAL0_RELOC_ONLY,0,0,38,243,4,,,game/common/replay,recon/game/common/replay.cpp,Replay_StoringControllerData__FG15tControllerData,main,xdef,0,
REAL0_RELOC_ONLY,0,0,2,8,4,,,game/common/replay,recon/game/common/replay.cpp,Replay_StoringReplay__Fv,main,xdef,0,
REAL0_RELOC_ONLY,0,0,6,42,4,,,game/common/scene,recon/game/common/scene.cpp,GetPlaneY__FPC8coorddefN20,main,xdef,0,
REAL0_RELOC_ONLY,0,0,6,40,4,,,game/common/scene,recon/game/common/scene.cpp,Scene_BuildCustomSceneList__Fv,main,xdef,0,
REAL0_RELOC_ONLY,0,0,1,8,4,,,game/common/scene,recon/game/common/scene.cpp,Scene_DeInit__Fv,main,xdef,0,
REAL0_RELOC_ONLY,0,0,1,5,4,,,game/common/scene,recon/game/common/scene.cpp,Scene_Init__Fi,main,xdef,0,
REAL0_RELOC_ONLY,0,0,16,36,4,,,game/common/scene,recon/game/common/scene.cpp,Scene_LoadSceneFile__Fi,main,xdef,0,
REAL0_RELOC_ONLY,0,0,4,13,4,,,game/common/scene,recon/game/common/scene.cpp,Scene_PurgeScene__Fv,main,xdef,0,
REAL0_RELOC_ONLY,0,0,1,45,4,,,game/common/schedule,recon/game/common/schedule.cpp,Sched_AddFunction__FP15Sched_tSchedulePFPv_vPvi,main,xdef,0,
REAL0_RELOC_ONLY,0,0,1,8,4,,,game/common/schedule,recon/game/common/schedule.cpp,Sched_CleanUpSchedule__FP15Sched_tSchedule,main,xdef,0,
REAL0_RELOC_ONLY,0,0,1,28,4,,,game/common/schedule,recon/game/common/schedule.cpp,Sched_CreateNewSchedule__FPci,main,xdef,0,
REAL0_RELOC_ONLY,0,0,1,51,4,,,game/common/schedule,recon/game/common/schedule.cpp,Sched_DeleteFunction__FP15Sched_tSchedulePFPv_vPv,main,xdef,0,
REAL0_RELOC_ONLY,0,0,18,77,4,,,game/common/schedule,recon/game/common/schedule.cpp,Sched_ExecuteCheck__FiiiiPiN24i,main,xdef,0,
REAL0_CLEAN,0,0,0,29,4,,,game/common/schedule,recon/game/common/schedule.cpp,Sched_Execute__FP15Sched_tSchedule,main,xdef,0,
REAL0_RELOC_ONLY,0,0,19,43,4,,,game/common/sim,recon/game/common/sim.cpp,Sim_CheckForPause__Fi,main,xdef,0,
REAL0_RELOC_ONLY,0,0,18,41,4,,,game/common/sim,recon/game/common/sim.cpp,Sim_CleanUp__Fv,main,xdef,0,
REAL0_RELOC_ONLY,0,0,16,32,4,,,game/common/sim,recon/game/common/sim.cpp,Sim_FadeInSFX__Fv,main,xdef,0,
REAL0_RELOC_ONLY,0,0,28,65,4,,,game/common/sim,recon/game/common/sim.cpp,Sim_ProcessPause__Fv,main,xdef,0,
REAL0_RELOC_ONLY,0,0,96,201,4,,,game/common/sim,recon/game/common/sim.cpp,Sim_ProcessSimSchedules__Fv,main,xdef,0,
REAL0_RELOC_ONLY,0,0,23,51,4,,,game/common/sim,recon/game/common/sim.cpp,Sim_Restart__Fv,main,xdef,0,
REAL0_RELOC_ONLY,0,0,33,69,4,,,game/common/sim,recon/game/common/sim.cpp,Sim_StartUp__Fv,main,xdef,0,
REAL0_CLEAN,0,0,0,19,4,,,game/common/simplemem,recon/game/common/simplemem.cpp,Alloc__9SimpleMemii,main,xdef,0,
REAL0_RELOC_ONLY,0,0,1,8,4,,,game/common/simplemem,recon/game/common/simplemem.cpp,FeignAlloc__9SimpleMemi,main,xdef,0,
REAL0_RELOC_ONLY,0,0,1,12,4,,,game/common/simplemem,recon/game/common/simplemem.cpp,ResizeToFit__9SimpleMem,main,xdef,0,
REAL0_RELOC_ONLY,0,0,2,5,4,,,game/common/simqueue,recon/game/common/simqueue.cpp,SimQueue_CleanUp__Fv,main,xdef,0,
REAL0_RELOC_ONLY,0,0,2,10,4,,,game/common/simqueue,recon/game/common/simqueue.cpp,SimQueue_GetCurrentInput__FiP14Input_tResults,main,xdef,0,
REAL0_RELOC_ONLY,0,0,6,21,4,,,game/common/simqueue,recon/game/common/simqueue.cpp,SimQueue_IsBlocking__Fi,main,xdef,0,
REAL0_RELOC_ONLY,0,0,9,70,4,,,game/common/simqueue,recon/game/common/simqueue.cpp,SimQueue_Put__FiP14Input_tResults,main,xdef,0,
REAL0_RELOC_ONLY,0,0,10,40,4,,,game/common/simqueue,recon/game/common/simqueue.cpp,SimQueue_Reset__Fv,main,xdef,0,
REAL0_RELOC_ONLY,0,0,3,11,4,,,game/common/simqueue,recon/game/common/simqueue.cpp,SimQueue_SetLag__Fv,main,xdef,0,
REAL0_RELOC_ONLY,0,0,3,11,4,,,game/common/simqueue,recon/game/common/simqueue.cpp,SimQueue_StartUp__Fv,main,xdef,0,
REAL0_RELOC_ONLY,0,0,2,14,4,,,game/common/souffle,recon/game/common/souffle.cpp,GetAngleWind__FP17Souffle_tISouffle,main,xdef,0,
REAL0_RELOC_ONLY,0,0,3,18,4,,,game/common/souffle,recon/game/common/souffle.cpp,GetGustWind__FP17Souffle_tISouffle,main,xdef,0,
REAL0_CLEAN,0,0,0,16,4,,,game/common/souffle,recon/game/common/souffle.cpp,MoveAngleWind__FP17Souffle_tISouffle,main,xdef,0,
REAL0_RELOC_ONLY,0,0,13,120,4,,,game/common/souffle,recon/game/common/souffle.cpp,Souffle_Add__FP8coorddefiT0iii,main,xdef,0,
REAL0_RELOC_ONLY,0,0,1,24,4,,,game/common/souffle,recon/game/common/souffle.cpp,Souffle_CircleClip__FP8coorddefT0i,main,xdef,0,
REAL0_RELOC_ONLY,0,0,33,295,4,,,game/common/souffle,recon/game/common/souffle.cpp,Souffle_DoSouffle__Fv,main,xdef,0,
REAL0_RELOC_ONLY,0,0,9,16,4,,,game/common/souffle,recon/game/common/souffle.cpp,Souffle_InitTrackSouffle__Fv,main,xdef,0,
REAL0_RELOC_ONLY,0,0,6,59,4,,,game/common/souffle,recon/game/common/souffle.cpp,Souffle_InsertFacet__FP13DRender_tView,main,xdef,0,
REAL0_RELOC_ONLY,0,0,3,10,4,,,game/common/souffle,recon/game/common/souffle.cpp,Souffle_KillTrackSouffle__Fv,main,xdef,0,
REAL0_RELOC_ONLY,0,0,5,7,4,,,game/common/souffle,recon/game/common/souffle.cpp,Souffle_RestartTrackSouffle__Fv,main,xdef,0,
REAL0_RELOC_ONLY,0,0,1,21,4,,,game/common/spchevnt,recon/game/common/spchevnt.c,SPCHNFS_C_A_CONFIRM,main,xdef,0,
REAL0_RELOC_ONLY,0,0,1,22,4,,,game/common/spchevnt,recon/game/common/spchevnt.c,SPCHNFS_C_A_INTRO,main,xdef,0,
REAL0_RELOC_ONLY,0,0,1,18,4,,,game/common/spchevnt,recon/game/common/spchevnt.c,SPCHNFS_C_C_IDLE_WINGMAN_DISAPPEARS,main,xdef,0,
REAL0_RELOC_ONLY,0,0,1,22,4,,,game/common/spchevnt,recon/game/common/spchevnt.c,SPCHNFS_C_C_IN_PURS_NEAR_PERP,main,xdef,0,
REAL0_RELOC_ONLY,0,0,1,19,4,,,game/common/spchevnt,recon/game/common/spchevnt.c,SPCHNFS_C_C_NEW_OFFICER_ENGAGING,main,xdef,0,
REAL0_RELOC_ONLY,0,0,1,29,4,,,game/common/spchevnt,recon/game/common/spchevnt.c,SPCHNFS_C_C_PERP_REAQUIRED,main,xdef,0,
REAL0_RELOC_ONLY,0,0,1,21,4,,,game/common/spchevnt,recon/game/common/spchevnt.c,SPCHNFS_C_D_DURING_FALSE_ARREST,main,xdef,0,
REAL0_RELOC_ONLY,0,0,1,18,4,,,game/common/spchevnt,recon/game/common/spchevnt.c,SPCHNFS_C_D_ENDGAME,main,xdef,0,
REAL0_RELOC_ONLY,0,0,1,40,4,,,game/common/spchevnt,recon/game/common/spchevnt.c,SPCHNFS_C_D_ENGAGE_PURS_REP_SPDR,main,xdef,0,
REAL0_RELOC_ONLY,0,0,1,37,4,,,game/common/spchevnt,recon/game/common/spchevnt.c,SPCHNFS_C_D_ENGAGE_PURS_REP_SPDR_REPLY,main,xdef,0,
REAL0_RELOC_ONLY,0,0,1,35,4,,,game/common/spchevnt,recon/game/common/spchevnt.c,SPCHNFS_C_D_IN_PURS_AWAY_PERP_REPLY_LOC,main,xdef,0,
REAL0_RELOC_ONLY,0,0,1,29,4,,,game/common/spchevnt,recon/game/common/spchevnt.c,SPCHNFS_C_D_IN_PURS_AWAY_PERP_REPLY_STS,main,xdef,0,
REAL0_RELOC_ONLY,0,0,1,31,4,,,game/common/spchevnt,recon/game/common/spchevnt.c,SPCHNFS_C_D_IN_PURS_LOOK_PERP_REPLY_LOC,main,xdef,0,
REAL0_RELOC_ONLY,0,0,1,24,4,,,game/common/spchevnt,recon/game/common/spchevnt.c,SPCHNFS_C_D_IN_PURS_LOOK_PERP_REPLY_STS,main,xdef,0,
REAL0_RELOC_ONLY,0,0,1,24,4,,,game/common/spchevnt,recon/game/common/spchevnt.c,SPCHNFS_C_D_IN_PURS_NEAR_PERP_REP_LOC,main,xdef,0,
REAL0_RELOC_ONLY,0,0,1,21,4,,,game/common/spchevnt,recon/game/common/spchevnt.c,SPCHNFS_C_D_IN_PURS_NEAR_PERP_REP_SPD,main,xdef,0,
REAL0_RELOC_ONLY,0,0,1,31,4,,,game/common/spchevnt,recon/game/common/spchevnt.c,SPCHNFS_C_D_IN_PURS_NEAR_PERP_REP_STS,main,xdef,0,
REAL0_RELOC_ONLY,0,0,1,18,4,,,game/common/spchevnt,recon/game/common/spchevnt.c,SPCHNFS_C_D_IN_PURS_PERP_AIRBORN,main,xdef,0,
REAL0_RELOC_ONLY,0,0,1,21,4,,,game/common/spchevnt,recon/game/common/spchevnt.c,SPCHNFS_C_D_PERP_APPREHENSION,main,xdef,0,
REAL0_RELOC_ONLY,0,0,1,34,4,,,game/common/spchevnt,recon/game/common/spchevnt.c,SPCHNFS_C_D_PERP_CRASH_GEN,main,xdef,0,
REAL0_RELOC_ONLY,0,0,1,29,4,,,game/common/spchevnt,recon/game/common/spchevnt.c,SPCHNFS_C_D_PERP_CRASH_ROLL,main,xdef,0,
REAL0_RELOC_ONLY,0,0,1,34,4,,,game/common/spchevnt,recon/game/common/spchevnt.c,SPCHNFS_C_D_PERP_LOST,main,xdef,0,
REAL0_RELOC_ONLY,0,0,1,35,4,,,game/common/spchevnt,recon/game/common/spchevnt.c,SPCHNFS_C_D_PERP_SIGHTED,main,xdef,0,
REAL0_RELOC_ONLY,0,0,1,22,4,,,game/common/spchevnt,recon/game/common/spchevnt.c,SPCHNFS_C_D_RDBLK_FAILED,main,xdef,0,
REAL0_RELOC_ONLY,0,0,1,29,4,,,game/common/spchevnt,recon/game/common/spchevnt.c,SPCHNFS_C_D_REQUEST_BKUP,main,xdef,0,
REAL0_RELOC_ONLY,0,0,1,21,4,,,game/common/spchevnt,recon/game/common/spchevnt.c,SPCHNFS_C_D_REQUEST_EMS,main,xdef,0,
REAL0_RELOC_ONLY,0,0,1,18,4,,,game/common/spchevnt,recon/game/common/spchevnt.c,SPCHNFS_C_D_REQ_RDBLK,main,xdef,0,
REAL0_RELOC_ONLY,0,0,1,18,4,,,game/common/spchevnt,recon/game/common/spchevnt.c,SPCHNFS_C_D_REQ_SPBLT,main,xdef,0,
REAL0_RELOC_ONLY,0,0,1,22,4,,,game/common/spchevnt,recon/game/common/spchevnt.c,SPCHNFS_C_D_SPBLT_FAILED,main,xdef,0,
REAL0_RELOC_ONLY,0,0,1,21,4,,,game/common/spchevnt,recon/game/common/spchevnt.c,SPCHNFS_C_P_ARRESTED,main,xdef,0,
REAL0_RELOC_ONLY,0,0,1,18,4,,,game/common/spchevnt,recon/game/common/spchevnt.c,SPCHNFS_C_P_BULLHORN_SPEECH,main,xdef,0,
REAL0_RELOC_ONLY,0,0,1,18,4,,,game/common/spchevnt,recon/game/common/spchevnt.c,SPCHNFS_C_P_FALSE_ARREST_BULLHORN,main,xdef,0,
REAL0_RELOC_ONLY,0,0,1,21,4,,,game/common/spchevnt,recon/game/common/spchevnt.c,SPCHNFS_C_P_TICKET,main,xdef,0,
REAL0_RELOC_ONLY,0,0,1,21,4,,,game/common/spchevnt,recon/game/common/spchevnt.c,SPCHNFS_C_P_WARNING,main,xdef,0,
REAL0_RELOC_ONLY,0,0,1,18,4,,,game/common/spchevnt,recon/game/common/spchevnt.c,SPCHNFS_D_A_CONFIRM,main,xdef,0,
REAL0_RELOC_ONLY,0,0,1,26,4,,,game/common/spchevnt,recon/game/common/spchevnt.c,SPCHNFS_D_C_BEGIN_PURS_REP_SPDR,main,xdef,0,
REAL0_RELOC_ONLY,0,0,1,16,4,,,game/common/spchevnt,recon/game/common/spchevnt.c,SPCHNFS_D_C_BKUP_REQUEST_DENIED_REPLY,main,xdef,0,
REAL0_RELOC_ONLY,0,0,1,23,4,,,game/common/spchevnt,recon/game/common/spchevnt.c,SPCHNFS_D_C_BKUP_REQUEST_GRANT_REPLY,main,xdef,0,
REAL0_RELOC_ONLY,0,0,1,20,4,,,game/common/spchevnt,recon/game/common/spchevnt.c,SPCHNFS_D_C_INTRO_CALL,main,xdef,0,
REAL0_RELOC_ONLY,0,0,1,27,4,,,game/common/spchevnt,recon/game/common/spchevnt.c,SPCHNFS_D_C_IN_PURS_AWAY_PERP_CONFIRM,main,xdef,0,
REAL0_RELOC_ONLY,0,0,1,18,4,,,game/common/spchevnt,recon/game/common/spchevnt.c,SPCHNFS_D_C_IN_PURS_NEAR_PERP,main,xdef,0,
REAL0_RELOC_ONLY,0,0,1,27,4,,,game/common/spchevnt,recon/game/common/spchevnt.c,SPCHNFS_D_C_IN_PURS_NEAR_PERP_CONFIRM,main,xdef,0,
REAL0_RELOC_ONLY,0,0,1,22,4,,,game/common/spchevnt,recon/game/common/spchevnt.c,SPCHNFS_D_C_PERP_APPREHENSION_REPLY,main,xdef,0,
REAL0_RELOC_ONLY,0,0,1,19,4,,,game/common/spchevnt,recon/game/common/spchevnt.c,SPCHNFS_D_C_PERP_LOST_CONFIRM,main,xdef,0,
REAL0_RELOC_ONLY,0,0,1,19,4,,,game/common/spchevnt,recon/game/common/spchevnt.c,SPCHNFS_D_C_PERP_SIGHTED_CONFIRM,main,xdef,0,
REAL0_RELOC_ONLY,0,0,1,21,4,,,game/common/spchevnt,recon/game/common/spchevnt.c,SPCHNFS_D_C_RDBLK_CONFIRMED,main,xdef,0,
REAL0_RELOC_ONLY,0,0,1,18,4,,,game/common/spchevnt,recon/game/common/spchevnt.c,SPCHNFS_D_C_RDBLK_SPBLT_DENIED_REPLY,main,xdef,0,
REAL0_RELOC_ONLY,0,0,1,21,4,,,game/common/spchevnt,recon/game/common/spchevnt.c,SPCHNFS_D_C_RDBLK_SPBLT_GRANT_REPLY,main,xdef,0,
REAL0_RELOC_ONLY,0,0,1,26,4,,,game/common/spchevnt,recon/game/common/spchevnt.c,SPCHNFS_D_C_SPBLT_CONFIRMED,main,xdef,0,
REAL0_RELOC_ONLY,0,0,1,18,4,,,game/common/spchevnt,recon/game/common/spchevnt.c,SPCHNFS_S_C_SUPER_COP_ARRIVAL,main,xdef,0,
REAL0_RELOC_ONLY,0,0,1,18,4,,,game/common/spchevnt,recon/game/common/spchevnt.c,SPCHNFS_S_C_SUPER_COP_CRITICISM,main,xdef,0,
REAL0_RELOC_ONLY,0,0,1,24,4,,,game/common/spchevnt,recon/game/common/spchevnt.c,SPCHNFS_W_D_RDBLK_PLC,main,xdef,0,
REAL0_RELOC_ONLY,0,0,1,30,4,,,game/common/spchevnt,recon/game/common/spchevnt.c,SPCHNFS_W_D_SPBLT_PLC,main,xdef,0,
REAL0_CLEAN,0,0,0,2,4,,,game/common/speech,recon/game/common/speech.cpp,Accident__Q26Speech13MobileSpeakeri,main,xdef,0,
REAL0_CLEAN,0,0,0,2,4,,,game/common/speech,recon/game/common/speech.cpp,Accident__Q26Speech15DispatchSpeakeri,main,xdef,0,
REAL0_CLEAN,0,0,0,2,4,,,game/common/speech,recon/game/common/speech.cpp,Accident__Q26Speech7Speakeri,main,xdef,0,
REAL0_RELOC_ONLY,0,0,6,59,4,,,game/common/speech,recon/game/common/speech.cpp,Activate__Q26Speech13MobileSpeakerP8Car_tObj,main,xdef,0,
REAL0_RELOC_ONLY,0,0,2,39,4,,,game/common/speech,recon/game/common/speech.cpp,Activate__Q26Speech15DispatchSpeakeri,main,xdef,0,
REAL0_CLEAN,0,0,0,12,4,,,game/common/speech,recon/game/common/speech.cpp,AddPerp__Q26Speech15DispatchSpeakerP8Car_tObj,main,xdef,0,
REAL0_RELOC_ONLY,0,0,7,62,4,,,game/common/speech,recon/game/common/speech.cpp,Backup__Q26Speech13MobileSpeaker,main,xdef,0,
REAL0_CLEAN,0,0,0,2,4,,,game/common/speech,recon/game/common/speech.cpp,Backup__Q26Speech7Speaker,main,xdef,0,
REAL0_CLEAN,0,0,0,15,4,,,game/common/speech,recon/game/common/speech.cpp,BankPatch__6SpeechlP8Car_tObj,main,xdef,0,
REAL0_RELOC_ONLY,0,0,3,13,4,,,game/common/speech,recon/game/common/speech.cpp,Bullhorn__Q26Speech13MobileSpeaker,main,xdef,0,
REAL0_CLEAN,0,0,0,2,4,,,game/common/speech,recon/game/common/speech.cpp,Bullhorn__Q26Speech7Speaker,main,xdef,0,
REAL0_RELOC_ONLY,0,0,1,18,4,,,game/common/speech,recon/game/common/speech.cpp,CalcMph__Q26Speech7SpeakerP8Car_tObj,main,xdef,0,
REAL0_RELOC_ONLY,0,0,5,133,4,,,game/common/speech,recon/game/common/speech.cpp,CalculateBankSize__6SpeechPcPQ26Speech11CarBankNamePlT3,main,xdef,0,
REAL0_RELOC_ONLY,0,0,1,3,4,,,game/common/speech,recon/game/common/speech.cpp,CallSign__Q26Speech13MobileSpeaker,main,xdef,0,
REAL0_RELOC_ONLY,0,0,1,3,4,,,game/common/speech,recon/game/common/speech.cpp,CallSign__Q26Speech15DispatchSpeaker,main,xdef,0,
REAL0_CLEAN,0,0,0,2,4,,,game/common/speech,recon/game/common/speech.cpp,CallSign__Q26Speech7Speaker,main,xdef,0,
REAL0_CLEAN,0,0,0,3,4,,,game/common/speech,recon/game/common/speech.cpp,CarObj__Q26Speech13MobileSpeaker,main,xdef,0,
REAL0_CLEAN,0,0,0,2,4,,,game/common/speech,recon/game/common/speech.cpp,CarObj__Q26Speech7Speaker,main,xdef,0,
REAL0_RELOC_ONLY,0,0,25,175,4,,,game/common/speech,recon/game/common/speech.cpp,Catch__Q26Speech13MobileSpeakeri,main,xdef,0,
REAL0_CLEAN,0,0,0,2,4,,,game/common/speech,recon/game/common/speech.cpp,Catch__Q26Speech7Speakeri,main,xdef,0,
REAL0_RELOC_ONLY,0,0,13,78,4,,,game/common/speech,recon/game/common/speech.cpp,CheckCallSignBank__6SpeechPQ26Speech12CallSignBankPci,main,xdef,0,
REAL0_RELOC_ONLY,0,0,1,45,4,,,game/common/speech,recon/game/common/speech.cpp,CheckCarBank__6SpeechPQ26Speech7CarBankPciPQ26Speech11CarBankName,main,xdef,0,
SHIM_MASKED,3,0,7,65,4,,PER_FN_TEXT_MOVES,game/common/speech,recon/game/common/speech.cpp,CheckLocationBank__6SpeechPQ26Speech12LocationBankPci,main,xdef,0,
REAL0_RELOC_ONLY,0,0,34,104,4,,,game/common/speech,recon/game/common/speech.cpp,CheckMultiBank__6SpeechPciPQ26Speech11CarBankName,main,xdef,0,
REAL0_RELOC_ONLY,0,0,6,66,4,,,game/common/speech,recon/game/common/speech.cpp,Check__Q26Speech7CarBankPciPQ26Speech11CarBankName,main,xdef,0,
REAL0_CLEAN,0,0,0,12,4,,,game/common/speech,recon/game/common/speech.cpp,ClearPerp__Q26Speech15DispatchSpeakerP8Car_tObj,main,xdef,0,
REAL0_CLEAN,0,0,0,2,4,,,game/common/speech,recon/game/common/speech.cpp,ClearPerp__Q26Speech7SpeakerP8Car_tObj,main,xdef,0,
REAL0_RELOC_ONLY,0,0,4,28,4,,,game/common/speech,recon/game/common/speech.cpp,CountLocations__6Speech,main,xdef,0,
REAL0_RELOC_ONLY,0,0,7,61,4,,,game/common/speech,recon/game/common/speech.cpp,Deny__Q26Speech15DispatchSpeaker,main,xdef,0,
REAL0_CLEAN,0,0,0,2,4,,,game/common/speech,recon/game/common/speech.cpp,Deny__Q26Speech7Speaker,main,xdef,0,
REAL0_RELOC_ONLY,0,0,2,14,4,,,game/common/speech,recon/game/common/speech.cpp,Dispatch__6Speech,main,xdef,0,
REAL0_RELOC_ONLY,0,0,3,121,4,,,game/common/speech,recon/game/common/speech.cpp,DistToPerp__Q26Speech13MobileSpeaker,main,xdef,0,
REAL0_CLEAN,0,0,0,2,4,,,game/common/speech,recon/game/common/speech.cpp,DistToPerp__Q26Speech7Speaker,main,xdef,0,
REAL0_RELOC_ONLY,0,0,6,37,4,,,game/common/speech,recon/game/common/speech.cpp,Distance__Q26Speech12LocationBanki,main,xdef,0,
REAL0_RELOC_ONLY,0,0,49,467,4,,,game/common/speech,recon/game/common/speech.cpp,Engage__Q26Speech13MobileSpeakerP8Car_tObj,main,xdef,0,
REAL0_CLEAN,0,0,0,2,4,,,game/common/speech,recon/game/common/speech.cpp,Engage__Q26Speech7SpeakerP8Car_tObj,main,xdef,0,
REAL0_RELOC_ONLY,0,0,3,54,4,,,game/common/speech,recon/game/common/speech.cpp,FindClosestLocationTo__6SpeechPQ26Speech12LocationBanki,main,xdef,0,
REAL0_RELOC_ONLY,0,0,2,10,4,,,game/common/speech,recon/game/common/speech.cpp,FindClosestLocationTo__Q26Speech13MobileSpeakeri,main,xdef,0,
REAL0_RELOC_ONLY,0,0,2,10,4,,,game/common/speech,recon/game/common/speech.cpp,FindClosestLocationTo__Q26Speech15DispatchSpeakeri,main,xdef,0,
REAL0_CLEAN,0,0,0,2,4,,,game/common/speech,recon/game/common/speech.cpp,FindClosestLocationTo__Q26Speech7Speakeri,main,xdef,0,
REAL0_RELOC_ONLY,0,0,27,190,4,,,game/common/speech,recon/game/common/speech.cpp,FindLocation__Q26Speech7SpeakerP8Car_tObj,main,xdef,0,
REAL0_RELOC_ONLY,0,0,6,41,4,,,game/common/speech,recon/game/common/speech.cpp,FindMobile__6SpeechP8Car_tObj,main,xdef,0,
REAL0_RELOC_ONLY,0,0,1,6,4,,,game/common/speech,recon/game/common/speech.cpp,GetCarBank__Q26Speech13MobileSpeakeri,main,xdef,0,
REAL0_RELOC_ONLY,0,0,1,7,4,,,game/common/speech,recon/game/common/speech.cpp,GetCarBank__Q26Speech15DispatchSpeakeri,main,xdef,0,
REAL0_CLEAN,0,0,0,2,4,,,game/common/speech,recon/game/common/speech.cpp,GetCarBank__Q26Speech7Speakeri,main,xdef,0,
REAL0_RELOC_ONLY,0,0,2,10,4,,,game/common/speech,recon/game/common/speech.cpp,GetVoice__6SpeechP8Car_tObj,main,xdef,0,
REAL0_RELOC_ONLY,0,0,3,25,4,,,game/common/speech,recon/game/common/speech.cpp,Grant__Q26Speech15DispatchSpeaker,main,xdef,0,
REAL0_CLEAN,0,0,0,2,4,,,game/common/speech,recon/game/common/speech.cpp,Grant__Q26Speech7Speaker,main,xdef,0,
REAL0_CLEAN,0,0,0,7,4,,,game/common/speech,recon/game/common/speech.cpp,IsSuper__Q26Speech13MobileSpeaker,main,xdef,0,
REAL0_CLEAN,0,0,0,2,4,,,game/common/speech,recon/game/common/speech.cpp,IsSuper__Q26Speech7Speaker,main,xdef,0,
REAL0_CLEAN,0,0,0,12,4,,,game/common/speech,recon/game/common/speech.cpp,KnownPerp__Q26Speech15DispatchSpeakerP8Car_tObj,main,xdef,0,
REAL0_CLEAN,0,0,0,2,4,,,game/common/speech,recon/game/common/speech.cpp,KnownPerp__Q26Speech7SpeakerP8Car_tObj,main,xdef,0,
SHIM_MASKED,6,2,21,270,4,,PER_FN_TEXT_MOVES,game/common/speech,recon/game/common/speech.cpp,LoadBankHeaders__6SpeechPcPQ26Speech11CarBankNamell,main,xdef,0,
REAL0_CLEAN,0,0,0,2,4,,,game/common/speech,recon/game/common/speech.cpp,Lose__Q26Speech7Speaker,main,xdef,0,
REAL0_RELOC_ONLY,0,0,4,18,4,,,game/common/speech,recon/game/common/speech.cpp,Mobile__6SpeechP8Car_tObj,main,xdef,0,
REAL0_CLEAN,0,0,0,3,4,,,game/common/speech,recon/game/common/speech.cpp,Perp__Q26Speech13MobileSpeaker,main,xdef,0,
REAL0_CLEAN,0,0,0,2,4,,,game/common/speech,recon/game/common/speech.cpp,Perp__Q26Speech7Speaker,main,xdef,0,
REAL0_CLEAN,0,0,0,39,4,,,game/common/speech,recon/game/common/speech.cpp,PickVoice__6SpeechP8Car_tObj,main,xdef,0,
REAL0_RELOC_ONLY,0,0,4,27,4,,,game/common/speech,recon/game/common/speech.cpp,Promote__Q26Speech7Speaker,main,xdef,0,
REAL0_CLEAN,0,0,0,2,4,,,game/common/speech,recon/game/common/speech.cpp,PurgeStatusSub__Q26Speech15DispatchSpeaker,main,xdef,0,
REAL0_CLEAN,0,0,0,2,4,,,game/common/speech,recon/game/common/speech.cpp,PurgeStatusSub__Q26Speech7Speaker,main,xdef,0,
REAL0_RELOC_ONLY,0,0,51,149,4,,,game/common/speech,recon/game/common/speech.cpp,Purge__Q26Speech13MobileSpeaker,main,xdef,0,
REAL0_CLEAN,0,0,0,2,4,,,game/common/speech,recon/game/common/speech.cpp,Purge__Q26Speech7Speaker,main,xdef,0,
REAL0_RELOC_ONLY,0,0,4,43,4,,,game/common/speech,recon/game/common/speech.cpp,ReActivate__Q26Speech13MobileSpeaker,main,xdef,0,
REAL0_CLEAN,0,0,0,2,4,,,game/common/speech,recon/game/common/speech.cpp,ReActivate__Q26Speech7Speaker,main,xdef,0,
REAL0_RELOC_ONLY,0,0,1,43,4,,,game/common/speech,recon/game/common/speech.cpp,Ready__Q26Speech15DispatchSpeakerP8Car_tObj,main,xdef,0,
REAL0_CLEAN,0,0,0,2,4,,,game/common/speech,recon/game/common/speech.cpp,Ready__Q26Speech7SpeakerP8Car_tObj,main,xdef,0,
REAL0_RELOC_ONLY,0,0,8,63,4,,,game/common/speech,recon/game/common/speech.cpp,ReportBlockade__Q26Speech13MobileSpeaker,main,xdef,0,
REAL0_CLEAN,0,0,0,2,4,,,game/common/speech,recon/game/common/speech.cpp,ReportBlockade__Q26Speech7Speaker,main,xdef,0,
REAL0_RELOC_ONLY,0,0,10,59,4,,,game/common/speech,recon/game/common/speech.cpp,Report__Q26Speech13MobileSpeakerP8Car_tObj,main,xdef,0,
REAL0_CLEAN,0,0,0,2,4,,,game/common/speech,recon/game/common/speech.cpp,Report__Q26Speech7SpeakerP8Car_tObj,main,xdef,0,
REAL0_RELOC_ONLY,0,0,30,103,4,,,game/common/speech,recon/game/common/speech.cpp,Reset__6Speech,main,xdef,0,
REAL0_RELOC_ONLY,0,0,10,69,4,,,game/common/speech,recon/game/common/speech.cpp,RoadBlock__Q26Speech13MobileSpeaker,main,xdef,0,
REAL0_CLEAN,0,0,0,2,4,,,game/common/speech,recon/game/common/speech.cpp,RoadBlock__Q26Speech7Speaker,main,xdef,0,
SHIM_MASKED,4,0,10,94,4,,PER_FN_TEXT_MOVES,game/common/speech,recon/game/common/speech.cpp,Roger__Q26Speech13MobileSpeaker,main,xdef,0,
REAL0_RELOC_ONLY,0,0,15,157,4,,,game/common/speech,recon/game/common/speech.cpp,Roger__Q26Speech15DispatchSpeaker,main,xdef,0,
REAL0_CLEAN,0,0,0,2,4,,,game/common/speech,recon/game/common/speech.cpp,Roger__Q26Speech7Speaker,main,xdef,0,
REAL0_RELOC_ONLY,0,0,8,50,4,,,game/common/speech,recon/game/common/speech.cpp,SetCar__Q26Speech11CarBankNamei,main,xdef,0,
REAL0_RELOC_ONLY,0,0,5,72,4,,,game/common/speech,recon/game/common/speech.cpp,SetCar__Q26Speech7SpeakerP8Car_tObj,main,xdef,0,
REAL0_RELOC_ONLY,0,0,1,8,4,,,game/common/speech,recon/game/common/speech.cpp,SetDelayedStatus__6SpeechPQ26Speech7Speakeri,main,xdef,0,
REAL0_RELOC_ONLY,0,0,7,75,4,,,game/common/speech,recon/game/common/speech.cpp,SetSpeed__Q26Speech13MobileSpeakerP8Car_tObj,main,xdef,0,
REAL0_RELOC_ONLY,0,0,1,11,4,,,game/common/speech,recon/game/common/speech.cpp,Speech_AllocateRAM__FlPc,main,xdef,0,
REAL0_RELOC_ONLY,0,0,1,8,4,,,game/common/speech,recon/game/common/speech.cpp,Speech_HandleRequest__Fllll,main,xdef,0,
REAL0_RELOC_ONLY,0,0,1,8,4,,,game/common/speech,recon/game/common/speech.cpp,Speech_PurgeRAM__FPc,main,xdef,0,
REAL0_RELOC_ONLY,0,0,1,15,4,,,game/common/speech,recon/game/common/speech.cpp,Speech_Server__Fv,main,xdef,0,
REAL0_RELOC_ONLY,0,0,10,69,4,,,game/common/speech,recon/game/common/speech.cpp,SpikeBelt__Q26Speech13MobileSpeaker,main,xdef,0,
REAL0_CLEAN,0,0,0,2,4,,,game/common/speech,recon/game/common/speech.cpp,SpikeBelt__Q26Speech7Speaker,main,xdef,0,
REAL0_CLEAN,0,0,0,3,4,,,game/common/speech,recon/game/common/speech.cpp,StatusCount__Q26Speech15DispatchSpeaker,main,xdef,0,
REAL0_CLEAN,0,0,0,2,4,,,game/common/speech,recon/game/common/speech.cpp,StatusCount__Q26Speech7Speaker,main,xdef,0,
REAL0_CLEAN,0,0,0,3,4,,,game/common/speech,recon/game/common/speech.cpp,StatusSub__Q26Speech15DispatchSpeaker,main,xdef,0,
REAL0_CLEAN,0,0,0,2,4,,,game/common/speech,recon/game/common/speech.cpp,StatusSub__Q26Speech7Speaker,main,xdef,0,
SHIM_MASKED,9,0,46,358,4,,PER_FN_TEXT_MOVES,game/common/speech,recon/game/common/speech.cpp,Status__Q26Speech13MobileSpeaker,main,xdef,0,
REAL0_RELOC_ONLY,0,0,21,366,4,,,game/common/speech,recon/game/common/speech.cpp,Status__Q26Speech15DispatchSpeaker,main,xdef,0,
REAL0_CLEAN,0,0,0,2,4,,,game/common/speech,recon/game/common/speech.cpp,Status__Q26Speech7Speaker,main,xdef,0,
REAL0_CLEAN,0,0,0,3,4,,,game/common/speech,recon/game/common/speech.cpp,Unit__Q26Speech13MobileSpeaker,main,xdef,0,
REAL0_CLEAN,0,0,0,2,4,,,game/common/speech,recon/game/common/speech.cpp,Unit__Q26Speech7Speaker,main,xdef,0,
REAL0_RELOC_ONLY,0,0,57,232,4,,,game/common/speech,recon/game/common/speech.cpp,__6Speech,main,xdef,0,
REAL0_RELOC_ONLY,0,0,6,45,4,,,game/common/speech,recon/game/common/speech.cpp,___6Speech,main,xdef,0,
REAL0_RELOC_ONLY,0,0,2,16,4,,,game/common/stats,recon/game/common/stats.cpp,Stats_ClearPosition__Fv,main,xdef,0,
REAL0_RELOC_ONLY,0,0,25,111,4,,,game/common/stats,recon/game/common/stats.cpp,Stats_DoPlayerGlue__Fv,main,xdef,0,
REAL0_RELOC_ONLY,0,0,51,493,4,,,game/common/stats,recon/game/common/stats.cpp,Stats_ExtrapolateOpponentTimes__Fi,main,xdef,0,
REAL0_RELOC_ONLY,0,0,4,21,4,,,game/common/stats,recon/game/common/stats.cpp,Stats_GetNumOpponents__Fv,main,xdef,0,
REAL0_RELOC_ONLY,0,0,5,21,4,,,game/common/stats,recon/game/common/stats.cpp,Stats_GetPosition__FP8Car_tObj,main,xdef,0,
REAL0_RELOC_ONLY,0,0,39,258,4,,,game/common/stats,recon/game/common/stats.cpp,Stats_TrackStats__FP8Car_tObj,main,xdef,0,
REAL0_RELOC_ONLY,0,0,8,19,4,,,game/common/textsys,recon/game/common/textsys.cpp,TextSys_LoadInGame__Fi,main,xdef,0,
REAL0_RELOC_ONLY,0,0,9,33,4,,,game/common/textsys,recon/game/common/textsys.cpp,TextSys_LoadWordsGeneric__FiPc,main,xdef,0,
REAL0_RELOC_ONLY,0,0,3,10,4,,,game/common/textsys,recon/game/common/textsys.cpp,TextSys_LoadWords__Fi,main,xdef,0,
REAL0_RELOC_ONLY,0,0,3,10,4,,,game/common/textsys,recon/game/common/textsys.cpp,TextSys_UnloadWords__Fv,main,xdef,0,
REAL0_RELOC_ONLY,0,0,1,8,4,,,game/common/textsys,recon/game/common/textsys.cpp,TextSys_WordFlags__Fi,main,xdef,0,
REAL0_RELOC_ONLY,0,0,1,8,4,,,game/common/textsys,recon/game/common/textsys.cpp,TextSys_WordX__Fi,main,xdef,0,
REAL0_RELOC_ONLY,0,0,1,8,4,,,game/common/textsys,recon/game/common/textsys.cpp,TextSys_WordY__Fi,main,xdef,0,
REAL0_RELOC_ONLY,0,0,1,8,4,,,game/common/textsys,recon/game/common/textsys.cpp,TextSys_Word__Fi,main,xdef,0,
REAL0_RELOC_ONLY,0,0,1,16,4,,,game/common/track,recon/game/common/track.cpp,AllocArtResource__FP18Track_tArtresourcei,main,xdef,0,
REAL0_RELOC_ONLY,0,0,5,25,4,,,game/common/track,recon/game/common/track.cpp,CalcObjDefPtrs__Fv,main,xdef,0,
REAL0_RELOC_ONLY,0,0,4,152,4,,,game/common/track,recon/game/common/track.cpp,CalcObjectBoundingSphere__FP5GroupT0,main,xdef,0,
REAL0_RELOC_ONLY,0,0,3,9,4,,,game/common/track,recon/game/common/track.cpp,DeInitArtResources__Fv,main,xdef,0,
REAL0_RELOC_ONLY,0,0,5,12,4,,,game/common/track,recon/game/common/track.cpp,InitArtResources__Fv,main,xdef,0,
REAL0_RELOC_ONLY,0,0,1,27,4,,,game/common/track,recon/game/common/track.cpp,InvalidatePersistentCollideBoomObjects__FP5GroupT0,main,xdef,0,
REAL0_RELOC_ONLY,0,0,7,17,4,,,game/common/track,recon/game/common/track.cpp,KillFile_OpenRead__Fv,main,xdef,0,
REAL0_CLEAN,0,0,0,8,4,,,game/common/track,recon/game/common/track.cpp,KillFile_ReadEntry__FPciRiT2,main,xdef,0,
REAL0_RELOC_ONLY,0,0,4,46,4,,,game/common/track,recon/game/common/track.cpp,LoadShapesAndMakePmx_EnvMap__FPcP12Draw_tPixMapii,main,xdef,0,
REAL0_RELOC_ONLY,0,0,31,211,4,,,game/common/track,recon/game/common/track.cpp,LoadShapesAndMakePmx__FPcP12Draw_tPixMapiii,main,xdef,0,
REAL0_RELOC_ONLY,0,0,3,40,4,,,game/common/track,recon/game/common/track.cpp,ReduceObjectPrecision__FP5GroupT0i,main,xdef,0,
REAL0_CLEAN,0,0,0,27,4,,,game/common/track,recon/game/common/track.cpp,RestoreAll__11SaveSurface,main,xdef,0,
REAL0_CLEAN,0,0,0,25,4,,,game/common/track,recon/game/common/track.cpp,Save__11SaveSurfaceP14Trk_NewSimQuad,main,xdef,0,
REAL0_RELOC_ONLY,0,0,39,107,4,,,game/common/track,recon/game/common/track.cpp,TexturesLoadInitial__Fv,main,xdef,0,
REAL0_RELOC_ONLY,0,0,8,102,4,,,game/common/track,recon/game/common/track.cpp,Track_AnimateTextures__Fv,main,xdef,0,
REAL0_CLEAN,0,0,0,2,4,,,game/common/track,recon/game/common/track.cpp,Track_AnimateTrackLighting__Fv,main,xdef,0,
REAL0_RELOC_ONLY,0,0,5,91,4,,,game/common/track,recon/game/common/track.cpp,Track_AssociateSingleMaterial__FP12Trk_MaterialP15Track_tMaterialP18Track_tArtresource,main,xdef,0,
REAL0_RELOC_ONLY,0,0,22,53,4,,,game/common/track,recon/game/common/track.cpp,Track_DeInit__Fv,main,xdef,0,
REAL0_RELOC_ONLY,0,0,1,20,4,,,game/common/track,recon/game/common/track.cpp,Track_GetProperMultiPalShapeIndex__Fii,main,xdef,0,
REAL0_RELOC_ONLY,0,0,30,119,4,,,game/common/track,recon/game/common/track.cpp,Track_InitPersistentData__FP15SerializedGroup,main,xdef,0,
REAL0_RELOC_ONLY,0,0,83,283,4,,,game/common/track,recon/game/common/track.cpp,Track_Init__FPc,main,xdef,0,
REAL0_RELOC_ONLY,0,0,36,241,4,,,game/common/track,recon/game/common/track.cpp,Track_LinkMaterials__FP15SerializedGroupiP15Track_tMaterial,main,xdef,0,
REAL0_RELOC_ONLY,0,0,6,86,4,,,game/common/track,recon/game/common/track.cpp,Track_LoadObjectKillData__Fv,main,xdef,0,
REAL0_RELOC_ONLY,0,0,8,18,4,,,game/common/track,recon/game/common/track.cpp,Track_MakeTrackDataPathName__FPc,main,xdef,0,
REAL0_RELOC_ONLY,0,0,8,18,4,,,game/common/track,recon/game/common/track.cpp,Track_MakeTrackPathName__FPc,main,xdef,0,
REAL0_RELOC_ONLY,0,0,5,90,4,,,game/common/track,recon/game/common/track.cpp,Track_ProcessFlipAndUVFlags__FiP12Draw_tPixMapT1,main,xdef,0,
REAL0_RELOC_ONLY,0,0,1,4,4,,,game/common/track,recon/game/common/track.cpp,Track_SetTrackNumber__Fi,main,xdef,0,
REAL0_RELOC_ONLY,0,0,3,17,4,,,game/common/track,recon/game/common/track.cpp,__11SaveSurfacei,main,xdef,0,
REAL0_RELOC_ONLY,0,0,2,18,4,,,game/common/track,recon/game/common/track.cpp,___11SaveSurface,main,xdef,0,
REAL0_RELOC_ONLY,0,0,4,15,4,,,game/common/trgsfx,recon/game/common/trgsfx.cpp,TrgSfx_AddCarExtraCheck__Fii,main,xdef,0,
REAL0_RELOC_ONLY,0,0,5,37,4,,,game/common/trgsfx,recon/game/common/trgsfx.cpp,TrgSfx_AddCarExtraSfx__FiiP8coorddefiT2iii,main,xdef,0,
REAL0_RELOC_ONLY,0,0,5,27,4,,,game/common/trgsfx,recon/game/common/trgsfx.cpp,TrgSfx_AddCarSfx__FiP8coorddefiT1,main,xdef,0,
REAL0_RELOC_ONLY,0,0,5,45,4,,,game/common/trgsfx,recon/game/common/trgsfx.cpp,TrgSfx_AddCarSplash__FiiP8coorddefiT2ii,main,xdef,0,
REAL0_RELOC_ONLY,0,0,5,44,4,,,game/common/trgsfx,recon/game/common/trgsfx.cpp,TrgSfx_AddCarWheelSfx__FiiP8coorddefiT2i,main,xdef,0,
REAL0_RELOC_ONLY,0,0,5,26,4,,,game/common/trgsfx,recon/game/common/trgsfx.cpp,TrgSfx_AddEnviroEffect__FiiP8coorddefT2,main,xdef,0,
REAL0_RELOC_ONLY,0,0,57,313,4,,,game/common/trgsfx,recon/game/common/trgsfx.cpp,TrgSfx_AddSkidmark__FiiP8coorddefiiP8Car_tObji,main,xdef,0,
REAL0_RELOC_ONLY,0,0,7,43,4,,,game/common/trgsfx,recon/game/common/trgsfx.cpp,TrgSfx_CrashCar__FP8coorddef,main,xdef,0,
REAL0_RELOC_ONLY,0,0,19,54,4,,,game/common/trgsfx,recon/game/common/trgsfx.cpp,TrgSfx_InitTrgSfx__Fv,main,xdef,0,
REAL0_CLEAN,0,0,0,2,4,,,game/common/trgsfx,recon/game/common/trgsfx.cpp,TrgSfx_KillTrgSfx__Fv,main,xdef,0,
REAL0_RELOC_ONLY,0,0,2,10,4,,,game/common/trgsfx,recon/game/common/trgsfx.cpp,TrgSfx_RestartTrgSfx__Fv,main,xdef,0,
REAL0_RELOC_ONLY,0,0,2,21,4,,,game/common/udff,recon/game/common/udff.cpp,Udff_Close__FP10Udff_tInfo,main,xdef,0,
REAL0_RELOC_ONLY,0,0,1,18,4,,,game/common/udff,recon/game/common/udff.cpp,Udff_GetBuffer__FP10Udff_tInfoPci,main,xdef,0,
REAL0_CLEAN,0,0,0,6,4,,,game/common/udff,recon/game/common/udff.cpp,Udff_GetInt__FP10Udff_tInfo,main,xdef,0,
REAL0_RELOC_ONLY,0,0,10,50,4,,,game/common/udff,recon/game/common/udff.cpp,Udff_Opena__FPcT0i,main,xdef,0,
REAL0_RELOC_ONLY,0,0,10,74,4,,,game/psx/audio,recon/game/psx/audio.cpp,AudioCmn_AddBank__FPciT0i,main,xdef,0,
REAL0_RELOC_ONLY,0,0,7,33,4,,,game/psx/audio,recon/game/psx/audio.cpp,AudioCmn_LoadBank__FPci,main,xdef,0,
REAL0_RELOC_ONLY,0,0,3,23,4,,,game/psx/audio,recon/game/psx/audio.cpp,Audio_CleanUp__Fv,main,xdef,0,
REAL0_RELOC_ONLY,0,0,8,23,4,,,game/psx/audio,recon/game/psx/audio.cpp,Audio_DeInitDriver__Fv,main,xdef,0,
REAL0_RELOC_ONLY,0,0,4,18,4,,,game/psx/audio,recon/game/psx/audio.cpp,Audio_FECleanUp__Fv,main,xdef,0,
REAL0_RELOC_ONLY,0,0,19,56,4,,,game/psx/audio,recon/game/psx/audio.cpp,Audio_InitDriver__Fii,main,xdef,0,
REAL0_RELOC_ONLY,0,0,6,30,8,,,game/psx/cario,recon/game/psx/cario.cpp,CarIO_CleanUpLicense__Fi,main,xdef,0,
REAL0_RELOC_ONLY,0,0,3,10,8,,,game/psx/cario,recon/game/psx/cario.cpp,CarIO_CleanUp__Fv,main,xdef,0,
REAL0_RELOC_ONLY,0,0,5,113,8,,,game/psx/cario,recon/game/psx/cario.cpp,CarIO_CopyFromShape__FPsT0iiii,main,xdef,0,
REAL0_RELOC_ONLY,0,0,3,42,8,,,game/psx/cario,recon/game/psx/cario.cpp,CarIO_CopyToShape__FPsT0i,main,xdef,0,
REAL0_RELOC_ONLY,0,0,5,39,8,,,game/psx/cario,recon/game/psx/cario.cpp,CarIO_LicenseCheck__FiPiT1P8Car_tObji,main,xdef,0,
REAL0_RELOC_ONLY,0,0,5,19,8,,,game/psx/cario,recon/game/psx/cario.cpp,CarIO_ReStart__Fv,main,xdef,0,
REAL0_RELOC_ONLY,0,0,2,26,8,,,game/psx/cario,recon/game/psx/cario.cpp,CarIO_ReleaseCarCluts__FP8Car_tObj,main,xdef,0,
REAL0_RELOC_ONLY,0,0,13,27,8,,,game/psx/cario,recon/game/psx/cario.cpp,CarIO_StartUp__Fv,main,xdef,0,
REAL0_RELOC_ONLY,0,0,39,298,8,,,game/psx/cario,recon/game/psx/cario.cpp,CarIO_UpdateCarTextureData__FPcP8Car_tObji,main,xdef,0,
REAL0_RELOC_ONLY,0,0,7,64,8,,,game/psx/device,recon/game/psx/device.cpp,Device_Analog__FUl,main,xdef,0,
REAL0_RELOC_ONLY,0,0,7,28,8,,,game/psx/device,recon/game/psx/device.cpp,Device_Fail__Fi,main,xdef,0,
REAL0_CLEAN,0,0,0,2,8,,,game/psx/device,recon/game/psx/device.cpp,Device_Null__FUl,main,xdef,0,
REAL0_RELOC_ONLY,0,0,17,55,8,,,game/psx/device,recon/game/psx/device.cpp,Device_PSXPadMulti__FUl,main,xdef,0,
REAL0_RELOC_ONLY,0,0,3,26,8,,,game/psx/device,recon/game/psx/device.cpp,Device_PSXPad__FUl,main,xdef,0,
REAL0_RELOC_ONLY,0,0,17,140,8,,,game/psx/device,recon/game/psx/device.cpp,Device_ReadPad__FiUl,main,xdef,0,
REAL0_RELOC_ONLY,0,0,2,25,8,,,game/psx/device,recon/game/psx/device.cpp,Device_SetHardCodedKeys__Fv,main,xdef,0,
REAL0_RELOC_ONLY,0,0,7,10,8,,,game/psx/device,recon/game/psx/device.cpp,Device_StartUp__Fv,main,xdef,0,
REAL0_RELOC_ONLY,0,0,28,56,8,,,game/psx/device,recon/game/psx/device.cpp,Device_Update__Fv,main,xdef,0,
REAL0_RELOC_ONLY,0,0,10,42,8,,,game/psx/device,recon/game/psx/device.cpp,Device_VerifyType__Fi,main,xdef,0,
REAL0_RELOC_ONLY,0,0,35,79,4,,,game/psx/draw,recon/game/psx/draw.cpp,AllocatePrimitivesBuffer__Fv,main,xdef,0,
REAL0_RELOC_ONLY,0,0,8,23,4,,,game/psx/draw,recon/game/psx/draw.cpp,ClearPlatformPrimitivesBuffer__Fv,main,xdef,0,
REAL0_RELOC_ONLY,0,0,6,26,4,,,game/psx/draw,recon/game/psx/draw.cpp,ClearPrimitivesBuffer__Fv,main,xdef,0,
REAL0_RELOC_ONLY,0,0,5,36,4,,,game/psx/draw,recon/game/psx/draw.cpp,Draw_CheckFirstFrameRender__Fv,main,xdef,0,
REAL0_RELOC_ONLY,0,0,2,9,4,,,game/psx/draw,recon/game/psx/draw.cpp,Draw_DeInitRenderEngine__Fv,main,xdef,0,
REAL0_RELOC_ONLY,0,0,4,13,4,,,game/psx/draw,recon/game/psx/draw.cpp,Draw_DeInitViewsInGame__Fv,main,xdef,0,
REAL0_RELOC_ONLY,0,0,6,34,4,,,game/psx/draw,recon/game/psx/draw.cpp,Draw_DeInitViews__Fv,main,xdef,0,
REAL0_RELOC_ONLY,0,0,10,65,4,,,game/psx/draw,recon/game/psx/draw.cpp,Draw_DirectSetEnvironment__Fiiiiiiiiii,main,xdef,0,
REAL0_RELOC_ONLY,0,0,1,10,4,,,game/psx/draw,recon/game/psx/draw.cpp,Draw_DrawDirectScreen__FP8shapetblii,main,xdef,0,
REAL0_RELOC_ONLY,0,0,2,15,4,,,game/psx/draw,recon/game/psx/draw.cpp,Draw_GetDRAWENV__Fii,main,xdef,0,
REAL0_RELOC_ONLY,0,0,2,10,4,,,game/psx/draw,recon/game/psx/draw.cpp,Draw_InitLibRender__Fv,main,xdef,0,
REAL0_RELOC_ONLY,0,0,6,41,4,,,game/psx/draw,recon/game/psx/draw.cpp,Draw_InitRenderEngine__Fiiiiii,main,xdef,0,
REAL0_RELOC_ONLY,0,0,10,31,4,,,game/psx/draw,recon/game/psx/draw.cpp,Draw_InitViewOTInGame__Fv,main,xdef,0,
REAL0_RELOC_ONLY,0,0,10,33,4,,,game/psx/draw,recon/game/psx/draw.cpp,Draw_InitViewOT__Fv,main,xdef,0,
REAL0_RELOC_ONLY,0,0,1,3,4,,,game/psx/draw,recon/game/psx/draw.cpp,Draw_InitViews__Fv,main,xdef,0,
REAL0_CLEAN,0,0,0,2,4,,,game/psx/draw,recon/game/psx/draw.cpp,Draw_RestartRenderEngine__Fv,main,xdef,0,
REAL0_RELOC_ONLY,0,0,1,3,4,,,game/psx/draw,recon/game/psx/draw.cpp,Draw_SetDrawSyncCallback__FPFv_v,main,xdef,0,
REAL0_RELOC_ONLY,0,0,1,23,4,,,game/psx/draw,recon/game/psx/draw.cpp,Draw_SetEnvironment__Fiiiiiiii,main,xdef,0,
REAL0_RELOC_ONLY,0,0,2,24,4,,,game/psx/draw,recon/game/psx/draw.cpp,Draw_SetViewColor__Fiiii,main,xdef,0,
REAL0_RELOC_ONLY,0,0,2,10,4,,,game/psx/draw,recon/game/psx/draw.cpp,Draw_SetViewMemBudget__Fii,main,xdef,0,
REAL0_RELOC_ONLY,0,0,7,69,4,,,game/psx/draw,recon/game/psx/draw.cpp,Draw_SetView__Fiiiiiiiii,main,xdef,0,
REAL0_RELOC_ONLY,0,0,11,40,4,,,game/psx/draw,recon/game/psx/draw.cpp,Draw_StartFrameRender__Fv,main,xdef,0,
REAL0_RELOC_ONLY,0,0,11,46,4,,,game/psx/draw,recon/game/psx/draw.cpp,Draw_StartRenderingView__Fi,main,xdef,0,
REAL0_RELOC_ONLY,0,0,18,57,4,,,game/psx/draw,recon/game/psx/draw.cpp,Draw_StopFrameRender__Fv,main,xdef,0,
REAL0_RELOC_ONLY,0,0,4,70,4,,,game/psx/draw,recon/game/psx/draw.cpp,Draw_StopRenderingView__Fi,main,xdef,0,
REAL0_CLEAN,0,0,0,6,4,,,game/psx/drawc,recon/game/psx/drawc.cpp,ChangeTPage__FPUsi,main,xdef,0,
REAL0_RELOC_ONLY,0,0,3,12,4,,,game/psx/drawc,recon/game/psx/drawc.cpp,DrawC_BuildRenderingData__Fv,main,xdef,0,
REAL0_CLEAN,0,0,0,153,4,,,game/psx/drawc,recon/game/psx/drawc.cpp,DrawC_DividePrim__FP7COORD16N20PUsN23P12Draw_tPixMapP13Draw_CarCache,main,xdef,0,
REAL0_RELOC_ONLY,0,0,5,122,4,,,game/psx/drawc,recon/game/psx/drawc.cpp,DrawC_DivideShadowPrim__FP7COORD16N30PUsN34P12Draw_tPixMapP13Draw_CarCache,main,xdef,0,
REAL0_RELOC_ONLY,0,0,4,12,4,,,game/psx/drawc,recon/game/psx/drawc.cpp,DrawC_KillRenderingData__Fv,main,xdef,0,
REAL0_RELOC_ONLY,0,0,30,136,4,,,game/psx/drawc,recon/game/psx/drawc.cpp,DrawC_MenuColorData__FiP8Car_tObji,main,xdef,0,
SHIM_MASKED,3,3,18,107,4,,PER_FN_TEXT_MOVES,game/psx/drawc,recon/game/psx/drawc.cpp,DrawC_NightHeadlight__FP8Car_tObj,main,xdef,0,
REAL0_RELOC_ONLY,0,0,13,298,4,,,game/psx/drawc,recon/game/psx/drawc.cpp,DrawC_PrimHalo__FP10matrixtdefP8coorddefP16Transformer_zObjiiiP13Draw_CarCache,main,xdef,0,
REAL0_RELOC_ONLY,0,0,16,480,4,,,game/psx/drawc,recon/game/psx/drawc.cpp,DrawC_PrimMenu__FP10matrixtdefP8coorddefP16Transformer_zObjP20Transformer_zOverlayiP13Draw_CarCache,main,xdef,0,
REAL0_RELOC_ONLY,0,0,1,48,4,,,game/psx/drawc,recon/game/psx/drawc.cpp,DrawC_PrimStop__FP8Car_tObjP13Draw_CarCache,main,xdef,0,
REAL0_RELOC_ONLY,0,0,43,130,4,,,game/psx/drawc,recon/game/psx/drawc.cpp,DrawC_ReadLightingData__Fv,main,xdef,0,
REAL0_RELOC_ONLY,0,0,1,8,4,,,game/psx/drawc,recon/game/psx/drawc.cpp,DrawC_ReadeMapData__Fv,main,xdef,0,
REAL0_CLEAN,0,0,0,2,4,,,game/psx/drawc,recon/game/psx/drawc.cpp,DrawC_SetEnviroment__Fv,main,xdef,0,
REAL0_RELOC_ONLY,0,0,15,335,4,,,game/psx/drawc,recon/game/psx/drawc.cpp,DrawC_ShadowPrimClip__FP12Draw_tVertexP13Draw_CarCache,main,xdef,0,
REAL0_RELOC_ONLY,0,0,13,129,4,,,game/psx/drawc,recon/game/psx/drawc.cpp,DrawC_ShadowPrim__FP12Draw_tVertexP13Draw_CarCache,main,xdef,0,
REAL0_RELOC_ONLY,0,0,19,297,4,,,game/psx/drawc,recon/game/psx/drawc.cpp,DrawC_ShowroomPrims__FP10matrixtdefP8coorddefP13Draw_CarCache,main,xdef,0,
REAL0_RELOC_ONLY,0,0,10,225,4,,,game/psx/drawc,recon/game/psx/drawc.cpp,DrawC_SpotPrims__FP10matrixtdefP8coorddefP13Draw_CarCache,main,xdef,0,
REAL0_RELOC_ONLY,0,0,4,18,4,,,game/psx/draww,recon/game/psx/draww.cpp,DepthCue_Init__Fv,main,xdef,0,
SHIM_MASKED,160,24,24,189,4,,PER_FN_TEXT_MOVES,game/psx/draww,recon/game/psx/draww.cpp,DrawObjectSimple__FP13DRender_tViewP11Draw_DCacheP13Trk_ObjectDefP8coorddefi,main,xdef,0,
REAL0_RELOC_ONLY,0,0,31,214,4,,,game/psx/draww,recon/game/psx/draww.cpp,DrawObjectTransform__FP13DRender_tViewP11Draw_DCacheP10matrixtdefP13Trk_ObjectDefP8coorddefis,main,xdef,0,
REAL0_CLEAN,0,0,0,28,4,,,game/psx/draww,recon/game/psx/draww.cpp,DrawW_AddSubdividPrimGT3__FP8POLY_GT3P12Draw_SVertexN21P25Draw_tGiveShelbyMoreCache,main,xdef,0,
REAL0_CLEAN,0,0,0,35,4,,,game/psx/draww,recon/game/psx/draww.cpp,DrawW_AddSubdividPrimGT4__FP8POLY_GT4P12Draw_SVertexN31P25Draw_tGiveShelbyMoreCache,main,xdef,0,
REAL0_RELOC_ONLY,0,0,8,88,4,,,game/psx/draww,recon/game/psx/draww.cpp,DrawW_BuildChunkCenterLineFacets__FP5ChunkP5GroupP25Draw_tGiveShelbyMoreCacheP7COORD16,main,xdef,0,
REAL0_CLEAN,0,0,0,34,4,,,game/psx/draww,recon/game/psx/draww.cpp,DrawW_CalcSubdivision__FP25Draw_tGiveShelbyMoreCacheP12Draw_SVertexN31,main,xdef,0,
REAL0_CLEAN,0,0,0,54,4,,,game/psx/draww,recon/game/psx/draww.cpp,DrawW_DivVertice__FP12Draw_SVertexN20,main,xdef,0,
REAL0_RELOC_ONLY,0,0,24,199,4,,,game/psx/draww,recon/game/psx/draww.cpp,DrawW_DoLines__FP13DRender_tViewP11tBuildEntryP11Draw_DCache,main,xdef,0,
REAL0_RELOC_ONLY,0,0,12,40,4,,,game/psx/draww,recon/game/psx/draww.cpp,DrawW_DoObjectAnimations__Fv,main,xdef,0,
SHIM_MASKED,303,7,31,592,4,,PER_FN_TEXT_MOVES,game/psx/draww,recon/game/psx/draww.cpp,DrawW_DrawQuad__FP25Draw_tGiveShelbyMoreCacheP8Trk_Quad,main,xdef,0,
REAL0_RELOC_ONLY,0,0,6,33,4,,,game/psx/draww,recon/game/psx/draww.cpp,DrawW_GetAnimationTime__FP15Trk_AnimateInst,main,xdef,0,
REAL0_CLEAN,0,0,0,11,4,,,game/psx/draww,recon/game/psx/draww.cpp,DrawW_LoadPrecVECTOR__FP12Draw_SVertexP6VECTOR,main,xdef,0,
REAL0_RELOC_ONLY,0,0,15,279,4,,,game/psx/draww,recon/game/psx/draww.cpp,DrawW_NightColorCalc__FP25Draw_tGiveShelbyMoreCacheP8POLY_GT4P8CCOORD16N32,main,xdef,0,
REAL0_RELOC_ONLY,0,0,2,10,4,,,game/psx/draww,recon/game/psx/draww.cpp,DrawW_ResetAnimationTimer__Fv,main,xdef,0,
REAL0_RELOC_ONLY,0,0,14,80,4,,,game/psx/draww,recon/game/psx/draww.cpp,DrawW_SetAnimationTime__FP15Trk_AnimateInstPii,main,xdef,0,
REAL0_RELOC_ONLY,0,0,5,166,4,,,game/psx/draww,recon/game/psx/draww.cpp,DrawW_SetUpSubdividFacet_Line__FP25Draw_tGiveShelbyMoreCache,main,xdef,0,
REAL0_RELOC_ONLY,0,0,5,206,4,,,game/psx/draww,recon/game/psx/draww.cpp,DrawW_SetUpSubdividFacet__FiP25Draw_tGiveShelbyMoreCache,main,xdef,0,
REAL0_RELOC_ONLY,0,0,3,58,4,,,game/psx/draww,recon/game/psx/draww.cpp,DrawW_StripDraw_High__FP25Draw_tGiveShelbyMoreCache,main,xdef,0,
REAL0_CLEAN,0,0,0,39,4,,,game/psx/draww,recon/game/psx/draww.cpp,DrawW_WorldSetUpMatrix__FP10matrixtdefP6MATRIX,main,xdef,0,
REAL0_CLEAN,0,0,0,17,4,,,game/psx/draww,recon/game/psx/draww.cpp,DrawW_WorldSetUpTranslation__FP8coorddefP6MATRIX,main,xdef,0,
REAL0_RELOC_ONLY,0,0,1,32,4,,,game/psx/draww,recon/game/psx/draww.cpp,DrawW_kCtrlWorld_High__FP25Draw_tGiveShelbyMoreCache,main,xdef,0,
REAL0_RELOC_ONLY,0,0,1,24,4,,,game/psx/draww,recon/game/psx/draww.cpp,Draw_CircleClip__FP8coorddefT0i,main,xdef,0,
REAL0_RELOC_ONLY,0,0,6,57,4,,,game/psx/draww,recon/game/psx/draww.cpp,Night_NightCalc__FP6VECTORPsP25Draw_tGiveShelbyMoreCache,main,xdef,0,
REAL0_RELOC_ONLY,0,0,4,40,4,,,game/psx/draww,recon/game/psx/draww.cpp,Night_NightCopCalc__FP6VECTORPs,main,xdef,0,
REAL0_RELOC_ONLY,0,0,4,61,4,,,game/psx/draww,recon/game/psx/draww.cpp,ObjectClipped__FP13DRender_tViewiP8coorddefP25Draw_tGiveShelbyMoreCache,main,xdef,0,
REAL0_RELOC_ONLY,0,0,5,69,4,,,game/psx/fe3dmenu,recon/game/psx/fe3dmenu.cpp,CameraLookAt__FP10matrixtdefP8coorddef,front,xdef,0,
REAL0_RELOC_ONLY,0,0,60,234,4,,,game/psx/fe3dmenu,recon/game/psx/fe3dmenu.cpp,Draw_MenuRenderingView__FP8Car_tObjP13DRender_tViewiiiUliffii,front,xdef,0,
REAL0_RELOC_ONLY,0,0,11,107,4,,,game/psx/fe3dmenu,recon/game/psx/fe3dmenu.cpp,Fe3D_InitShowroom__Fv,front,xdef,0,
SHIM_MASKED,4,0,24,247,4,,PER_FN_TEXT_MOVES,game/psx/flare,recon/game/psx/flare.cpp,Flare_2DHalo__Fiiiii,main,xdef,0,
REAL0_RELOC_ONLY,0,0,1,43,4,,,game/psx/flare,recon/game/psx/flare.cpp,Flare_2DSpike__FPlT0i,main,xdef,0,
REAL0_RELOC_ONLY,0,0,47,630,4,,,game/psx/flare,recon/game/psx/flare.cpp,Flare_CarShapedHalo__FiP7COORD16N21siP15Draw_FlareCache,main,xdef,0,
REAL0_RELOC_ONLY,0,0,42,603,4,,,game/psx/flare,recon/game/psx/flare.cpp,Flare_Halo2__FP13DRender_tViewiiP8coorddefT3P15Draw_FlareCache,main,xdef,0,
REAL0_RELOC_ONLY,0,0,1,10,4,,,game/psx/flare,recon/game/psx/flare.cpp,Flare_Halo__FP13DRender_tViewiiP8coorddefP15Draw_FlareCache,main,xdef,0,
REAL0_RELOC_ONLY,0,0,18,117,4,,,game/psx/flare,recon/game/psx/flare.cpp,Flare_HexFlare__FPli,main,xdef,0,
REAL0_CLEAN,0,0,0,7,4,,,game/psx/flare,recon/game/psx/flare.cpp,Flare_IdentMatrix__FP6MATRIX,main,xdef,0,
REAL0_RELOC_ONLY,0,0,4,10,4,,,game/psx/flare,recon/game/psx/flare.cpp,Flare_InitLensFlare__Fv,main,xdef,0,
SHIM_MASKED,13,2,30,409,4,,PER_FN_TEXT_MOVES,game/psx/flare,recon/game/psx/flare.cpp,Flare_LensFlare__FP7DVECTORP15Draw_FlareCache,main,xdef,0,
REAL0_RELOC_ONLY,0,0,5,46,4,,,game/psx/flare,recon/game/psx/flare.cpp,Flare_Moon__FP7SVECTORP15Draw_FlareCache,main,xdef,0,
REAL0_RELOC_ONLY,0,0,37,225,4,,,game/psx/flare,recon/game/psx/flare.cpp,Flare_OctFlareSpikes__FPli,main,xdef,0,
REAL0_RELOC_ONLY,0,0,22,136,4,,,game/psx/flare,recon/game/psx/flare.cpp,Flare_OctFlare__FPli,main,xdef,0,
REAL0_RELOC_ONLY,0,0,4,53,4,,,game/psx/flare,recon/game/psx/flare.cpp,Flare_PreCalcHexLightBeam__FPli,main,xdef,0,
REAL0_RELOC_ONLY,0,0,12,71,4,,,game/psx/flare,recon/game/psx/flare.cpp,Flare_QuadFlare__FPli,main,xdef,0,
REAL0_CLEAN,0,0,0,41,4,,,game/psx/flare,recon/game/psx/flare.cpp,Flare_QuadNotTransparent__FPlP7CVECTORi,main,xdef,0,
REAL0_CLEAN,0,0,0,45,4,,,game/psx/flare,recon/game/psx/flare.cpp,Flare_QuadRing__FPlP7CVECTORi,main,xdef,0,
REAL0_CLEAN,0,0,0,41,4,,,game/psx/flare,recon/game/psx/flare.cpp,Flare_Quad__FPlP7CVECTORi,main,xdef,0,
REAL0_RELOC_ONLY,0,0,18,117,4,,,game/psx/flare,recon/game/psx/flare.cpp,Flare_ReflectHexFlare__FPli,main,xdef,0,
REAL0_CLEAN,0,0,0,43,4,,,game/psx/flare,recon/game/psx/flare.cpp,Flare_SetMatrix__FP10matrixtdef,main,xdef,0,
REAL0_RELOC_ONLY,0,0,2,69,4,,,game/psx/flare,recon/game/psx/flare.cpp,Flare_SingleColorHex__FP7DVECTORP7CVECTORiii,main,xdef,0,
REAL0_RELOC_ONLY,0,0,10,111,4,,,game/psx/flare,recon/game/psx/flare.cpp,Flare_SingleColorOctRing__FP7DVECTORP7CVECTORiii,main,xdef,0,
REAL0_RELOC_ONLY,0,0,5,54,4,,,game/psx/flare,recon/game/psx/flare.cpp,Flare_SingleColorOct__FP7DVECTORP7CVECTORiii,main,xdef,0,
REAL0_RELOC_ONLY,0,0,1,41,4,,,game/psx/flare,recon/game/psx/flare.cpp,Flare_SingleColorTex__FP7DVECTORP7CVECTORiici,main,xdef,0,
REAL0_RELOC_ONLY,0,0,32,183,4,,,game/psx/flare,recon/game/psx/flare.cpp,Flare_Spikes__FPli,main,xdef,0,
REAL0_RELOC_ONLY,0,0,18,187,4,,,game/psx/flare,recon/game/psx/flare.cpp,Flare_Sun__FP7SVECTORP15Draw_FlareCache,main,xdef,0,
REAL0_RELOC_ONLY,0,0,2,55,4,,,game/psx/flare,recon/game/psx/flare.cpp,Flare_TextureQuad__FPlP7CVECTORci,main,xdef,0,
REAL0_RELOC_ONLY,0,0,1,39,4,,,game/psx/flare,recon/game/psx/flare.cpp,Flare_Tri__FPlN20i,main,xdef,0,
REAL0_RELOC_ONLY,0,0,3,55,4,,,game/psx/font,recon/game/psx/font.cpp,Font_Blit__FiiPviiP12charactertbli,main,xdef,0,
REAL0_RELOC_ONLY,0,0,15,198,4,,,game/psx/font,recon/game/psx/font.cpp,Font_ComputeColors__Fiiic,main,xdef,0,
REAL0_RELOC_ONLY,0,0,5,20,4,,,game/psx/font,recon/game/psx/font.cpp,Font_DeInit__Fv,main,xdef,0,
REAL0_RELOC_ONLY,0,0,2,5,4,,,game/psx/font,recon/game/psx/font.cpp,Font_ExitFromGame__Fv,main,xdef,0,
REAL0_RELOC_ONLY,0,0,5,50,4,,,game/psx/font,recon/game/psx/font.cpp,Font_GetUVWH__FcPiN41,main,xdef,0,
REAL0_RELOC_ONLY,0,0,5,35,4,,,game/psx/font,recon/game/psx/font.cpp,Font_Getcharacter__Fi,main,xdef,0,
REAL0_RELOC_ONLY,0,0,25,117,4,,,game/psx/font,recon/game/psx/font.cpp,Font_LoadFont__FPciic,main,xdef,0,
REAL0_RELOC_ONLY,0,0,3,5,4,,,game/psx/font,recon/game/psx/font.cpp,Font_ReSetBlitter__Fv,main,xdef,0,
REAL0_RELOC_ONLY,0,0,5,18,4,,,game/psx/font,recon/game/psx/font.cpp,Font_SetABR__Fi,main,xdef,0,
REAL0_RELOC_ONLY,0,0,1,3,4,,,game/psx/font,recon/game/psx/font.cpp,Font_SetBlitter__FPFiiPviiP12charactertbli_v,main,xdef,0,
REAL0_RELOC_ONLY,0,0,8,27,4,,,game/psx/font,recon/game/psx/font.cpp,Font_SwitchFont__FPc,main,xdef,0,
REAL0_RELOC_ONLY,0,0,4,14,4,,,game/psx/font,recon/game/psx/font.cpp,Font_TextColor__Fi,main,xdef,0,
REAL0_RELOC_ONLY,0,0,1,8,4,,,game/psx/font,recon/game/psx/font.cpp,Font_TextTint__Fi,main,xdef,0,
REAL0_RELOC_ONLY,0,0,11,86,4,,,game/psx/font,recon/game/psx/font.cpp,Font_TextXY__FPcii,main,xdef,0,
REAL0_RELOC_ONLY,0,0,2,40,4,,,game/psx/font,recon/game/psx/font.cpp,Font_textbsearch__FiPcUlUl,main,xdef,0,
REAL0_RELOC_ONLY,0,0,9,29,8,,,game/psx/force,recon/game/psx/force.cpp,Force_Disable__Fv,main,xdef,0,
REAL0_CLEAN,0,0,0,2,8,,,game/psx/force,recon/game/psx/force.cpp,Force_HitSign__FP8Car_tObj,main,xdef,0,
REAL0_CLEAN,0,0,0,2,8,,,game/psx/force,recon/game/psx/force.cpp,Force_HitWall__Fi,main,xdef,0,
REAL0_RELOC_ONLY,0,0,4,23,8,,,game/psx/force,recon/game/psx/force.cpp,Force_IsForceOn__FP8Car_tObj,main,xdef,0,
REAL0_RELOC_ONLY,0,0,2,16,8,,,game/psx/force,recon/game/psx/force.cpp,Force_Pause__Fv,main,xdef,0,
REAL0_RELOC_ONLY,0,0,16,51,8,,,game/psx/force,recon/game/psx/force.cpp,Force_StartUp__Fv,main,xdef,0,
REAL0_CLEAN,0,0,0,2,8,,,game/psx/force,recon/game/psx/force.cpp,Force_UnPause__Fv,main,xdef,0,
REAL0_RELOC_ONLY,0,0,26,278,8,,,game/psx/force,recon/game/psx/force.cpp,Force_Update__FP8Car_tObj,main,xdef,0,
REAL0_RELOC_ONLY,0,0,18,138,8,,,game/psx/force,recon/game/psx/force.cpp,Force_Vbl__Fv,main,xdef,0,
REAL0_CLEAN,0,0,0,80,4,,,game/psx/hrzsku,recon/game/psx/hrzsku.cpp,Horizon_InterpolateLineSCoords__FP7DVECTORN20Piii,main,xdef,0,
REAL0_CLEAN,0,0,0,20,4,,,game/psx/hrzsku,recon/game/psx/hrzsku.cpp,HrzSetPsxTranslation__FP8coorddef,main,xdef,0,
REAL0_RELOC_ONLY,0,0,11,71,4,,,game/psx/hrzsku,recon/game/psx/hrzsku.cpp,Hrz_BuildForkLightning__FP11Draw_DCache,main,xdef,0,
REAL0_RELOC_ONLY,0,0,3,15,4,,,game/psx/hrzsku,recon/game/psx/hrzsku.cpp,Hrz_CalculateLightning__Fv,main,xdef,0,
REAL0_RELOC_ONLY,0,0,7,45,4,,,game/psx/hrzsku,recon/game/psx/hrzsku.cpp,Hrz_GetHorizonPixMap__FP12Draw_tPixMap,main,xdef,0,
REAL0_RELOC_ONLY,0,0,24,185,4,,,game/psx/hrzsku,recon/game/psx/hrzsku.cpp,Hrz_Init2DRing__Fv,main,xdef,0,
REAL0_RELOC_ONLY,0,0,10,27,4,,,game/psx/hrzsku,recon/game/psx/hrzsku.cpp,Hrz_InitHorizon__Fv,main,xdef,0,
REAL0_RELOC_ONLY,0,0,5,87,4,,,game/psx/hrzsku,recon/game/psx/hrzsku.cpp,Hrz_InitSkyColor__Fv,main,xdef,0,
REAL0_RELOC_ONLY,0,0,58,209,4,,,game/psx/hrzsku,recon/game/psx/hrzsku.cpp,Hrz_InitSky__Fv,main,xdef,0,
REAL0_RELOC_ONLY,0,0,3,11,4,,,game/psx/hrzsku,recon/game/psx/hrzsku.cpp,Hrz_KillHorizon__Fv,main,xdef,0,
REAL0_RELOC_ONLY,0,0,17,134,4,,,game/psx/hrzsku,recon/game/psx/hrzsku.cpp,Hrz_LightningAddFork__FScScSc,main,xdef,0,
REAL0_RELOC_ONLY,0,0,16,55,4,,,game/psx/hrzsku,recon/game/psx/hrzsku.cpp,Hrz_LightningFlicker__Fi,main,xdef,0,
REAL0_CLEAN,0,0,0,17,4,,,game/psx/hrzsku,recon/game/psx/hrzsku.cpp,Hrz_RotProj16__FiP7SVECTORPiP7DVECTOR,main,xdef,0,
REAL0_RELOC_ONLY,0,0,1,34,4,,,game/psx/hrzsku,recon/game/psx/hrzsku.cpp,Hrz_SetDitheringPrim__Fii,main,xdef,0,
REAL0_RELOC_ONLY,0,0,6,68,4,,,game/psx/hrzsku,recon/game/psx/hrzsku.cpp,Hrz_SetLightingPosInSky__FP13DRender_tView,main,xdef,0,
REAL0_RELOC_ONLY,0,0,2,76,4,,,game/psx/hrzsku,recon/game/psx/hrzsku.cpp,Hrz_TextureQuad__FP7DVECTORccP11Draw_DCache,main,xdef,0,
REAL0_RELOC_ONLY,0,0,33,122,4,,,game/psx/hrzsku,recon/game/psx/hrzsku.cpp,Sky_InitStars__Fv,main,xdef,0,
REAL0_RELOC_ONLY,0,0,6,17,4,,,game/psx/hrzsku,recon/game/psx/hrzsku.cpp,Sky_KillStars__Fv,main,xdef,0,
REAL0_RELOC_ONLY,0,0,8,111,4,,,game/psx/hrzsku,recon/game/psx/hrzsku.cpp,Sky_RenderStars__FP13Draw_SkyCachei,main,xdef,0,
REAL0_RELOC_ONLY,0,0,31,200,8,,,game/psx/hud,recon/game/psx/hud.cpp,BigBTCTime__Fi,main,xdef,0,
REAL0_RELOC_ONLY,0,0,4,6,8,,,game/psx/hud,recon/game/psx/hud.cpp,Hud_BTC_BonusTime__Fl,main,xdef,0,
REAL0_RELOC_ONLY,0,0,8,49,8,,,game/psx/hud,recon/game/psx/hud.cpp,Hud_BTC_QuitOut__Fv,main,xdef,0,
REAL0_RELOC_ONLY,0,0,7,25,8,,,game/psx/hud,recon/game/psx/hud.cpp,Hud_BTC_Update__FPcib,main,xdef,0,
REAL0_RELOC_ONLY,0,0,20,123,8,,,game/psx/hud,recon/game/psx/hud.cpp,Hud_BlackThinBox__Fiiii,main,xdef,0,
REAL0_RELOC_ONLY,0,0,6,104,8,,,game/psx/hud,recon/game/psx/hud.cpp,Hud_BuildDistanceString__FP4SPRTi,main,xdef,0,
REAL0_RELOC_ONLY,0,0,2,99,8,,,game/psx/hud,recon/game/psx/hud.cpp,Hud_BuildETimeString__FP4SPRTi,main,xdef,0,
REAL0_RELOC_ONLY,0,0,1,49,8,,,game/psx/hud,recon/game/psx/hud.cpp,Hud_BuildF3__FP7POLY_F3P13HudPmx_tShapeiiUl,main,xdef,0,
REAL0_RELOC_ONLY,0,0,2,41,8,,,game/psx/hud,recon/game/psx/hud.cpp,Hud_BuildF4__FP7POLY_F4iiiiiUl,main,xdef,0,
REAL0_RELOC_ONLY,0,0,2,53,8,,,game/psx/hud,recon/game/psx/hud.cpp,Hud_BuildF4o__FP7POLY_F4iiiiiUlScSc,main,xdef,0,
REAL0_RELOC_ONLY,0,0,2,60,8,,,game/psx/hud,recon/game/psx/hud.cpp,Hud_BuildFT4__FP8POLY_FT4P13HudPmx_tShapeiiUli,main,xdef,0,
REAL0_RELOC_ONLY,0,0,2,47,8,,,game/psx/hud,recon/game/psx/hud.cpp,Hud_BuildG4__FP7POLY_G4iiiiiUlUlUlUl,main,xdef,0,
REAL0_CLEAN,0,0,0,43,8,,,game/psx/hud,recon/game/psx/hud.cpp,Hud_BuildGT4__FP8POLY_GT4P13HudPmx_tShapeiiUl,main,xdef,0,
REAL0_RELOC_ONLY,0,0,2,67,8,,,game/psx/hud,recon/game/psx/hud.cpp,Hud_BuildMapMirrorFT4__FP8POLY_FT4P13HudPmx_tShapeiiUli,main,xdef,0,
REAL0_RELOC_ONLY,0,0,2,65,8,,,game/psx/hud,recon/game/psx/hud.cpp,Hud_BuildMirrorFT4__FP8POLY_FT4P13HudPmx_tShapeiiUli,main,xdef,0,
REAL0_RELOC_ONLY,0,0,67,531,8,,,game/psx/hud,recon/game/psx/hud.cpp,Hud_BuildNumbers0__Fi,main,xdef,0,
REAL0_RELOC_ONLY,0,0,53,450,8,,,game/psx/hud,recon/game/psx/hud.cpp,Hud_BuildRadar__Fi,main,xdef,0,
REAL0_RELOC_ONLY,0,0,34,191,8,,,game/psx/hud,recon/game/psx/hud.cpp,Hud_BuildReplay__Fv,main,xdef,0,
REAL0_RELOC_ONLY,0,0,3,11,8,,,game/psx/hud,recon/game/psx/hud.cpp,Hud_BuildSprite2__FP4SPRTiii,main,xdef,0,
REAL0_RELOC_ONLY,0,0,4,48,8,,,game/psx/hud,recon/game/psx/hud.cpp,Hud_BuildSpriteFromFont__FP4SPRTcii,main,xdef,0,
REAL0_RELOC_ONLY,0,0,3,43,8,,,game/psx/hud,recon/game/psx/hud.cpp,Hud_BuildSprite__FP4SPRTiiiUli,main,xdef,0,
REAL0_RELOC_ONLY,0,0,2,84,8,,,game/psx/hud,recon/game/psx/hud.cpp,Hud_BuildTimeString__FP4SPRTi,main,xdef,0,
REAL0_RELOC_ONLY,0,0,21,211,8,,,game/psx/hud,recon/game/psx/hud.cpp,Hud_BuildWingmanInterface__Fi,main,xdef,0,
REAL0_RELOC_ONLY,0,0,1,3,8,,,game/psx/hud,recon/game/psx/hud.cpp,Hud_BustedOverlayOff__Fv,main,xdef,0,
REAL0_RELOC_ONLY,0,0,19,110,8,,,game/psx/hud,recon/game/psx/hud.cpp,Hud_BustedOverlayOn__FiPcbs,main,xdef,0,
REAL0_RELOC_ONLY,0,0,41,187,8,,,game/psx/hud,recon/game/psx/hud.cpp,Hud_CreateHudViews__Fv,main,xdef,0,
REAL0_CLEAN,0,0,0,2,8,,,game/psx/hud,recon/game/psx/hud.cpp,Hud_DebugCrap__Fv,main,xdef,0,
REAL0_RELOC_ONLY,0,0,17,101,8,,,game/psx/hud,recon/game/psx/hud.cpp,Hud_DebugInfo__Fv,main,xdef,0,
REAL0_RELOC_ONLY,0,0,1,48,8,,,game/psx/hud,recon/game/psx/hud.cpp,Hud_FBuildF4__FiiiiiUlcc,main,xdef,0,
REAL0_RELOC_ONLY,0,0,1,36,8,,,game/psx/hud,recon/game/psx/hud.cpp,Hud_FBuildFT4__FP13HudPmx_tShapeiiUl,main,xdef,0,
REAL0_RELOC_ONLY,0,0,1,35,8,,,game/psx/hud,recon/game/psx/hud.cpp,Hud_FBuildGT4__FP13HudPmx_tShapeiiUl,main,xdef,0,
REAL0_RELOC_ONLY,0,0,1,37,8,,,game/psx/hud,recon/game/psx/hud.cpp,Hud_FBuildSprite__FiiiUli,main,xdef,0,
REAL0_RELOC_ONLY,0,0,1,36,8,,,game/psx/hud,recon/game/psx/hud.cpp,Hud_GoTpage__Fi,main,xdef,0,
REAL0_RELOC_ONLY,0,0,10,22,8,,,game/psx/hud,recon/game/psx/hud.cpp,Hud_Init0__Fv,main,xdef,0,
REAL0_RELOC_ONLY,0,0,6,9,8,,,game/psx/hud,recon/game/psx/hud.cpp,Hud_InitCdPlayer__Fv,main,xdef,0,
REAL0_RELOC_ONLY,0,0,52,235,8,,,game/psx/hud,recon/game/psx/hud.cpp,Hud_InitMapFrame__Fii,main,xdef,0,
REAL0_RELOC_ONLY,0,0,12,40,8,,,game/psx/hud,recon/game/psx/hud.cpp,Hud_InitMap__Fv,main,xdef,0,
REAL0_RELOC_ONLY,0,0,5,11,8,,,game/psx/hud,recon/game/psx/hud.cpp,Hud_InitTables__Fv,main,xdef,0,
REAL0_RELOC_ONLY,0,0,7,20,8,,,game/psx/hud,recon/game/psx/hud.cpp,Hud_Kill__Fv,main,xdef,0,
REAL0_RELOC_ONLY,0,0,24,98,8,,,game/psx/hud,recon/game/psx/hud.cpp,Hud_NextPlayerNameOrCarOrTime__Fi,main,xdef,0,
REAL0_RELOC_ONLY,0,0,20,89,8,,,game/psx/hud,recon/game/psx/hud.cpp,Hud_NextPlayer__Fi,main,xdef,0,
REAL0_RELOC_ONLY,0,0,19,91,8,,,game/psx/hud,recon/game/psx/hud.cpp,Hud_ParseTime__FiPc,main,xdef,0,
REAL0_RELOC_ONLY,0,0,2,6,8,,,game/psx/hud,recon/game/psx/hud.cpp,Hud_Perp_OverlayOff__Fi,main,xdef,0,
REAL0_RELOC_ONLY,0,0,4,11,8,,,game/psx/hud,recon/game/psx/hud.cpp,Hud_Perp_OverlayOn__Fii,main,xdef,0,
REAL0_RELOC_ONLY,0,0,27,66,8,,,game/psx/hud,recon/game/psx/hud.cpp,Hud_PositionMap__Fv,main,xdef,0,
REAL0_RELOC_ONLY,0,0,24,83,8,,,game/psx/hud,recon/game/psx/hud.cpp,Hud_Render321Go__Fv,main,xdef,0,
REAL0_RELOC_ONLY,0,0,23,161,8,,,game/psx/hud,recon/game/psx/hud.cpp,Hud_RenderMapView__Fv,main,xdef,0,
REAL0_RELOC_ONLY,0,0,10,98,8,,,game/psx/hud,recon/game/psx/hud.cpp,Hud_RenderPauseBox__Fiiii,main,xdef,0,
REAL0_RELOC_ONLY,0,0,96,282,8,,,game/psx/hud,recon/game/psx/hud.cpp,Hud_Render__Fv,main,xdef,0,
REAL0_RELOC_ONLY,0,0,11,22,8,,,game/psx/hud,recon/game/psx/hud.cpp,Hud_Reset__Fv,main,xdef,0,
REAL0_RELOC_ONLY,0,0,12,45,8,,,game/psx/hud,recon/game/psx/hud.cpp,Hud_WingmanFlash__Fii,main,xdef,0,
REAL0_RELOC_ONLY,0,0,1,24,8,,,game/psx/hud,recon/game/psx/hud.cpp,uppercase__FPc,main,xdef,0,
REAL0_RELOC_ONLY,0,0,22,82,4,,,game/psx/loading,recon/game/psx/loading.cpp,Loading_DrawLoadingScreen__Fv,main,xdef,0,
REAL0_RELOC_ONLY,0,0,2,8,4,,,game/psx/loading,recon/game/psx/loading.cpp,Loading_GetInitialMemory__Fv,main,xdef,0,
REAL0_RELOC_ONLY,0,0,16,62,4,,,game/psx/loading,recon/game/psx/loading.cpp,Loading_UpdateLoadingScreen__Fi,main,xdef,0,
REAL0_RELOC_ONLY,0,0,1,10,8,,,game/psx/night,recon/game/psx/night.cpp,Night_CreateNightTable__FiliPA256_A16_Uc,main,xdef,0,
REAL0_RELOC_ONLY,0,0,42,97,8,,,game/psx/night,recon/game/psx/night.cpp,Night_DoLightningEffect__FP13DRender_tView,main,xdef,0,
REAL0_RELOC_ONLY,0,0,3,50,8,,,game/psx/night,recon/game/psx/night.cpp,Night_FindClosestColor__FG7CVECTORPi,main,xdef,0,
REAL0_RELOC_ONLY,0,0,38,165,8,,,game/psx/night,recon/game/psx/night.cpp,Night_GenerateAllLightTables__Fv,main,xdef,0,
REAL0_RELOC_ONLY,0,0,12,29,8,,,game/psx/night,recon/game/psx/night.cpp,Night_GenerateNextLightningEvent__Fv,main,xdef,0,
REAL0_RELOC_ONLY,0,0,10,23,8,,,game/psx/night,recon/game/psx/night.cpp,Night_InitCopLightColors__Fv,main,xdef,0,
REAL0_RELOC_ONLY,0,0,42,103,8,,,game/psx/night,recon/game/psx/night.cpp,Night_InitNightDriving__Fv,main,xdef,0,
REAL0_RELOC_ONLY,0,0,9,23,8,,,game/psx/night,recon/game/psx/night.cpp,Night_InitPlayerHeadLightColor__Fi,main,xdef,0,
REAL0_RELOC_ONLY,0,0,7,33,8,,,game/psx/night,recon/game/psx/night.cpp,Night_InitWeatherTables__Fv,main,xdef,0,
REAL0_RELOC_ONLY,0,0,18,40,8,,,game/psx/night,recon/game/psx/night.cpp,Night_KillNightDriving__Fv,main,xdef,0,
REAL0_RELOC_ONLY,0,0,12,33,8,,,game/psx/night,recon/game/psx/night.cpp,Night_PauseLightningEffect__Fi,main,xdef,0,
REAL0_RELOC_ONLY,0,0,12,34,8,,,game/psx/night,recon/game/psx/night.cpp,Night_RestartNightDriving__Fv,main,xdef,0,
REAL0_RELOC_ONLY,0,0,8,37,8,,,game/psx/night,recon/game/psx/night.cpp,Night_SetCopColor__FP18GameSetup_tCarData,main,xdef,0,
REAL0_RELOC_ONLY,0,0,4,32,8,,,game/psx/night,recon/game/psx/night.cpp,Night_SetCopLightColors__Fii,main,xdef,0,
REAL0_RELOC_ONLY,0,0,4,15,8,,,game/psx/night,recon/game/psx/night.cpp,Night_SetPlayerHeadLightColor__Fiii,main,xdef,0,
REAL0_RELOC_ONLY,0,0,5,31,8,,,game/psx/night,recon/game/psx/night.cpp,Night_SetWeatherColors__Fi,main,xdef,0,
REAL0_RELOC_ONLY,0,0,47,139,4,,,game/psx/overlays,recon/game/psx/overlays.cpp,Hud_RenderStatsView__Fv,main,xdef,0,
REAL0_RELOC_ONLY,0,0,7,56,4,,,game/psx/overlays,recon/game/psx/overlays.cpp,OptionsBarThing__Fiiii,main,xdef,0,
REAL0_RELOC_ONLY,0,0,62,349,4,,,game/psx/overlays,recon/game/psx/overlays.cpp,RaceSummary__Fv,main,xdef,0,
REAL0_CLEAN,0,0,0,2,4,,,game/psx/platform,recon/game/psx/platform.cpp,Platform_DebuggerPollHost__Fv,main,xdef,0,
REAL0_RELOC_ONLY,0,0,2,6,4,,,game/psx/platform,recon/game/psx/platform.cpp,Platform_GetDCTBuffer__FiPc,main,xdef,0,
REAL0_RELOC_ONLY,0,0,6,12,4,,,game/psx/platform,recon/game/psx/platform.cpp,Platform_InitMemory__Fv,main,xdef,0,
REAL0_RELOC_ONLY,0,0,4,19,4,,,game/psx/platform,recon/game/psx/platform.cpp,Platform_ReserveMemory__FiPc,main,xdef,0,
REAL0_RELOC_ONLY,0,0,3,5,4,,,game/psx/platform,recon/game/psx/platform.cpp,Platform_ResetDCTBuffer__Fv,main,xdef,0,
REAL0_RELOC_ONLY,0,0,19,54,4,,,game/psx/platform,recon/game/psx/platform.cpp,Platform_SysStartUp__Fv,main,xdef,0,
REAL0_RELOC_ONLY,0,0,3,17,4,,,game/psx/platform,recon/game/psx/platform.cpp,Platform_TempReserveMemory__FiPc,main,xdef,0,
REAL0_RELOC_ONLY,0,0,5,18,4,,,game/psx/platform,recon/game/psx/platform.cpp,nfs2eacinit__Fv,main,xdef,0,
REAL0_CLEAN,0,0,0,2,4,,,game/psx/psxcontroller,recon/game/psx/psxcontroller.cpp,InGame_GetDevice__Fi,main,xdef,0,
SHIM_MASKED,228,48,53,305,4,,PER_FN_TEXT_MOVES,game/psx/psxcontroller,recon/game/psx/psxcontroller.cpp,InGame_ResetPSXController__Fii,main,xdef,0,
REAL0_RELOC_ONLY,0,0,19,48,4,,,game/psx/rpause,recon/game/psx/rpause.cpp,RPause_CopyBackToFrontBuffer__Fv,main,xdef,0,
REAL0_RELOC_ONLY,0,0,1,8,4,,,game/psx/rpause,recon/game/psx/rpause.cpp,RPause_StartPauseMenu__Fv,main,xdef,0,
REAL0_RELOC_ONLY,0,0,18,43,4,,,game/psx/rpause,recon/game/psx/rpause.cpp,RPause_StopPauseMenu__Fv,main,xdef,0,
REAL0_RELOC_ONLY,0,0,8,47,8,,,game/psx/sfx,recon/game/psx/sfx.cpp,Sfx_Add__FP17Souffle_tISouffle,main,xdef,0,
REAL0_RELOC_ONLY,0,0,8,126,8,,,game/psx/sfx,recon/game/psx/sfx.cpp,Sfx_AdditivePrim__FP12Draw_tPixMapP7SVECTORiiP10Sfx_tCache,main,xdef,0,
REAL0_CLEAN,0,0,0,28,8,,,game/psx/sfx,recon/game/psx/sfx.cpp,Sfx_BuildFastDisolveFacet__FP17Souffle_tISouffleP10sfxsouffleP12Draw_tPixMapT2,main,xdef,0,
REAL0_RELOC_ONLY,0,0,6,115,8,,,game/psx/sfx,recon/game/psx/sfx.cpp,Sfx_BuildSmokeFacet__FP17Souffle_tISouffleP10sfxsouffleP12Draw_tPixMap,main,xdef,0,
REAL0_RELOC_ONLY,0,0,5,110,8,,,game/psx/sfx,recon/game/psx/sfx.cpp,Sfx_ThickenXZ__FP7SVECTORP8coorddefN21,main,xdef,0,
REAL0_RELOC_ONLY,0,0,3,85,8,,,game/psx/sfx,recon/game/psx/sfx.cpp,Sfx_Transform__FP8coorddefP7SVECTORT0,main,xdef,0,
REAL0_RELOC_ONLY,0,0,5,74,4,,,game/psx/skidmark,recon/game/psx/skidmark.cpp,CalcOneSegment__FP16Skidmark_SegmentP8coorddefN21i,main,xdef,0,
REAL0_RELOC_ONLY,0,0,5,116,4,,,game/psx/skidmark,recon/game/psx/skidmark.cpp,CalcStartSegment__FP16Skidmark_SegmentT0P8coorddefN22i,main,xdef,0,
REAL0_RELOC_ONLY,0,0,10,231,4,,,game/psx/skidmark,recon/game/psx/skidmark.cpp,Skidmark_AddStretch__FPP16Skidmark_SegmentPiP5tSkidP8coorddefP7CVECTORiii,main,xdef,0,
REAL0_RELOC_ONLY,0,0,10,245,4,,,game/psx/skidmark,recon/game/psx/skidmark.cpp,Skidmark_Add__FP5tSkidP8coorddefP7CVECTORiii,main,xdef,0,
REAL0_RELOC_ONLY,0,0,16,107,4,,,game/psx/skidmark,recon/game/psx/skidmark.cpp,Skidmark_CheckChunk__FP8coorddefii,main,xdef,0,
REAL0_RELOC_ONLY,0,0,2,55,4,,,game/psx/skidmark,recon/game/psx/skidmark.cpp,Skidmark_EndStretch__FP16Skidmark_SegmentiP5tSkidP8coorddefP7CVECTORii,main,xdef,0,
REAL0_RELOC_ONLY,0,0,11,29,4,,,game/psx/skidmark,recon/game/psx/skidmark.cpp,Skidmark_InitSkidmark__Fv,main,xdef,0,
REAL0_RELOC_ONLY,0,0,3,10,4,,,game/psx/skidmark,recon/game/psx/skidmark.cpp,Skidmark_KillSkidmark__Fv,main,xdef,0,
REAL0_RELOC_ONLY,0,0,3,40,4,,,game/psx/skidmark,recon/game/psx/skidmark.cpp,Skidmark_OnyxBuildFacets__FP13DRender_tView,main,xdef,0,
REAL0_RELOC_ONLY,0,0,3,5,4,,,game/psx/skidmark,recon/game/psx/skidmark.cpp,Skidmark_RestartSkidmark__Fv,main,xdef,0,
REAL0_RELOC_ONLY,0,0,2,32,4,,,game/psx/skidmark,recon/game/psx/skidmark.cpp,Skidmark_Stretch__FP16Skidmark_SegmentiP5tSkidP8coorddefP7CVECTORii,main,xdef,0,
REAL0_RELOC_ONLY,0,0,3,37,4,,,game/psx/textpix,recon/game/psx/textpix.c,textnpixels,main,xdef,0,
REAL0_RELOC_ONLY,0,0,1,8,4,,,game/psx/textpix,recon/game/psx/textpix.c,textpixels,main,xdef,0,
REAL0_CLEAN,0,0,0,2,4,,,game/psx/textpsx,recon/game/psx/textpsx.c,fortext4,main,xdef,0,
REAL0_RELOC_ONLY,0,0,4,5,4,,,game/psx/textpsx,recon/game/psx/textpsx.c,inittextdraw,main,xdef,0,
REAL0_RELOC_ONLY,0,0,2,3,4,,,game/psx/textpsx,recon/game/psx/textpsx.c,restoretextdraw,main,xdef,0,
REAL0_RELOC_ONLY,0,0,8,30,4,,,game/psx/texture,recon/game/psx/texture.cpp,Texture_AddSharedPalette__FPcP12Draw_tPixMapi,main,xdef,0,
REAL0_RELOC_ONLY,0,0,9,77,4,,,game/psx/texture,recon/game/psx/texture.cpp,Texture_CheckForSharedPalette__FiPcP12Draw_tPixMapi,main,xdef,0,
REAL0_RELOC_ONLY,0,0,3,24,4,,,game/psx/texture,recon/game/psx/texture.cpp,Texture_CleanupMenuTexture__Fv,main,xdef,0,
REAL0_RELOC_ONLY,0,0,2,88,4,,,game/psx/texture,recon/game/psx/texture.cpp,Texture_CloneUVPmx__FP12Draw_tPixMapiT0,main,xdef,0,
REAL0_RELOC_ONLY,0,0,1,14,4,,,game/psx/texture,recon/game/psx/texture.cpp,Texture_ColorCarPalette__FPcT0i,main,xdef,0,
REAL0_RELOC_ONLY,0,0,4,24,4,,,game/psx/texture,recon/game/psx/texture.cpp,Texture_CopyPalette__FPciii,main,xdef,0,
REAL0_RELOC_ONLY,0,0,8,18,4,,,game/psx/texture,recon/game/psx/texture.cpp,Texture_DeInitPaletteSharing__Fv,main,xdef,0,
REAL0_RELOC_ONLY,0,0,7,27,4,,,game/psx/texture,recon/game/psx/texture.cpp,Texture_GetClutId__FiPiT1,main,xdef,0,
REAL0_RELOC_ONLY,0,0,2,30,4,,,game/psx/texture,recon/game/psx/texture.cpp,Texture_GetTranslucencyMode__FP8shapetbl,main,xdef,0,
REAL0_RELOC_ONLY,0,0,11,65,4,,,game/psx/texture,recon/game/psx/texture.cpp,Texture_InitClut__Fv,main,xdef,0,
REAL0_RELOC_ONLY,0,0,16,64,4,,,game/psx/texture,recon/game/psx/texture.cpp,Texture_InitMenuClut__Fv,main,xdef,0,
REAL0_RELOC_ONLY,0,0,2,10,4,,,game/psx/texture,recon/game/psx/texture.cpp,Texture_InitMenuTexture__Fv,main,xdef,0,
REAL0_RELOC_ONLY,0,0,18,31,4,,,game/psx/texture,recon/game/psx/texture.cpp,Texture_InitPaletteSharing__Fv,main,xdef,0,
REAL0_RELOC_ONLY,0,0,11,22,4,,,game/psx/texture,recon/game/psx/texture.cpp,Texture_InitTrackTexture__Fv,main,xdef,0,
REAL0_RELOC_ONLY,0,0,4,12,4,,,game/psx/texture,recon/game/psx/texture.cpp,Texture_KillMenuTexture__Fv,main,xdef,0,
REAL0_CLEAN,0,0,0,2,4,,,game/psx/texture,recon/game/psx/texture.cpp,Texture_KillTrackTexture__Fv,main,xdef,0,
REAL0_RELOC_ONLY,0,0,1,17,4,,,game/psx/texture,recon/game/psx/texture.cpp,Texture_LoadImage__FP4RECTPUl,main,xdef,0,
REAL0_RELOC_ONLY,0,0,32,109,4,,,game/psx/texture,recon/game/psx/texture.cpp,Texture_LoadMenuTexture__Fv,main,xdef,0,
REAL0_RELOC_ONLY,0,0,23,272,4,,,game/psx/texture,recon/game/psx/texture.cpp,Texture_LoadPmx__FPcT0iiiiiP12Draw_tPixMap,main,xdef,0,
REAL0_RELOC_ONLY,0,0,6,24,4,,,game/psx/texture,recon/game/psx/texture.cpp,Texture_MenuReleaseClutId__Fs,main,xdef,0,
REAL0_RELOC_ONLY,0,0,2,43,4,,,game/psx/texture,recon/game/psx/texture.cpp,Texture_ProcessPaletteCopy__FP15Texture_pal8bitii,main,xdef,0,
REAL0_RELOC_ONLY,0,0,2,4,4,,,game/psx/texture,recon/game/psx/texture.cpp,Texture_ResetPaletteSharing__Fv,main,xdef,0,
REAL0_RELOC_ONLY,0,0,6,90,4,,,game/psx/texture,recon/game/psx/texture.cpp,Texture_Vramcf__FP8shapetbliiii,main,xdef,0,
REAL0_RELOC_ONLY,0,0,4,107,4,,,game/psx/texture,recon/game/psx/texture.cpp,Texture_Vramf__FP8shapetbliiii,main,xdef,0,
SHIM_MASKED,5,0,12,130,4,,PER_FN_RA_SINK,game/psx/textureprocess,recon/game/psx/textureprocess.cpp,CV_ColorTracks__Fiii,main,xdef,0,
REAL0_RELOC_ONLY,0,0,3,13,4,,,game/psx/textureprocess,recon/game/psx/textureprocess.cpp,CV_InitColorVertices__Fv,main,xdef,0,
REAL0_RELOC_ONLY,0,0,14,112,4,,,game/psx/textureprocess,recon/game/psx/textureprocess.cpp,CV_ProcessWorldColors_FINAL__FiP7CVECTORs,main,xdef,0,
REAL0_RELOC_ONLY,0,0,7,45,4,,,game/psx/textureprocess,recon/game/psx/textureprocess.cpp,Fog_AddKey__Fii,main,xdef,0,
REAL0_RELOC_ONLY,0,0,4,19,4,,,game/psx/textureprocess,recon/game/psx/textureprocess.cpp,Fog_AllocKey__Fv,main,xdef,0,
REAL0_CLEAN,0,0,0,21,4,,,game/psx/textureprocess,recon/game/psx/textureprocess.cpp,Fog_CheckRange__FiP6FogKey,main,xdef,0,
REAL0_RELOC_ONLY,0,0,2,9,4,,,game/psx/textureprocess,recon/game/psx/textureprocess.cpp,Fog_DeInitFogTriggers__Fv,main,xdef,0,
REAL0_RELOC_ONLY,0,0,5,37,4,,,game/psx/textureprocess,recon/game/psx/textureprocess.cpp,Fog_FindKey__FiP6FogKey,main,xdef,0,
REAL0_RELOC_ONLY,0,0,20,57,4,,,game/psx/textureprocess,recon/game/psx/textureprocess.cpp,Fog_InitFogTriggers__Fv,main,xdef,0,
REAL0_RELOC_ONLY,0,0,9,20,4,,,game/psx/textureprocess,recon/game/psx/textureprocess.cpp,Fog_MakeTrackPathName__FPc,main,xdef,0,
REAL0_RELOC_ONLY,0,0,22,70,4,,,game/psx/textureprocess,recon/game/psx/textureprocess.cpp,Fog_ReadFogKeys__Fv,main,xdef,0,
REAL0_RELOC_ONLY,0,0,14,81,4,,,game/psx/textureprocess,recon/game/psx/textureprocess.cpp,Fog_Update__Fi,main,xdef,0,
REAL0_RELOC_ONLY,0,0,8,130,4,,,game/psx/textureprocess,recon/game/psx/textureprocess.cpp,TextureProcess_ColorClut__FiiPciii,main,xdef,0,
REAL0_RELOC_ONLY,0,0,9,54,4,,,game/psx/textureprocess,recon/game/psx/textureprocess.cpp,TextureProcess_DepthColorCluts__FPci,main,xdef,0,
REAL0_RELOC_ONLY,0,0,2,5,4,,,game/psx/textureprocess,recon/game/psx/textureprocess.cpp,TextureProcess_Init__Fv,main,xdef,0,
REAL0_RELOC_ONLY,0,0,1,13,4,,,game/psx/textureprocess,recon/game/psx/textureprocess.cpp,TextureProcess_TransColorCheck__FPci,main,xdef,0,
REAL0_RELOC_ONLY,0,0,3,24,4,,,game/psx/trackspec,recon/game/psx/trackspec.cpp,TrackSpec_Load__Fii,main,xdef,0,
REAL0_RELOC_ONLY,0,0,21,63,4,,,game/psx/trackspec,recon/game/psx/trackspec.cpp,TrackSpec_Read__Fi,main,xdef,0,
REAL0_RELOC_ONLY,0,0,3,142,4,,,game/psx/trackspec,recon/game/psx/trackspec.cpp,TrackSpec_SetDefault__FP10CTrackSpec,main,xdef,0,
REAL0_RELOC_ONLY,0,0,4,9,4,,,game/psx/trackspec,recon/game/psx/trackspec.cpp,TrackSpec_SetUp__Fv,main,xdef,0,
REAL0_CLEAN,0,0,0,12,4,,,game/psx/trackspec,recon/game/psx/trackspec.cpp,read__FPPcPvi,main,xdef,0,
REAL0_RELOC_ONLY,0,0,1,4,4,,,game/psx/trsproj,recon/game/psx/trsproj.cpp,TrsProj_ResetTransPrecision__Fv,main,xdef,0,
REAL0_CLEAN,0,0,0,16,4,,,game/psx/trsproj,recon/game/psx/trsproj.cpp,TrsProj_SetMenuProjection__Fiiii,main,xdef,0,
REAL0_RELOC_ONLY,0,0,3,32,4,,,game/psx/trsproj,recon/game/psx/trsproj.cpp,TrsProj_SetProjection__Fiiii,main,xdef,0,
REAL0_RELOC_ONLY,0,0,2,60,4,,,game/psx/trsproj,recon/game/psx/trsproj.cpp,TrsProj_SetPsxMatrix__FP10matrixtdefP8coorddef,main,xdef,0,
REAL0_CLEAN,0,0,0,12,4,,,game/psx/trsproj,recon/game/psx/trsproj.cpp,TrsProj_SetPsxTransZero__Fv,main,xdef,0,
REAL0_CLEAN,0,0,0,20,4,,,game/psx/trsproj,recon/game/psx/trsproj.cpp,TrsProj_SetPsxTrans__FP8coorddef,main,xdef,0,
REAL0_RELOC_ONLY,0,0,1,3,4,,,game/psx/trsproj,recon/game/psx/trsproj.cpp,TrsProj_SetTransPrecision__Fi,main,xdef,0,
REAL0_RELOC_ONLY,0,0,4,21,4,,,game/psx/trsproj,recon/game/psx/trsproj.cpp,TrsProj_SetViewTrsProjEnviro__FP13DRender_tView,main,xdef,0,
REAL0_CLEAN,0,0,0,34,4,,,game/psx/trsproj,recon/game/psx/trsproj.cpp,TrsProj_TransPtN16__FP10RelCoord16P8coorddefi,main,xdef,0,
REAL0_CLEAN,0,0,0,35,4,,,game/psx/trsproj,recon/game/psx/trsproj.cpp,TrsProj_TransPt__FP8coorddefT0,main,xdef,0,
REAL0_RELOC_ONLY,0,0,1,56,4,,,game/psx/trsproj,recon/game/psx/trsproj.cpp,TrsProj_TransformProjectVertex__FP10matrixtdefP8coorddefiT1P12Draw_tVertex,main,xdef,0,
REAL0_RELOC_ONLY,0,0,1,8,4,,,game/psx/unpack,recon/game/psx/unpack.c,unpack,main,xdef,0,
REAL0_RELOC_ONLY,0,0,1,8,4,,,game/psx/unpack,recon/game/psx/unpack.c,unpacksize,main,xdef,0,
REAL0_RELOC_ONLY,0,0,4,50,4,,,game/psx/unpack,recon/game/psx/unpack.c,unpacksizez,main,xdef,0,
REAL0_RELOC_ONLY,0,0,7,45,4,,,game/psx/unpack,recon/game/psx/unpack.c,unpackz,main,xdef,0,
REAL0_RELOC_ONLY,0,0,6,23,8,,,game/psx/weather,recon/game/psx/weather.cpp,Weather_BuildWeather__FP13DRender_tView,main,xdef,0,
REAL0_RELOC_ONLY,0,0,9,29,8,,,game/psx/weather,recon/game/psx/weather.cpp,Weather_ChangeDensityState__Fv,main,xdef,0,
REAL0_RELOC_ONLY,0,0,26,62,8,,,game/psx/weather,recon/game/psx/weather.cpp,Weather_ChangeIntensityBasedOnTime__Fv,main,xdef,0,
REAL0_RELOC_ONLY,0,0,10,30,8,,,game/psx/weather,recon/game/psx/weather.cpp,Weather_ChangeIntensityState__Fv,main,xdef,0,
REAL0_RELOC_ONLY,0,0,23,223,8,,,game/psx/weather,recon/game/psx/weather.cpp,Weather_CheckAndResetParticles__FP7SVECTOR,main,xdef,0,
REAL0_RELOC_ONLY,0,0,1,113,8,,,game/psx/weather,recon/game/psx/weather.cpp,Weather_CreateRain__FP7SVECTORP7DVECTORPc,main,xdef,0,
REAL0_RELOC_ONLY,0,0,2,108,8,,,game/psx/weather,recon/game/psx/weather.cpp,Weather_CreateSnow__FP7SVECTOR,main,xdef,0,
REAL0_RELOC_ONLY,0,0,4,74,8,,,game/psx/weather,recon/game/psx/weather.cpp,Weather_CreateSplat__FP18Weather_tSplatInfo,main,xdef,0,
REAL0_RELOC_ONLY,0,0,14,37,8,,,game/psx/weather,recon/game/psx/weather.cpp,Weather_DeInit__Fv,main,xdef,0,
REAL0_RELOC_ONLY,0,0,17,113,8,,,game/psx/weather,recon/game/psx/weather.cpp,Weather_DoSplats__FiP18Weather_tSplatInfo,main,xdef,0,
REAL0_RELOC_ONLY,0,0,1,16,8,,,game/psx/weather,recon/game/psx/weather.cpp,Weather_GetNewState__Fv,main,xdef,0,
REAL0_RELOC_ONLY,0,0,2,4,8,,,game/psx/weather,recon/game/psx/weather.cpp,Weather_GetNumParticles__Fi,main,xdef,0,
REAL0_RELOC_ONLY,0,0,3,24,8,,,game/psx/weather,recon/game/psx/weather.cpp,Weather_InitRain__Fv,main,xdef,0,
REAL0_RELOC_ONLY,0,0,3,24,8,,,game/psx/weather,recon/game/psx/weather.cpp,Weather_InitSnow__Fv,main,xdef,0,
REAL0_RELOC_ONLY,0,0,9,69,8,,,game/psx/weather,recon/game/psx/weather.cpp,Weather_InitSplats__Fv,main,xdef,0,
REAL0_RELOC_ONLY,0,0,32,51,8,,,game/psx/weather,recon/game/psx/weather.cpp,Weather_InitStateControls__Fv,main,xdef,0,
SHIM_MASKED,3,4,68,211,8,,PER_FN_FORCE_ADDR,game/psx/weather,recon/game/psx/weather.cpp,Weather_Init__Fv,main,xdef,0,
REAL0_RELOC_ONLY,0,0,17,251,8,,,game/psx/weather,recon/game/psx/weather.cpp,Weather_ProcessParticles__FP13DRender_tViewiP7SVECTORPc,main,xdef,0,
REAL0_RELOC_ONLY,0,0,26,160,8,,,game/psx/weather,recon/game/psx/weather.cpp,Weather_QuickReOrthogonalize__FP10matrixtdefT0,main,xdef,0,
REAL0_RELOC_ONLY,0,0,9,31,8,,,game/psx/weather,recon/game/psx/weather.cpp,Weather_Restart__Fv,main,xdef,0,
REAL0_CLEAN,0,0,0,33,8,,,game/psx/weather,recon/game/psx/weather.cpp,Weather_SetIdentMatrix__Fv,main,xdef,0,
REAL0_CLEAN,0,0,0,49,8,,,game/psx/weather,recon/game/psx/weather.cpp,Weather_SetMatrix__FP10matrixtdef,main,xdef,0,
REAL0_RELOC_ONLY,0,0,2,49,8,,,game/psx/weather,recon/game/psx/weather.cpp,Weather_TransformVertex__FP10matrixtdefiP7SVECTOR,main,xdef,0,
