C:/Tools/mips-ps1/mips/bin/mipsel-none-elf-ld.exe: build/asm/data/data_8010CCD4_r00.data.s.o: in function `CarLogic_gObs':
(.data+0x10): multiple definition of `CarLogic_gObs'; build/recon/game/common/ai.cpp.o:(.data+0x10): first defined here
C:/Tools/mips-ps1/mips/bin/mipsel-none-elf-ld.exe: build/asm/data/data_8010CCD4_r00.data.s.o: in function `AI_Info':
(.data+0x1c): multiple definition of `AI_Info'; build/recon/game/common/ai.cpp.o:(.data+0x1c): first defined here
C:/Tools/mips-ps1/mips/bin/mipsel-none-elf-ld.exe: build/asm/data/data_8010CCD4_r01.data.s.o: in function `AIHigh_Player_kNumArrestsByLap':
(.data+0x0): multiple definition of `AIHigh_Player_kNumArrestsByLap'; build/recon/game/common/aih_play.cpp.o:(.data+0x0): first defined here
C:/Tools/mips-ps1/mips/bin/mipsel-none-elf-ld.exe: build/asm/data/data_8010CCD4_r03.data.s.o: in function `engineUpgrade':
(.data+0x0): multiple definition of `engineUpgrade'; build/recon/game/common/aispeeds.cpp.o:(.data+0x94): first defined here
C:/Tools/mips-ps1/mips/bin/mipsel-none-elf-ld.exe: build/asm/data/data_8010CCD4_r03.data.s.o: in function `suspensionUpgrade':
(.data+0x10): multiple definition of `suspensionUpgrade'; build/recon/game/common/aispeeds.cpp.o:(.data+0xa4): first defined here
C:/Tools/mips-ps1/mips/bin/mipsel-none-elf-ld.exe: build/asm/data/data_8010CCD4_r03.data.s.o: in function `aeroUpgrade':
(.data+0x20): multiple definition of `aeroUpgrade'; build/recon/game/common/aispeeds.cpp.o:(.data+0xb4): first defined here
C:/Tools/mips-ps1/mips/bin/mipsel-none-elf-ld.exe: build/asm/data/data_8010CCD4_r03.data.s.o: in function `Track2Speeds':
(.data+0x30): multiple definition of `Track2Speeds'; build/recon/game/common/aispeeds.cpp.o:(.data+0x0): first defined here
C:/Tools/mips-ps1/mips/bin/mipsel-none-elf-ld.exe: build/asm/data/data_8010CCD4_r03.data.s.o: in function `Track3Speeds':
(.data+0x54): multiple definition of `Track3Speeds'; build/recon/game/common/aispeeds.cpp.o:(.data+0x24): first defined here
C:/Tools/mips-ps1/mips/bin/mipsel-none-elf-ld.exe: build/asm/data/data_8010CCD4_r03.data.s.o: in function `Track5Speeds':
(.data+0x60): multiple definition of `Track5Speeds'; build/recon/game/common/aispeeds.cpp.o:(.data+0x30): first defined here
C:/Tools/mips-ps1/mips/bin/mipsel-none-elf-ld.exe: build/asm/data/data_8010CCD4_r03.data.s.o: in function `Track6Speeds':
(.data+0x6c): multiple definition of `Track6Speeds'; build/recon/game/common/aispeeds.cpp.o:(.data+0x3c): first defined here
C:/Tools/mips-ps1/mips/bin/mipsel-none-elf-ld.exe: build/asm/data/data_8010CCD4_r03.data.s.o: in function `Track7Speeds':
(.data+0x80): multiple definition of `Track7Speeds'; build/recon/game/common/aispeeds.cpp.o:(.data+0x50): first defined here
C:/Tools/mips-ps1/mips/bin/mipsel-none-elf-ld.exe: build/asm/data/data_8010CCD4_r03.data.s.o: in function `AISpeeds_TrackSpeeds':
(.data+0x98): multiple definition of `AISpeeds_TrackSpeeds'; build/recon/game/common/aispeeds.cpp.o:(.data+0x68): first defined here
C:/Tools/mips-ps1/mips/bin/mipsel-none-elf-ld.exe: build/asm/data/data_8010CCD4_r03.data.s.o: in function `leaderBoard':
(.data+0xc4): multiple definition of `leaderBoard'; build/recon/game/common/aispeeds.cpp.o:(.data+0xc4): first defined here
C:/Tools/mips-ps1/mips/bin/mipsel-none-elf-ld.exe: build/asm/data/data_8010CCD4_r03.data.s.o: in function `CaravanInfo':
(.data+0xd4): multiple definition of `CaravanInfo'; build/recon/game/common/aispeeds.cpp.o:(.data+0xd4): first defined here
C:/Tools/mips-ps1/mips/bin/mipsel-none-elf-ld.exe: build/asm/data/data_8010CCD4_r04.data.s.o: in function `gBankNumLookupTable':
(.data+0x0): multiple definition of `gBankNumLookupTable'; build/recon/game/common/audiocmn.cpp.o:(.data+0x54): first defined here
C:/Tools/mips-ps1/mips/bin/mipsel-none-elf-ld.exe: build/asm/data/data_8010CCD4_r04.data.s.o: in function `falseLapTrigNumsForward':
(.data+0x11c): multiple definition of `falseLapTrigNumsForward'; build/recon/game/common/audiocmn.cpp.o:(.data+0x170): first defined here
C:/Tools/mips-ps1/mips/bin/mipsel-none-elf-ld.exe: build/asm/data/data_8010CCD4_r04.data.s.o: in function `falseLapTrigNumsBackward':
(.data+0x16c): multiple definition of `falseLapTrigNumsBackward'; build/recon/game/common/audiocmn.cpp.o:(.data+0x1c0): first defined here
C:/Tools/mips-ps1/mips/bin/mipsel-none-elf-ld.exe: build/asm/data/data_8010CCD4_r04.data.s.o: in function `Xfade':
(.data+0x1bc): multiple definition of `Xfade'; build/recon/game/common/audiocmn.cpp.o:(.data+0x210): first defined here
C:/Tools/mips-ps1/mips/bin/mipsel-none-elf-ld.exe: build/asm/data/data_8010CCD4_r04.data.s.o: in function `AudioCmn_LanguageName':
(.data+0x2a4): multiple definition of `AudioCmn_LanguageName'; build/recon/game/common/audiocmn.cpp.o:(.data+0x2dc): first defined here
C:/Tools/mips-ps1/mips/bin/mipsel-none-elf-ld.exe: build/asm/data/data_8010CCD4_r04.data.s.o: in function `bSirenOn':
(.data+0x2c0): multiple definition of `bSirenOn'; build/recon/game/common/audiocmn.cpp.o:(.data+0x3a0): first defined here
C:/Tools/mips-ps1/mips/bin/mipsel-none-elf-ld.exe: build/asm/data/data_8010CCD4_r04.data.s.o: in function `bSirenPitchingUp':
(.data+0x2d8): multiple definition of `bSirenPitchingUp'; build/recon/game/common/audiocmn.cpp.o:(.data+0x2f8): first defined here
C:/Tools/mips-ps1/mips/bin/mipsel-none-elf-ld.exe: build/asm/data/data_8010CCD4_r04.data.s.o: in function `quickSirenActive':
(.data+0x2f0): multiple definition of `quickSirenActive'; build/recon/game/common/audiocmn.cpp.o:(.data+0x3b8): first defined here
C:/Tools/mips-ps1/mips/bin/mipsel-none-elf-ld.exe: build/asm/data/data_8010CCD4_r04.data.s.o: in function `sirenPitchWidth':
(.data+0x308): multiple definition of `sirenPitchWidth'; build/recon/game/common/audiocmn.cpp.o:(.data+0x310): first defined here
C:/Tools/mips-ps1/mips/bin/mipsel-none-elf-ld.exe: build/asm/data/data_8010CCD4_r04.data.s.o: in function `sirenCurrentPitch':
(.data+0x320): multiple definition of `sirenCurrentPitch'; build/recon/game/common/audiocmn.cpp.o:(.data+0x328): first defined here
C:/Tools/mips-ps1/mips/bin/mipsel-none-elf-ld.exe: build/asm/data/data_8010CCD4_r04.data.s.o: in function `slowSirenReps':
(.data+0x338): multiple definition of `slowSirenReps'; build/recon/game/common/audiocmn.cpp.o:(.data+0x340): first defined here
C:/Tools/mips-ps1/mips/bin/mipsel-none-elf-ld.exe: build/asm/data/data_8010CCD4_r04.data.s.o: in function `sirenCount':
(.data+0x350): multiple definition of `sirenCount'; build/recon/game/common/audiocmn.cpp.o:(.data+0x3d0): first defined here
C:/Tools/mips-ps1/mips/bin/mipsel-none-elf-ld.exe: build/asm/data/data_8010CCD4_r04.data.s.o: in function `reachedSirenMin':
(.data+0x368): multiple definition of `reachedSirenMin'; build/recon/game/common/audiocmn.cpp.o:(.data+0x3e8): first defined here
C:/Tools/mips-ps1/mips/bin/mipsel-none-elf-ld.exe: build/asm/data/data_8010CCD4_r04.data.s.o: in function `quickSirenTimeCount':
(.data+0x380): multiple definition of `quickSirenTimeCount'; build/recon/game/common/audiocmn.cpp.o:(.data+0x400): first defined here
C:/Tools/mips-ps1/mips/bin/mipsel-none-elf-ld.exe: build/asm/data/data_8010CCD4_r04.data.s.o: in function `AudioCmn_gReTrig':
(.data+0x398): multiple definition of `AudioCmn_gReTrig'; build/recon/game/common/audiocmn.cpp.o:(.data+0x418): first defined here
C:/Tools/mips-ps1/mips/bin/mipsel-none-elf-ld.exe: build/asm/data/data_8010CCD4_r04.data.s.o: in function `gSndBnk':
(.data+0x3d8): multiple definition of `gSndBnk'; build/recon/game/common/audiocmn.cpp.o:(.data+0x458): first defined here
C:/Tools/mips-ps1/mips/bin/mipsel-none-elf-ld.exe: build/asm/data/data_8010CCD4_r04.data.s.o: in function `gaChannel':
(.data+0x42c): multiple definition of `gaChannel'; build/recon/game/common/audiocmn.cpp.o:(.data+0x4ac): first defined here
C:/Tools/mips-ps1/mips/bin/mipsel-none-elf-ld.exe: build/asm/data/data_8010CCD4_r04.data.s.o: in function `AudioCmn_gSfxSlot':
(.data+0x664): multiple definition of `AudioCmn_gSfxSlot'; build/recon/game/common/audiocmn.cpp.o:(.data+0x6e4): first defined here
C:/Tools/mips-ps1/mips/bin/mipsel-none-elf-ld.exe: build/asm/data/data_8010CCD4_r04.data.s.o: in function `carbankname':
(.data+0x964): multiple definition of `carbankname'; build/recon/game/common/audiocmn.cpp.o:(.data+0x9e4): first defined here
C:/Tools/mips-ps1/mips/bin/mipsel-none-elf-ld.exe: build/asm/data/data_8010CCD4_r06.data.s.o: in function `Camera_gInfo':
(.data+0x0): multiple definition of `Camera_gInfo'; build/recon/game/common/camera.cpp.o:(.data+0x344): first defined here
C:/Tools/mips-ps1/mips/bin/mipsel-none-elf-ld.exe: build/asm/data/data_8010CCD4_r06.data.s.o: in function `Camera_gFlags':
(.data+0x2a4): multiple definition of `Camera_gFlags'; build/recon/game/common/camera.cpp.o:(.data+0x84): first defined here
C:/Tools/mips-ps1/mips/bin/mipsel-none-elf-ld.exe: build/asm/data/data_8010CCD4_r06.data.s.o: in function `camSpeedTable':
(.data+0x524): multiple definition of `camSpeedTable'; build/recon/game/common/camera.cpp.o:(.data+0x304): first defined here
C:/Tools/mips-ps1/mips/bin/mipsel-none-elf-ld.exe: build/asm/data/data_8010CCD4_r06.data.s.o: in function `feeler3':
(.data+0x540): multiple definition of `feeler3'; build/recon/game/common/camera.cpp.o:(.data+0x320): first defined here
C:/Tools/mips-ps1/mips/bin/mipsel-none-elf-ld.exe: build/asm/data/data_8010CCD4_r06.data.s.o: in function `Camera_gCopDist':
(.data+0x564): multiple definition of `Camera_gCopDist'; build/recon/game/common/camera.cpp.o:(.data+0x564): first defined here
C:/Tools/mips-ps1/mips/bin/mipsel-none-elf-ld.exe: build/asm/data/data_8010CCD4_r07.data.s.o: in function `Collide_gRegistry':
(.data+0x0): multiple definition of `Collide_gRegistry'; build/recon/game/common/collide.cpp.o:(.data+0x0): first defined here
C:/Tools/mips-ps1/mips/bin/mipsel-none-elf-ld.exe: build/asm/data/data_8010CCD4_r08.data.s.o: in function `Speech_gCarDescription':
(.data+0x0): multiple definition of `Speech_gCarDescription'; build/recon/game/common/speech.cpp.o:(.data+0x0): first defined here
C:/Tools/mips-ps1/mips/bin/mipsel-none-elf-ld.exe: build/asm/data/data_8010CCD4_r08.data.s.o: in function `Speech_gLocationDescription00':
(.data+0xf0): multiple definition of `Speech_gLocationDescription00'; build/recon/game/common/speech.cpp.o:(.data+0xf0): first defined here
C:/Tools/mips-ps1/mips/bin/mipsel-none-elf-ld.exe: build/asm/data/data_8010CCD4_r08.data.s.o: in function `Speech_gLocationDescription02':
(.data+0x158): multiple definition of `Speech_gLocationDescription02'; build/recon/game/common/speech.cpp.o:(.data+0x158): first defined here
C:/Tools/mips-ps1/mips/bin/mipsel-none-elf-ld.exe: build/asm/data/data_8010CCD4_r08.data.s.o: in function `Speech_gLocationDescription03':
(.data+0x1c8): multiple definition of `Speech_gLocationDescription03'; build/recon/game/common/speech.cpp.o:(.data+0x1c8): first defined here
C:/Tools/mips-ps1/mips/bin/mipsel-none-elf-ld.exe: build/asm/data/data_8010CCD4_r08.data.s.o: in function `Speech_gLocationDescription04':
(.data+0x230): multiple definition of `Speech_gLocationDescription04'; build/recon/game/common/speech.cpp.o:(.data+0x230): first defined here
C:/Tools/mips-ps1/mips/bin/mipsel-none-elf-ld.exe: build/asm/data/data_8010CCD4_r08.data.s.o: in function `Speech_gLocationDescription05':
(.data+0x278): multiple definition of `Speech_gLocationDescription05'; build/recon/game/common/speech.cpp.o:(.data+0x278): first defined here
C:/Tools/mips-ps1/mips/bin/mipsel-none-elf-ld.exe: build/asm/data/data_8010CCD4_r08.data.s.o: in function `Speech_gLocationDescription06':
(.data+0x2e8): multiple definition of `Speech_gLocationDescription06'; build/recon/game/common/speech.cpp.o:(.data+0x2e8): first defined here
C:/Tools/mips-ps1/mips/bin/mipsel-none-elf-ld.exe: build/asm/data/data_8010CCD4_r08.data.s.o: in function `Speech_gLocationDescription07':
(.data+0x340): multiple definition of `Speech_gLocationDescription07'; build/recon/game/common/speech.cpp.o:(.data+0x340): first defined here
C:/Tools/mips-ps1/mips/bin/mipsel-none-elf-ld.exe: build/asm/data/data_8010CCD4_r08.data.s.o: in function `Speech_gLocationDescription':
(.data+0x398): multiple definition of `Speech_gLocationDescription'; build/recon/game/common/speech.cpp.o:(.data+0x398): first defined here
C:/Tools/mips-ps1/mips/bin/mipsel-none-elf-ld.exe: build/asm/data/data_8010CCD4_r08.data.s.o: in function `Speech_gCallSignDescription':
(.data+0x3c4): multiple definition of `Speech_gCallSignDescription'; build/recon/game/common/speech.cpp.o:(.data+0x3c4): first defined here
C:/Tools/mips-ps1/mips/bin/mipsel-none-elf-ld.exe: build/asm/data/data_8010CCD4_r08.data.s.o: in function `Speech_gCopAttr':
(.data+0x418): multiple definition of `Speech_gCopAttr'; build/recon/game/common/speech.cpp.o:(.data+0x418): first defined here
C:/Tools/mips-ps1/mips/bin/mipsel-none-elf-ld.exe: build/asm/data/data_8010CCD4_r09.data.s.o: in function `gDLPixmap':
(.data+0x0): multiple definition of `gDLPixmap'; build/recon/game/common/genericpmx.cpp.o:(.data+0x0): first defined here
C:/Tools/mips-ps1/mips/bin/mipsel-none-elf-ld.exe: build/asm/data/data_8010CCD4_r09.data.s.o: in function `gSparkHPixmap':
(.data+0x28): multiple definition of `gSparkHPixmap'; build/recon/game/common/genericpmx.cpp.o:(.data+0x74): first defined here
C:/Tools/mips-ps1/mips/bin/mipsel-none-elf-ld.exe: build/asm/data/data_8010CCD4_r09.data.s.o: in function `gStartUpPixmap':
(.data+0x40): multiple definition of `gStartUpPixmap'; build/recon/game/common/genericpmx.cpp.o:(.data+0x8c): first defined here
C:/Tools/mips-ps1/mips/bin/mipsel-none-elf-ld.exe: build/asm/data/data_8010CCD4_r09.data.s.o: in function `gWeatherPixmap':
(.data+0x50): multiple definition of `gWeatherPixmap'; build/recon/game/common/genericpmx.cpp.o:(.data+0x9c): first defined here
C:/Tools/mips-ps1/mips/bin/mipsel-none-elf-ld.exe: build/asm/data/data_8010CCD4_r09.data.s.o: in function `gFlarePixmap':
(.data+0x5c): multiple definition of `gFlarePixmap'; build/recon/game/common/genericpmx.cpp.o:(.data+0x28): first defined here
C:/Tools/mips-ps1/mips/bin/mipsel-none-elf-ld.exe: build/asm/data/data_8010CCD4_r09.data.s.o: in function `gLightningPixmap':
(.data+0x68): multiple definition of `gLightningPixmap'; build/recon/game/common/genericpmx.cpp.o:(.data+0x34): first defined here
C:/Tools/mips-ps1/mips/bin/mipsel-none-elf-ld.exe: build/asm/data/data_8010CCD4_r09.data.s.o: in function `gPixmaps':
(.data+0xa8): multiple definition of `gPixmaps'; build/recon/game/common/genericpmx.cpp.o:(.data+0xa8): first defined here
C:/Tools/mips-ps1/mips/bin/mipsel-none-elf-ld.exe: build/asm/data/data_8010CCD4_r13.data.s.o: in function `gCView':
(.data+0x0): multiple definition of `gCView'; build/recon/game/common/render.cpp.o:(.data+0x0): first defined here
C:/Tools/mips-ps1/mips/bin/mipsel-none-elf-ld.exe: build/asm/data/data_8010CCD4_r14.data.s.o: in function `gfSpikePt0':
(.data+0x70): multiple definition of `gfSpikePt0'; build/recon/game/psx/flare.cpp.o:(.data+0x0): first defined here
C:/Tools/mips-ps1/mips/bin/mipsel-none-elf-ld.exe: build/asm/data/data_8010CCD4_r14.data.s.o: in function `gfSpikePt1':
(.data+0x80): multiple definition of `gfSpikePt1'; build/recon/game/psx/flare.cpp.o:(.data+0x10): first defined here
C:/Tools/mips-ps1/mips/bin/mipsel-none-elf-ld.exe: build/asm/data/data_8010CCD4_r14.data.s.o: in function `gfSpikePt2':
(.data+0x90): multiple definition of `gfSpikePt2'; build/recon/game/psx/flare.cpp.o:(.data+0x20): first defined here
C:/Tools/mips-ps1/mips/bin/mipsel-none-elf-ld.exe: build/asm/data/data_8010CCD4_r14.data.s.o: in function `gfOctPt1':
(.data+0xa0): multiple definition of `gfOctPt1'; build/recon/game/psx/flare.cpp.o:(.data+0x30): first defined here
C:/Tools/mips-ps1/mips/bin/mipsel-none-elf-ld.exe: build/asm/data/data_8010CCD4_r14.data.s.o: in function `gfOctPt2':
(.data+0xb0): multiple definition of `gfOctPt2'; build/recon/game/psx/flare.cpp.o:(.data+0x40): first defined here
C:/Tools/mips-ps1/mips/bin/mipsel-none-elf-ld.exe: build/asm/data/data_8010CCD4_r14.data.s.o: in function `gfHexPt1':
(.data+0xc0): multiple definition of `gfHexPt1'; build/recon/game/psx/flare.cpp.o:(.data+0x50): first defined here
C:/Tools/mips-ps1/mips/bin/mipsel-none-elf-ld.exe: build/asm/data/data_8010CCD4_r14.data.s.o: in function `gfHexPt2':
(.data+0xcc): multiple definition of `gfHexPt2'; build/recon/game/psx/flare.cpp.o:(.data+0x5c): first defined here
C:/Tools/mips-ps1/mips/bin/mipsel-none-elf-ld.exe: build/asm/data/data_8010CCD4_r14.data.s.o: in function `Flare_gSpikes':
(.data+0xd8): multiple definition of `Flare_gSpikes'; build/recon/game/psx/flare.cpp.o:(.data+0x68): first defined here
C:/Tools/mips-ps1/mips/bin/mipsel-none-elf-ld.exe: build/asm/data/data_8010CCD4_r14.data.s.o: in function `Flare_gOct':
(.data+0xf8): multiple definition of `Flare_gOct'; build/recon/game/psx/flare.cpp.o:(.data+0x88): first defined here
C:/Tools/mips-ps1/mips/bin/mipsel-none-elf-ld.exe: build/asm/data/data_8010CCD4_r14.data.s.o: in function `Flare_gSmallOct':
(.data+0x138): multiple definition of `Flare_gSmallOct'; build/recon/game/psx/flare.cpp.o:(.data+0xc8): first defined here
C:/Tools/mips-ps1/mips/bin/mipsel-none-elf-ld.exe: build/asm/data/data_8010CCD4_r14.data.s.o: in function `Flare_gHex':
(.data+0x178): multiple definition of `Flare_gHex'; build/recon/game/psx/flare.cpp.o:(.data+0x108): first defined here
C:/Tools/mips-ps1/mips/bin/mipsel-none-elf-ld.exe: build/asm/data/data_8010CCD4_r14.data.s.o: in function `Flare_gReflectHex':
(.data+0x1a8): multiple definition of `Flare_gReflectHex'; build/recon/game/psx/flare.cpp.o:(.data+0x138): first defined here
C:/Tools/mips-ps1/mips/bin/mipsel-none-elf-ld.exe: build/asm/data/data_8010CCD4_r14.data.s.o: in function `Flare_gQuad':
(.data+0x1d8): multiple definition of `Flare_gQuad'; build/recon/game/psx/flare.cpp.o:(.data+0x168): first defined here
C:/Tools/mips-ps1/mips/bin/mipsel-none-elf-ld.exe: build/asm/data/data_8010CCD4_r14.data.s.o: in function `Flare_gType':
(.data+0x1f8): multiple definition of `Flare_gType'; build/recon/game/psx/flare.cpp.o:(.data+0x188): first defined here
C:/Tools/mips-ps1/mips/bin/mipsel-none-elf-ld.exe: build/asm/data/data_8010CCD4_r14.data.s.o: in function `gOv':
(.data+0x418): multiple definition of `gOv'; build/recon/game/psx/flare.cpp.o:(.data+0x3a8): first defined here
C:/Tools/mips-ps1/mips/bin/mipsel-none-elf-ld.exe: build/asm/data/data_8010CCD4_r14.data.s.o: in function `Flare_gLensOct':
(.data+0x438): multiple definition of `Flare_gLensOct'; build/recon/game/psx/flare.cpp.o:(.data+0x3c8): first defined here
C:/Tools/mips-ps1/mips/bin/mipsel-none-elf-ld.exe: build/asm/data/data_8010CCD4_r14.data.s.o: in function `Flare_SunFlarePieces':
(.data+0x478): multiple definition of `Flare_SunFlarePieces'; build/recon/game/psx/flare.cpp.o:(.data+0x408): first defined here
C:/Tools/mips-ps1/mips/bin/mipsel-none-elf-ld.exe: build/asm/data/data_8010CCD4_r14.data.s.o: in function `gFlare_LensFlare':
(.data+0x508): multiple definition of `gFlare_LensFlare'; build/recon/game/psx/flare.cpp.o:(.data+0x498): first defined here
C:/Tools/mips-ps1/mips/bin/mipsel-none-elf-ld.exe: build/asm/data/data_8010CCD4_r14.data.s.o: in function `gHorizonPixmap':
(.data+0x588): multiple definition of `gHorizonPixmap'; build/recon/game/psx/hrzsku.cpp.o:(.data+0x0): first defined here
C:/Tools/mips-ps1/mips/bin/mipsel-none-elf-ld.exe: build/asm/data/data_8010CCD4_r14.data.s.o: in function `gHorizonExtraSkyPixmaps':
(.data+0x5c8): multiple definition of `gHorizonExtraSkyPixmaps'; build/recon/game/psx/hrzsku.cpp.o:(.data+0x40): first defined here
C:/Tools/mips-ps1/mips/bin/mipsel-none-elf-ld.exe: build/asm/data/data_8010CCD4_r14.data.s.o: in function `gSkyMesh':
(.data+0x608): multiple definition of `gSkyMesh'; build/recon/game/psx/hrzsku.cpp.o:(.data+0x80): first defined here
C:/Tools/mips-ps1/mips/bin/mipsel-none-elf-ld.exe: build/asm/data/data_8010CCD4_r14.data.s.o: in function `gSkyColor':
(.data+0x8b0): multiple definition of `gSkyColor'; build/recon/game/psx/hrzsku.cpp.o:(.data+0x328): first defined here
C:/Tools/mips-ps1/mips/bin/mipsel-none-elf-ld.exe: build/asm/data/data_8010CCD4_r14.data.s.o: in function `gSkyPixmapIndex':
(.data+0xa04): multiple definition of `gSkyPixmapIndex'; build/recon/game/psx/hrzsku.cpp.o:(.data+0x47c): first defined here
C:/Tools/mips-ps1/mips/bin/mipsel-none-elf-ld.exe: build/asm/data/data_8010CCD4_r14.data.s.o: in function `gpPmx':
(.data+0xa44): multiple definition of `gpPmx'; build/recon/game/psx/hrzsku.cpp.o:(.data+0x4bc): first defined here
C:/Tools/mips-ps1/mips/bin/mipsel-none-elf-ld.exe: build/asm/data/data_8010CCD4_r14.data.s.o: in function `gHrzRingColor':
(.data+0xa84): multiple definition of `gHrzRingColor'; build/recon/game/psx/hrzsku.cpp.o:(.data+0x4fc): first defined here
C:/Tools/mips-ps1/mips/bin/mipsel-none-elf-ld.exe: build/asm/data/data_8010CCD4_r14.data.s.o: in function `gfxPmxHeightPercentage':
(.data+0xb0c): multiple definition of `gfxPmxHeightPercentage'; build/recon/game/psx/hrzsku.cpp.o:(.data+0x584): first defined here
C:/Tools/mips-ps1/mips/bin/mipsel-none-elf-ld.exe: build/asm/data/data_8010CCD4_r14.data.s.o: in function `gHrz_Lightning':
(.data+0xb4c): multiple definition of `gHrz_Lightning'; build/recon/game/psx/hrzsku.cpp.o:(.data+0x5c4): first defined here
C:/Tools/mips-ps1/mips/bin/mipsel-none-elf-ld.exe: build/asm/data/data_8010CCD4_r14.data.s.o: in function `Hud_gElementPositions':
(.data+0xbb4): multiple definition of `Hud_gElementPositions'; build/recon/game/psx/hud.cpp.o:(.data+0x0): first defined here
C:/Tools/mips-ps1/mips/bin/mipsel-none-elf-ld.exe: build/asm/data/data_8010CCD4_r14.data.s.o: in function `Hud_Character':
(.data+0xd3c): multiple definition of `Hud_Character'; build/recon/game/psx/hud.cpp.o:(.data+0x188): first defined here
C:/Tools/mips-ps1/mips/bin/mipsel-none-elf-ld.exe: build/asm/data/data_8010CCD4_r14.data.s.o: in function `fMapScaleX':
(.data+0xd50): multiple definition of `fMapScaleX'; build/recon/game/psx/hud.cpp.o:(.data+0x19c): first defined here
C:/Tools/mips-ps1/mips/bin/mipsel-none-elf-ld.exe: build/asm/data/data_8010CCD4_r14.data.s.o: in function `fMapScaleY':
(.data+0xd7c): multiple definition of `fMapScaleY'; build/recon/game/psx/hud.cpp.o:(.data+0x1c8): first defined here
C:/Tools/mips-ps1/mips/bin/mipsel-none-elf-ld.exe: build/asm/data/data_8010CCD4_r14.data.s.o: in function `fMapOffX':
(.data+0xda8): multiple definition of `fMapOffX'; build/recon/game/psx/hud.cpp.o:(.data+0x1f4): first defined here
C:/Tools/mips-ps1/mips/bin/mipsel-none-elf-ld.exe: build/asm/data/data_8010CCD4_r14.data.s.o: in function `fMapOffY':
(.data+0xdc0): multiple definition of `fMapOffY'; build/recon/game/psx/hud.cpp.o:(.data+0x20c): first defined here
C:/Tools/mips-ps1/mips/bin/mipsel-none-elf-ld.exe: build/asm/data/data_8010CCD4_r14.data.s.o: in function `fMapRotate':
(.data+0xdd8): multiple definition of `fMapRotate'; build/recon/game/psx/hud.cpp.o:(.data+0x224): first defined here
C:/Tools/mips-ps1/mips/bin/mipsel-none-elf-ld.exe: build/asm/data/data_8010CCD4_r14.data.s.o: in function `Hud_gMarkerColor':
(.data+0xdf0): multiple definition of `Hud_gMarkerColor'; build/recon/game/psx/hud.cpp.o:(.data+0x23c): first defined here
C:/Tools/mips-ps1/mips/bin/mipsel-none-elf-ld.exe: build/asm/data/data_8010CCD4_r14.data.s.o: in function `Hud_gCopMarkerColor':
(.data+0xe20): multiple definition of `Hud_gCopMarkerColor'; build/recon/game/psx/hud.cpp.o:(.data+0x26c): first defined here
C:/Tools/mips-ps1/mips/bin/mipsel-none-elf-ld.exe: build/asm/data/data_8010CCD4_r14.data.s.o: in function `Night_gCopCountryLightTbl':
(.data+0xfa8): multiple definition of `Night_gCopCountryLightTbl'; build/recon/game/psx/night.cpp.o:(.data+0x0): first defined here
C:/Tools/mips-ps1/mips/bin/mipsel-none-elf-ld.exe: build/asm/data/data_8010CCD4_r14.data.s.o: in function `Night_gLightningPauseAreas':
(.data+0xfbc): multiple definition of `Night_gLightningPauseAreas'; build/recon/game/psx/night.cpp.o:(.data+0x24): first defined here
C:/Tools/mips-ps1/mips/bin/mipsel-none-elf-ld.exe: build/asm/data/data_8010CCD4_r14.data.s.o: in function `Night_gAdditiveHeadlightColor':
(.data+0x104c): multiple definition of `Night_gAdditiveHeadlightColor'; build/recon/game/psx/night.cpp.o:(.data+0xa4): first defined here
C:/Tools/mips-ps1/mips/bin/mipsel-none-elf-ld.exe: build/asm/data/data_8010CCD4_r15.data.s.o: in function `GPU_printf':
(.data+0x2628): multiple definition of `GPU_printf'; build/recon/syslib/psx/libgpu/SYS.c.o:(.bss+0x0): first defined here
C:/Tools/mips-ps1/mips/bin/mipsel-none-elf-ld.exe: build/asm/data/data_8010CCD4_r16.data.s.o: in function `sndcents':
(.data+0x138a4): multiple definition of `sndcents'; build/recon/eaclib/psx/sndpsxz/sclcptch.c.o:(.data+0x0): first defined here
C:/Tools/mips-ps1/mips/bin/mipsel-none-elf-ld.exe: build/recon/eaclib/psx/sndpsxz/snddata.c.o: in function `sndpsxlimits':
(.sdata+0x0): multiple definition of `sndpsxlimits'; build/asm/data/data_8010CCD4_r15.data.s.o:(.data+0x2464): first defined here
C:/Tools/mips-ps1/mips/bin/mipsel-none-elf-ld.exe: build/recon/game/psx/draww.cpp.o: in function `gIdentTemplate':
(.data+0x8): multiple definition of `gIdentTemplate'; build/asm/data/data_8010CCD4_r13.data.s.o:(.data+0x85f4): first defined here
C:/Tools/mips-ps1/mips/bin/mipsel-none-elf-ld.exe: build/recon/game/psx/draww.cpp.o: in function `trk0':
(.data+0x28): multiple definition of `trk0'; build/asm/data/data_8010CCD4_r13.data.s.o:(.data+0x8614): first defined here
C:/Tools/mips-ps1/mips/bin/mipsel-none-elf-ld.exe: build/recon/game/psx/draww.cpp.o: in function `trk4':
(.data+0x70): multiple definition of `trk4'; build/asm/data/data_8010CCD4_r13.data.s.o:(.data+0x865c): first defined here
C:/Tools/mips-ps1/mips/bin/mipsel-none-elf-ld.exe: build/recon/game/psx/draww.cpp.o: in function `gDiv':
(.data+0xd4): multiple definition of `gDiv'; build/asm/data/data_8010CCD4_r13.data.s.o:(.data+0x86ac): first defined here
C:/Tools/mips-ps1/mips/bin/mipsel-none-elf-ld.exe: build/recon/game/psx/draww.cpp.o: in function `animation_timer':
(.data+0x1c4): multiple definition of `animation_timer'; build/asm/data/data_8010CCD4_r13.data.s.o:(.data+0x879c): first defined here
C:/Tools/mips-ps1/mips/bin/mipsel-none-elf-ld.exe: build/recon/game/psx/draww.cpp.o: in function `gChunkObjInfo':
(.data+0x1f4): multiple definition of `gChunkObjInfo'; build/asm/data/data_8010CCD4_r13.data.s.o:(.data+0x87cc): first defined here
C:/Tools/mips-ps1/mips/bin/mipsel-none-elf-ld.exe: build/recon/game/psx/draww.cpp.o: in function `gVertex3d':
(.data+0x20c): multiple definition of `gVertex3d'; build/asm/data/data_8010CCD4_r13.data.s.o:(.data+0x87e4): first defined here
C:/Tools/mips-ps1/mips/bin/mipsel-none-elf-ld.exe: build/recon/syslib/psx/libcd/cddebug.c.o: in function `CD_comstr':
(.data+0x0): multiple definition of `CD_comstr'; build/asm/data/data_8010CCD4_r18.data.s.o:(.data+0x4c): first defined here
C:/Tools/mips-ps1/mips/bin/mipsel-none-elf-ld.exe: build/recon/syslib/psx/libcd/cddebug.c.o: in function `CD_intstr':
(.data+0x80): multiple definition of `CD_intstr'; build/asm/data/data_8010CCD4_r18.data.s.o:(.data+0xcc): first defined here
C:/Tools/mips-ps1/mips/bin/mipsel-none-elf-ld.exe: build/recon/syslib/psx/libpad/PAD.c.o: in function `_padFuncNextPort':
(.sdata+0x0): multiple definition of `_padFuncNextPort'; build/asm/data/data_8010CCD4_r16.data.s.o:(.data+0x14458): first defined here
C:/Tools/mips-ps1/mips/bin/mipsel-none-elf-ld.exe: build/recon/syslib/psx/libpad/PAD.c.o: in function `_padFuncClrInfo':
(.sdata+0x4): multiple definition of `_padFuncClrInfo'; build/asm/data/data_8010CCD4_r16.data.s.o:(.data+0x1445c): first defined here
C:/Tools/mips-ps1/mips/bin/mipsel-none-elf-ld.exe: build/recon/syslib/psx/libpad/PAD.c.o: in function `_padFuncGetTxd':
(.sdata+0x8): multiple definition of `_padFuncGetTxd'; build/asm/data/data_8010CCD4_r16.data.s.o:(.data+0x14460): first defined here
C:/Tools/mips-ps1/mips/bin/mipsel-none-elf-ld.exe: build/recon/syslib/psx/libpad/PAD.c.o: in function `_padFuncCurrLimit':
(.sdata+0xc): multiple definition of `_padFuncCurrLimit'; build/asm/data/data_8010CCD4_r16.data.s.o:(.data+0x14464): first defined here
C:/Tools/mips-ps1/mips/bin/mipsel-none-elf-ld.exe: build/recon/syslib/psx/libpad/PAD.c.o: in function `_padFuncPtr2Port':
(.sdata+0x10): multiple definition of `_padFuncPtr2Port'; build/asm/data/data_8010CCD4_r16.data.s.o:(.data+0x14468): first defined here
C:/Tools/mips-ps1/mips/bin/mipsel-none-elf-ld.exe: build/recon/syslib/psx/libpad/PAD.c.o: in function `_padFuncPort2Info':
(.sdata+0x14): multiple definition of `_padFuncPort2Info'; build/asm/data/data_8010CCD4_r16.data.s.o:(.data+0x1446c): first defined here
C:/Tools/mips-ps1/mips/bin/mipsel-none-elf-ld.exe: build/recon/syslib/psx/libpad/PAD.c.o: in function `_padFuncSendAuto':
(.sdata+0x18): multiple definition of `_padFuncSendAuto'; build/asm/data/data_8010CCD4_r16.data.s.o:(.data+0x14470): first defined here
C:/Tools/mips-ps1/mips/bin/mipsel-none-elf-ld.exe: build/recon/syslib/psx/libpad/PAD.c.o: in function `_padFuncChkEng':
(.sdata+0x1c): multiple definition of `_padFuncChkEng'; build/asm/data/data_8010CCD4_r16.data.s.o:(.data+0x14474): first defined here
C:/Tools/mips-ps1/mips/bin/mipsel-none-elf-ld.exe: build/recon/syslib/psx/libpad/PAD.c.o: in function `_padFuncRecvAuto':
(.sdata+0x20): multiple definition of `_padFuncRecvAuto'; build/asm/data/data_8010CCD4_r16.data.s.o:(.data+0x14478): first defined here
C:/Tools/mips-ps1/mips/bin/mipsel-none-elf-ld.exe: build/recon/syslib/psx/libpad/PAD.c.o: in function `_padFuncClrCmdNo':
(.sdata+0x24): multiple definition of `_padFuncClrCmdNo'; build/asm/data/data_8010CCD4_r16.data.s.o:(.data+0x1447c): first defined here
C:/Tools/mips-ps1/mips/bin/mipsel-none-elf-ld.exe: build/recon/syslib/psx/libpad/PAD.c.o: in function `_padFuncIntGun':
(.sdata+0x28): multiple definition of `_padFuncIntGun'; build/asm/data/data_8010CCD4_r16.data.s.o:(.data+0x14480): first defined here
C:/Tools/mips-ps1/mips/bin/mipsel-none-elf-ld.exe: build/recon/syslib/psx/libpad/PAD.c.o: in function `_padFuncSetGunPort':
(.sdata+0x2c): multiple definition of `_padFuncSetGunPort'; build/asm/data/data_8010CCD4_r16.data.s.o:(.data+0x14484): first defined here
C:/Tools/mips-ps1/mips/bin/mipsel-none-elf-ld.exe: build/recon/syslib/psx/libpad/PAD.c.o: in function `_padFuncGetGunPos':
(.sdata+0x30): multiple definition of `_padFuncGetGunPos'; build/asm/data/data_8010CCD4_r16.data.s.o:(.data+0x14488): first defined here
C:/Tools/mips-ps1/mips/bin/mipsel-none-elf-ld.exe: build/recon/syslib/psx/libpad/PAD.c.o: in function `_padInfoDir':
(.sdata+0x34): multiple definition of `_padInfoDir'; build/asm/data/data_8010CCD4_r16.data.s.o:(.data+0x1448c): first defined here
C:/Tools/mips-ps1/mips/bin/mipsel-none-elf-ld.exe: build/recon/syslib/psx/libpad/PAD.c.o: in function `_padIntExec':
(.sdata+0x38): multiple definition of `_padIntExec'; build/asm/data/data_8010CCD4_r16.data.s.o:(.data+0x14490): first defined here
C:/Tools/mips-ps1/mips/bin/mipsel-none-elf-ld.exe: build/recon/syslib/psx/libpad/PAD.c.o: in function `_padGunExec':
(.sdata+0x3c): multiple definition of `_padGunExec'; build/asm/data/data_8010CCD4_r16.data.s.o:(.data+0x14494): first defined here
C:/Tools/mips-ps1/mips/bin/mipsel-none-elf-ld.exe: build/recon/syslib/psx/libpad/PAD.c.o: in function `_padSioChan':
(.sdata+0x40): multiple definition of `_padSioChan'; build/asm/data/data_8010CCD4_r16.data.s.o:(.data+0x14498): first defined here
C:/Tools/mips-ps1/mips/bin/mipsel-none-elf-ld.exe: build/recon/syslib/psx/libpad/PAD.c.o: in function `_padSioState':
(.sdata+0x44): multiple definition of `_padSioState'; build/asm/data/data_8010CCD4_r16.data.s.o:(.data+0x1449c): first defined here
C:/Tools/mips-ps1/mips/bin/mipsel-none-elf-ld.exe: build/recon/syslib/psx/libpad/PAD.c.o: in function `_padTotalCurr':
(.sdata+0x48): multiple definition of `_padTotalCurr'; build/asm/data/data_8010CCD4_r16.data.s.o:(.data+0x144a0): first defined here
C:/Tools/mips-ps1/mips/bin/mipsel-none-elf-ld.exe: build/recon/syslib/psx/libpad/PAD.c.o: in function `_padModeMtap':
(.sdata+0x4c): multiple definition of `_padModeMtap'; build/asm/data/data_8010CCD4_r16.data.s.o:(.data+0x144a4): first defined here
C:/Tools/mips-ps1/mips/bin/mipsel-none-elf-ld.exe: build/recon/syslib/psx/libpad/PAD.c.o: in function `_padChanStart':
(.sdata+0x50): multiple definition of `_padChanStart'; build/asm/data/data_8010CCD4_r16.data.s.o:(.data+0x144a8): first defined here
C:/Tools/mips-ps1/mips/bin/mipsel-none-elf-ld.exe: build/recon/syslib/psx/libpad/PAD.c.o: in function `_padChanStop':
(.sdata+0x54): multiple definition of `_padChanStop'; build/asm/data/data_8010CCD4_r16.data.s.o:(.data+0x144ac): first defined here
C:/Tools/mips-ps1/mips/bin/mipsel-none-elf-ld.exe: build/recon/syslib/psx/libpad/PAD.c.o: in function `_padFixResult':
(.data+0x0): multiple definition of `_padFixResult'; build/asm/data/data_8010CCD4_r16.data.s.o:(.data+0x144b0): first defined here
C:/Tools/mips-ps1/mips/bin/mipsel-none-elf-ld.exe: build/recon/syslib/psx/libpad/PAD.c.o: in function `padIntFunc':
(.data+0x8): multiple definition of `padIntFunc'; build/asm/data/data_8010CCD4_r19.data.s.o:(.data+0xc): first defined here
C:/Tools/mips-ps1/mips/bin/mipsel-none-elf-ld.exe: build/recon/game/common/aihigh.cpp.o: in function `highLevelAIObjs':
(.data+0x38): multiple definition of `highLevelAIObjs'; build/asm/data/data_8010CCD4_r00.data.s.o:(.data+0x64): first defined here
C:/Tools/mips-ps1/mips/bin/mipsel-none-elf-ld.exe: build/asm/data/sdata_8013C54C_r01.sdata.s.o: in function `gBlockadeTypes':
(.sdata+0x0): multiple definition of `gBlockadeTypes'; build/recon/game/common/aih_play.cpp.o:(.data+0xc): first defined here
C:/Tools/mips-ps1/mips/bin/mipsel-none-elf-ld.exe: build/asm/data/sdata_8013C54C_r02.sdata.s.o: in function `AIPhysic_iTime':
(.sdata+0xc): multiple definition of `AIPhysic_iTime'; build/recon/game/common/aiphysic.cpp.o:(.sdata+0x8): first defined here
C:/Tools/mips-ps1/mips/bin/mipsel-none-elf-ld.exe: build/asm/data/sdata_8013C54C_r02.sdata.s.o: in function `AIPhysic_time':
(.sdata+0x10): multiple definition of `AIPhysic_time'; build/recon/game/common/aiphysic.cpp.o:(.sdata+0x4): first defined here
C:/Tools/mips-ps1/mips/bin/mipsel-none-elf-ld.exe: build/asm/data/sdata_8013C54C_r02.sdata.s.o: in function `AIPhysic_elapsedTime':
(.sdata+0x14): multiple definition of `AIPhysic_elapsedTime'; build/recon/game/common/aiphysic.cpp.o:(.sdata+0x0): first defined here
C:/Tools/mips-ps1/mips/bin/mipsel-none-elf-ld.exe: build/asm/data/sdata_8013C54C_r03.sdata.s.o: in function `Track0Speeds':
(.sdata+0x8): multiple definition of `Track0Speeds'; build/recon/game/common/aispeeds.cpp.o:(.sdata+0x0): first defined here
C:/Tools/mips-ps1/mips/bin/mipsel-none-elf-ld.exe: build/asm/data/sdata_8013C54C_r03.sdata.s.o: in function `Track1Speeds':
(.sdata+0xc): multiple definition of `Track1Speeds'; build/recon/game/common/aispeeds.cpp.o:(.sdata+0x4): first defined here
C:/Tools/mips-ps1/mips/bin/mipsel-none-elf-ld.exe: build/asm/data/sdata_8013C54C_r03.sdata.s.o: in function `Track4Speeds':
(.sdata+0x10): multiple definition of `Track4Speeds'; build/recon/game/common/aispeeds.cpp.o:(.sdata+0x8): first defined here
C:/Tools/mips-ps1/mips/bin/mipsel-none-elf-ld.exe: build/asm/data/sdata_8013C54C_r03.sdata.s.o: in function `Track8Speeds':
(.sdata+0x14): multiple definition of `Track8Speeds'; build/recon/game/common/aispeeds.cpp.o:(.sdata+0xc): first defined here
C:/Tools/mips-ps1/mips/bin/mipsel-none-elf-ld.exe: build/asm/data/sdata_8013C54C_r03.sdata.s.o: in function `Track9Speeds':
(.sdata+0x18): multiple definition of `Track9Speeds'; build/recon/game/common/aispeeds.cpp.o:(.sdata+0x10): first defined here
C:/Tools/mips-ps1/mips/bin/mipsel-none-elf-ld.exe: build/asm/data/sdata_8013C54C_r03.sdata.s.o: in function `Track10Speeds':
(.sdata+0x1c): multiple definition of `Track10Speeds'; build/recon/game/common/aispeeds.cpp.o:(.sdata+0x14): first defined here
C:/Tools/mips-ps1/mips/bin/mipsel-none-elf-ld.exe: build/asm/data/sdata_8013C54C_r05.sdata.s.o: in function `trackMusicState':
(.sdata+0x0): multiple definition of `trackMusicState'; build/recon/game/common/audiocmn.cpp.o:(.sdata+0x1c): first defined here
C:/Tools/mips-ps1/mips/bin/mipsel-none-elf-ld.exe: build/asm/data/sdata_8013C54C_r05.sdata.s.o: in function `audioBackwardsDirection':
(.sdata+0x4): multiple definition of `audioBackwardsDirection'; build/recon/game/common/audiocmn.cpp.o:(.sdata+0x58): first defined here
C:/Tools/mips-ps1/mips/bin/mipsel-none-elf-ld.exe: build/asm/data/sdata_8013C54C_r05.sdata.s.o: in function `intensityFalseLapCounter':
(.sdata+0x8): multiple definition of `intensityFalseLapCounter'; build/recon/game/common/audiocmn.cpp.o:(.sdata+0x5c): first defined here
C:/Tools/mips-ps1/mips/bin/mipsel-none-elf-ld.exe: build/asm/data/sdata_8013C54C_r05.sdata.s.o: in function `falseLapCounter':
(.sdata+0xc): multiple definition of `falseLapCounter'; build/recon/game/common/audiocmn.cpp.o:(.sdata+0x60): first defined here
C:/Tools/mips-ps1/mips/bin/mipsel-none-elf-ld.exe: build/asm/data/sdata_8013C54C_r05.sdata.s.o: in function `gMusicStyle':
(.sdata+0x10): multiple definition of `gMusicStyle'; build/recon/game/common/audiocmn.cpp.o:(.sdata+0x64): first defined here
C:/Tools/mips-ps1/mips/bin/mipsel-none-elf-ld.exe: build/asm/data/sdata_8013C54C_r05.sdata.s.o: in function `countdown':
(.sdata+0x14): multiple definition of `countdown'; build/recon/game/common/audiocmn.cpp.o:(.sdata+0x68): first defined here
C:/Tools/mips-ps1/mips/bin/mipsel-none-elf-ld.exe: build/asm/data/sdata_8013C54C_r05.sdata.s.o: in function `FadingMusic':
(.sdata+0x15): multiple definition of `FadingMusic'; build/recon/game/common/audiocmn.cpp.o:(.sdata+0x69): first defined here
C:/Tools/mips-ps1/mips/bin/mipsel-none-elf-ld.exe: build/asm/data/sdata_8013C54C_r05.sdata.s.o: in function `StartedNewMusic':
(.sdata+0x16): multiple definition of `StartedNewMusic'; build/recon/game/common/audiocmn.cpp.o:(.sdata+0x6a): first defined here
C:/Tools/mips-ps1/mips/bin/mipsel-none-elf-ld.exe: build/asm/data/sdata_8013C54C_r05.sdata.s.o: in function `recordLapTime':
(.sdata+0x18): multiple definition of `recordLapTime'; build/recon/game/common/audiocmn.cpp.o:(.sdata+0x6c): first defined here
C:/Tools/mips-ps1/mips/bin/mipsel-none-elf-ld.exe: build/asm/data/sdata_8013C54C_r05.sdata.s.o: in function `AudioCmn_kAudioOn':
(.sdata+0x1c): multiple definition of `AudioCmn_kAudioOn'; build/recon/game/common/audiocmn.cpp.o:(.sdata+0x20): first defined here
C:/Tools/mips-ps1/mips/bin/mipsel-none-elf-ld.exe: build/asm/data/sdata_8013C54C_r05.sdata.s.o: in function `AudioCmn_kAudioStreamingOn':
(.sdata+0x20): multiple definition of `AudioCmn_kAudioStreamingOn'; build/recon/game/common/audiocmn.cpp.o:(.sdata+0x24): first defined here
C:/Tools/mips-ps1/mips/bin/mipsel-none-elf-ld.exe: build/asm/data/sdata_8013C54C_r05.sdata.s.o: in function `SgameSFXvol':
(.sdata+0x24): multiple definition of `SgameSFXvol'; build/recon/game/common/audiocmn.cpp.o:(.sdata+0x28): first defined here
C:/Tools/mips-ps1/mips/bin/mipsel-none-elf-ld.exe: build/asm/data/sdata_8013C54C_r05.sdata.s.o: in function `gMasterMusicLevel':
(.sdata+0x28): multiple definition of `gMasterMusicLevel'; build/recon/game/common/audiocmn.cpp.o:(.sdata+0x2c): first defined here
C:/Tools/mips-ps1/mips/bin/mipsel-none-elf-ld.exe: build/asm/data/sdata_8013C54C_r05.sdata.s.o: in function `gMasterSFXLevel':
(.sdata+0x2c): multiple definition of `gMasterSFXLevel'; build/recon/game/common/audiocmn.cpp.o:(.sdata+0x30): first defined here
C:/Tools/mips-ps1/mips/bin/mipsel-none-elf-ld.exe: build/asm/data/sdata_8013C54C_r05.sdata.s.o: in function `gMasterEngineLevel':
(.sdata+0x30): multiple definition of `gMasterEngineLevel'; build/recon/game/common/audiocmn.cpp.o:(.sdata+0x34): first defined here
C:/Tools/mips-ps1/mips/bin/mipsel-none-elf-ld.exe: build/asm/data/sdata_8013C54C_r05.sdata.s.o: in function `gMasterFENarrationLevel':
(.sdata+0x34): multiple definition of `gMasterFENarrationLevel'; build/recon/game/common/audiocmn.cpp.o:(.sdata+0x38): first defined here
C:/Tools/mips-ps1/mips/bin/mipsel-none-elf-ld.exe: build/asm/data/sdata_8013C54C_r05.sdata.s.o: in function `gMasterAmbientLevel':
(.sdata+0x38): multiple definition of `gMasterAmbientLevel'; build/recon/game/common/audiocmn.cpp.o:(.sdata+0x3c): first defined here
C:/Tools/mips-ps1/mips/bin/mipsel-none-elf-ld.exe: build/asm/data/sdata_8013C54C_r05.sdata.s.o: in function `previousSFXLevel':
(.sdata+0x3c): multiple definition of `previousSFXLevel'; build/recon/game/common/audiocmn.cpp.o:(.sdata+0x40): first defined here
C:/Tools/mips-ps1/mips/bin/mipsel-none-elf-ld.exe: build/asm/data/sdata_8013C54C_r05.sdata.s.o: in function `AudioCmn_musicInteractive':
(.sdata+0x40): multiple definition of `AudioCmn_musicInteractive'; build/recon/game/common/audiocmn.cpp.o:(.sdata+0x44): first defined here
C:/Tools/mips-ps1/mips/bin/mipsel-none-elf-ld.exe: build/asm/data/sdata_8013C54C_r05.sdata.s.o: in function `gFEmusicON':
(.sdata+0x44): multiple definition of `gFEmusicON'; build/recon/game/common/audiocmn.cpp.o:(.sdata+0x48): first defined here
C:/Tools/mips-ps1/mips/bin/mipsel-none-elf-ld.exe: build/asm/data/sdata_8013C54C_r05.sdata.s.o: in function `NumSFXOn':
(.sdata+0x48): multiple definition of `NumSFXOn'; build/recon/game/common/audiocmn.cpp.o:(.sdata+0x70): first defined here
C:/Tools/mips-ps1/mips/bin/mipsel-none-elf-ld.exe: build/asm/data/sdata_8013C54C_r05.sdata.s.o: in function `gStereoMode':
(.sdata+0x4c): multiple definition of `gStereoMode'; build/recon/game/common/audiocmn.cpp.o:(.sdata+0x4c): first defined here
C:/Tools/mips-ps1/mips/bin/mipsel-none-elf-ld.exe: build/asm/data/sdata_8013C54C_r05.sdata.s.o: in function `fReverbOn':
(.sdata+0x50): multiple definition of `fReverbOn'; build/recon/game/common/audiocmn.cpp.o:(.sdata+0x74): first defined here
C:/Tools/mips-ps1/mips/bin/mipsel-none-elf-ld.exe: build/asm/data/sdata_8013C54C_r05.sdata.s.o: in function `fReverbLevel':
(.sdata+0x51): multiple definition of `fReverbLevel'; build/recon/game/common/audiocmn.cpp.o:(.sdata+0x50): first defined here
C:/Tools/mips-ps1/mips/bin/mipsel-none-elf-ld.exe: build/asm/data/sdata_8013C54C_r05.sdata.s.o: in function `falseLapTrigCur':
(.sdata+0x8c): multiple definition of `falseLapTrigCur'; build/recon/game/common/audiocmn.cpp.o:(.sdata+0x78): first defined here
C:/Tools/mips-ps1/mips/bin/mipsel-none-elf-ld.exe: build/asm/data/sdata_8013C54C_r05.sdata.s.o: in function `flaseLapTrigTrack':
(.sdata+0x90): multiple definition of `flaseLapTrigTrack'; build/recon/game/common/audiocmn.cpp.o:(.sdata+0x7c): first defined here
C:/Tools/mips-ps1/mips/bin/mipsel-none-elf-ld.exe: build/asm/data/sdata_8013C54C_r05.sdata.s.o: in function `currentLap':
(.sdata+0x94): multiple definition of `currentLap'; build/recon/game/common/audiocmn.cpp.o:(.sdata+0x80): first defined here
C:/Tools/mips-ps1/mips/bin/mipsel-none-elf-ld.exe: build/asm/data/sdata_8013C54C_r05.sdata.s.o: in function `bestLapTime':
(.sdata+0x98): multiple definition of `bestLapTime'; build/recon/game/common/audiocmn.cpp.o:(.data+0x9f0): first defined here
C:/Tools/mips-ps1/mips/bin/mipsel-none-elf-ld.exe: build/asm/data/sdata_8013C54C_r05.sdata.s.o: in function `gtotallaptimes':
(.sdata+0xa0): multiple definition of `gtotallaptimes'; build/recon/game/common/audiocmn.cpp.o:(.data+0x9f8): first defined here
C:/Tools/mips-ps1/mips/bin/mipsel-none-elf-ld.exe: build/asm/data/sdata_8013C54C_r05.sdata.s.o: in function `AudioCmn_gPlayerArrested':
(.sdata+0xa8): multiple definition of `AudioCmn_gPlayerArrested'; build/recon/game/common/audiocmn.cpp.o:(.data+0xa00): first defined here
C:/Tools/mips-ps1/mips/bin/mipsel-none-elf-ld.exe: build/asm/data/sdata_8013C54C_r05.sdata.s.o: in function `AudioCmn_gCursorSndHandle':
(.sdata+0xb0): multiple definition of `AudioCmn_gCursorSndHandle'; build/recon/game/common/audiocmn.cpp.o:(.sdata+0x84): first defined here
C:/Tools/mips-ps1/mips/bin/mipsel-none-elf-ld.exe: build/asm/data/sdata_8013C54C_r05.sdata.s.o: in function `AudioCmn_gLastFade':
(.sdata+0xb4): multiple definition of `AudioCmn_gLastFade'; build/recon/game/common/audiocmn.cpp.o:(.sdata+0x88): first defined here
C:/Tools/mips-ps1/mips/bin/mipsel-none-elf-ld.exe: build/asm/data/sdata_8013C54C_r05.sdata.s.o: in function `AudioCmn_gLoadTables':
(.sdata+0xb8): multiple definition of `AudioCmn_gLoadTables'; build/recon/game/common/audiocmn.cpp.o:(.sdata+0x8c): first defined here
C:/Tools/mips-ps1/mips/bin/mipsel-none-elf-ld.exe: build/asm/data/sdata_8013C54C_r05.sdata.s.o: in function `AudioCmn_gCruiseTables':
(.sdata+0xbc): multiple definition of `AudioCmn_gCruiseTables'; build/recon/game/common/audiocmn.cpp.o:(.sdata+0x90): first defined here
C:/Tools/mips-ps1/mips/bin/mipsel-none-elf-ld.exe: build/asm/data/sdata_8013C54C_r05.sdata.s.o: in function `AudioCmn_gResume':
(.sdata+0xc0): multiple definition of `AudioCmn_gResume'; build/recon/game/common/audiocmn.cpp.o:(.sdata+0x94): first defined here
C:/Tools/mips-ps1/mips/bin/mipsel-none-elf-ld.exe: build/asm/data/sdata_8013C54C_r05.sdata.s.o: in function `AudioCmn_gStreamRestartTimer':
(.sdata+0xc4): multiple definition of `AudioCmn_gStreamRestartTimer'; build/recon/game/common/audiocmn.cpp.o:(.sdata+0x98): first defined here
C:/Tools/mips-ps1/mips/bin/mipsel-none-elf-ld.exe: build/asm/data/sdata_8013C54C_r05.sdata.s.o: in function `fMysticWindON':
(.sdata+0xc8): multiple definition of `fMysticWindON'; build/recon/game/common/audiocmn.cpp.o:(.sdata+0x9c): first defined here
C:/Tools/mips-ps1/mips/bin/mipsel-none-elf-ld.exe: build/asm/data/sdata_8013C54C_r05.sdata.s.o: in function `fAmbientRangeON':
(.sdata+0xcc): multiple definition of `fAmbientRangeON'; build/recon/game/common/audiocmn.cpp.o:(.sdata+0xa0): first defined here
C:/Tools/mips-ps1/mips/bin/mipsel-none-elf-ld.exe: build/asm/data/sdata_8013C54C_r05.sdata.s.o: in function `currentWindVal':
(.sdata+0xd0): multiple definition of `currentWindVal'; build/recon/game/common/audiocmn.cpp.o:(.data+0xa08): first defined here
C:/Tools/mips-ps1/mips/bin/mipsel-none-elf-ld.exe: build/asm/data/sdata_8013C54C_r05.sdata.s.o: in function `nextWindVal':
(.sdata+0xd8): multiple definition of `nextWindVal'; build/recon/game/common/audiocmn.cpp.o:(.data+0xa10): first defined here
C:/Tools/mips-ps1/mips/bin/mipsel-none-elf-ld.exe: build/asm/data/sdata_8013C54C_r05.sdata.s.o: in function `currentWindPan':
(.sdata+0xe0): multiple definition of `currentWindPan'; build/recon/game/common/audiocmn.cpp.o:(.sdata+0xa4): first defined here
C:/Tools/mips-ps1/mips/bin/mipsel-none-elf-ld.exe: build/asm/data/sdata_8013C54C_r05.sdata.s.o: in function `nextWindPan':
(.sdata+0xe4): multiple definition of `nextWindPan'; build/recon/game/common/audiocmn.cpp.o:(.sdata+0xa8): first defined here
C:/Tools/mips-ps1/mips/bin/mipsel-none-elf-ld.exe: build/asm/data/sdata_8013C54C_r05.sdata.s.o: in function `gQuickSirenCount':
(.sdata+0xe8): multiple definition of `gQuickSirenCount'; build/recon/game/common/audiocmn.cpp.o:(.sdata+0xac): first defined here
C:/Tools/mips-ps1/mips/bin/mipsel-none-elf-ld.exe: build/asm/data/sdata_8013C54C_r05.sdata.s.o: in function `AudioCmn_ThunderAmp':
(.sdata+0xec): multiple definition of `AudioCmn_ThunderAmp'; build/recon/game/common/audiocmn.cpp.o:(.sdata+0xb0): first defined here
C:/Tools/mips-ps1/mips/bin/mipsel-none-elf-ld.exe: build/asm/data/sdata_8013C54C_r05.sdata.s.o: in function `AudioCmn_ThunderAzi':
(.sdata+0xf0): multiple definition of `AudioCmn_ThunderAzi'; build/recon/game/common/audiocmn.cpp.o:(.sdata+0xb4): first defined here
C:/Tools/mips-ps1/mips/bin/mipsel-none-elf-ld.exe: build/asm/data/sdata_8013C54C_r05.sdata.s.o: in function `AudioCmn_ThunderDel':
(.sdata+0xf4): multiple definition of `AudioCmn_ThunderDel'; build/recon/game/common/audiocmn.cpp.o:(.sdata+0xb8): first defined here
C:/Tools/mips-ps1/mips/bin/mipsel-none-elf-ld.exe: build/asm/data/sdata_8013C54C_r07.sdata.s.o: in function `AudioEng_g':
(.sdata+0x0): multiple definition of `AudioEng_g'; build/recon/game/common/audioeng.cpp.o:(.sdata+0x18): first defined here
C:/Tools/mips-ps1/mips/bin/mipsel-none-elf-ld.exe: build/asm/data/sdata_8013C54C_r08.sdata.s.o: in function `SceneLoaded':
(.sdata+0x0): multiple definition of `SceneLoaded'; build/recon/game/common/bworld.cpp.o:(.sdata+0x8): first defined here
C:/Tools/mips-ps1/mips/bin/mipsel-none-elf-ld.exe: build/asm/data/sdata_8013C54C_r08.sdata.s.o: in function `gCurrContext':
(.sdata+0x38): multiple definition of `gCurrContext'; build/recon/game/common/bworld.cpp.o:(.sdata+0xc): first defined here
C:/Tools/mips-ps1/mips/bin/mipsel-none-elf-ld.exe: build/asm/data/sdata_8013C54C_r08.sdata.s.o: in function `gSpikeBelt':
(.sdata+0x3c): multiple definition of `gSpikeBelt'; build/recon/game/common/bworld.cpp.o:(.sdata+0x10): first defined here
C:/Tools/mips-ps1/mips/bin/mipsel-none-elf-ld.exe: build/asm/data/sdata_8013C54C_r08.sdata.s.o: in function `gSpikeBeltSlice':
(.sdata+0x40): multiple definition of `gSpikeBeltSlice'; build/recon/game/common/bworld.cpp.o:(.sdata+0x14): first defined here
C:/Tools/mips-ps1/mips/bin/mipsel-none-elf-ld.exe: build/asm/data/sdata_8013C54C_r08.sdata.s.o: in function `gSpikeBeltChunk':
(.sdata+0x44): multiple definition of `gSpikeBeltChunk'; build/recon/game/common/bworld.cpp.o:(.sdata+0x18): first defined here
C:/Tools/mips-ps1/mips/bin/mipsel-none-elf-ld.exe: build/asm/data/sdata_8013C54C_r08.sdata.s.o: in function `gSpikeBeltX':
(.sdata+0x48): multiple definition of `gSpikeBeltX'; build/recon/game/common/bworld.cpp.o:(.sdata+0x1c): first defined here
C:/Tools/mips-ps1/mips/bin/mipsel-none-elf-ld.exe: build/asm/data/sdata_8013C54C_r08.sdata.s.o: in function `gBWSlice':
(.sdata+0x4c): multiple definition of `gBWSlice'; build/recon/game/common/bworld.cpp.o:(.sdata+0x20): first defined here
C:/Tools/mips-ps1/mips/bin/mipsel-none-elf-ld.exe: build/asm/data/sdata_8013C54C_r08.sdata.s.o: in function `BWorld_gChunkCount':
(.sdata+0x50): multiple definition of `BWorld_gChunkCount'; build/recon/game/common/bworld.cpp.o:(.sdata+0x24): first defined here
C:/Tools/mips-ps1/mips/bin/mipsel-none-elf-ld.exe: build/asm/data/sdata_8013C54C_r08.sdata.s.o: in function `gSpikeBeltWidth':
(.sdata+0x54): multiple definition of `gSpikeBeltWidth'; build/recon/game/common/bworld.cpp.o:(.sdata+0x28): first defined here
C:/Tools/mips-ps1/mips/bin/mipsel-none-elf-ld.exe: build/asm/data/sdata_8013C54C_r08.sdata.s.o: in function `gSpikeBeltColourTableIndex':
(.sdata+0x58): multiple definition of `gSpikeBeltColourTableIndex'; build/recon/game/common/bworld.cpp.o:(.sdata+0x2c): first defined here
C:/Tools/mips-ps1/mips/bin/mipsel-none-elf-ld.exe: build/asm/data/sdata_8013C54C_r08.sdata.s.o: in function `BW_gCopCarObj':
(.sdata+0x5c): multiple definition of `BW_gCopCarObj'; build/recon/game/common/bworld.cpp.o:(.sdata+0x30): first defined here
C:/Tools/mips-ps1/mips/bin/mipsel-none-elf-ld.exe: build/asm/data/sdata_8013C54C_r08.sdata.s.o: in function `gVi2':
(.sdata+0x60): multiple definition of `gVi2'; build/recon/game/common/bworld.cpp.o:(.sdata+0x34): first defined here
C:/Tools/mips-ps1/mips/bin/mipsel-none-elf-ld.exe: build/asm/data/sdata_8013C54C_r09.sdata.s.o: in function `Collide_gRaiseUp':
(.sdata+0x0): multiple definition of `Collide_gRaiseUp'; build/recon/game/common/collide.cpp.o:(.sdata+0x0): first defined here
C:/Tools/mips-ps1/mips/bin/mipsel-none-elf-ld.exe: build/asm/data/sdata_8013C54C_r09.sdata.s.o: in function `frictionLess':
(.sdata+0x4): multiple definition of `frictionLess'; build/recon/game/common/collide.cpp.o:(.sdata+0x4): first defined here
C:/Tools/mips-ps1/mips/bin/mipsel-none-elf-ld.exe: build/asm/data/sdata_8013C54C_r09.sdata.s.o: in function `Collide_gNumRegistered':
(.sdata+0x8): multiple definition of `Collide_gNumRegistered'; build/recon/game/common/collide.cpp.o:(.sdata+0x8): first defined here
C:/Tools/mips-ps1/mips/bin/mipsel-none-elf-ld.exe: build/asm/data/sdata_8013C54C_r09.sdata.s.o: in function `findClosestSideDave':
(.sdata+0xc): multiple definition of `findClosestSideDave'; build/recon/game/common/collide.cpp.o:(.sdata+0xc): first defined here
C:/Tools/mips-ps1/mips/bin/mipsel-none-elf-ld.exe: build/asm/data/sdata_8013C54C_r09.sdata.s.o: in function `obj0':
(.sdata+0x10): multiple definition of `obj0'; build/recon/game/common/collide.cpp.o:(.sdata+0x10): first defined here
C:/Tools/mips-ps1/mips/bin/mipsel-none-elf-ld.exe: build/asm/data/sdata_8013C54C_r09.sdata.s.o: in function `obj1':
(.sdata+0x14): multiple definition of `obj1'; build/recon/game/common/collide.cpp.o:(.sdata+0x14): first defined here
C:/Tools/mips-ps1/mips/bin/mipsel-none-elf-ld.exe: build/asm/data/sdata_8013C54C_r09.sdata.s.o: in function `pNormal':
(.sdata+0x18): multiple definition of `pNormal'; build/recon/game/common/collide.cpp.o:(.sdata+0x18): first defined here
C:/Tools/mips-ps1/mips/bin/mipsel-none-elf-ld.exe: build/asm/data/sdata_8013C54C_r09.sdata.s.o: in function `pP':
(.sdata+0x1c): multiple definition of `pP'; build/recon/game/common/collide.cpp.o:(.sdata+0x1c): first defined here
C:/Tools/mips-ps1/mips/bin/mipsel-none-elf-ld.exe: build/asm/data/sdata_8013C54C_r09.sdata.s.o: in function `cdsectorreseek':
(.sdata+0x850): multiple definition of `cdsectorreseek'; build/recon/game/common/copspeak.cpp.o:(.sdata+0x44): first defined here
C:/Tools/mips-ps1/mips/bin/mipsel-none-elf-ld.exe: build/asm/data/sdata_8013C54C_r09.sdata.s.o: in function `CopSpeak_gHandleCount':
(.sdata+0x854): multiple definition of `CopSpeak_gHandleCount'; build/recon/game/common/copspeak.cpp.o:(.sdata+0x48): first defined here
C:/Tools/mips-ps1/mips/bin/mipsel-none-elf-ld.exe: build/asm/data/sdata_8013C54C_r09.sdata.s.o: in function `CopSpeak_gQueueHead':
(.sdata+0x89c): multiple definition of `CopSpeak_gQueueHead'; build/recon/game/common/copspeak.cpp.o:(.sdata+0x4c): first defined here
C:/Tools/mips-ps1/mips/bin/mipsel-none-elf-ld.exe: build/asm/data/sdata_8013C54C_r09.sdata.s.o: in function `CopSpeak_gQueuePlay':
(.sdata+0x8a0): multiple definition of `CopSpeak_gQueuePlay'; build/recon/game/common/copspeak.cpp.o:(.sdata+0x50): first defined here
C:/Tools/mips-ps1/mips/bin/mipsel-none-elf-ld.exe: build/asm/data/sdata_8013C54C_r09.sdata.s.o: in function `CopSpeak_gSpchHandle':
(.sdata+0x8a4): multiple definition of `CopSpeak_gSpchHandle'; build/recon/game/common/copspeak.cpp.o:(.sdata+0x54): first defined here
C:/Tools/mips-ps1/mips/bin/mipsel-none-elf-ld.exe: build/asm/data/sdata_8013C54C_r09.sdata.s.o: in function `CopSpeak_gNumTrackSfx':
(.sdata+0x8a8): multiple definition of `CopSpeak_gNumTrackSfx'; build/recon/game/common/copspeak.cpp.o:(.sdata+0x58): first defined here
C:/Tools/mips-ps1/mips/bin/mipsel-none-elf-ld.exe: build/asm/data/sdata_8013C54C_r09.sdata.s.o: in function `CopSpeak_gQueueLoad':
(.sdata+0x8ac): multiple definition of `CopSpeak_gQueueLoad'; build/recon/game/common/copspeak.cpp.o:(.sdata+0x5c): first defined here
C:/Tools/mips-ps1/mips/bin/mipsel-none-elf-ld.exe: build/asm/data/sdata_8013C54C_r09.sdata.s.o: in function `CopSpeak_gQueueReady':
(.sdata+0x8b0): multiple definition of `CopSpeak_gQueueReady'; build/recon/game/common/copspeak.cpp.o:(.sdata+0x60): first defined here
C:/Tools/mips-ps1/mips/bin/mipsel-none-elf-ld.exe: build/asm/data/sdata_8013C54C_r09.sdata.s.o: in function `CopSpeak_gWrongWay':
(.sdata+0x8b4): multiple definition of `CopSpeak_gWrongWay'; build/recon/game/common/copspeak.cpp.o:(.sdata+0x64): first defined here
C:/Tools/mips-ps1/mips/bin/mipsel-none-elf-ld.exe: build/asm/data/sdata_8013C54C_r09.sdata.s.o: in function `CopSpeak_gBuffer':
(.sdata+0x8b8): multiple definition of `CopSpeak_gBuffer'; build/recon/game/common/copspeak.cpp.o:(.sdata+0x68): first defined here
C:/Tools/mips-ps1/mips/bin/mipsel-none-elf-ld.exe: build/asm/data/sdata_8013C54C_r09.sdata.s.o: in function `CopSpeak_gBufferLow':
(.sdata+0x8bc): multiple definition of `CopSpeak_gBufferLow'; build/recon/game/common/copspeak.cpp.o:(.sdata+0x6c): first defined here
C:/Tools/mips-ps1/mips/bin/mipsel-none-elf-ld.exe: build/asm/data/sdata_8013C54C_r09.sdata.s.o: in function `CopSpeak_gBufferStart':
(.sdata+0x8be): multiple definition of `CopSpeak_gBufferStart'; build/recon/game/common/copspeak.cpp.o:(.sdata+0x6e): first defined here
C:/Tools/mips-ps1/mips/bin/mipsel-none-elf-ld.exe: build/asm/data/sdata_8013C54C_r09.sdata.s.o: in function `CopSpeak_gBufferEnd':
(.sdata+0x8c0): multiple definition of `CopSpeak_gBufferEnd'; build/recon/game/common/copspeak.cpp.o:(.sdata+0x70): first defined here
C:/Tools/mips-ps1/mips/bin/mipsel-none-elf-ld.exe: build/asm/data/sdata_8013C54C_r09.sdata.s.o: in function `CopSpeak_gBufferHigh':
(.sdata+0x8c2): multiple definition of `CopSpeak_gBufferHigh'; build/recon/game/common/copspeak.cpp.o:(.sdata+0x72): first defined here
C:/Tools/mips-ps1/mips/bin/mipsel-none-elf-ld.exe: build/asm/data/sdata_8013C54C_r09.sdata.s.o: in function `CopSpeak_gStaticHandle':
(.sdata+0x8c4): multiple definition of `CopSpeak_gStaticHandle'; build/recon/game/common/copspeak.cpp.o:(.sdata+0x74): first defined here
C:/Tools/mips-ps1/mips/bin/mipsel-none-elf-ld.exe: build/asm/data/sdata_8013C54C_r09.sdata.s.o: in function `CopSpeak_gStaticPatch':
(.sdata+0x8cc): multiple definition of `CopSpeak_gStaticPatch'; build/recon/game/common/copspeak.cpp.o:(.sdata+0x7c): first defined here
C:/Tools/mips-ps1/mips/bin/mipsel-none-elf-ld.exe: build/asm/data/sdata_8013C54C_r10.sdata.s.o: in function `gMPauseUpdateNextTime':
(.sdata+0x0): multiple definition of `gMPauseUpdateNextTime'; build/recon/game/common/mpause.cpp.o:(.sdata+0x18): first defined here
C:/Tools/mips-ps1/mips/bin/mipsel-none-elf-ld.exe: build/asm/data/sdata_8013C54C_r10.sdata.s.o: in function `InGameSelectListAudioMode':
(.sdata+0x4): multiple definition of `InGameSelectListAudioMode'; build/recon/game/common/mpause.cpp.o:(.sdata+0x0): first defined here
C:/Tools/mips-ps1/mips/bin/mipsel-none-elf-ld.exe: build/asm/data/sdata_8013C54C_r10.sdata.s.o: in function `SelectListConfig':
(.sdata+0xc): multiple definition of `SelectListConfig'; build/recon/game/common/mpause.cpp.o:(.sdata+0x8): first defined here
C:/Tools/mips-ps1/mips/bin/mipsel-none-elf-ld.exe: build/asm/data/sdata_8013C54C_r10.sdata.s.o: in function `gMPauseUpdate':
(.sdata+0x24): multiple definition of `gMPauseUpdate'; build/recon/game/common/mpause.cpp.o:(.sdata+0x14): first defined here
C:/Tools/mips-ps1/mips/bin/mipsel-none-elf-ld.exe: build/asm/data/sdata_8013C54C_r10.sdata.s.o: in function `gPauseMenuDefs':
(.sdata+0x28): multiple definition of `gPauseMenuDefs'; build/recon/game/common/mpause.cpp.o:(.sdata+0x10): first defined here
C:/Tools/mips-ps1/mips/bin/mipsel-none-elf-ld.exe: build/asm/data/sdata_8013C54C_r10.sdata.s.o: in function `gMusicInSimIsOn':
(.sdata+0x30): multiple definition of `gMusicInSimIsOn'; build/recon/game/common/nfs3.cpp.o:(.sdata+0x0): first defined here
C:/Tools/mips-ps1/mips/bin/mipsel-none-elf-ld.exe: build/asm/data/sdata_8013C54C_r10.sdata.s.o: in function `gUseFrontend':
(.sdata+0x34): multiple definition of `gUseFrontend'; build/recon/game/common/nfs3.cpp.o:(.sdata+0x4): first defined here
C:/Tools/mips-ps1/mips/bin/mipsel-none-elf-ld.exe: build/asm/data/sdata_8013C54C_r10.sdata.s.o: in function `gFECheats':
(.sdata+0x38): multiple definition of `gFECheats'; build/recon/game/common/nfs3.cpp.o:(.sdata+0x8): first defined here
C:/Tools/mips-ps1/mips/bin/mipsel-none-elf-ld.exe: build/asm/data/sdata_8013C54C_r10.sdata.s.o: in function `gFEBonus':
(.sdata+0x3c): multiple definition of `gFEBonus'; build/recon/game/common/nfs3.cpp.o:(.sdata+0xc): first defined here
C:/Tools/mips-ps1/mips/bin/mipsel-none-elf-ld.exe: build/asm/data/sdata_8013C54C_r10.sdata.s.o: in function `gFEBigHandle':
(.sdata+0x40): multiple definition of `gFEBigHandle'; build/recon/game/common/nfs3.cpp.o:(.sdata+0x10): first defined here
C:/Tools/mips-ps1/mips/bin/mipsel-none-elf-ld.exe: build/asm/data/sdata_8013C54C_r10.sdata.s.o: in function `MEMCARDFRONTENDISINITTED':
(.sdata+0x44): multiple definition of `MEMCARDFRONTENDISINITTED'; build/recon/game/common/nfs3.cpp.o:(.sdata+0x14): first defined here
C:/Tools/mips-ps1/mips/bin/mipsel-none-elf-ld.exe: build/asm/data/sdata_8013C54C_r10.sdata.s.o: in function `gCheckTotalTime':
(.sdata+0x48): multiple definition of `gCheckTotalTime'; build/recon/game/common/nfs3.cpp.o:(.sdata+0x18): first defined here
C:/Tools/mips-ps1/mips/bin/mipsel-none-elf-ld.exe: build/asm/data/sdata_8013C54C_r10.sdata.s.o: in function `gCheckLapTime':
(.sdata+0x49): multiple definition of `gCheckLapTime'; build/recon/game/common/nfs3.cpp.o:(.sdata+0x19): first defined here
C:/Tools/mips-ps1/mips/bin/mipsel-none-elf-ld.exe: build/asm/data/sdata_8013C54C_r10.sdata.s.o: in function `gUpdateTournamentInfoFlag':
(.sdata+0x4a): multiple definition of `gUpdateTournamentInfoFlag'; build/recon/game/common/nfs3.cpp.o:(.sdata+0x1a): first defined here
C:/Tools/mips-ps1/mips/bin/mipsel-none-elf-ld.exe: build/asm/data/sdata_8013C54C_r10.sdata.s.o: in function `gUpdateKnockoutInfoFlag':
(.sdata+0x4b): multiple definition of `gUpdateKnockoutInfoFlag'; build/recon/game/common/nfs3.cpp.o:(.sdata+0x1b): first defined here
C:/Tools/mips-ps1/mips/bin/mipsel-none-elf-ld.exe: build/asm/data/sdata_8013C54C_r10.sdata.s.o: in function `gKnockOutSpeechFlag':
(.sdata+0x4c): multiple definition of `gKnockOutSpeechFlag'; build/recon/game/common/nfs3.cpp.o:(.sdata+0x1c): first defined here
C:/Tools/mips-ps1/mips/bin/mipsel-none-elf-ld.exe: build/asm/data/sdata_8013C54C_r10.sdata.s.o: in function `gCalculateVictory':
(.sdata+0x4d): multiple definition of `gCalculateVictory'; build/recon/game/common/nfs3.cpp.o:(.sdata+0x1d): first defined here
C:/Tools/mips-ps1/mips/bin/mipsel-none-elf-ld.exe: build/asm/data/sdata_8013C54C_r10.sdata.s.o: in function `gPlayerEnteredNameAlready':
(.sdata+0x50): multiple definition of `gPlayerEnteredNameAlready'; build/recon/game/common/nfs3.cpp.o:(.sdata+0x20): first defined here
C:/Tools/mips-ps1/mips/bin/mipsel-none-elf-ld.exe: build/asm/data/sdata_8013C54C_r10.sdata.s.o: in function `nfs_sysInfo':
(.sdata+0x74): multiple definition of `nfs_sysInfo'; build/recon/game/common/nfs3.cpp.o:(.sdata+0x24): first defined here
C:/Tools/mips-ps1/mips/bin/mipsel-none-elf-ld.exe: build/asm/data/sdata_8013C54C_r10.sdata.s.o: in function `missionManager':
(.sdata+0x78): multiple definition of `missionManager'; build/recon/game/common/nfs3.cpp.o:(.sdata+0x28): first defined here
C:/Tools/mips-ps1/mips/bin/mipsel-none-elf-ld.exe: build/asm/data/sdata_8013C54C_r10.sdata.s.o: in function `finishOrder':
(.sdata+0x80): multiple definition of `finishOrder'; build/recon/game/common/nfs3.cpp.o:(.sdata+0x30): first defined here
C:/Tools/mips-ps1/mips/bin/mipsel-none-elf-ld.exe: build/asm/data/sdata_8013C54C_r10.sdata.s.o: in function `Object_customObjInst':
(.sdata+0x88): multiple definition of `Object_customObjInst'; build/recon/game/common/object.cpp.o:(.sdata+0x0): first defined here
C:/Tools/mips-ps1/mips/bin/mipsel-none-elf-ld.exe: build/asm/data/sdata_8013C54C_r10.sdata.s.o: in function `Object_customSimObjs':
(.sdata+0x8c): multiple definition of `Object_customSimObjs'; build/recon/game/common/object.cpp.o:(.sdata+0x4): first defined here
C:/Tools/mips-ps1/mips/bin/mipsel-none-elf-ld.exe: build/asm/data/sdata_8013C54C_r10.sdata.s.o: in function `Object_customSFXInst':
(.sdata+0x90): multiple definition of `Object_customSFXInst'; build/recon/game/common/object.cpp.o:(.sdata+0x8): first defined here
C:/Tools/mips-ps1/mips/bin/mipsel-none-elf-ld.exe: build/asm/data/sdata_8013C54C_r10.sdata.s.o: in function `Object_customSliceNum':
(.sdata+0x94): multiple definition of `Object_customSliceNum'; build/recon/game/common/object.cpp.o:(.sdata+0xc): first defined here
C:/Tools/mips-ps1/mips/bin/mipsel-none-elf-ld.exe: build/asm/data/sdata_8013C54C_r10.sdata.s.o: in function `Object_IMassObjInst':
(.sdata+0x98): multiple definition of `Object_IMassObjInst'; build/recon/game/common/object.cpp.o:(.sdata+0x14): first defined here
C:/Tools/mips-ps1/mips/bin/mipsel-none-elf-ld.exe: build/asm/data/sdata_8013C54C_r10.sdata.s.o: in function `gNumIMassObjects':
(.sdata+0x9c): multiple definition of `gNumIMassObjects'; build/recon/game/common/object.cpp.o:(.sdata+0x10): first defined here
C:/Tools/mips-ps1/mips/bin/mipsel-none-elf-ld.exe: build/asm/data/sdata_8013C54C_r12.sdata.s.o: in function `R3DCar_InMenu':
(.sdata+0x0): multiple definition of `R3DCar_InMenu'; build/recon/game/common/r3dcar.cpp.o:(.sdata+0x5c): first defined here
C:/Tools/mips-ps1/mips/bin/mipsel-none-elf-ld.exe: build/asm/data/sdata_8013C54C_r12.sdata.s.o: in function `R3DCar_aSyncLoading':
(.sdata+0x60): multiple definition of `R3DCar_aSyncLoading'; build/recon/game/common/r3dcar.cpp.o:(.sdata+0x60): first defined here
C:/Tools/mips-ps1/mips/bin/mipsel-none-elf-ld.exe: build/asm/data/sdata_8013C54C_r12.sdata.s.o: in function `R3DCar_orientMat':
(.sdata+0x64): multiple definition of `R3DCar_orientMat'; build/recon/game/common/r3dcar.cpp.o:(.sdata+0x64): first defined here
C:/Tools/mips-ps1/mips/bin/mipsel-none-elf-ld.exe: build/asm/data/sdata_8013C54C_r12.sdata.s.o: in function `R3DCar_position':
(.sdata+0x68): multiple definition of `R3DCar_position'; build/recon/game/common/r3dcar.cpp.o:(.sdata+0x68): first defined here
C:/Tools/mips-ps1/mips/bin/mipsel-none-elf-ld.exe: build/asm/data/sdata_8013C54C_r12.sdata.s.o: in function `R3DCar_center':
(.sdata+0x6c): multiple definition of `R3DCar_center'; build/recon/game/common/r3dcar.cpp.o:(.sdata+0x6c): first defined here
C:/Tools/mips-ps1/mips/bin/mipsel-none-elf-ld.exe: build/asm/data/sdata_8013C54C_r12.sdata.s.o: in function `R3DCar_shadowFlag':
(.sdata+0x74): multiple definition of `R3DCar_shadowFlag'; build/recon/game/common/r3dcar.cpp.o:(.sdata+0x74): first defined here
C:/Tools/mips-ps1/mips/bin/mipsel-none-elf-ld.exe: build/asm/data/sdata_8013C54C_r12.sdata.s.o: in function `R3DCar_shadowColour':
(.sdata+0x78): multiple definition of `R3DCar_shadowColour'; build/recon/game/common/r3dcar.cpp.o:(.sdata+0x78): first defined here
C:/Tools/mips-ps1/mips/bin/mipsel-none-elf-ld.exe: build/asm/data/sdata_8013C54C_r12.sdata.s.o: in function `R3DCar_eMapColour':
(.sdata+0x7c): multiple definition of `R3DCar_eMapColour'; build/recon/game/common/r3dcar.cpp.o:(.sdata+0x7c): first defined here
C:/Tools/mips-ps1/mips/bin/mipsel-none-elf-ld.exe: build/asm/data/sdata_8013C54C_r12.sdata.s.o: in function `R3DCar_yawCam':
(.sdata+0x80): multiple definition of `R3DCar_yawCam'; build/recon/game/common/r3dcar.cpp.o:(.sdata+0x80): first defined here
C:/Tools/mips-ps1/mips/bin/mipsel-none-elf-ld.exe: build/asm/data/sdata_8013C54C_r12.sdata.s.o: in function `R3DCar_Clock':
(.sdata+0x84): multiple definition of `R3DCar_Clock'; build/recon/game/common/r3dcar.cpp.o:(.sdata+0x84): first defined here
C:/Tools/mips-ps1/mips/bin/mipsel-none-elf-ld.exe: build/asm/data/sdata_8013C54C_r12.sdata.s.o: in function `R3DCar_ClockLast':
(.sdata+0x88): multiple definition of `R3DCar_ClockLast'; build/recon/game/common/r3dcar.cpp.o:(.sdata+0x88): first defined here
C:/Tools/mips-ps1/mips/bin/mipsel-none-elf-ld.exe: build/asm/data/sdata_8013C54C_r12.sdata.s.o: in function `R3DCar_BigFile':
(.sdata+0x8c): multiple definition of `R3DCar_BigFile'; build/recon/game/common/r3dcar.cpp.o:(.sdata+0x8c): first defined here
C:/Tools/mips-ps1/mips/bin/mipsel-none-elf-ld.exe: build/asm/data/sdata_8013C54C_r12.sdata.s.o: in function `R3DCar_LicenseShapeFile':
(.sdata+0x90): multiple definition of `R3DCar_LicenseShapeFile'; build/recon/game/common/r3dcar.cpp.o:(.sdata+0x90): first defined here
C:/Tools/mips-ps1/mips/bin/mipsel-none-elf-ld.exe: build/asm/data/sdata_8013C54C_r12.sdata.s.o: in function `R3DCar_subOt':
(.sdata+0x94): multiple definition of `R3DCar_subOt'; build/recon/game/common/r3dcar.cpp.o:(.sdata+0x94): first defined here
C:/Tools/mips-ps1/mips/bin/mipsel-none-elf-ld.exe: build/asm/data/sdata_8013C54C_r12.sdata.s.o: in function `R3DCar_rightHandDrive':
(.sdata+0x98): multiple definition of `R3DCar_rightHandDrive'; build/recon/game/common/r3dcar.cpp.o:(.sdata+0x98): first defined here
C:/Tools/mips-ps1/mips/bin/mipsel-none-elf-ld.exe: build/asm/data/sdata_8013C54C_r12.sdata.s.o: in function `Render_gBlurEffectDepth1':
(.sdata+0x9c): multiple definition of `Render_gBlurEffectDepth1'; build/recon/game/common/render.cpp.o:(.sdata+0x8): first defined here
C:/Tools/mips-ps1/mips/bin/mipsel-none-elf-ld.exe: build/asm/data/sdata_8013C54C_r12.sdata.s.o: in function `Render_gBlurEffectDepth2':
(.sdata+0xa0): multiple definition of `Render_gBlurEffectDepth2'; build/recon/game/common/render.cpp.o:(.sdata+0xc): first defined here
C:/Tools/mips-ps1/mips/bin/mipsel-none-elf-ld.exe: build/asm/data/sdata_8013C54C_r12.sdata.s.o: in function `Render_gBlurEffectMode':
(.sdata+0xa4): multiple definition of `Render_gBlurEffectMode'; build/recon/game/common/render.cpp.o:(.sdata+0x10): first defined here
C:/Tools/mips-ps1/mips/bin/mipsel-none-elf-ld.exe: build/asm/data/sdata_8013C54C_r12.sdata.s.o: in function `Draw_gPlayer1View':
(.sdata+0xa8): multiple definition of `Draw_gPlayer1View'; build/recon/game/common/render.cpp.o:(.sdata+0x14): first defined here
C:/Tools/mips-ps1/mips/bin/mipsel-none-elf-ld.exe: build/asm/data/sdata_8013C54C_r12.sdata.s.o: in function `Draw_gPlayer2View':
(.sdata+0xac): multiple definition of `Draw_gPlayer2View'; build/recon/game/common/render.cpp.o:(.sdata+0x18): first defined here
C:/Tools/mips-ps1/mips/bin/mipsel-none-elf-ld.exe: build/asm/data/sdata_8013C54C_r12.sdata.s.o: in function `gPauseMenuRect':
(.sdata+0xb0): multiple definition of `gPauseMenuRect'; build/recon/game/common/render.cpp.o:(.sdata+0x1c): first defined here
C:/Tools/mips-ps1/mips/bin/mipsel-none-elf-ld.exe: build/asm/data/sdata_8013C54C_r12.sdata.s.o: in function `D_8013D3D6':
(.sdata+0xb2): multiple definition of `D_8013D3D6'; build/recon/game/common/render.cpp.o:(.sdata+0x1e): first defined here
C:/Tools/mips-ps1/mips/bin/mipsel-none-elf-ld.exe: build/asm/data/sdata_8013C54C_r12.sdata.s.o: in function `D_8013D3D8':
(.sdata+0xb4): multiple definition of `D_8013D3D8'; build/recon/game/common/render.cpp.o:(.sdata+0x20): first defined here
C:/Tools/mips-ps1/mips/bin/mipsel-none-elf-ld.exe: build/asm/data/sdata_8013C54C_r12.sdata.s.o: in function `D_8013D3DA':
(.sdata+0xb6): multiple definition of `D_8013D3DA'; build/recon/game/common/render.cpp.o:(.sdata+0x22): first defined here
C:/Tools/mips-ps1/mips/bin/mipsel-none-elf-ld.exe: build/asm/data/sdata_8013C54C_r12.sdata.s.o: in function `gPauseRender':
(.sdata+0xb8): multiple definition of `gPauseRender'; build/recon/game/common/render.cpp.o:(.sdata+0x24): first defined here
C:/Tools/mips-ps1/mips/bin/mipsel-none-elf-ld.exe: build/asm/data/sdata_8013C54C_r12.sdata.s.o: in function `Draw_gRearView':
(.sdata+0xbc): multiple definition of `Draw_gRearView'; build/recon/game/common/render.cpp.o:(.sdata+0x28): first defined here
C:/Tools/mips-ps1/mips/bin/mipsel-none-elf-ld.exe: build/asm/data/sdata_8013C54C_r12.sdata.s.o: in function `Render_gDebugView':
(.sdata+0xc0): multiple definition of `Render_gDebugView'; build/recon/game/common/render.cpp.o:(.sdata+0x2c): first defined here
C:/Tools/mips-ps1/mips/bin/mipsel-none-elf-ld.exe: build/asm/data/sdata_8013C54C_r12.sdata.s.o: in function `Render_gPauseMenuView':
(.sdata+0xc4): multiple definition of `Render_gPauseMenuView'; build/recon/game/common/render.cpp.o:(.sdata+0x30): first defined here
C:/Tools/mips-ps1/mips/bin/mipsel-none-elf-ld.exe: build/asm/data/sdata_8013C54C_r12.sdata.s.o: in function `Replay_Size':
(.sdata+0xc8): multiple definition of `Replay_Size'; build/recon/game/common/replay.cpp.o:(.sdata+0xc): first defined here
C:/Tools/mips-ps1/mips/bin/mipsel-none-elf-ld.exe: build/asm/data/sdata_8013C54C_r12.sdata.s.o: in function `numValidCams':
(.sdata+0xcc): multiple definition of `numValidCams'; build/recon/game/common/replay.cpp.o:(.sdata+0x10): first defined here
C:/Tools/mips-ps1/mips/bin/mipsel-none-elf-ld.exe: build/asm/data/sdata_8013C54C_r12.sdata.s.o: in function `Replay_ReplayMode':
(.sdata+0xd0): multiple definition of `Replay_ReplayMode'; build/recon/game/common/replay.cpp.o:(.sdata+0x0): first defined here
C:/Tools/mips-ps1/mips/bin/mipsel-none-elf-ld.exe: build/asm/data/sdata_8013C54C_r12.sdata.s.o: in function `Replay_ReplayStorePtr':
(.sdata+0xd4): multiple definition of `Replay_ReplayStorePtr'; build/recon/game/common/replay.cpp.o:(.sdata+0x4): first defined here
C:/Tools/mips-ps1/mips/bin/mipsel-none-elf-ld.exe: build/asm/data/sdata_8013C54C_r12.sdata.s.o: in function `Replay_ReplayGetPtr':
(.sdata+0xd8): multiple definition of `Replay_ReplayGetPtr'; build/recon/game/common/replay.cpp.o:(.sdata+0x8): first defined here
C:/Tools/mips-ps1/mips/bin/mipsel-none-elf-ld.exe: build/asm/data/sdata_8013C54C_r13.sdata.s.o: in function `InBetween':
(.sdata+0x0): multiple definition of `InBetween'; build/recon/game/common/sim.cpp.o:(.sdata+0x0): first defined here
C:/Tools/mips-ps1/mips/bin/mipsel-none-elf-ld.exe: build/asm/data/sdata_8013C54C_r13.sdata.s.o: in function `unPauseDelay':
(.sdata+0x1c): multiple definition of `unPauseDelay'; build/recon/game/common/sim.cpp.o:(.sdata+0x4): first defined here
C:/Tools/mips-ps1/mips/bin/mipsel-none-elf-ld.exe: build/asm/data/sdata_8013C54C_r13.sdata.s.o: in function `skipRender':
(.sdata+0x20): multiple definition of `skipRender'; build/recon/game/common/sim.cpp.o:(.sdata+0x8): first defined here
C:/Tools/mips-ps1/mips/bin/mipsel-none-elf-ld.exe: build/asm/data/sdata_8013C54C_r13.sdata.s.o: in function `quitType':
(.sdata+0x24): multiple definition of `quitType'; build/recon/game/common/sim.cpp.o:(.sdata+0xc): first defined here
C:/Tools/mips-ps1/mips/bin/mipsel-none-elf-ld.exe: build/asm/data/sdata_8013C54C_r13.sdata.s.o: in function `gSimQueue_Ticker':
(.sdata+0x28): multiple definition of `gSimQueue_Ticker'; build/recon/game/common/simqueue.cpp.o:(.sdata+0x8): first defined here
C:/Tools/mips-ps1/mips/bin/mipsel-none-elf-ld.exe: build/asm/data/sdata_8013C54C_r13.sdata.s.o: in function `gSimQueue_BlockSelf':
(.sdata+0x2c): multiple definition of `gSimQueue_BlockSelf'; build/recon/game/common/simqueue.cpp.o:(.sdata+0x4): first defined here
C:/Tools/mips-ps1/mips/bin/mipsel-none-elf-ld.exe: build/asm/data/sdata_8013C54C_r13.sdata.s.o: in function `gSimQueue_BlockOther':
(.sdata+0x30): multiple definition of `gSimQueue_BlockOther'; build/recon/game/common/simqueue.cpp.o:(.sdata+0x0): first defined here
C:/Tools/mips-ps1/mips/bin/mipsel-none-elf-ld.exe: build/asm/data/sdata_8013C54C_r14.sdata.s.o: in function `Track_gInViewList':
(.sdata+0x54): multiple definition of `Track_gInViewList'; build/recon/game/common/track.cpp.o:(.sdata+0x24): first defined here
C:/Tools/mips-ps1/mips/bin/mipsel-none-elf-ld.exe: build/asm/data/sdata_8013C54C_r14.sdata.s.o: in function `Track_gInViewCount':
(.sdata+0x58): multiple definition of `Track_gInViewCount'; build/recon/game/common/track.cpp.o:(.sdata+0x4c): first defined here
C:/Tools/mips-ps1/mips/bin/mipsel-none-elf-ld.exe: build/asm/data/sdata_8013C54C_r14.sdata.s.o: in function `Track_header':
(.sdata+0x5c): multiple definition of `Track_header'; build/recon/game/common/track.cpp.o:(.sdata+0x28): first defined here
C:/Tools/mips-ps1/mips/bin/mipsel-none-elf-ld.exe: build/asm/data/sdata_8013C54C_r14.sdata.s.o: in function `Track_chunkList':
(.sdata+0x60): multiple definition of `Track_chunkList'; build/recon/game/common/track.cpp.o:(.sdata+0x8): first defined here
C:/Tools/mips-ps1/mips/bin/mipsel-none-elf-ld.exe: build/asm/data/sdata_8013C54C_r14.sdata.s.o: in function `gPersistObjDef':
(.sdata+0x64): multiple definition of `gPersistObjDef'; build/recon/game/common/track.cpp.o:(.sdata+0x34): first defined here
C:/Tools/mips-ps1/mips/bin/mipsel-none-elf-ld.exe: build/asm/data/sdata_8013C54C_r14.sdata.s.o: in function `gPersistObjInst':
(.sdata+0x68): multiple definition of `gPersistObjInst'; build/recon/game/common/track.cpp.o:(.sdata+0x14): first defined here
C:/Tools/mips-ps1/mips/bin/mipsel-none-elf-ld.exe: build/asm/data/sdata_8013C54C_r14.sdata.s.o: in function `gPersistMidgroundObjInst':
(.sdata+0x6c): multiple definition of `gPersistMidgroundObjInst'; build/recon/game/common/track.cpp.o:(.sdata+0xc): first defined here
C:/Tools/mips-ps1/mips/bin/mipsel-none-elf-ld.exe: build/asm/data/sdata_8013C54C_r14.sdata.s.o: in function `gPersistObjDefBoundingSpheres':
(.sdata+0x70): multiple definition of `gPersistObjDefBoundingSpheres'; build/recon/game/common/track.cpp.o:(.sdata+0x10): first defined here
C:/Tools/mips-ps1/mips/bin/mipsel-none-elf-ld.exe: build/asm/data/sdata_8013C54C_r14.sdata.s.o: in function `Track_gSaveSurface':
(.sdata+0x74): multiple definition of `Track_gSaveSurface'; build/recon/game/common/track.cpp.o:(.sdata+0x44): first defined here
C:/Tools/mips-ps1/mips/bin/mipsel-none-elf-ld.exe: build/asm/data/sdata_8013C54C_r14.sdata.s.o: in function `Track_materials':
(.sdata+0x78): multiple definition of `Track_materials'; build/recon/game/common/track.cpp.o:(.sdata+0x18): first defined here
C:/Tools/mips-ps1/mips/bin/mipsel-none-elf-ld.exe: build/asm/data/sdata_8013C54C_r14.sdata.s.o: in function `Track_gObjDefs':
(.sdata+0x7c): multiple definition of `Track_gObjDefs'; build/recon/game/common/track.cpp.o:(.sdata+0x1c): first defined here
C:/Tools/mips-ps1/mips/bin/mipsel-none-elf-ld.exe: build/asm/data/sdata_8013C54C_r14.sdata.s.o: in function `Track_mem':
(.sdata+0x80): multiple definition of `Track_mem'; build/recon/game/common/track.cpp.o:(.sdata+0x30): first defined here
C:/Tools/mips-ps1/mips/bin/mipsel-none-elf-ld.exe: build/asm/data/sdata_8013C54C_r14.sdata.s.o: in function `gtrackNumber':
(.sdata+0x84): multiple definition of `gtrackNumber'; build/recon/game/common/track.cpp.o:(.sdata+0x50): first defined here
C:/Tools/mips-ps1/mips/bin/mipsel-none-elf-ld.exe: build/asm/data/sdata_8013C54C_r14.sdata.s.o: in function `gObjDefOffsetsGroup':
(.sdata+0x88): multiple definition of `gObjDefOffsetsGroup'; build/recon/game/common/track.cpp.o:(.sdata+0x38): first defined here
C:/Tools/mips-ps1/mips/bin/mipsel-none-elf-ld.exe: build/asm/data/sdata_8013C54C_r14.sdata.s.o: in function `Track_gControllerCount':
(.sdata+0x8c): multiple definition of `Track_gControllerCount'; build/recon/game/common/track.cpp.o:(.sdata+0x48): first defined here
C:/Tools/mips-ps1/mips/bin/mipsel-none-elf-ld.exe: build/asm/data/sdata_8013C54C_r14.sdata.s.o: in function `Track_gMatController':
(.sdata+0x90): multiple definition of `Track_gMatController'; build/recon/game/common/track.cpp.o:(.sdata+0x2c): first defined here
C:/Tools/mips-ps1/mips/bin/mipsel-none-elf-ld.exe: build/asm/data/sdata_8013C54C_r14.sdata.s.o: in function `Chunk_numLight':
(.sdata+0x94): multiple definition of `Chunk_numLight'; build/recon/game/common/track.cpp.o:(.sdata+0x20): first defined here
C:/Tools/mips-ps1/mips/bin/mipsel-none-elf-ld.exe: build/asm/data/sdata_8013C54C_r15.sdata.s.o: in function `CarIO_carPixMap':
(.sdata+0x218): multiple definition of `CarIO_carPixMap'; build/recon/game/psx/cario.cpp.o:(.sdata+0x1c): first defined here
C:/Tools/mips-ps1/mips/bin/mipsel-none-elf-ld.exe: build/asm/data/sdata_8013C54C_r15.sdata.s.o: in function `CarIO_carPixMapCount':
(.sdata+0x238): multiple definition of `CarIO_carPixMapCount'; build/recon/game/psx/cario.cpp.o:(.sdata+0x30): first defined here
C:/Tools/mips-ps1/mips/bin/mipsel-none-elf-ld.exe: build/asm/data/sdata_8013C54C_r15.sdata.s.o: in function `CarIO_carVRamCount':
(.sdata+0x23c): multiple definition of `CarIO_carVRamCount'; build/recon/game/psx/cario.cpp.o:(.sdata+0x34): first defined here
C:/Tools/mips-ps1/mips/bin/mipsel-none-elf-ld.exe: build/asm/data/sdata_8013C54C_r15.sdata.s.o: in function `CarIO_licenseSFX_Count':
(.sdata+0x240): multiple definition of `CarIO_licenseSFX_Count'; build/recon/game/psx/cario.cpp.o:(.sdata+0x38): first defined here
C:/Tools/mips-ps1/mips/bin/mipsel-none-elf-ld.exe: build/asm/data/sdata_8013C54C_r15.sdata.s.o: in function `CarIO_Plate1':
(.sdata+0x244): multiple definition of `CarIO_Plate1'; build/recon/game/psx/cario.cpp.o:(.sdata+0x20): first defined here
C:/Tools/mips-ps1/mips/bin/mipsel-none-elf-ld.exe: build/asm/data/sdata_8013C54C_r15.sdata.s.o: in function `CarIO_Plate2':
(.sdata+0x24c): multiple definition of `CarIO_Plate2'; build/recon/game/psx/cario.cpp.o:(.sdata+0x28): first defined here
C:/Tools/mips-ps1/mips/bin/mipsel-none-elf-ld.exe: build/asm/data/sdata_8013C54C_r15.sdata.s.o: in function `Draw_gDoVSync':
(.sdata+0x2a4): multiple definition of `Draw_gDoVSync'; build/recon/game/psx/draw.cpp.o:(.sdata+0x10): first defined here
C:/Tools/mips-ps1/mips/bin/mipsel-none-elf-ld.exe: build/asm/data/sdata_8013C54C_r15.sdata.s.o: in function `Draw_gNumView':
(.sdata+0x2a8): multiple definition of `Draw_gNumView'; build/recon/game/psx/draw.cpp.o:(.sdata+0x24): first defined here
C:/Tools/mips-ps1/mips/bin/mipsel-none-elf-ld.exe: build/asm/data/sdata_8013C54C_r15.sdata.s.o: in function `Draw_gViewOtSize':
(.sdata+0x2ac): multiple definition of `Draw_gViewOtSize'; build/recon/game/psx/draw.cpp.o:(.sdata+0x18): first defined here
C:/Tools/mips-ps1/mips/bin/mipsel-none-elf-ld.exe: build/asm/data/sdata_8013C54C_r15.sdata.s.o: in function `gFlip':
(.sdata+0x2b0): multiple definition of `gFlip'; build/recon/game/psx/draw.cpp.o:(.sdata+0x1c): first defined here
C:/Tools/mips-ps1/mips/bin/mipsel-none-elf-ld.exe: build/asm/data/sdata_8013C54C_r15.sdata.s.o: in function `gLoop':
(.sdata+0x2b4): multiple definition of `gLoop'; build/recon/game/psx/draw.cpp.o:(.sdata+0x2c): first defined here
C:/Tools/mips-ps1/mips/bin/mipsel-none-elf-ld.exe: build/asm/data/sdata_8013C54C_r15.sdata.s.o: in function `Draw_gMidGroundOtz':
(.sdata+0x2b8): multiple definition of `Draw_gMidGroundOtz'; build/recon/game/psx/draw.cpp.o:(.sdata+0x14): first defined here
C:/Tools/mips-ps1/mips/bin/mipsel-none-elf-ld.exe: build/asm/data/sdata_8013C54C_r15.sdata.s.o: in function `Draw_gMaxPrim':
(.sdata+0x2bc): multiple definition of `Draw_gMaxPrim'; build/recon/game/psx/draw.cpp.o:(.sdata+0x20): first defined here
C:/Tools/mips-ps1/mips/bin/mipsel-none-elf-ld.exe: build/asm/data/sdata_8013C54C_r15.sdata.s.o: in function `gTotalMem':
(.sdata+0x2c0): multiple definition of `gTotalMem'; build/recon/game/psx/draw.cpp.o:(.sdata+0x30): first defined here
C:/Tools/mips-ps1/mips/bin/mipsel-none-elf-ld.exe: build/asm/data/sdata_8013C54C_r15.sdata.s.o: in function `DrawC_gEnvMap':
(.sdata+0x2ec): multiple definition of `DrawC_gEnvMap'; build/recon/game/psx/drawc.cpp.o:(.sdata+0x8): first defined here
C:/Tools/mips-ps1/mips/bin/mipsel-none-elf-ld.exe: build/asm/data/sdata_8013C54C_r15.sdata.s.o: in function `DrawC_gShadow':
(.sdata+0x2f0): multiple definition of `DrawC_gShadow'; build/recon/game/psx/drawc.cpp.o:(.sdata+0x18): first defined here
C:/Tools/mips-ps1/mips/bin/mipsel-none-elf-ld.exe: build/asm/data/sdata_8013C54C_r15.sdata.s.o: in function `DrawC_gEnvMapMax':
(.sdata+0x2f4): multiple definition of `DrawC_gEnvMapMax'; build/recon/game/psx/drawc.cpp.o:(.sdata+0xc): first defined here
C:/Tools/mips-ps1/mips/bin/mipsel-none-elf-ld.exe: build/asm/data/sdata_8013C54C_r15.sdata.s.o: in function `DrawC_gShadowMax':
(.sdata+0x2f8): multiple definition of `DrawC_gShadowMax'; build/recon/game/psx/drawc.cpp.o:(.sdata+0x1c): first defined here
C:/Tools/mips-ps1/mips/bin/mipsel-none-elf-ld.exe: build/asm/data/sdata_8013C54C_r15.sdata.s.o: in function `DrawC_gMenuLightsDirection':
(.sdata+0x308): multiple definition of `DrawC_gMenuLightsDirection'; build/recon/game/psx/drawc.cpp.o:(.sdata+0x10): first defined here
C:/Tools/mips-ps1/mips/bin/mipsel-none-elf-ld.exe: build/asm/data/sdata_8013C54C_r15.sdata.s.o: in function `DrawC_gWetRoad':
(.sdata+0x30c): multiple definition of `DrawC_gWetRoad'; build/recon/game/psx/drawc.cpp.o:(.sdata+0x20): first defined here
C:/Tools/mips-ps1/mips/bin/mipsel-none-elf-ld.exe: build/asm/data/sdata_8013C54C_r15.sdata.s.o: in function `DrawC_gReflectOffset':
(.sdata+0x310): multiple definition of `DrawC_gReflectOffset'; build/recon/game/psx/drawc.cpp.o:(.sdata+0x14): first defined here
C:/Tools/mips-ps1/mips/bin/mipsel-none-elf-ld.exe: build/asm/data/sdata_8013C54C_r16.sdata.s.o: in function `stackSpeedUpEnbabledFlag':
(.sdata+0x0): multiple definition of `stackSpeedUpEnbabledFlag'; build/recon/game/psx/draww.cpp.o:(.sdata+0x48): first defined here
C:/Tools/mips-ps1/mips/bin/mipsel-none-elf-ld.exe: build/asm/data/sdata_8013C54C_r16.sdata.s.o: in function `gWSavePtr':
(.sdata+0x14): multiple definition of `gWSavePtr'; build/recon/game/psx/draww.cpp.o:(.sdata+0x4c): first defined here
C:/Tools/mips-ps1/mips/bin/mipsel-none-elf-ld.exe: build/asm/data/sdata_8013C54C_r16.sdata.s.o: in function `gSD_gt4counter':
(.sdata+0x18): multiple definition of `gSD_gt4counter'; build/recon/game/psx/draww.cpp.o:(.sdata+0x50): first defined here
C:/Tools/mips-ps1/mips/bin/mipsel-none-elf-ld.exe: build/asm/data/sdata_8013C54C_r16.sdata.s.o: in function `gSD_gt3counter':
(.sdata+0x1c): multiple definition of `gSD_gt3counter'; build/recon/game/psx/draww.cpp.o:(.sdata+0x54): first defined here
C:/Tools/mips-ps1/mips/bin/mipsel-none-elf-ld.exe: build/asm/data/sdata_8013C54C_r16.sdata.s.o: in function `gVi':
(.sdata+0x20): multiple definition of `gVi'; build/recon/game/psx/draww.cpp.o:(.sdata+0x58): first defined here
C:/Tools/mips-ps1/mips/bin/mipsel-none-elf-ld.exe: build/asm/data/sdata_8013C54C_r17.sdata.s.o: in function `font_clutx':
(.sdata+0x0): multiple definition of `font_clutx'; build/recon/game/psx/font.cpp.o:(.sdata+0x0): first defined here
C:/Tools/mips-ps1/mips/bin/mipsel-none-elf-ld.exe: build/asm/data/sdata_8013C54C_r17.sdata.s.o: in function `font_cluty':
(.sdata+0x4): multiple definition of `font_cluty'; build/recon/game/psx/font.cpp.o:(.sdata+0x4): first defined here
C:/Tools/mips-ps1/mips/bin/mipsel-none-elf-ld.exe: build/asm/data/sdata_8013C54C_r17.sdata.s.o: in function `font_tint':
(.sdata+0x8): multiple definition of `font_tint'; build/recon/game/psx/font.cpp.o:(.sdata+0x8): first defined here
C:/Tools/mips-ps1/mips/bin/mipsel-none-elf-ld.exe: build/asm/data/sdata_8013C54C_r17.sdata.s.o: in function `font_abr':
(.sdata+0xc): multiple definition of `font_abr'; build/recon/game/psx/font.cpp.o:(.sdata+0xc): first defined here
C:/Tools/mips-ps1/mips/bin/mipsel-none-elf-ld.exe: build/asm/data/sdata_8013C54C_r17.sdata.s.o: in function `gFontClut':
(.sdata+0x10): multiple definition of `gFontClut'; build/recon/game/psx/font.cpp.o:(.sdata+0x10): first defined here
C:/Tools/mips-ps1/mips/bin/mipsel-none-elf-ld.exe: build/asm/data/sdata_8013C54C_r17.sdata.s.o: in function `gFontSpaceWidth':
(.sdata+0x12): multiple definition of `gFontSpaceWidth'; build/recon/game/psx/font.cpp.o:(.sdata+0x12): first defined here
C:/Tools/mips-ps1/mips/bin/mipsel-none-elf-ld.exe: build/asm/data/sdata_8013C54C_r17.sdata.s.o: in function `font_currentTPage':
(.sdata+0x14): multiple definition of `font_currentTPage'; build/recon/game/psx/font.cpp.o:(.sdata+0x14): first defined here
C:/Tools/mips-ps1/mips/bin/mipsel-none-elf-ld.exe: build/asm/data/sdata_8013C54C_r18.sdata.s.o: in function `Hrz_gTrackSpec':
(.sdata+0x10): multiple definition of `Hrz_gTrackSpec'; build/recon/game/psx/hrzsku.cpp.o:(.sdata+0x10): first defined here
C:/Tools/mips-ps1/mips/bin/mipsel-none-elf-ld.exe: build/asm/data/sdata_8013C54C_r18.sdata.s.o: in function `Sky_gTrackSpec':
(.sdata+0x14): multiple definition of `Sky_gTrackSpec'; build/recon/game/psx/hrzsku.cpp.o:(.sdata+0x14): first defined here
C:/Tools/mips-ps1/mips/bin/mipsel-none-elf-ld.exe: build/asm/data/sdata_8013C54C_r18.sdata.s.o: in function `gRngCoordTop':
(.sdata+0x18): multiple definition of `gRngCoordTop'; build/recon/game/psx/hrzsku.cpp.o:(.sdata+0x18): first defined here
C:/Tools/mips-ps1/mips/bin/mipsel-none-elf-ld.exe: build/asm/data/sdata_8013C54C_r18.sdata.s.o: in function `HudminChar':
(.sdata+0x24): multiple definition of `HudminChar'; build/recon/game/psx/hud.cpp.o:(.sdata+0x8): first defined here
C:/Tools/mips-ps1/mips/bin/mipsel-none-elf-ld.exe: build/asm/data/sdata_8013C54C_r18.sdata.s.o: in function `HudsecChar':
(.sdata+0x2c): multiple definition of `HudsecChar'; build/recon/game/psx/hud.cpp.o:(.sdata+0x10): first defined here
C:/Tools/mips-ps1/mips/bin/mipsel-none-elf-ld.exe: build/asm/data/sdata_8013C54C_r18.sdata.s.o: in function `Hud_gWingmanInterface':
(.sdata+0x38): multiple definition of `Hud_gWingmanInterface'; build/recon/game/psx/hud.cpp.o:(.sdata+0x88): first defined here
C:/Tools/mips-ps1/mips/bin/mipsel-none-elf-ld.exe: build/asm/data/sdata_8013C54C_r18.sdata.s.o: in function `Hud_gWingmanFlashIcon':
(.sdata+0x3c): multiple definition of `Hud_gWingmanFlashIcon'; build/recon/game/psx/hud.cpp.o:(.sdata+0x8c): first defined here
C:/Tools/mips-ps1/mips/bin/mipsel-none-elf-ld.exe: build/asm/data/sdata_8013C54C_r18.sdata.s.o: in function `Hud_gWingmanFlashTicks':
(.sdata+0x40): multiple definition of `Hud_gWingmanFlashTicks'; build/recon/game/psx/hud.cpp.o:(.sdata+0x90): first defined here
C:/Tools/mips-ps1/mips/bin/mipsel-none-elf-ld.exe: build/asm/data/sdata_8013C54C_r18.sdata.s.o: in function `Hud_gDebugInfo':
(.sdata+0x48): multiple definition of `Hud_gDebugInfo'; build/recon/game/psx/hud.cpp.o:(.sdata+0x18): first defined here
C:/Tools/mips-ps1/mips/bin/mipsel-none-elf-ld.exe: build/asm/data/sdata_8013C54C_r18.sdata.s.o: in function `HudBustedOverlay':
(.sdata+0xb0): multiple definition of `HudBustedOverlay'; build/recon/game/psx/hud.cpp.o:(.sdata+0x98): first defined here
C:/Tools/mips-ps1/mips/bin/mipsel-none-elf-ld.exe: build/asm/data/sdata_8013C54C_r18.sdata.s.o: in function `Hud_gCdActive':
(.sdata+0xb4): multiple definition of `Hud_gCdActive'; build/recon/game/psx/hud.cpp.o:(.sdata+0x9c): first defined here
C:/Tools/mips-ps1/mips/bin/mipsel-none-elf-ld.exe: build/asm/data/sdata_8013C54C_r18.sdata.s.o: in function `Hud_ActivateCDPlayer':
(.sdata+0xb8): multiple definition of `Hud_ActivateCDPlayer'; build/recon/game/psx/hud.cpp.o:(.sdata+0xa0): first defined here
C:/Tools/mips-ps1/mips/bin/mipsel-none-elf-ld.exe: build/asm/data/sdata_8013C54C_r18.sdata.s.o: in function `BTC_Countdown':
(.sdata+0xbc): multiple definition of `BTC_Countdown'; build/recon/game/psx/hud.cpp.o:(.sdata+0xa4): first defined here
C:/Tools/mips-ps1/mips/bin/mipsel-none-elf-ld.exe: build/asm/data/sdata_8013C54C_r18.sdata.s.o: in function `FinalBTC_Countdown':
(.sdata+0xc0): multiple definition of `FinalBTC_Countdown'; build/recon/game/psx/hud.cpp.o:(.sdata+0xa8): first defined here
C:/Tools/mips-ps1/mips/bin/mipsel-none-elf-ld.exe: build/asm/data/sdata_8013C54C_r18.sdata.s.o: in function `Hud_BeTheCop':
(.sdata+0xc4): multiple definition of `Hud_BeTheCop'; build/recon/game/psx/hud.cpp.o:(.sdata+0xac): first defined here
C:/Tools/mips-ps1/mips/bin/mipsel-none-elf-ld.exe: build/asm/data/sdata_8013C54C_r18.sdata.s.o: in function `Hud_kTurnSongOffNext':
(.sdata+0xc8): multiple definition of `Hud_kTurnSongOffNext'; build/recon/game/psx/hud.cpp.o:(.sdata+0xb0): first defined here
C:/Tools/mips-ps1/mips/bin/mipsel-none-elf-ld.exe: build/asm/data/sdata_8013C54C_r18.sdata.s.o: in function `HudBustedOverlayPlayer':
(.sdata+0xcc): multiple definition of `HudBustedOverlayPlayer'; build/recon/game/psx/hud.cpp.o:(.sdata+0xb4): first defined here
C:/Tools/mips-ps1/mips/bin/mipsel-none-elf-ld.exe: build/asm/data/sdata_8013C54C_r18.sdata.s.o: in function `mapMarkerMCos':
(.sdata+0xd0): multiple definition of `mapMarkerMCos'; build/recon/game/psx/hud.cpp.o:(.sdata+0xb8): first defined here
C:/Tools/mips-ps1/mips/bin/mipsel-none-elf-ld.exe: build/asm/data/sdata_8013C54C_r18.sdata.s.o: in function `mapMarkerMSin':
(.sdata+0xd4): multiple definition of `mapMarkerMSin'; build/recon/game/psx/hud.cpp.o:(.sdata+0xbc): first defined here
C:/Tools/mips-ps1/mips/bin/mipsel-none-elf-ld.exe: build/asm/data/sdata_8013C54C_r18.sdata.s.o: in function `Hud_gHudView':
(.sdata+0xd8): multiple definition of `Hud_gHudView'; build/recon/game/psx/hud.cpp.o:(.sdata+0xc0): first defined here
C:/Tools/mips-ps1/mips/bin/mipsel-none-elf-ld.exe: build/asm/data/sdata_8013C54C_r18.sdata.s.o: in function `Hud_gMapView':
(.sdata+0xe0): multiple definition of `Hud_gMapView'; build/recon/game/psx/hud.cpp.o:(.sdata+0xc8): first defined here
C:/Tools/mips-ps1/mips/bin/mipsel-none-elf-ld.exe: build/asm/data/sdata_8013C54C_r18.sdata.s.o: in function `Hud_gTacView':
(.sdata+0xe8): multiple definition of `Hud_gTacView'; build/recon/game/psx/hud.cpp.o:(.sdata+0xd0): first defined here
C:/Tools/mips-ps1/mips/bin/mipsel-none-elf-ld.exe: build/asm/data/sdata_8013C54C_r18.sdata.s.o: in function `Hud_gStatsView':
(.sdata+0xf0): multiple definition of `Hud_gStatsView'; build/recon/game/psx/hud.cpp.o:(.sdata+0xd8): first defined here
C:/Tools/mips-ps1/mips/bin/mipsel-none-elf-ld.exe: build/asm/data/sdata_8013C54C_r18.sdata.s.o: in function `HudMapOffsetY':
(.sdata+0xf4): multiple definition of `HudMapOffsetY'; build/recon/game/psx/hud.cpp.o:(.sdata+0xdc): first defined here
C:/Tools/mips-ps1/mips/bin/mipsel-none-elf-ld.exe: build/asm/data/sdata_8013C54C_r18.sdata.s.o: in function `gMapRotate':
(.sdata+0xf8): multiple definition of `gMapRotate'; build/recon/game/psx/hud.cpp.o:(.sdata+0xe0): first defined here
C:/Tools/mips-ps1/mips/bin/mipsel-none-elf-ld.exe: build/asm/data/sdata_8013C54C_r18.sdata.s.o: in function `gMapScaleX':
(.sdata+0xfc): multiple definition of `gMapScaleX'; build/recon/game/psx/hud.cpp.o:(.sdata+0xe4): first defined here
C:/Tools/mips-ps1/mips/bin/mipsel-none-elf-ld.exe: build/asm/data/sdata_8013C54C_r18.sdata.s.o: in function `gMapScaleY':
(.sdata+0x100): multiple definition of `gMapScaleY'; build/recon/game/psx/hud.cpp.o:(.sdata+0xe8): first defined here
C:/Tools/mips-ps1/mips/bin/mipsel-none-elf-ld.exe: build/asm/data/sdata_8013C54C_r18.sdata.s.o: in function `gMapOffX':
(.sdata+0x104): multiple definition of `gMapOffX'; build/recon/game/psx/hud.cpp.o:(.sdata+0xec): first defined here
C:/Tools/mips-ps1/mips/bin/mipsel-none-elf-ld.exe: build/asm/data/sdata_8013C54C_r18.sdata.s.o: in function `gMapOffY':
(.sdata+0x108): multiple definition of `gMapOffY'; build/recon/game/psx/hud.cpp.o:(.sdata+0xf0): first defined here
C:/Tools/mips-ps1/mips/bin/mipsel-none-elf-ld.exe: build/asm/data/sdata_8013C54C_r18.sdata.s.o: in function `Hud_gCdLastTick':
(.sdata+0x10c): multiple definition of `Hud_gCdLastTick'; build/recon/game/psx/hud.cpp.o:(.sdata+0xf4): first defined here
C:/Tools/mips-ps1/mips/bin/mipsel-none-elf-ld.exe: build/asm/data/sdata_8013C54C_r18.sdata.s.o: in function `Hud_gCdScrollTitle':
(.sdata+0x110): multiple definition of `Hud_gCdScrollTitle'; build/recon/game/psx/hud.cpp.o:(.sdata+0xf8): first defined here
C:/Tools/mips-ps1/mips/bin/mipsel-none-elf-ld.exe: build/asm/data/sdata_8013C54C_r18.sdata.s.o: in function `smallShapeFile':
(.sdata+0x158): multiple definition of `smallShapeFile'; build/recon/game/psx/loading.cpp.o:(.sdata+0x0): first defined here
C:/Tools/mips-ps1/mips/bin/mipsel-none-elf-ld.exe: build/asm/data/sdata_8013C54C_r18.sdata.s.o: in function `totalAvailMem':
(.sdata+0x164): multiple definition of `totalAvailMem'; build/recon/game/psx/loading.cpp.o:(.sdata+0x4): first defined here
C:/Tools/mips-ps1/mips/bin/mipsel-none-elf-ld.exe: build/asm/data/sdata_8013C54C_r18.sdata.s.o: in function `Night_gDrawLightning':
(.sdata+0x168): multiple definition of `Night_gDrawLightning'; build/recon/game/psx/night.cpp.o:(.sdata+0x36): first defined here
C:/Tools/mips-ps1/mips/bin/mipsel-none-elf-ld.exe: build/asm/data/sdata_8013C54C_r18.sdata.s.o: in function `Night_gPlayerLightingTable':
(.sdata+0x16c): multiple definition of `Night_gPlayerLightingTable'; build/recon/game/psx/night.cpp.o:(.sdata+0x38): first defined here
C:/Tools/mips-ps1/mips/bin/mipsel-none-elf-ld.exe: build/asm/data/sdata_8013C54C_r18.sdata.s.o: in function `Night_gCopLightingTableRed':
(.sdata+0x170): multiple definition of `Night_gCopLightingTableRed'; build/recon/game/psx/night.cpp.o:(.sdata+0x3c): first defined here
C:/Tools/mips-ps1/mips/bin/mipsel-none-elf-ld.exe: build/asm/data/sdata_8013C54C_r18.sdata.s.o: in function `Night_gCopLightingTableBlue':
(.sdata+0x174): multiple definition of `Night_gCopLightingTableBlue'; build/recon/game/psx/night.cpp.o:(.sdata+0x40): first defined here
C:/Tools/mips-ps1/mips/bin/mipsel-none-elf-ld.exe: build/asm/data/sdata_8013C54C_r18.sdata.s.o: in function `Night_gWeatherLightingTable':
(.sdata+0x178): multiple definition of `Night_gWeatherLightingTable'; build/recon/game/psx/night.cpp.o:(.sdata+0x44): first defined here
C:/Tools/mips-ps1/mips/bin/mipsel-none-elf-ld.exe: build/asm/data/sdata_8013C54C_r18.sdata.s.o: in function `D_8013D9F4':
(.sdata+0x17c): multiple definition of `D_8013D9F4'; build/recon/game/psx/night.cpp.o:(.sdata+0x48): first defined here
C:/Tools/mips-ps1/mips/bin/mipsel-none-elf-ld.exe: build/asm/data/sdata_8013C54C_r18.sdata.s.o: in function `CopCarTypeLights':
(.sdata+0x180): multiple definition of `CopCarTypeLights'; build/recon/game/psx/night.cpp.o:(.sdata+0x4): first defined here
C:/Tools/mips-ps1/mips/bin/mipsel-none-elf-ld.exe: build/asm/data/sdata_8013C54C_r18.sdata.s.o: in function `gNight_renderNight':
(.sdata+0x1b0): multiple definition of `gNight_renderNight'; build/recon/game/psx/night.cpp.o:(.sdata+0x4c): first defined here
C:/Tools/mips-ps1/mips/bin/mipsel-none-elf-ld.exe: build/asm/data/sdata_8013C54C_r18.sdata.s.o: in function `Night_gXDist':
(.sdata+0x1b4): multiple definition of `Night_gXDist'; build/recon/game/psx/night.cpp.o:(.sdata+0x50): first defined here
C:/Tools/mips-ps1/mips/bin/mipsel-none-elf-ld.exe: build/asm/data/sdata_8013C54C_r18.sdata.s.o: in function `Night_gZNear':
(.sdata+0x1b8): multiple definition of `Night_gZNear'; build/recon/game/psx/night.cpp.o:(.sdata+0x54): first defined here
C:/Tools/mips-ps1/mips/bin/mipsel-none-elf-ld.exe: build/asm/data/sdata_8013C54C_r18.sdata.s.o: in function `Night_gZDist':
(.sdata+0x1bc): multiple definition of `Night_gZDist'; build/recon/game/psx/night.cpp.o:(.sdata+0x58): first defined here
C:/Tools/mips-ps1/mips/bin/mipsel-none-elf-ld.exe: build/asm/data/sdata_8013C54C_r18.sdata.s.o: in function `Night_gXDistShift':
(.sdata+0x1c0): multiple definition of `Night_gXDistShift'; build/recon/game/psx/night.cpp.o:(.sdata+0x5c): first defined here
C:/Tools/mips-ps1/mips/bin/mipsel-none-elf-ld.exe: build/asm/data/sdata_8013C54C_r18.sdata.s.o: in function `Night_gZDistShift':
(.sdata+0x1c4): multiple definition of `Night_gZDistShift'; build/recon/game/psx/night.cpp.o:(.sdata+0x60): first defined here
C:/Tools/mips-ps1/mips/bin/mipsel-none-elf-ld.exe: build/asm/data/sdata_8013C54C_r18.sdata.s.o: in function `Night_gNightTbl':
(.sdata+0x1c8): multiple definition of `Night_gNightTbl'; build/recon/game/psx/night.cpp.o:(.sdata+0x64): first defined here
C:/Tools/mips-ps1/mips/bin/mipsel-none-elf-ld.exe: build/asm/data/sdata_8013C54C_r18.sdata.s.o: in function `Night_gLightningType':
(.sdata+0x1cc): multiple definition of `Night_gLightningType'; build/recon/game/psx/night.cpp.o:(.sdata+0x68): first defined here
C:/Tools/mips-ps1/mips/bin/mipsel-none-elf-ld.exe: build/asm/data/sdata_8013C54C_r18.sdata.s.o: in function `Night_gCurrentNightColor':
(.sdata+0x1d0): multiple definition of `Night_gCurrentNightColor'; build/recon/game/psx/night.cpp.o:(.sdata+0x6c): first defined here
C:/Tools/mips-ps1/mips/bin/mipsel-none-elf-ld.exe: build/asm/data/sdata_8013C54C_r18.sdata.s.o: in function `Night_gCopColor':
(.sdata+0x1d4): multiple definition of `Night_gCopColor'; build/recon/game/psx/night.cpp.o:(.sdata+0x70): first defined here
C:/Tools/mips-ps1/mips/bin/mipsel-none-elf-ld.exe: build/asm/data/sdata_8013C54C_r18.sdata.s.o: in function `D_8013DA50':
(.sdata+0x1d8): multiple definition of `D_8013DA50'; build/recon/game/psx/night.cpp.o:(.sdata+0x74): first defined here
C:/Tools/mips-ps1/mips/bin/mipsel-none-elf-ld.exe: build/asm/data/sdata_8013C54C_r18.sdata.s.o: in function `Night_gNightAmbientColor':
(.sdata+0x1dc): multiple definition of `Night_gNightAmbientColor'; build/recon/game/psx/night.cpp.o:(.sdata+0x78): first defined here
C:/Tools/mips-ps1/mips/bin/mipsel-none-elf-ld.exe: build/asm/data/sdata_8013C54C_r18.sdata.s.o: in function `Night_gColor':
(.sdata+0x1e0): multiple definition of `Night_gColor'; build/recon/game/psx/night.cpp.o:(.sdata+0x7c): first defined here
C:/Tools/mips-ps1/mips/bin/mipsel-none-elf-ld.exe: build/asm/data/sdata_8013C54C_r18.sdata.s.o: in function `Night_gTotalLights':
(.sdata+0x1e8): multiple definition of `Night_gTotalLights'; build/recon/game/psx/night.cpp.o:(.sdata+0x84): first defined here
C:/Tools/mips-ps1/mips/bin/mipsel-none-elf-ld.exe: build/asm/data/sdata_8013C54C_r18.sdata.s.o: in function `Night_gLightning':
(.sdata+0x1ec): multiple definition of `Night_gLightning'; build/recon/game/psx/night.cpp.o:(.sdata+0x88): first defined here
C:/Tools/mips-ps1/mips/bin/mipsel-none-elf-ld.exe: build/asm/data/sdata_8013C54C_r18.sdata.s.o: in function `Night_gNextLightning':
(.sdata+0x1f0): multiple definition of `Night_gNextLightning'; build/recon/game/psx/night.cpp.o:(.sdata+0x8c): first defined here
C:/Tools/mips-ps1/mips/bin/mipsel-none-elf-ld.exe: build/asm/data/sdata_8013C54C_r18.sdata.s.o: in function `Night_gEndNextLightning':
(.sdata+0x1f4): multiple definition of `Night_gEndNextLightning'; build/recon/game/psx/night.cpp.o:(.sdata+0x90): first defined here
C:/Tools/mips-ps1/mips/bin/mipsel-none-elf-ld.exe: build/asm/data/sdata_8013C54C_r18.sdata.s.o: in function `Night_gNextFlicker':
(.sdata+0x1f8): multiple definition of `Night_gNextFlicker'; build/recon/game/psx/night.cpp.o:(.sdata+0x94): first defined here
C:/Tools/mips-ps1/mips/bin/mipsel-none-elf-ld.exe: build/asm/data/sdata_8013C54C_r18.sdata.s.o: in function `Night_gFlashAzimuth':
(.sdata+0x1fc): multiple definition of `Night_gFlashAzimuth'; build/recon/game/psx/night.cpp.o:(.sdata+0x98): first defined here
C:/Tools/mips-ps1/mips/bin/mipsel-none-elf-ld.exe: build/asm/data/sdata_8013C54C_r18.sdata.s.o: in function `Night_gShowForks':
(.sdata+0x200): multiple definition of `Night_gShowForks'; build/recon/game/psx/night.cpp.o:(.sdata+0x9c): first defined here
C:/Tools/mips-ps1/mips/bin/mipsel-none-elf-ld.exe: build/asm/data/sdata_8013C54C_r18.sdata.s.o: in function `Night_gFlashIntensity':
(.sdata+0x204): multiple definition of `Night_gFlashIntensity'; build/recon/game/psx/night.cpp.o:(.sdata+0xa0): first defined here
C:/Tools/mips-ps1/mips/bin/mipsel-none-elf-ld.exe: build/asm/data/sdata_8013C54C_r18.sdata.s.o: in function `Night_gPlayerHeadLightColor':
(.sdata+0x208): multiple definition of `Night_gPlayerHeadLightColor'; build/recon/game/psx/night.cpp.o:(.sdata+0xa4): first defined here
C:/Tools/mips-ps1/mips/bin/mipsel-none-elf-ld.exe: build/asm/data/sdata_8013C54C_r18.sdata.s.o: in function `Night_gWeatherColor':
(.sdata+0x210): multiple definition of `Night_gWeatherColor'; build/recon/game/psx/night.cpp.o:(.sdata+0xac): first defined here
C:/Tools/mips-ps1/mips/bin/mipsel-none-elf-ld.exe: build/asm/data/sdata_8013C54C_r18.sdata.s.o: in function `D_8013DA8C':
(.sdata+0x214): multiple definition of `D_8013DA8C'; build/recon/game/psx/night.cpp.o:(.sdata+0xb0): first defined here
C:/Tools/mips-ps1/mips/bin/mipsel-none-elf-ld.exe: build/asm/data/sdata_8013C54C_r18.sdata.s.o: in function `gNightInitCache':
(.sdata+0x218): multiple definition of `gNightInitCache'; build/recon/game/psx/night.cpp.o:(.sdata+0xb4): first defined here
C:/Tools/mips-ps1/mips/bin/mipsel-none-elf-ld.exe: build/asm/data/sdata_8013C54C_r18.sdata.s.o: in function `gTableCache':
(.sdata+0x21c): multiple definition of `gTableCache'; build/recon/game/psx/night.cpp.o:(.sdata+0xb8): first defined here
C:/Tools/mips-ps1/mips/bin/mipsel-none-elf-ld.exe: build/asm/data/sdata_8013C54C_r18.sdata.s.o: in function `nightfile':
(.sdata+0x220): multiple definition of `nightfile'; build/recon/game/psx/night.cpp.o:(.sdata+0xbc): first defined here
C:/Tools/mips-ps1/mips/bin/mipsel-none-elf-ld.exe: build/asm/data/sdata_8013C54C_r18.sdata.s.o: in function `gSysStartUp':
(.sdata+0x224): multiple definition of `gSysStartUp'; build/recon/game/psx/platform.cpp.o:(.sdata+0x10): first defined here
C:/Tools/mips-ps1/mips/bin/mipsel-none-elf-ld.exe: build/asm/data/sdata_8013C54C_r18.sdata.s.o: in function `gLowMemory':
(.sdata+0x238): multiple definition of `gLowMemory'; build/recon/game/psx/platform.cpp.o:(.sdata+0x4): first defined here
C:/Tools/mips-ps1/mips/bin/mipsel-none-elf-ld.exe: build/asm/data/sdata_8013C54C_r18.sdata.s.o: in function `gHighMemory':
(.sdata+0x23c): multiple definition of `gHighMemory'; build/recon/game/psx/platform.cpp.o:(.sdata+0x8): first defined here
C:/Tools/mips-ps1/mips/bin/mipsel-none-elf-ld.exe: build/asm/data/sdata_8013C54C_r18.sdata.s.o: in function `gCurrentMemory':
(.sdata+0x240): multiple definition of `gCurrentMemory'; build/recon/game/psx/platform.cpp.o:(.sdata+0xc): first defined here
C:/Tools/mips-ps1/mips/bin/mipsel-none-elf-ld.exe: build/asm/data/sdata_8013C54C_r18.sdata.s.o: in function `gTotalMemory':
(.sdata+0x244): multiple definition of `gTotalMemory'; build/recon/game/psx/platform.cpp.o:(.sdata+0x0): first defined here
C:/Tools/mips-ps1/mips/bin/mipsel-none-elf-ld.exe: build/asm/data/sdata_8013C54C_r18.sdata.s.o: in function `gSm':
(.sdata+0x250): multiple definition of `gSm'; build/recon/game/psx/skidmark.cpp.o:(.sdata+0x0): first defined here
C:/Tools/mips-ps1/mips/bin/mipsel-none-elf-ld.exe: build/asm/data/sdata_8013C54C_r18.sdata.s.o: in function `gCountSm':
(.sdata+0x254): multiple definition of `gCountSm'; build/recon/game/psx/skidmark.cpp.o:(.sdata+0x4): first defined here
C:/Tools/mips-ps1/mips/bin/mipsel-none-elf-ld.exe: build/asm/data/sdata_8013C54C_r18.sdata.s.o: in function `gUseSm':
(.sdata+0x258): multiple definition of `gUseSm'; build/recon/game/psx/skidmark.cpp.o:(.sdata+0x8): first defined here
C:/Tools/mips-ps1/mips/bin/mipsel-none-elf-ld.exe: build/asm/data/sdata_8013C54C_r18.sdata.s.o: in function `gMaxSChunk':
(.sdata+0x25c): multiple definition of `gMaxSChunk'; build/recon/game/psx/skidmark.cpp.o:(.sdata+0xc): first defined here
C:/Tools/mips-ps1/mips/bin/mipsel-none-elf-ld.exe: build/asm/data/sdata_8013C54C_r19.sdata.s.o: in function `gZDepth':
(.sdata+0x38): multiple definition of `gZDepth'; build/recon/game/psx/textureprocess.cpp.o:(.sdata+0x18): first defined here
C:/Tools/mips-ps1/mips/bin/mipsel-none-elf-ld.exe: build/asm/data/sdata_8013C54C_r19.sdata.s.o: in function `TP_gZPaletteSystem':
(.sdata+0x3c): multiple definition of `TP_gZPaletteSystem'; build/recon/game/psx/textureprocess.cpp.o:(.sdata+0x4): first defined here
C:/Tools/mips-ps1/mips/bin/mipsel-none-elf-ld.exe: build/asm/data/sdata_8013C54C_r19.sdata.s.o: in function `Fog_gNumKeys':
(.sdata+0x40): multiple definition of `Fog_gNumKeys'; build/recon/game/psx/textureprocess.cpp.o:(.sdata+0x8): first defined here
C:/Tools/mips-ps1/mips/bin/mipsel-none-elf-ld.exe: build/asm/data/sdata_8013C54C_r19.sdata.s.o: in function `Fog_gCurrentKey':
(.sdata+0x44): multiple definition of `Fog_gCurrentKey'; build/recon/game/psx/textureprocess.cpp.o:(.sdata+0x10): first defined here
C:/Tools/mips-ps1/mips/bin/mipsel-none-elf-ld.exe: build/asm/data/sdata_8013C54C_r19.sdata.s.o: in function `D_8013DB84':
(.sdata+0x48): multiple definition of `D_8013DB84'; build/recon/game/psx/textureprocess.cpp.o:(.sdata+0x14): first defined here
C:/Tools/mips-ps1/mips/bin/mipsel-none-elf-ld.exe: build/asm/data/sdata_8013C54C_r19.sdata.s.o: in function `Fog_gHeadKey':
(.sdata+0x4c): multiple definition of `Fog_gHeadKey'; build/recon/game/psx/textureprocess.cpp.o:(.sdata+0xc): first defined here
C:/Tools/mips-ps1/mips/bin/mipsel-none-elf-ld.exe: build/asm/data/sdata_8013C54C_r19.sdata.s.o: in function `fogslicePos':
(.sdata+0x50): multiple definition of `fogslicePos'; build/recon/game/psx/textureprocess.cpp.o:(.sdata+0x0): first defined here
C:/Tools/mips-ps1/mips/bin/mipsel-none-elf-ld.exe: build/asm/data/sdata_8013C54C_r20.sdata.s.o: in function `gCurrentNumSplats':
(.sdata+0x0): multiple definition of `gCurrentNumSplats'; build/recon/game/psx/weather.cpp.o:(.sdata+0x38): first defined here
C:/Tools/mips-ps1/mips/bin/mipsel-none-elf-ld.exe: build/asm/data/sdata_8013C54C_r20.sdata.s.o: in function `Weather_gWasDrawn':
(.sdata+0x4): multiple definition of `Weather_gWasDrawn'; build/recon/game/psx/weather.cpp.o:(.sdata+0x0): first defined here
C:/Tools/mips-ps1/mips/bin/mipsel-none-elf-ld.exe: build/asm/data/sdata_8013C54C_r20.sdata.s.o: in function `Weather_gPos':
(.sdata+0x8): multiple definition of `Weather_gPos'; build/recon/game/psx/weather.cpp.o:(.sdata+0x4): first defined here
C:/Tools/mips-ps1/mips/bin/mipsel-none-elf-ld.exe: build/asm/data/sdata_8013C54C_r20.sdata.s.o: in function `Weather_gSplatInfo':
(.sdata+0xc): multiple definition of `Weather_gSplatInfo'; build/recon/game/psx/weather.cpp.o:(.sdata+0x8): first defined here
C:/Tools/mips-ps1/mips/bin/mipsel-none-elf-ld.exe: build/asm/data/sdata_8013C54C_r20.sdata.s.o: in function `Weather_gPrevPos':
(.sdata+0x10): multiple definition of `Weather_gPrevPos'; build/recon/game/psx/weather.cpp.o:(.sdata+0xc): first defined here
C:/Tools/mips-ps1/mips/bin/mipsel-none-elf-ld.exe: build/asm/data/sdata_8013C54C_r20.sdata.s.o: in function `Weather_gTrackSpec':
(.sdata+0x24): multiple definition of `Weather_gTrackSpec'; build/recon/game/psx/weather.cpp.o:(.sdata+0x10): first defined here
C:/Tools/mips-ps1/mips/bin/mipsel-none-elf-ld.exe: build/asm/data/sdata_8013C54C_r20.sdata.s.o: in function `Weather_gSplatInfoServer':
(.sdata+0x28): multiple definition of `Weather_gSplatInfoServer'; build/recon/game/psx/weather.cpp.o:(.sdata+0x48): first defined here
C:/Tools/mips-ps1/mips/bin/mipsel-none-elf-ld.exe: build/asm/data/sdata_8013C54C_r20.sdata.s.o: in function `Weather_gPServer':
(.sdata+0x30): multiple definition of `Weather_gPServer'; build/recon/game/psx/weather.cpp.o:(.sdata+0x50): first defined here
C:/Tools/mips-ps1/mips/bin/mipsel-none-elf-ld.exe: build/asm/data/sdata_8013C54C_r20.sdata.s.o: in function `Weather_gPrevPServer':
(.sdata+0x38): multiple definition of `Weather_gPrevPServer'; build/recon/game/psx/weather.cpp.o:(.sdata+0x58): first defined here
C:/Tools/mips-ps1/mips/bin/mipsel-none-elf-ld.exe: build/asm/data/sdata_8013C54C_r20.sdata.s.o: in function `Weather_gDrawnServer':
(.sdata+0x40): multiple definition of `Weather_gDrawnServer'; build/recon/game/psx/weather.cpp.o:(.sdata+0x60): first defined here
C:/Tools/mips-ps1/mips/bin/mipsel-none-elf-ld.exe: build/asm/data/sdata_8013C54C_r20.sdata.s.o: in function `Weather_gType':
(.sdata+0x4c): multiple definition of `Weather_gType'; build/recon/game/psx/weather.cpp.o:(.sdata+0x14): first defined here
C:/Tools/mips-ps1/mips/bin/mipsel-none-elf-ld.exe: build/asm/data/sdata_8013C54C_r20.sdata.s.o: in function `Weather_gDensityGoalState':
(.sdata+0x50): multiple definition of `Weather_gDensityGoalState'; build/recon/game/psx/weather.cpp.o:(.sdata+0x18): first defined here
C:/Tools/mips-ps1/mips/bin/mipsel-none-elf-ld.exe: build/asm/data/sdata_8013C54C_r20.sdata.s.o: in function `Weather_gIntensityGoalState':
(.sdata+0x54): multiple definition of `Weather_gIntensityGoalState'; build/recon/game/psx/weather.cpp.o:(.sdata+0x1c): first defined here
C:/Tools/mips-ps1/mips/bin/mipsel-none-elf-ld.exe: build/asm/data/sdata_8013C54C_r20.sdata.s.o: in function `Weather_gDensityChangeFactor':
(.sdata+0x58): multiple definition of `Weather_gDensityChangeFactor'; build/recon/game/psx/weather.cpp.o:(.sdata+0x20): first defined here
C:/Tools/mips-ps1/mips/bin/mipsel-none-elf-ld.exe: build/asm/data/sdata_8013C54C_r20.sdata.s.o: in function `Weather_gIntensityChangeFactor':
(.sdata+0x5c): multiple definition of `Weather_gIntensityChangeFactor'; build/recon/game/psx/weather.cpp.o:(.sdata+0x24): first defined here
C:/Tools/mips-ps1/mips/bin/mipsel-none-elf-ld.exe: build/asm/data/sdata_8013C54C_r20.sdata.s.o: in function `Weather_gDensityTimerGoal':
(.sdata+0x60): multiple definition of `Weather_gDensityTimerGoal'; build/recon/game/psx/weather.cpp.o:(.sdata+0x28): first defined here
C:/Tools/mips-ps1/mips/bin/mipsel-none-elf-ld.exe: build/asm/data/sdata_8013C54C_r20.sdata.s.o: in function `Weather_gIntensityTimerGoal':
(.sdata+0x64): multiple definition of `Weather_gIntensityTimerGoal'; build/recon/game/psx/weather.cpp.o:(.sdata+0x2c): first defined here
C:/Tools/mips-ps1/mips/bin/mipsel-none-elf-ld.exe: build/asm/data/sdata_8013C54C_r20.sdata.s.o: in function `Weather_gSnowTrack':
(.sdata+0x68): multiple definition of `Weather_gSnowTrack'; build/recon/game/psx/weather.cpp.o:(.sdata+0x30): first defined here
C:/Tools/mips-ps1/mips/bin/mipsel-none-elf-ld.exe: build/asm/data/sdata_8013C54C_r20.sdata.s.o: in function `Weather_gTrackIntensityLimit':
(.sdata+0x6c): multiple definition of `Weather_gTrackIntensityLimit'; build/recon/game/psx/weather.cpp.o:(.sdata+0x34): first defined here
C:/Tools/mips-ps1/mips/bin/mipsel-none-elf-ld.exe: build/asm/data/sdata_8013C54C_r21.sdata.s.o: in function `D_8013DD34':
(.sdata+0x8): multiple definition of `D_8013DD34'; build/recon/eaclib/psx/eacpsxz/fileroot.c.o:(.sbss+0x0): first defined here
C:/Tools/mips-ps1/mips/bin/mipsel-none-elf-ld.exe: build/asm/data/sdata_8013C54C_r21.sdata.s.o: in function `D_8013DD40':
(.sdata+0x14): multiple definition of `D_8013DD40'; build/recon/eaclib/psx/eacpsxz/fileroot.c.o:(.sbss+0x4): first defined here
C:/Tools/mips-ps1/mips/bin/mipsel-none-elf-ld.exe: build/recon/game/common/textsys.cpp.o: in function `wordFile':
(.sdata+0x4): multiple definition of `wordFile'; build/asm/data/sdata_8013C54C_r14.sdata.s.o:(.sdata+0x0): first defined here
C:/Tools/mips-ps1/mips/bin/mipsel-none-elf-ld.exe: build/recon/game/psx/device.cpp.o: in function `Device_gPaused':
(.sdata+0x0): multiple definition of `Device_gPaused'; build/asm/data/sdata_8013C54C_r15.sdata.s.o:(.sdata+0x27c): first defined here
C:/Tools/mips-ps1/mips/bin/mipsel-none-elf-ld.exe: build/recon/game/psx/device.cpp.o: in function `Device_gForcePause':
(.sdata+0x4): multiple definition of `Device_gForcePause'; build/asm/data/sdata_8013C54C_r15.sdata.s.o:(.sdata+0x274): first defined here
C:/Tools/mips-ps1/mips/bin/mipsel-none-elf-ld.exe: build/recon/game/psx/device.cpp.o: in function `Device_gPausePort':
(.sdata+0x8): multiple definition of `Device_gPausePort'; build/asm/data/sdata_8013C54C_r15.sdata.s.o:(.sdata+0x278): first defined here
C:/Tools/mips-ps1/mips/bin/mipsel-none-elf-ld.exe: build/recon/game/psx/device.cpp.o: in function `Device_gPausePortIndex':
(.sdata+0xc): multiple definition of `Device_gPausePortIndex'; build/asm/data/sdata_8013C54C_r15.sdata.s.o:(.sdata+0x290): first defined here
C:/Tools/mips-ps1/mips/bin/mipsel-none-elf-ld.exe: build/recon/game/psx/device.cpp.o: in function `Device_gToggleTime':
(.sdata+0x10): multiple definition of `Device_gToggleTime'; build/asm/data/sdata_8013C54C_r15.sdata.s.o:(.sdata+0x280): first defined here
C:/Tools/mips-ps1/mips/bin/mipsel-none-elf-ld.exe: build/recon/game/psx/device.cpp.o: in function `Device_gPrev':
(.sdata+0x18): multiple definition of `Device_gPrev'; build/asm/data/sdata_8013C54C_r15.sdata.s.o:(.sdata+0x288): first defined here
C:/Tools/mips-ps1/mips/bin/mipsel-none-elf-ld.exe: build/recon/game/psx/overlays.cpp.o: in function `StatsTimer':
(.sdata+0x8): multiple definition of `StatsTimer'; build/asm/data/sdata_8013C54C_r18.sdata.s.o:(.sdata+0x120): first defined here
C:/Tools/mips-ps1/mips/bin/mipsel-none-elf-ld.exe: build/recon/game/psx/overlays.cpp.o: in function `D_8013D99C':
(.sdata+0xc): multiple definition of `D_8013D99C'; build/asm/data/sdata_8013C54C_r18.sdata.s.o:(.sdata+0x124): first defined here
C:/Tools/mips-ps1/mips/bin/mipsel-none-elf-ld.exe: build/recon/game/psx/overlays.cpp.o: in function `Hud_NextPerp':
(.sdata+0x10): multiple definition of `Hud_NextPerp'; build/asm/data/sdata_8013C54C_r18.sdata.s.o:(.sdata+0x11c): first defined here
C:/Tools/mips-ps1/mips/bin/mipsel-none-elf-ld.exe: build/recon/syslib/psx/libc/CTYPE0.c.o: in function `_ctype_':
(.rodata+0x0): multiple definition of `_ctype_'; build/asm/data/data_8010CCD4_r16.data.s.o:(.data+0x139b0): first defined here
C:/Tools/mips-ps1/mips/bin/mipsel-none-elf-ld.exe: build/asm/data/data_8010CCD4_o00.data.s.o: in function `AIHigh_BasicPerp_PlayerCaughtSpeed':
(.data+0x0): multiple definition of `AIHigh_BasicPerp_PlayerCaughtSpeed'; build/recon/game/common/aih_basicperp.cpp.o:(.data+0x0): first defined here
C:/Tools/mips-ps1/mips/bin/mipsel-none-elf-ld.exe: build/asm/data/data_8010CCD4_o00.data.s.o: in function `AIHigh_BasicPerp_PlayerCaughtDeltaY':
(.data+0xc): multiple definition of `AIHigh_BasicPerp_PlayerCaughtDeltaY'; build/recon/game/common/aih_basicperp.cpp.o:(.data+0xc): first defined here
C:/Tools/mips-ps1/mips/bin/mipsel-none-elf-ld.exe: build/asm/data/data_8010CCD4_o00.data.s.o: in function `AIHigh_BasicPerp_MinDeltaSpeed':
(.data+0x18): multiple definition of `AIHigh_BasicPerp_MinDeltaSpeed'; build/recon/game/common/aih_basicperp.cpp.o:(.data+0x18): first defined here
C:/Tools/mips-ps1/mips/bin/mipsel-none-elf-ld.exe: build/asm/data/data_8010CCD4_o00.data.s.o: in function `AIHigh_BasicPerp_CopCaughtSpeed':
(.data+0x24): multiple definition of `AIHigh_BasicPerp_CopCaughtSpeed'; build/recon/game/common/aih_basicperp.cpp.o:(.data+0x24): first defined here
C:/Tools/mips-ps1/mips/bin/mipsel-none-elf-ld.exe: build/asm/data/data_8010CCD4_o00.data.s.o: in function `AIHigh_BasicPerp_CaughtDistance':
(.data+0x30): multiple definition of `AIHigh_BasicPerp_CaughtDistance'; build/recon/game/common/aih_basicperp.cpp.o:(.data+0x30): first defined here
C:/Tools/mips-ps1/mips/bin/mipsel-none-elf-ld.exe: build/asm/data/data_8010CCD4_o01.data.s.o: in function `AIH_BTC_Cop_1HC1HP_StageTimes':
(.data+0x0): multiple definition of `AIH_BTC_Cop_1HC1HP_StageTimes'; build/recon/game/common/aih_btccop.cpp.o:(.data+0x0): first defined here
C:/Tools/mips-ps1/mips/bin/mipsel-none-elf-ld.exe: build/asm/data/data_8010CCD4_o01.data.s.o: in function `AIH_BTCCop_chasePositions':
(.data+0xc): multiple definition of `AIH_BTCCop_chasePositions'; build/recon/game/common/aih_btccop.cpp.o:(.data+0xc): first defined here
C:/Tools/mips-ps1/mips/bin/mipsel-none-elf-ld.exe: build/asm/data/data_8010CCD4_o02.data.s.o: in function `strategyChart':
(.data+0x0): multiple definition of `strategyChart'; build/recon/game/common/aih_btcperp.cpp.o:(.data+0x0): first defined here
C:/Tools/mips-ps1/mips/bin/mipsel-none-elf-ld.exe: build/asm/data/data_8010CCD4_o02.data.s.o: in function `AIHigh_BTC_uTurnProb1000Skills':
(.data+0x10): multiple definition of `AIHigh_BTC_uTurnProb1000Skills'; build/recon/game/common/aih_btcperp.cpp.o:(.data+0x10): first defined here
C:/Tools/mips-ps1/mips/bin/mipsel-none-elf-ld.exe: build/asm/data/data_8010CCD4_o03.data.s.o: in function `AIHigh_Cop_AggressionData':
(.data+0x0): multiple definition of `AIHigh_Cop_AggressionData'; build/recon/game/common/aih_cop.cpp.o:(.data+0x0): first defined here
C:/Tools/mips-ps1/mips/bin/mipsel-none-elf-ld.exe: build/asm/data/data_8010CCD4_o03.data.s.o: in function `AICop_skillDelay':
(.data+0x3c): multiple definition of `AICop_skillDelay'; build/recon/game/common/aih_cop.cpp.o:(.data+0x3c): first defined here
C:/Tools/mips-ps1/mips/bin/mipsel-none-elf-ld.exe: build/asm/data/data_8010CCD4_o03.data.s.o: in function `AIH_Cop_chasePositions':
(.data+0x48): multiple definition of `AIH_Cop_chasePositions'; build/recon/game/common/aih_cop.cpp.o:(.data+0x48): first defined here
C:/Tools/mips-ps1/mips/bin/mipsel-none-elf-ld.exe: build/asm/data/data_8010CCD4_o03.data.s.o: in function `NitroDistanceMeters':
(.data+0x120): multiple definition of `NitroDistanceMeters'; build/recon/game/common/aih_cop.cpp.o:(.data+0x120): first defined here
C:/Tools/mips-ps1/mips/bin/mipsel-none-elf-ld.exe: build/asm/data/data_8010CCD4_o04.data.s.o: in function `twoLapCopGame':
(.data+0x0): multiple definition of `twoLapCopGame'; build/recon/game/common/aicop.cpp.o:(.data+0x0): first defined here
C:/Tools/mips-ps1/mips/bin/mipsel-none-elf-ld.exe: build/asm/data/data_8010CCD4_o04.data.s.o: in function `fourLapCopGame':
(.data+0xd0): multiple definition of `fourLapCopGame'; build/recon/game/common/aicop.cpp.o:(.data+0xd0): first defined here
C:/Tools/mips-ps1/mips/bin/mipsel-none-elf-ld.exe: build/asm/data/data_8010CCD4_o04.data.s.o: in function `twoLapCopGameSplit':
(.data+0x1d4): multiple definition of `twoLapCopGameSplit'; build/recon/game/common/aicop.cpp.o:(.data+0x1d4): first defined here
C:/Tools/mips-ps1/mips/bin/mipsel-none-elf-ld.exe: build/asm/data/data_8010CCD4_o04.data.s.o: in function `fourLapCopGameSplit':
(.data+0x2a4): multiple definition of `fourLapCopGameSplit'; build/recon/game/common/aicop.cpp.o:(.data+0x2a4): first defined here
C:/Tools/mips-ps1/mips/bin/mipsel-none-elf-ld.exe: build/asm/data/data_8010CCD4_o04.data.s.o: in function `twoLapCopGame1H1AI':
(.data+0x374): multiple definition of `twoLapCopGame1H1AI'; build/recon/game/common/aicop.cpp.o:(.data+0x374): first defined here
C:/Tools/mips-ps1/mips/bin/mipsel-none-elf-ld.exe: build/asm/data/data_8010CCD4_o04.data.s.o: in function `fourLapCopGame1H1AI':
(.data+0x444): multiple definition of `fourLapCopGame1H1AI'; build/recon/game/common/aicop.cpp.o:(.data+0x444): first defined here
C:/Tools/mips-ps1/mips/bin/mipsel-none-elf-ld.exe: build/asm/data/data_8010CCD4_o04.data.s.o: in function `copGame':
(.data+0x548): multiple definition of `copGame'; build/recon/game/common/aicop.cpp.o:(.data+0x548): first defined here
C:/Tools/mips-ps1/mips/bin/mipsel-none-elf-ld.exe: build/asm/data/data_8010CCD4_o04.data.s.o: in function `AICop_spikeBelt':
(.data+0x578): multiple definition of `AICop_spikeBelt'; build/recon/game/common/aicop.cpp.o:(.data+0x578): first defined here
C:/Tools/mips-ps1/mips/bin/mipsel-none-elf-ld.exe: build/asm/data/data_8010CCD4_o05.data.s.o: in function `trafcfg':
(.data+0x0): multiple definition of `trafcfg'; build/recon/game/common/aiinit.cpp.o:(.data+0x0): first defined here
C:/Tools/mips-ps1/mips/bin/mipsel-none-elf-ld.exe: build/asm/data/data_8010CCD4_o06.data.s.o: in function `AIPerson_blockMaxDistance':
(.data+0x0): multiple definition of `AIPerson_blockMaxDistance'; build/recon/game/common/func_va_data.cpp.o:(.data+0x0): first defined here
C:/Tools/mips-ps1/mips/bin/mipsel-none-elf-ld.exe: build/asm/data/data_8010CCD4_o06.data.s.o: in function `AIPerson_blockMinDistance':
(.data+0x10): multiple definition of `AIPerson_blockMinDistance'; build/recon/game/common/func_va_data.cpp.o:(.data+0x10): first defined here
C:/Tools/mips-ps1/mips/bin/mipsel-none-elf-ld.exe: build/asm/data/data_8010CCD4_o06.data.s.o: in function `AIPerson_oncomingLookAhead':
(.data+0x20): multiple definition of `AIPerson_oncomingLookAhead'; build/recon/game/common/func_va_data.cpp.o:(.data+0x20): first defined here
C:/Tools/mips-ps1/mips/bin/mipsel-none-elf-ld.exe: build/asm/data/data_8010CCD4_o06.data.s.o: in function `AIPerson_laneSwerve':
(.data+0x30): multiple definition of `AIPerson_laneSwerve'; build/recon/game/common/func_va_data.cpp.o:(.data+0x30): first defined here
C:/Tools/mips-ps1/mips/bin/mipsel-none-elf-ld.exe: build/asm/data/data_8010CCD4_o06.data.s.o: in function `AIPerson_swerveChangeProb':
(.data+0x70): multiple definition of `AIPerson_swerveChangeProb'; build/recon/game/common/func_va_data.cpp.o:(.data+0x70): first defined here
C:/Tools/mips-ps1/mips/bin/mipsel-none-elf-ld.exe: build/asm/data/data_8010CCD4_o06.data.s.o: in function `AIPerson_brakeMultiplier':
(.data+0x80): multiple definition of `AIPerson_brakeMultiplier'; build/recon/game/common/func_va_data.cpp.o:(.data+0x80): first defined here
C:/Tools/mips-ps1/mips/bin/mipsel-none-elf-ld.exe: build/asm/data/data_8010CCD4_o06.data.s.o: in function `AIPerson_attackActivationHits':
(.data+0x90): multiple definition of `AIPerson_attackActivationHits'; build/recon/game/common/func_va_data.cpp.o:(.data+0x90): first defined here
C:/Tools/mips-ps1/mips/bin/mipsel-none-elf-ld.exe: build/asm/data/data_8010CCD4_o06.data.s.o: in function `AIPerson_attackTimes':
(.data+0xa0): multiple definition of `AIPerson_attackTimes'; build/recon/game/common/func_va_data.cpp.o:(.data+0xa0): first defined here
C:/Tools/mips-ps1/mips/bin/mipsel-none-elf-ld.exe: build/asm/data/data_8010CCD4_o06.data.s.o: in function `AIPerson_fishtailAngles':
(.data+0xb0): multiple definition of `AIPerson_fishtailAngles'; build/recon/game/common/func_va_data.cpp.o:(.data+0xb0): first defined here
C:/Tools/mips-ps1/mips/bin/mipsel-none-elf-ld.exe: build/asm/data/data_8010CCD4_o06.data.s.o: in function `AIPerson_gripLossProbPerSecond':
(.data+0xc0): multiple definition of `AIPerson_gripLossProbPerSecond'; build/recon/game/common/func_va_data.cpp.o:(.data+0xc0): first defined here
C:/Tools/mips-ps1/mips/bin/mipsel-none-elf-ld.exe: build/asm/data/data_8010CCD4_o06.data.s.o: in function `AIPerson_gripLossMinFactor':
(.data+0xd0): multiple definition of `AIPerson_gripLossMinFactor'; build/recon/game/common/func_va_data.cpp.o:(.data+0xd0): first defined here
C:/Tools/mips-ps1/mips/bin/mipsel-none-elf-ld.exe: build/asm/data/data_8010CCD4_o06.data.s.o: in function `AIPerson_gripLossRecoveryPerTick':
(.data+0xe0): multiple definition of `AIPerson_gripLossRecoveryPerTick'; build/recon/game/common/func_va_data.cpp.o:(.data+0xe0): first defined here
C:/Tools/mips-ps1/mips/bin/mipsel-none-elf-ld.exe: build/asm/data/data_8010CCD4_o06.data.s.o: in function `AIPerson_minimumWipeOutTicks':
(.data+0xf0): multiple definition of `AIPerson_minimumWipeOutTicks'; build/recon/game/common/func_va_data.cpp.o:(.data+0xf0): first defined here
C:/Tools/mips-ps1/mips/bin/mipsel-none-elf-ld.exe: build/asm/data/data_8010CCD4_o06.data.s.o: in function `AIPerson_randomWipeOutTicks':
(.data+0x104): multiple definition of `AIPerson_randomWipeOutTicks'; build/recon/game/common/func_va_data.cpp.o:(.data+0x104): first defined here
C:/Tools/mips-ps1/mips/bin/mipsel-none-elf-ld.exe: build/asm/data/data_8010CCD4_o06.data.s.o: in function `AIPerson_rearEndProbMask':
(.data+0x118): multiple definition of `AIPerson_rearEndProbMask'; build/recon/game/common/func_va_data.cpp.o:(.data+0x118): first defined here
C:/Tools/mips-ps1/mips/bin/mipsel-none-elf-ld.exe: build/asm/data/data_8010CCD4_o06.data.s.o: in function `AIPerson_smackProbMask':
(.data+0x128): multiple definition of `AIPerson_smackProbMask'; build/recon/game/common/func_va_data.cpp.o:(.data+0x128): first defined here
C:/Tools/mips-ps1/mips/bin/mipsel-none-elf-ld.exe: build/asm/data/data_8010CCD4_o06.data.s.o: in function `AIPerson_bestLineAbilities':
(.data+0x138): multiple definition of `AIPerson_bestLineAbilities'; build/recon/game/common/func_va_data.cpp.o:(.data+0x138): first defined here
C:/Tools/mips-ps1/mips/bin/mipsel-none-elf-ld.exe: build/asm/data/data_8010CCD4_o06.data.s.o: in function `AIPerson_glueTable':
(.data+0x148): multiple definition of `AIPerson_glueTable'; build/recon/game/common/func_va_data.cpp.o:(.data+0x148): first defined here
C:/Tools/mips-ps1/mips/bin/mipsel-none-elf-ld.exe: build/asm/data/data_8010CCD4_o06.data.s.o: in function `AIPerson_PersonalityData':
(.data+0x19c): multiple definition of `AIPerson_PersonalityData'; build/recon/game/common/func_va_data.cpp.o:(.data+0x19c): first defined here
C:/Tools/mips-ps1/mips/bin/mipsel-none-elf-ld.exe: build/asm/data/data_8010CCD4_o06.data.s.o: in function `AIPerson_ScriptData':
(.data+0x490): multiple definition of `AIPerson_ScriptData'; build/recon/game/common/func_va_data.cpp.o:(.data+0x490): first defined here
C:/Tools/mips-ps1/mips/bin/mipsel-none-elf-ld.exe: build/asm/data/data_8010CCD4_o07.data.s.o: in function `AIPhysicConfig':
(.data+0x0): multiple definition of `AIPhysicConfig'; build/recon/game/common/aiphysic.cpp.o:(.data+0x0): first defined here
C:/Tools/mips-ps1/mips/bin/mipsel-none-elf-ld.exe: build/asm/data/data_8010CCD4_o08.data.s.o: in function `AITune_BTC':
(.data+0x0): multiple definition of `AITune_BTC'; build/recon/game/common/aitune.cpp.o:(.data+0x0): first defined here
C:/Tools/mips-ps1/mips/bin/mipsel-none-elf-ld.exe: build/asm/data/data_8010CCD4_o08.data.s.o: in function `AITune_BTCPerpAccMults':
(.data+0x54): multiple definition of `AITune_BTCPerpAccMults'; build/recon/game/common/aitune.cpp.o:(.data+0x54): first defined here
C:/Tools/mips-ps1/mips/bin/mipsel-none-elf-ld.exe: build/asm/data/data_8010CCD4_o08.data.s.o: in function `AITune_trackInfo':
(.data+0x60): multiple definition of `AITune_trackInfo'; build/recon/game/common/aitune.cpp.o:(.data+0x60): first defined here
C:/Tools/mips-ps1/mips/bin/mipsel-none-elf-ld.exe: build/asm/data/data_8010CCD4_o08.data.s.o: in function `AITune_accelerationScale':
(.data+0xf0): multiple definition of `AITune_accelerationScale'; build/recon/game/common/aitune.cpp.o:(.data+0xf0): first defined here
C:/Tools/mips-ps1/mips/bin/mipsel-none-elf-ld.exe: build/asm/data/data_8010CCD4_o08.data.s.o: in function `copTuningInfo':
(.data+0x148): multiple definition of `copTuningInfo'; build/recon/game/common/aitune.cpp.o:(.data+0x148): first defined here
C:/Tools/mips-ps1/mips/bin/mipsel-none-elf-ld.exe: build/asm/data/data_8010CCD4_o08.data.s.o: in function `AITune_MaxTraffic':
(.data+0x1a8): multiple definition of `AITune_MaxTraffic'; build/recon/game/common/aitune.cpp.o:(.data+0x1a8): first defined here
C:/Tools/mips-ps1/mips/bin/mipsel-none-elf-ld.exe: build/asm/data/data_8010CCD4_o08.data.s.o: in function `AITune_LifeTimer':
(.data+0x1c8): multiple definition of `AITune_LifeTimer'; build/recon/game/common/aitune.cpp.o:(.data+0x1c8): first defined here
C:/Tools/mips-ps1/mips/bin/mipsel-none-elf-ld.exe: build/asm/data/data_8010CCD4_o09.data.s.o: in function `inverseLaneWidthTable':
(.data+0x0): multiple definition of `inverseLaneWidthTable'; build/recon/game/common/AIWORLD.cpp.o:(.data+0x0): first defined here
C:/Tools/mips-ps1/mips/bin/mipsel-none-elf-ld.exe: build/asm/data/data_8010CCD4_o10.data.s.o: in function `animSlots':
(.data+0x0): multiple definition of `animSlots'; build/recon/game/common/anim.cpp.o:(.data+0x0): first defined here
C:/Tools/mips-ps1/mips/bin/mipsel-none-elf-ld.exe: build/asm/data/data_8010CCD4_o10.data.s.o: in function `Anim_gInstanceFromIndex':
(.data+0x80): multiple definition of `Anim_gInstanceFromIndex'; build/recon/game/common/anim.cpp.o:(.data+0x80): first defined here
C:/Tools/mips-ps1/mips/bin/mipsel-none-elf-ld.exe: build/asm/data/data_8010CCD4_o10.data.s.o: in function `animScripts':
(.data+0x100): multiple definition of `animScripts'; build/recon/game/common/anim.cpp.o:(.data+0x100): first defined here
C:/Tools/mips-ps1/mips/bin/mipsel-none-elf-ld.exe: build/asm/data/data_8010CCD4_o11.data.s.o: in function `AudioClc_gPlayer':
(.data+0x34): multiple definition of `AudioClc_gPlayer'; build/recon/game/common/audioclc.cpp.o:(.data+0x34): first defined here
C:/Tools/mips-ps1/mips/bin/mipsel-none-elf-ld.exe: build/asm/data/data_8010CCD4_o11.data.s.o: in function `AudioClc_gClosest':
(.data+0xd4): multiple definition of `AudioClc_gClosest'; build/recon/game/common/audioclc.cpp.o:(.data+0xd4): first defined here
C:/Tools/mips-ps1/mips/bin/mipsel-none-elf-ld.exe: build/asm/data/data_8010CCD4_o11.data.s.o: in function `AudioClc_gRenderView':
(.data+0x1b4): multiple definition of `AudioClc_gRenderView'; build/recon/game/common/audioclc.cpp.o:(.data+0x1b4): first defined here
C:/Tools/mips-ps1/mips/bin/mipsel-none-elf-ld.exe: build/asm/data/data_8010CCD4_o11.data.s.o: in function `AudioClc_PursuitTime':
(.data+0x238): multiple definition of `AudioClc_PursuitTime'; build/recon/game/common/audioclc.cpp.o:(.data+0x238): first defined here
C:/Tools/mips-ps1/mips/bin/mipsel-none-elf-ld.exe: build/asm/data/data_8010CCD4_o12.data.s.o: in function `gWorldMat':
(.data+0x0): multiple definition of `gWorldMat'; build/recon/game/common/bworld.cpp.o:(.data+0x0): first defined here
C:/Tools/mips-ps1/mips/bin/mipsel-none-elf-ld.exe: build/asm/data/data_8010CCD4_o12.data.s.o: in function `gNightMat':
(.data+0x24): multiple definition of `gNightMat'; build/recon/game/common/bworld.cpp.o:(.data+0x24): first defined here
C:/Tools/mips-ps1/mips/bin/mipsel-none-elf-ld.exe: build/asm/data/data_8010CCD4_o12.data.s.o: in function `gCopMat':
(.data+0x48): multiple definition of `gCopMat'; build/recon/game/common/bworld.cpp.o:(.data+0x48): first defined here
C:/Tools/mips-ps1/mips/bin/mipsel-none-elf-ld.exe: build/asm/data/data_8010CCD4_o12.data.s.o: in function `gContextMan':
(.data+0x6c): multiple definition of `gContextMan'; build/recon/game/common/bworld.cpp.o:(.data+0x6c): first defined here
C:/Tools/mips-ps1/mips/bin/mipsel-none-elf-ld.exe: build/asm/data/data_8010CCD4_o12.data.s.o: in function `BWorld_gChunkBuildList':
(.data+0x1ac): multiple definition of `BWorld_gChunkBuildList'; build/recon/game/common/bworld.cpp.o:(.data+0x1ac): first defined here
C:/Tools/mips-ps1/mips/bin/mipsel-none-elf-ld.exe: build/asm/data/data_8010CCD4_o13.data.s.o: in function `BWSM_NormalCache':
(.data+0x0): multiple definition of `BWSM_NormalCache'; build/recon/game/common/bworldSm.cpp.o:(.data+0x0): first defined here
C:/Tools/mips-ps1/mips/bin/mipsel-none-elf-ld.exe: build/asm/data/data_8010CCD4_o14.data.s.o: in function `Cars_topSpeedCap':
(.data+0x0): multiple definition of `Cars_topSpeedCap'; build/recon/game/common/cars.cpp.o:(.data+0x0): first defined here
C:/Tools/mips-ps1/mips/bin/mipsel-none-elf-ld.exe: build/asm/data/data_8010CCD4_o14.data.s.o: in function `Cars_kSkidMarkSurface':
(.data+0x98): multiple definition of `Cars_kSkidMarkSurface'; build/recon/game/common/cars.cpp.o:(.data+0x98): first defined here
C:/Tools/mips-ps1/mips/bin/mipsel-none-elf-ld.exe: build/asm/data/data_8010CCD4_o14.data.s.o: in function `Cars_gList':
(.data+0x1b4): multiple definition of `Cars_gList'; build/recon/game/common/cars.cpp.o:(.data+0x1b4): first defined here
C:/Tools/mips-ps1/mips/bin/mipsel-none-elf-ld.exe: build/asm/data/data_8010CCD4_o14.data.s.o: in function `Cars_gRaceCarList':
(.data+0x1d8): multiple definition of `Cars_gRaceCarList'; build/recon/game/common/cars.cpp.o:(.data+0x1d8): first defined here
C:/Tools/mips-ps1/mips/bin/mipsel-none-elf-ld.exe: build/asm/data/data_8010CCD4_o14.data.s.o: in function `Cars_gAICarList':
(.data+0x1fc): multiple definition of `Cars_gAICarList'; build/recon/game/common/cars.cpp.o:(.data+0x1fc): first defined here
C:/Tools/mips-ps1/mips/bin/mipsel-none-elf-ld.exe: build/asm/data/data_8010CCD4_o14.data.s.o: in function `Cars_gHumanRaceCarList':
(.data+0x220): multiple definition of `Cars_gHumanRaceCarList'; build/recon/game/common/cars.cpp.o:(.data+0x220): first defined here
C:/Tools/mips-ps1/mips/bin/mipsel-none-elf-ld.exe: build/asm/data/data_8010CCD4_o14.data.s.o: in function `Cars_gAIRaceCarList':
(.data+0x244): multiple definition of `Cars_gAIRaceCarList'; build/recon/game/common/cars.cpp.o:(.data+0x244): first defined here
C:/Tools/mips-ps1/mips/bin/mipsel-none-elf-ld.exe: build/asm/data/data_8010CCD4_o14.data.s.o: in function `Cars_gTrafficCarList':
(.data+0x268): multiple definition of `Cars_gTrafficCarList'; build/recon/game/common/cars.cpp.o:(.data+0x268): first defined here
C:/Tools/mips-ps1/mips/bin/mipsel-none-elf-ld.exe: build/asm/data/data_8010CCD4_o14.data.s.o: in function `Cars_gCopCarList':
(.data+0x28c): multiple definition of `Cars_gCopCarList'; build/recon/game/common/cars.cpp.o:(.data+0x28c): first defined here
C:/Tools/mips-ps1/mips/bin/mipsel-none-elf-ld.exe: build/asm/data/data_8010CCD4_o14.data.s.o: in function `Cars_gLifeBasisCarList':
(.data+0x2b0): multiple definition of `Cars_gLifeBasisCarList'; build/recon/game/common/cars.cpp.o:(.data+0x2b0): first defined here
C:/Tools/mips-ps1/mips/bin/mipsel-none-elf-ld.exe: build/asm/data/data_8010CCD4_o14.data.s.o: in function `Cars_gSortedList':
(.data+0x2d4): multiple definition of `Cars_gSortedList'; build/recon/game/common/cars.cpp.o:(.data+0x2d4): first defined here
C:/Tools/mips-ps1/mips/bin/mipsel-none-elf-ld.exe: build/asm/data/data_8010CCD4_o14.data.s.o: in function `Cars_gTotalSortedList':
(.data+0x2f8): multiple definition of `Cars_gTotalSortedList'; build/recon/game/common/cars.cpp.o:(.data+0x2f8): first defined here
C:/Tools/mips-ps1/mips/bin/mipsel-none-elf-ld.exe: build/asm/data/data_8010CCD4_o14.data.s.o: in function `Cars_gNewCarStatsList':
(.data+0x31c): multiple definition of `Cars_gNewCarStatsList'; build/recon/game/common/cars.cpp.o:(.data+0x31c): first defined here
C:/Tools/mips-ps1/mips/bin/mipsel-none-elf-ld.exe: build/asm/data/data_8010CCD4_o14.data.s.o: in function `InfiniteMassNewton':
(.data+0x8bc): multiple definition of `InfiniteMassNewton'; build/recon/game/common/cars.cpp.o:(.data+0x8bc): first defined here
C:/Tools/mips-ps1/mips/bin/mipsel-none-elf-ld.exe: build/asm/data/data_8010CCD4_o15.data.s.o: in function `clock_realTime':
(.data+0x0): multiple definition of `clock_realTime'; build/recon/game/common/clock.cpp.o:(.data+0x0): first defined here
C:/Tools/mips-ps1/mips/bin/mipsel-none-elf-ld.exe: build/asm/data/data_8010CCD4_o16.data.s.o: in function `HudPmx_gHudNumberUV':
(.data+0x0): multiple definition of `HudPmx_gHudNumberUV'; build/recon/game/common/hudpmx.cpp.o:(.data+0x0): first defined here
C:/Tools/mips-ps1/mips/bin/mipsel-none-elf-ld.exe: build/asm/data/data_8010CCD4_o16.data.s.o: in function `HudPmx_gShapes':
(.data+0x28): multiple definition of `HudPmx_gShapes'; build/recon/game/common/hudpmx.cpp.o:(.data+0x28): first defined here
C:/Tools/mips-ps1/mips/bin/mipsel-none-elf-ld.exe: build/asm/data/data_8010CCD4_o17.data.s.o: in function `Copspeak_gBank':
(.data+0x0): multiple definition of `Copspeak_gBank'; build/recon/game/common/copspeak.cpp.o:(.data+0x0): first defined here
C:/Tools/mips-ps1/mips/bin/mipsel-none-elf-ld.exe: build/asm/data/data_8010CCD4_o17.data.s.o: in function `CopSpeak_gRequest':
(.data+0x40): multiple definition of `CopSpeak_gRequest'; build/recon/game/common/copspeak.cpp.o:(.data+0x40): first defined here
C:/Tools/mips-ps1/mips/bin/mipsel-none-elf-ld.exe: build/asm/data/data_8010CCD4_o17.data.s.o: in function `CopSpeak_gCurrent':
(.data+0x60): multiple definition of `CopSpeak_gCurrent'; build/recon/game/common/copspeak.cpp.o:(.data+0x60): first defined here
C:/Tools/mips-ps1/mips/bin/mipsel-none-elf-ld.exe: build/asm/data/data_8010CCD4_o17.data.s.o: in function `CopSpeak_gQueue':
(.data+0x80): multiple definition of `CopSpeak_gQueue'; build/recon/game/common/copspeak.cpp.o:(.data+0x80): first defined here
C:/Tools/mips-ps1/mips/bin/mipsel-none-elf-ld.exe: build/asm/data/data_8010CCD4_o17.data.s.o: in function `CopSpeak_gMusicStat':
(.data+0x880): multiple definition of `CopSpeak_gMusicStat'; build/recon/game/common/copspeak.cpp.o:(.data+0x880): first defined here
C:/Tools/mips-ps1/mips/bin/mipsel-none-elf-ld.exe: build/asm/data/data_8010CCD4_o18.data.s.o: in function `DashHUD_gInfo':
(.data+0x0): multiple definition of `DashHUD_gInfo'; build/recon/game/common/dashhud.cpp.o:(.data+0x0): first defined here
C:/Tools/mips-ps1/mips/bin/mipsel-none-elf-ld.exe: build/asm/data/data_8010CCD4_o19.data.s.o: in function `FEI_gList':
(.data+0x0): multiple definition of `FEI_gList'; build/recon/game/common/fei.cpp.o:(.data+0x0): first defined here
C:/Tools/mips-ps1/mips/bin/mipsel-none-elf-ld.exe: build/asm/data/data_8010CCD4_o20.data.s.o: in function `GameSetup_gData':
(.data+0x0): multiple definition of `GameSetup_gData'; build/recon/game/common/gmesetup.cpp.o:(.data+0x0): first defined here
C:/Tools/mips-ps1/mips/bin/mipsel-none-elf-ld.exe: build/asm/data/data_8010CCD4_o21.data.s.o: in function `Input_gHandler':
(.data+0x0): multiple definition of `Input_gHandler'; build/recon/game/common/input.cpp.o:(.data+0x0): first defined here
C:/Tools/mips-ps1/mips/bin/mipsel-none-elf-ld.exe: build/asm/data/data_8010CCD4_o21.data.s.o: in function `Input_gDBFlags':
(.data+0x2e0): multiple definition of `Input_gDBFlags'; build/recon/game/common/input.cpp.o:(.data+0x2e0): first defined here
C:/Tools/mips-ps1/mips/bin/mipsel-none-elf-ld.exe: build/asm/data/data_8010CCD4_o21.data.s.o: in function `Input_gInterfaceResults':
(.data+0x300): multiple definition of `Input_gInterfaceResults'; build/recon/game/common/input.cpp.o:(.data+0x300): first defined here
C:/Tools/mips-ps1/mips/bin/mipsel-none-elf-ld.exe: build/asm/data/data_8010CCD4_o21.data.s.o: in function `Input_gPressTime':
(.data+0x380): multiple definition of `Input_gPressTime'; build/recon/game/common/input.cpp.o:(.data+0x380): first defined here
C:/Tools/mips-ps1/mips/bin/mipsel-none-elf-ld.exe: build/asm/data/data_8010CCD4_o22.data.s.o: in function `befuddleExtensions':
(.data+0x0): multiple definition of `befuddleExtensions'; build/recon/game/common/nfs3.cpp.o:(.data+0x0): first defined here
C:/Tools/mips-ps1/mips/bin/mipsel-none-elf-ld.exe: build/asm/data/data_8010CCD4_o22.data.s.o: in function `carManager':
(.data+0x38): multiple definition of `carManager'; build/recon/game/common/nfs3.cpp.o:(.data+0x38): first defined here
C:/Tools/mips-ps1/mips/bin/mipsel-none-elf-ld.exe: build/asm/data/data_8010CCD4_o22.data.s.o: in function `frontEnd':
(.data+0x3c4): multiple definition of `frontEnd'; build/recon/game/common/nfs3.cpp.o:(.data+0x3c4): first defined here
C:/Tools/mips-ps1/mips/bin/mipsel-none-elf-ld.exe: build/asm/data/data_8010CCD4_o22.data.s.o: in function `trackManager':
(.data+0x814): multiple definition of `trackManager'; build/recon/game/common/nfs3.cpp.o:(.data+0x814): first defined here
C:/Tools/mips-ps1/mips/bin/mipsel-none-elf-ld.exe: build/asm/data/data_8010CCD4_o22.data.s.o: in function `tournamentManager':
(.data+0x89c): multiple definition of `tournamentManager'; build/recon/game/common/nfs3.cpp.o:(.data+0x89c): first defined here
C:/Tools/mips-ps1/mips/bin/mipsel-none-elf-ld.exe: build/asm/data/data_8010CCD4_o22.data.s.o: in function `CreditManager':
(.data+0xb20): multiple definition of `CreditManager'; build/recon/game/common/nfs3.cpp.o:(.data+0xb20): first defined here
C:/Tools/mips-ps1/mips/bin/mipsel-none-elf-ld.exe: build/asm/data/data_8010CCD4_o22.data.s.o: in function `Stats_gTrackRecords':
(.data+0xb58): multiple definition of `Stats_gTrackRecords'; build/recon/game/common/nfs3.cpp.o:(.data+0xb58): first defined here
C:/Tools/mips-ps1/mips/bin/mipsel-none-elf-ld.exe: build/asm/data/data_8010CCD4_o22.data.s.o: in function `gTournamentFinishOrder':
(.data+0x19f4): multiple definition of `gTournamentFinishOrder'; build/recon/game/common/nfs3.cpp.o:(.data+0x19f4): first defined here
C:/Tools/mips-ps1/mips/bin/mipsel-none-elf-ld.exe: build/asm/data/data_8010CCD4_o22.data.s.o: in function `befuddleTemp':
(.data+0x1a00): multiple definition of `befuddleTemp'; build/recon/game/common/nfs3.cpp.o:(.data+0x1a00): first defined here
C:/Tools/mips-ps1/mips/bin/mipsel-none-elf-ld.exe: build/asm/data/data_8010CCD4_o23.data.s.o: in function `gSimObjAnims':
(.data+0x0): multiple definition of `gSimObjAnims'; build/recon/game/common/object.cpp.o:(.data+0x0): first defined here
C:/Tools/mips-ps1/mips/bin/mipsel-none-elf-ld.exe: build/asm/data/data_8010CCD4_o24.data.s.o: in function `Paths_Paths':
(.data+0x0): multiple definition of `Paths_Paths'; build/recon/game/common/paths.cpp.o:(.data+0x0): first defined here
C:/Tools/mips-ps1/mips/bin/mipsel-none-elf-ld.exe: build/asm/data/data_8010CCD4_o25.data.s.o: in function `R3DCar_ObjectInfo':
(.data+0x0): multiple definition of `R3DCar_ObjectInfo'; build/recon/game/common/r3dcar.cpp.o:(.data+0x0): first defined here
C:/Tools/mips-ps1/mips/bin/mipsel-none-elf-ld.exe: build/asm/data/data_8010CCD4_o25.data.s.o: in function `R3DCar_Suspension':
(.data+0x158): multiple definition of `R3DCar_Suspension'; build/recon/game/common/r3dcar.cpp.o:(.data+0x158): first defined here
C:/Tools/mips-ps1/mips/bin/mipsel-none-elf-ld.exe: build/asm/data/data_8010CCD4_o25.data.s.o: in function `R3DCar_FlareOverlayIndex':
(.data+0x16c): multiple definition of `R3DCar_FlareOverlayIndex'; build/recon/game/common/r3dcar.cpp.o:(.data+0x16c): first defined here
C:/Tools/mips-ps1/mips/bin/mipsel-none-elf-ld.exe: build/asm/data/data_8010CCD4_o25.data.s.o: in function `R3DCar_FlareCopSirenType':
(.data+0x178): multiple definition of `R3DCar_FlareCopSirenType'; build/recon/game/common/r3dcar.cpp.o:(.data+0x178): first defined here
C:/Tools/mips-ps1/mips/bin/mipsel-none-elf-ld.exe: build/asm/data/data_8010CCD4_o25.data.s.o: in function `R3DCar_SignalBrakeFlare':
(.data+0x22c): multiple definition of `R3DCar_SignalBrakeFlare'; build/recon/game/common/r3dcar.cpp.o:(.data+0x22c): first defined here
C:/Tools/mips-ps1/mips/bin/mipsel-none-elf-ld.exe: build/asm/data/data_8010CCD4_o25.data.s.o: in function `R3DCar_RecessedLight':
(.data+0x248): multiple definition of `R3DCar_RecessedLight'; build/recon/game/common/r3dcar.cpp.o:(.data+0x248): first defined here
C:/Tools/mips-ps1/mips/bin/mipsel-none-elf-ld.exe: build/asm/data/data_8010CCD4_o25.data.s.o: in function `R3DCar_ForceDriveSide':
(.data+0x264): multiple definition of `R3DCar_ForceDriveSide'; build/recon/game/common/r3dcar.cpp.o:(.data+0x264): first defined here
C:/Tools/mips-ps1/mips/bin/mipsel-none-elf-ld.exe: build/asm/data/data_8010CCD4_o25.data.s.o: in function `R3DCar_DamageSpoiler':
(.data+0x280): multiple definition of `R3DCar_DamageSpoiler'; build/recon/game/common/r3dcar.cpp.o:(.data+0x280): first defined here
C:/Tools/mips-ps1/mips/bin/mipsel-none-elf-ld.exe: build/asm/data/data_8010CCD4_o25.data.s.o: in function `R3DCar_CopIndex':
(.data+0x29c): multiple definition of `R3DCar_CopIndex'; build/recon/game/common/r3dcar.cpp.o:(.data+0x29c): first defined here
C:/Tools/mips-ps1/mips/bin/mipsel-none-elf-ld.exe: build/asm/data/data_8010CCD4_o25.data.s.o: in function `R3DCar_CopCountry':
(.data+0x2bc): multiple definition of `R3DCar_CopCountry'; build/recon/game/common/r3dcar.cpp.o:(.data+0x2bc): first defined here
C:/Tools/mips-ps1/mips/bin/mipsel-none-elf-ld.exe: build/asm/data/data_8010CCD4_o25.data.s.o: in function `R3DCar_ObjectVisible':
(.data+0x2cc): multiple definition of `R3DCar_ObjectVisible'; build/recon/game/common/r3dcar.cpp.o:(.data+0x2cc): first defined here
C:/Tools/mips-ps1/mips/bin/mipsel-none-elf-ld.exe: build/asm/data/data_8010CCD4_o25.data.s.o: in function `R3DCar_shadowVertex':
(.data+0x308): multiple definition of `R3DCar_shadowVertex'; build/recon/game/common/r3dcar.cpp.o:(.data+0x308): first defined here
C:/Tools/mips-ps1/mips/bin/mipsel-none-elf-ld.exe: build/asm/data/data_8010CCD4_o25.data.s.o: in function `R3DCar_LoadedScenePointer':
(.data+0x328): multiple definition of `R3DCar_LoadedScenePointer'; build/recon/game/common/r3dcar.cpp.o:(.data+0x328): first defined here
C:/Tools/mips-ps1/mips/bin/mipsel-none-elf-ld.exe: build/asm/data/data_8010CCD4_o25.data.s.o: in function `R3DCar_LoadedSceneCounter':
(.data+0x4b8): multiple definition of `R3DCar_LoadedSceneCounter'; build/recon/game/common/r3dcar.cpp.o:(.data+0x4b8): first defined here
C:/Tools/mips-ps1/mips/bin/mipsel-none-elf-ld.exe: build/asm/data/data_8010CCD4_o25.data.s.o: in function `R3DCar_LoadedSceneCountry':
(.data+0x51c): multiple definition of `R3DCar_LoadedSceneCountry'; build/recon/game/common/r3dcar.cpp.o:(.data+0x51c): first defined here
C:/Tools/mips-ps1/mips/bin/mipsel-none-elf-ld.exe: build/asm/data/data_8010CCD4_o25.data.s.o: in function `R3DCar_LoadedSceneColor':
(.data+0x550): multiple definition of `R3DCar_LoadedSceneColor'; build/recon/game/common/r3dcar.cpp.o:(.data+0x550): first defined here
C:/Tools/mips-ps1/mips/bin/mipsel-none-elf-ld.exe: build/asm/data/data_8010CCD4_o25.data.s.o: in function `R3DCar_LoadedSceneVRam':
(.data+0x618): multiple definition of `R3DCar_LoadedSceneVRam'; build/recon/game/common/r3dcar.cpp.o:(.data+0x618): first defined here
C:/Tools/mips-ps1/mips/bin/mipsel-none-elf-ld.exe: build/asm/data/data_8010CCD4_o25.data.s.o: in function `R3DCar_PositionZ':
(.data+0x7a8): multiple definition of `R3DCar_PositionZ'; build/recon/game/common/r3dcar.cpp.o:(.data+0x7a8): first defined here
C:/Tools/mips-ps1/mips/bin/mipsel-none-elf-ld.exe: build/asm/data/data_8010CCD4_o25.data.s.o: in function `R3DCar_subOtStart':
(.data+0x7cc): multiple definition of `R3DCar_subOtStart'; build/recon/game/common/r3dcar.cpp.o:(.data+0x7cc): first defined here
C:/Tools/mips-ps1/mips/bin/mipsel-none-elf-ld.exe: build/asm/data/data_8010CCD4_o25.data.s.o: in function `R3DCar_EnvMapInfo':
(.data+0x7dc): multiple definition of `R3DCar_EnvMapInfo'; build/recon/game/common/r3dcar.cpp.o:(.data+0x7dc): first defined here
C:/Tools/mips-ps1/mips/bin/mipsel-none-elf-ld.exe: build/asm/data/data_8010CCD4_o26.data.s.o: in function `Force_rand_256':
(.data+0x0): multiple definition of `Force_rand_256'; build/recon/game/psx/force.cpp.o:(.data+0x0): first defined here
C:/Tools/mips-ps1/mips/bin/mipsel-none-elf-ld.exe: build/asm/data/data_8010CCD4_o26.data.s.o: in function `Force_g':
(.data+0x100): multiple definition of `Force_g'; build/recon/game/psx/force.cpp.o:(.data+0x100): first defined here
C:/Tools/mips-ps1/mips/bin/mipsel-none-elf-ld.exe: build/asm/data/data_8010CCD4_o27.data.s.o: in function `gMenuPixmap':
(.data+0x0): multiple definition of `gMenuPixmap'; build/recon/game/psx/texture.cpp.o:(.data+0x0): first defined here
C:/Tools/mips-ps1/mips/bin/mipsel-none-elf-ld.exe: build/asm/data/data_8010CCD4_o27.data.s.o: in function `gMenuPixmapAlloc':
(.data+0x20): multiple definition of `gMenuPixmapAlloc'; build/recon/game/psx/texture.cpp.o:(.data+0x20): first defined here
C:/Tools/mips-ps1/mips/bin/mipsel-none-elf-ld.exe: build/asm/data/data_8010CCD4_o28.data.s.o: in function `identitymatrix':
(.data+0x0): multiple definition of `identitymatrix'; build/recon/eaclib/psx/eacpsxz/matrix.c.o:(.rodata+0x0): first defined here
C:/Tools/mips-ps1/mips/bin/mipsel-none-elf-ld.exe: build/asm/data/data_8010CCD4_o29.data.s.o: in function `isqrttbl':
(.data+0x0): multiple definition of `isqrttbl'; build/recon/eaclib/psx/eacpsxz/isqrt.c.o:(.data+0x0): first defined here
C:/Tools/mips-ps1/mips/bin/mipsel-none-elf-ld.exe: build/asm/data/data_8010CCD4_o30.data.s.o: in function `math_errno':
(.data+0x0): multiple definition of `math_errno'; build/recon/syslib/psx/libmath/FERR.c.o:(.data+0x0): first defined here
C:/Tools/mips-ps1/mips/bin/mipsel-none-elf-ld.exe: build/asm/data/data_8010CCD4_o30.data.s.o: in function `math_err_point':
(.data+0x4): multiple definition of `math_err_point'; build/recon/syslib/psx/libmath/FERR.c.o:(.data+0x4): first defined here
C:/Tools/mips-ps1/mips/bin/mipsel-none-elf-ld.exe: build/asm/data/data_8010CCD4_o31.data.s.o: in function `sndseed':
(.data+0x0): multiple definition of `sndseed'; build/recon/eaclib/psx/sndpsxz/snddata.c.o:(.data+0x0): first defined here
C:/Tools/mips-ps1/mips/bin/mipsel-none-elf-ld.exe: build/asm/data/front_data.data.s.o: in function `gLargestUnused':
(.data+0x258): multiple definition of `gLargestUnused'; build/recon/frontend/common/feapp.cpp.o:(.data+0x8): first defined here
C:/Tools/mips-ps1/mips/bin/mipsel-none-elf-ld.exe: build/asm/data/front_data.data.s.o: in function `FEApp':
(.data+0x260): multiple definition of `FEApp'; build/recon/frontend/common/feapp.cpp.o:(.data+0x0): first defined here
C:/Tools/mips-ps1/mips/bin/mipsel-none-elf-ld.exe: build/asm/data/front_data.data.s.o: in function `gStopCommentaryNow':
(.data+0x268): multiple definition of `gStopCommentaryNow'; build/recon/frontend/common/feaudio.cpp.o:(.data+0x44): first defined here
C:/Tools/mips-ps1/mips/bin/mipsel-none-elf-ld.exe: build/asm/data/front_data.data.s.o: in function `gCurrentVIV':
(.data+0x26c): multiple definition of `gCurrentVIV'; build/recon/frontend/common/feaudio.cpp.o:(.data+0x0): first defined here
C:/Tools/mips-ps1/mips/bin/mipsel-none-elf-ld.exe: build/asm/data/front_data.data.s.o: in function `allLanguages':
(.data+0x270): multiple definition of `allLanguages'; build/recon/frontend/common/feaudio.cpp.o:(.data+0x4): first defined here
C:/Tools/mips-ps1/mips/bin/mipsel-none-elf-ld.exe: build/asm/data/front_data.data.s.o: in function `ginfo':
(.data+0x288): multiple definition of `ginfo'; build/recon/frontend/common/feaudio.cpp.o:(.data+0x1c): first defined here
C:/Tools/mips-ps1/mips/bin/mipsel-none-elf-ld.exe: build/asm/data/front_data.data.s.o: in function `currentSpeechViv':
(.data+0x2b0): multiple definition of `currentSpeechViv'; build/recon/frontend/common/feaudio.cpp.o:(.data+0x48): first defined here
C:/Tools/mips-ps1/mips/bin/mipsel-none-elf-ld.exe: build/asm/data/front_data.data.s.o: in function `commentaryActualLevel':
(.data+0x2d8): multiple definition of `commentaryActualLevel'; build/recon/frontend/common/feaudio.cpp.o:(.data+0x40): first defined here
C:/Tools/mips-ps1/mips/bin/mipsel-none-elf-ld.exe: build/asm/data/front_data.data.s.o: in function `cars_disableBonuses':
(.data+0x2e0): multiple definition of `cars_disableBonuses'; build/recon/frontend/common/fecars.cpp.o:(.data+0x64): first defined here
C:/Tools/mips-ps1/mips/bin/mipsel-none-elf-ld.exe: build/asm/data/front_data.data.s.o: in function `gCarSelected':
(.data+0x2e4): multiple definition of `gCarSelected'; build/recon/frontend/common/fecars.cpp.o:(.data+0x0): first defined here
C:/Tools/mips-ps1/mips/bin/mipsel-none-elf-ld.exe: build/asm/data/front_data.data.s.o: in function `textDefinitions':
(.data+0x358): multiple definition of `textDefinitions'; build/recon/frontend/common/fetextrender.cpp.o:(.data+0x0): first defined here
C:/Tools/mips-ps1/mips/bin/mipsel-none-elf-ld.exe: build/asm/data/front_data.data.s.o: in function `gSemiTransText':
(.data+0x3ac): multiple definition of `gSemiTransText'; build/recon/frontend/common/fetextrender.cpp.o:(.data+0x54): first defined here
C:/Tools/mips-ps1/mips/bin/mipsel-none-elf-ld.exe: build/asm/data/front_data.data.s.o: in function `CountryMeasurement':
(.data+0x3b0): multiple definition of `CountryMeasurement'; build/recon/frontend/common/fetracks.cpp.o:(.data+0x60): first defined here
C:/Tools/mips-ps1/mips/bin/mipsel-none-elf-ld.exe: build/asm/data/front_data.data.s.o: in function `tracks_maxTrackIndex':
(.data+0x3c0): multiple definition of `tracks_maxTrackIndex'; build/recon/frontend/common/fetracks.cpp.o:(.data+0x70): first defined here
C:/Tools/mips-ps1/mips/bin/mipsel-none-elf-ld.exe: build/asm/data/front_data.data.s.o: in function `kRGBVals':
(.data+0x468): multiple definition of `kRGBVals'; build/recon/frontend/common/fecolor.cpp.o:(.data+0x0): first defined here
C:/Tools/mips-ps1/mips/bin/mipsel-none-elf-ld.exe: build/asm/data/front_data.data.s.o: in function `getKeyMappings':
(.data+0x4dc): multiple definition of `getKeyMappings'; build/recon/frontend/common/feinput.cpp.o:(.data+0x0): first defined here
C:/Tools/mips-ps1/mips/bin/mipsel-none-elf-ld.exe: build/asm/data/front_data.data.s.o: in function `gMenu_SubMenuPlayer':
(.data+0x560): multiple definition of `gMenu_SubMenuPlayer'; build/recon/frontend/common/femenu.cpp.o:(.data+0x0): first defined here
C:/Tools/mips-ps1/mips/bin/mipsel-none-elf-ld.exe: build/asm/data/front_data.data.s.o: in function `currentSize':
(.data+0x580): multiple definition of `currentSize'; build/recon/frontend/common/fetools.cpp.o:(.data+0x0): first defined here
C:/Tools/mips-ps1/mips/bin/mipsel-none-elf-ld.exe: build/asm/data/front_data.data.s.o: in function `overRide':
(.data+0x588): multiple definition of `overRide'; build/recon/frontend/common/front.cpp.o:(.data+0x144): first defined here
C:/Tools/mips-ps1/mips/bin/mipsel-none-elf-ld.exe: build/asm/data/front_data.data.s.o: in function `ComingIntoTheFrontEndTheVeryFirstTime':
(.data+0x58c): multiple definition of `ComingIntoTheFrontEndTheVeryFirstTime'; build/recon/frontend/common/front.cpp.o:(.data+0x148): first defined here
C:/Tools/mips-ps1/mips/bin/mipsel-none-elf-ld.exe: build/asm/data/front_data.data.s.o: in function `gFE_Cheats':
(.data+0x6a8): multiple definition of `gFE_Cheats'; build/recon/frontend/common/front.cpp.o:(.data+0x14c): first defined here
C:/Tools/mips-ps1/mips/bin/mipsel-none-elf-ld.exe: build/asm/data/front_data.data.s.o: in function `gPSXMemCardFull':
(.data+0x6b0): multiple definition of `gPSXMemCardFull'; build/recon/frontend/common/front.cpp.o:(.data+0x13c): first defined here
C:/Tools/mips-ps1/mips/bin/mipsel-none-elf-ld.exe: build/asm/data/front_data.data.s.o: in function `colourChosen':
(.data+0x6b4): multiple definition of `colourChosen'; build/recon/frontend/common/front.cpp.o:(.data+0x11c): first defined here
C:/Tools/mips-ps1/mips/bin/mipsel-none-elf-ld.exe: build/asm/data/front_data.data.s.o: in function `gAllScreens':
(.data+0x6d4): multiple definition of `gAllScreens'; build/recon/frontend/common/front.cpp.o:(.data+0x118): first defined here
C:/Tools/mips-ps1/mips/bin/mipsel-none-elf-ld.exe: build/asm/data/front_data.data.s.o: in function `memCardReadOK':
(.data+0x6d8): multiple definition of `memCardReadOK'; build/recon/frontend/common/front.cpp.o:(.data+0x140): first defined here
C:/Tools/mips-ps1/mips/bin/mipsel-none-elf-ld.exe: build/asm/data/front_data.data.s.o: in function `CarLineup':
(.data+0x6dc): multiple definition of `CarLineup'; build/recon/frontend/common/front.cpp.o:(.data+0x154): first defined here
C:/Tools/mips-ps1/mips/bin/mipsel-none-elf-ld.exe: build/asm/data/front_data.data.s.o: in function `picked':
(.data+0x700): multiple definition of `picked'; build/recon/frontend/common/front.cpp.o:(.data+0x178): first defined here
C:/Tools/mips-ps1/mips/bin/mipsel-none-elf-ld.exe: build/asm/data/front_data.data.s.o: in function `SelectListNull':
(.data+0x710): multiple definition of `SelectListNull'; build/recon/frontend/common/femenudefs.cpp.o:(.data+0xe8): first defined here
C:/Tools/mips-ps1/mips/bin/mipsel-none-elf-ld.exe: build/asm/data/front_data.data.s.o: in function `SelectListOffOn':
(.data+0x714): multiple definition of `SelectListOffOn'; build/recon/frontend/common/femenudefs.cpp.o:(.data+0x0): first defined here
C:/Tools/mips-ps1/mips/bin/mipsel-none-elf-ld.exe: build/asm/data/front_data.data.s.o: in function `SelectListNormal':
(.data+0x71c): multiple definition of `SelectListNormal'; build/recon/frontend/common/femenudefs.cpp.o:(.data+0x8): first defined here
C:/Tools/mips-ps1/mips/bin/mipsel-none-elf-ld.exe: build/asm/data/front_data.data.s.o: in function `SelectListOpponentUpgrades':
(.data+0x724): multiple definition of `SelectListOpponentUpgrades'; build/recon/frontend/common/femenudefs.cpp.o:(.data+0x10): first defined here
C:/Tools/mips-ps1/mips/bin/mipsel-none-elf-ld.exe: build/asm/data/front_data.data.s.o: in function `SelectListTrackDirection':
(.data+0x72c): multiple definition of `SelectListTrackDirection'; build/recon/frontend/common/femenudefs.cpp.o:(.data+0x18): first defined here
C:/Tools/mips-ps1/mips/bin/mipsel-none-elf-ld.exe: build/asm/data/front_data.data.s.o: in function `SelectListTransmission':
(.data+0x734): multiple definition of `SelectListTransmission'; build/recon/frontend/common/femenudefs.cpp.o:(.data+0x20): first defined here
C:/Tools/mips-ps1/mips/bin/mipsel-none-elf-ld.exe: build/asm/data/front_data.data.s.o: in function `SelectListDisplaySpeed':
(.data+0x73c): multiple definition of `SelectListDisplaySpeed'; build/recon/frontend/common/femenudefs.cpp.o:(.data+0x28): first defined here
C:/Tools/mips-ps1/mips/bin/mipsel-none-elf-ld.exe: build/asm/data/front_data.data.s.o: in function `SelectListDisplayMap':
(.data+0x748): multiple definition of `SelectListDisplayMap'; build/recon/frontend/common/femenudefs.cpp.o:(.data+0x34): first defined here
C:/Tools/mips-ps1/mips/bin/mipsel-none-elf-ld.exe: build/asm/data/front_data.data.s.o: in function `SelectListDisplayOpponentID':
(.data+0x750): multiple definition of `SelectListDisplayOpponentID'; build/recon/frontend/common/femenudefs.cpp.o:(.data+0x3c): first defined here
C:/Tools/mips-ps1/mips/bin/mipsel-none-elf-ld.exe: build/asm/data/front_data.data.s.o: in function `SelectListSplitTime':
(.data+0x758): multiple definition of `SelectListSplitTime'; build/recon/frontend/common/femenudefs.cpp.o:(.data+0x44): first defined here
C:/Tools/mips-ps1/mips/bin/mipsel-none-elf-ld.exe: build/asm/data/front_data.data.s.o: in function `SelectListSplitDisplay':
(.data+0x760): multiple definition of `SelectListSplitDisplay'; build/recon/frontend/common/femenudefs.cpp.o:(.data+0x4c): first defined here
C:/Tools/mips-ps1/mips/bin/mipsel-none-elf-ld.exe: build/asm/data/front_data.data.s.o: in function `SelectListUpgrades':
(.data+0x768): multiple definition of `SelectListUpgrades'; build/recon/frontend/common/femenudefs.cpp.o:(.data+0x54): first defined here
C:/Tools/mips-ps1/mips/bin/mipsel-none-elf-ld.exe: build/asm/data/front_data.data.s.o: in function `SelectListControllerConfig':
(.data+0x770): multiple definition of `SelectListControllerConfig'; build/recon/frontend/common/femenudefs.cpp.o:(.data+0x5c): first defined here
C:/Tools/mips-ps1/mips/bin/mipsel-none-elf-ld.exe: build/asm/data/front_data.data.s.o: in function `SelectListAudioMode':
(.data+0x778): multiple definition of `SelectListAudioMode'; build/recon/frontend/common/femenudefs.cpp.o:(.data+0x64): first defined here
C:/Tools/mips-ps1/mips/bin/mipsel-none-elf-ld.exe: build/asm/data/front_data.data.s.o: in function `menuDefs':
(.data+0x7f8): multiple definition of `menuDefs'; build/recon/frontend/common/femenudefs.cpp.o:(.data+0xe4): first defined here
C:/Tools/mips-ps1/mips/bin/mipsel-none-elf-ld.exe: build/asm/data/front_data.data.s.o: in function `productCode':
(.data+0x80c): multiple definition of `productCode'; build/recon/frontend/common/fememcard.cpp.o:(.data+0x0): first defined here
C:/Tools/mips-ps1/mips/bin/mipsel-none-elf-ld.exe: build/asm/data/front_data.data.s.o: in function `CURRENTLYUSINGMEMCARD':
(.data+0x81c): multiple definition of `CURRENTLYUSINGMEMCARD'; build/recon/frontend/common/fememcard.cpp.o:(.bss+0x0): first defined here
C:/Tools/mips-ps1/mips/bin/mipsel-none-elf-ld.exe: build/asm/data/front_data.data.s.o: in function `textSysMemCardFail_Index':
(.data+0x824): multiple definition of `textSysMemCardFail_Index'; build/recon/frontend/common/fememcard.cpp.o:(.data+0xc): first defined here
C:/Tools/mips-ps1/mips/bin/mipsel-none-elf-ld.exe: build/asm/data/front_data.data.s.o: in function `screenPinkSlips':
(.data+0xc04): multiple definition of `screenPinkSlips'; build/recon/frontend/common/screenpinkslips.cpp.o:(.data+0x0): first defined here
C:/Tools/mips-ps1/mips/bin/mipsel-none-elf-ld.exe: build/asm/data/front_data.data.s.o: in function `screenTournamentStandings':
(.data+0xc08): multiple definition of `screenTournamentStandings'; build/recon/frontend/common/screenpost.cpp.o:(.data+0x0): first defined here
C:/Tools/mips-ps1/mips/bin/mipsel-none-elf-ld.exe: build/asm/data/front_data.data.s.o: in function `screenTournamentStandings3item':
(.data+0xc0c): multiple definition of `screenTournamentStandings3item'; build/recon/frontend/common/screenpost.cpp.o:(.data+0x4): first defined here
C:/Tools/mips-ps1/mips/bin/mipsel-none-elf-ld.exe: build/asm/data/front_data.data.s.o: in function `screenPinkSlipStandings':
(.data+0xc10): multiple definition of `screenPinkSlipStandings'; build/recon/frontend/common/screenpost.cpp.o:(.data+0x8): first defined here
C:/Tools/mips-ps1/mips/bin/mipsel-none-elf-ld.exe: build/asm/data/front_data.data.s.o: in function `screenCarSelect':
(.data+0xddc): multiple definition of `screenCarSelect'; build/recon/frontend/common/screencarselect.cpp.o:(.data+0x184): first defined here
C:/Tools/mips-ps1/mips/bin/mipsel-none-elf-ld.exe: build/asm/data/front_data.data.s.o: in function `screenTournSelect':
(.data+0xdfc): multiple definition of `screenTournSelect'; build/recon/frontend/common/screentournselect.cpp.o:(.data+0x4): first defined here
C:/Tools/mips-ps1/mips/bin/mipsel-none-elf-ld.exe: build/asm/data/front_data.data.s.o: in function `screenTrophyRoom':
(.data+0xe00): multiple definition of `screenTrophyRoom'; build/recon/frontend/common/screentrophyroom.cpp.o:(.data+0x0): first defined here
C:/Tools/mips-ps1/mips/bin/mipsel-none-elf-ld.exe: build/asm/data/front_data.data.s.o: in function `gSwapFileName':
(.data+0xe04): multiple definition of `gSwapFileName'; build/recon/frontend/common/screentrophyroom.cpp.o:(.data+0x4): first defined here
C:/Tools/mips-ps1/mips/bin/mipsel-none-elf-ld.exe: build/asm/data/front_data.data.s.o: in function `kBannerColors':
(.data+0xe18): multiple definition of `kBannerColors'; build/recon/frontend/common/screentrophyinfo.cpp.o:(.data+0x0): first defined here
C:/Tools/mips-ps1/mips/bin/mipsel-none-elf-ld.exe: build/asm/data/front_data.data.s.o: in function `screenTrophyInfo':
(.data+0xe28): multiple definition of `screenTrophyInfo'; build/recon/frontend/common/screentrophyinfo.cpp.o:(.data+0x20): first defined here
C:/Tools/mips-ps1/mips/bin/mipsel-none-elf-ld.exe: build/asm/data/front_data.data.s.o: in function `gSwapFileNameTI':
(.data+0xe2c): multiple definition of `gSwapFileNameTI'; build/recon/frontend/common/screentrophyinfo.cpp.o:(.data+0x10): first defined here
C:/Tools/mips-ps1/mips/bin/mipsel-none-elf-ld.exe: build/asm/data/front_data.data.s.o: in function `screenTrackSelect':
(.data+0xe54): multiple definition of `screenTrackSelect'; build/recon/frontend/common/screentracks.cpp.o:(.data+0x14): first defined here
C:/Tools/mips-ps1/mips/bin/mipsel-none-elf-ld.exe: build/asm/data/front_data.data.s.o: in function `screenTrackInfo':
(.data+0xe6c): multiple definition of `screenTrackInfo'; build/recon/frontend/common/screentrackinfo.cpp.o:(.data+0x14): first defined here
C:/Tools/mips-ps1/mips/bin/mipsel-none-elf-ld.exe: build/asm/data/front_data.data.s.o: in function `ArrowLocations':
(.data+0xea4): multiple definition of `ArrowLocations'; build/recon/frontend/common/screencontroller.cpp.o:(.data+0x8): first defined here
C:/Tools/mips-ps1/mips/bin/mipsel-none-elf-ld.exe: build/asm/data/front_data.data.s.o: in function `TextLocations':
(.data+0x1138): multiple definition of `TextLocations'; build/recon/frontend/common/screencontroller.cpp.o:(.data+0x29c): first defined here
C:/Tools/mips-ps1/mips/bin/mipsel-none-elf-ld.exe: build/asm/data/front_data.data.s.o: in function `NumTexts':
(.data+0x1458): multiple definition of `NumTexts'; build/recon/frontend/common/screencontroller.cpp.o:(.data+0x5bc): first defined here
C:/Tools/mips-ps1/mips/bin/mipsel-none-elf-ld.exe: build/asm/data/front_data.data.s.o: in function `ControllerItemIndex':
(.data+0x1484): multiple definition of `ControllerItemIndex'; build/recon/frontend/common/screencontroller.cpp.o:(.data+0x5e8): first defined here
C:/Tools/mips-ps1/mips/bin/mipsel-none-elf-ld.exe: build/asm/data/front_data.data.s.o: in function `screenControllerConfig':
(.data+0x1670): multiple definition of `screenControllerConfig'; build/recon/frontend/common/screencontroller.cpp.o:(.data+0x7f4): first defined here
C:/Tools/mips-ps1/mips/bin/mipsel-none-elf-ld.exe: build/asm/data/front_data.data.s.o: in function `screenDisplay':
(.data+0x1678): multiple definition of `screenDisplay'; build/recon/frontend/common/screendisplay.cpp.o:(.data+0x0): first defined here
C:/Tools/mips-ps1/mips/bin/mipsel-none-elf-ld.exe: build/asm/data/front_data.data.s.o: in function `screenAudio':
(.data+0x1688): multiple definition of `screenAudio'; build/recon/frontend/common/screenaudio.cpp.o:(.data+0x0): first defined here
C:/Tools/mips-ps1/mips/bin/mipsel-none-elf-ld.exe: build/asm/data/front_data.data.s.o: in function `screenPinkSlipCongrats':
(.data+0x16e4): multiple definition of `screenPinkSlipCongrats'; build/recon/frontend/common/screencongrats.cpp.o:(.data+0x20): first defined here
C:/Tools/mips-ps1/mips/bin/mipsel-none-elf-ld.exe: build/asm/data/front_data.data.s.o: in function `screenTournamentTrophy':
(.data+0x16e8): multiple definition of `screenTournamentTrophy'; build/recon/frontend/common/screencongrats.cpp.o:(.data+0x24): first defined here
C:/Tools/mips-ps1/mips/bin/mipsel-none-elf-ld.exe: build/asm/data/front_data.data.s.o: in function `screenBeTheCopCongrats':
(.data+0x16ec): multiple definition of `screenBeTheCopCongrats'; build/recon/frontend/common/screencongrats.cpp.o:(.data+0x28): first defined here
C:/Tools/mips-ps1/mips/bin/mipsel-none-elf-ld.exe: build/asm/data/front_data.data.s.o: in function `screenTournamentCongrats':
(.data+0x16f0): multiple definition of `screenTournamentCongrats'; build/recon/frontend/common/screencongrats.cpp.o:(.data+0x2c): first defined here
C:/Tools/mips-ps1/mips/bin/mipsel-none-elf-ld.exe: build/asm/data/front_data.data.s.o: in function `congratsSwapFileName':
(.data+0x16f4): multiple definition of `congratsSwapFileName'; build/recon/frontend/common/screencongrats.cpp.o:(.data+0x0): first defined here
C:/Tools/mips-ps1/mips/bin/mipsel-none-elf-ld.exe: build/asm/data/front_data.data.s.o: in function `fPermFileNameBuf':
(.data+0x1704): multiple definition of `fPermFileNameBuf'; build/recon/frontend/common/screencongrats.cpp.o:(.data+0x10): first defined here
C:/Tools/mips-ps1/mips/bin/mipsel-none-elf-ld.exe: build/asm/data/front_data.data.s.o: in function `minChar':
(.data+0x1740): multiple definition of `minChar'; build/recon/frontend/common/stattool.cpp.o:(.data+0x0): first defined here
C:/Tools/mips-ps1/mips/bin/mipsel-none-elf-ld.exe: build/asm/data/front_data.data.s.o: in function `secChar':
(.data+0x1748): multiple definition of `secChar'; build/recon/frontend/common/stattool.cpp.o:(.data+0x8): first defined here
C:/Tools/mips-ps1/mips/bin/mipsel-none-elf-ld.exe: build/asm/data/front_data.data.s.o: in function `menu_kUserNameRows':
(.data+0x1750): multiple definition of `menu_kUserNameRows'; build/recon/frontend/common/screenusername.cpp.o:(.data+0x0): first defined here
C:/Tools/mips-ps1/mips/bin/mipsel-none-elf-ld.exe: build/asm/data/front_data.data.s.o: in function `MENUUSERNAME_STARTY':
(.data+0x1752): multiple definition of `MENUUSERNAME_STARTY'
C:/Tools/mips-ps1/mips/bin/mipsel-none-elf-ld.exe: build/asm/data/front_data.data.s.o: in function `screenUserName':
(.data+0x1754): multiple definition of `screenUserName'; build/recon/frontend/common/screenusername.cpp.o:(.data+0x4): first defined here
C:/Tools/mips-ps1/mips/bin/mipsel-none-elf-ld.exe: build/asm/data/front_data.data.s.o: in function `UserPermFileName':
(.data+0x1758): multiple definition of `UserPermFileName'; build/recon/frontend/common/screenusername.cpp.o:(.data+0xc): first defined here
C:/Tools/mips-ps1/mips/bin/mipsel-none-elf-ld.exe: build/asm/data/front_data.data.s.o: in function `kNoColor':
(.data+0x1770): multiple definition of `kNoColor'; build/recon/frontend/psx/drawshp.cpp.o:(.sdata+0x0): first defined here
C:/Tools/mips-ps1/mips/bin/mipsel-none-elf-ld.exe: build/asm/data/sdata_8013C54C_o00.sdata.s.o: in function `AI_time':
(.sdata+0x0): multiple definition of `AI_time'; build/recon/game/common/ai.cpp.o:(.sdata+0x0): first defined here
C:/Tools/mips-ps1/mips/bin/mipsel-none-elf-ld.exe: build/asm/data/sdata_8013C54C_o00.sdata.s.o: in function `AI_elapsedTime':
(.sdata+0x4): multiple definition of `AI_elapsedTime'; build/recon/game/common/ai.cpp.o:(.sdata+0x4): first defined here
C:/Tools/mips-ps1/mips/bin/mipsel-none-elf-ld.exe: build/asm/data/sdata_8013C54C_o00.sdata.s.o: in function `AI_iTime':
(.sdata+0x8): multiple definition of `AI_iTime'; build/recon/game/common/ai.cpp.o:(.sdata+0x8): first defined here
C:/Tools/mips-ps1/mips/bin/mipsel-none-elf-ld.exe: build/asm/data/sdata_8013C54C_o01.sdata.s.o: in function `AIHigh_CopGameType':
(.sdata+0x0): multiple definition of `AIHigh_CopGameType'; build/recon/game/common/aihigh.cpp.o:(.sdata+0x0): first defined here
C:/Tools/mips-ps1/mips/bin/mipsel-none-elf-ld.exe: build/asm/data/sdata_8013C54C_o02.sdata.s.o: in function `_19AIHigh_BTC_HumanCop_lastInputRequestTick_':
(.sdata+0x0): multiple definition of `_19AIHigh_BTC_HumanCop_lastInputRequestTick_'; build/recon/game/common/aih_btccop.cpp.o:(.sdata+0x0): first defined here
C:/Tools/mips-ps1/mips/bin/mipsel-none-elf-ld.exe: build/asm/data/sdata_8013C54C_o03.sdata.s.o: in function `AICop_rawTriggers':
(.sdata+0x0): multiple definition of `AICop_rawTriggers'; build/recon/game/common/aicop.cpp.o:(.sdata+0x0): first defined here
C:/Tools/mips-ps1/mips/bin/mipsel-none-elf-ld.exe: build/asm/data/sdata_8013C54C_o03.sdata.s.o: in function `AICop_gRoadBlockState':
(.sdata+0x4): multiple definition of `AICop_gRoadBlockState'; build/recon/game/common/aicop.cpp.o:(.sdata+0x4): first defined here
C:/Tools/mips-ps1/mips/bin/mipsel-none-elf-ld.exe: build/asm/data/sdata_8013C54C_o03.sdata.s.o: in function `AICop_numArrestedHumans':
(.sdata+0x8): multiple definition of `AICop_numArrestedHumans'; build/recon/game/common/aicop.cpp.o:(.sdata+0x8): first defined here
C:/Tools/mips-ps1/mips/bin/mipsel-none-elf-ld.exe: build/asm/data/sdata_8013C54C_o04.sdata.s.o: in function `AITraffic_rawTriggers':
(.sdata+0x0): multiple definition of `AITraffic_rawTriggers'; build/recon/game/common/aiinit.cpp.o:(.sdata+0x0): first defined here
C:/Tools/mips-ps1/mips/bin/mipsel-none-elf-ld.exe: build/asm/data/sdata_8013C54C_o04.sdata.s.o: in function `AIInit_useSpreadForce':
(.sdata+0x4): multiple definition of `AIInit_useSpreadForce'; build/recon/game/common/aiinit.cpp.o:(.sdata+0x4): first defined here
C:/Tools/mips-ps1/mips/bin/mipsel-none-elf-ld.exe: build/asm/data/sdata_8013C54C_o04.sdata.s.o: in function `AIInit_forceHumanHandBrake':
(.sdata+0x8): multiple definition of `AIInit_forceHumanHandBrake'; build/recon/game/common/aiinit.cpp.o:(.sdata+0x8): first defined here
C:/Tools/mips-ps1/mips/bin/mipsel-none-elf-ld.exe: build/asm/data/sdata_8013C54C_o05.sdata.s.o: in function `AIDataRecord_BestLine':
(.sdata+0x0): multiple definition of `AIDataRecord_BestLine'; build/recon/game/common/aidatarecord.cpp.o:(.sdata+0x0): first defined here
C:/Tools/mips-ps1/mips/bin/mipsel-none-elf-ld.exe: build/asm/data/sdata_8013C54C_o05.sdata.s.o: in function `AIDataRecord_TrackCurve':
(.sdata+0x4): multiple definition of `AIDataRecord_TrackCurve'; build/recon/game/common/aidatarecord.cpp.o:(.sdata+0x4): first defined here
C:/Tools/mips-ps1/mips/bin/mipsel-none-elf-ld.exe: build/asm/data/sdata_8013C54C_o05.sdata.s.o: in function `AIDataRecord_WhichRecord':
(.sdata+0x8): multiple definition of `AIDataRecord_WhichRecord'; build/recon/game/common/aidatarecord.cpp.o:(.sdata+0x8): first defined here
C:/Tools/mips-ps1/mips/bin/mipsel-none-elf-ld.exe: build/asm/data/sdata_8013C54C_o05.sdata.s.o: in function `AIDataRecord_RecordMethod':
(.sdata+0xc): multiple definition of `AIDataRecord_RecordMethod'; build/recon/game/common/aidatarecord.cpp.o:(.sdata+0xc): first defined here
C:/Tools/mips-ps1/mips/bin/mipsel-none-elf-ld.exe: build/asm/data/sdata_8013C54C_o06.sdata.s.o: in function `triggerManagerCops':
(.sdata+0x0): multiple definition of `triggerManagerCops'; build/recon/game/common/aitriger.cpp.o:(.sdata+0x0): first defined here
C:/Tools/mips-ps1/mips/bin/mipsel-none-elf-ld.exe: build/asm/data/sdata_8013C54C_o06.sdata.s.o: in function `triggerManagerTraffic':
(.sdata+0x4): multiple definition of `triggerManagerTraffic'; build/recon/game/common/aitriger.cpp.o:(.sdata+0x4): first defined here
C:/Tools/mips-ps1/mips/bin/mipsel-none-elf-ld.exe: build/asm/data/sdata_8013C54C_o07.sdata.s.o: in function `AITune_oneWay':
(.sdata+0x0): multiple definition of `AITune_oneWay'; build/recon/game/common/aitune.cpp.o:(.sdata+0x0): first defined here
C:/Tools/mips-ps1/mips/bin/mipsel-none-elf-ld.exe: build/asm/data/sdata_8013C54C_o07.sdata.s.o: in function `AITune_driveSide':
(.sdata+0x4): multiple definition of `AITune_driveSide'; build/recon/game/common/aitune.cpp.o:(.sdata+0x4): first defined here
C:/Tools/mips-ps1/mips/bin/mipsel-none-elf-ld.exe: build/asm/data/sdata_8013C54C_o07.sdata.s.o: in function `AITune_gRoughLapTime':
(.sdata+0x8): multiple definition of `AITune_gRoughLapTime'; build/recon/game/common/aitune.cpp.o:(.sdata+0x8): first defined here
C:/Tools/mips-ps1/mips/bin/mipsel-none-elf-ld.exe: build/asm/data/sdata_8013C54C_o08.sdata.s.o: in function `AudioClc_gCameraVelocity':
(.sdata+0x0): multiple definition of `AudioClc_gCameraVelocity'; build/recon/game/common/audioclc.cpp.o:(.sdata+0x0): first defined here
C:/Tools/mips-ps1/mips/bin/mipsel-none-elf-ld.exe: build/asm/data/sdata_8013C54C_o08.sdata.s.o: in function `AudioClc_gRandomPhrase':
(.sdata+0x4): multiple definition of `AudioClc_gRandomPhrase'; build/recon/game/common/audioclc.cpp.o:(.sdata+0x4): first defined here
C:/Tools/mips-ps1/mips/bin/mipsel-none-elf-ld.exe: build/asm/data/sdata_8013C54C_o08.sdata.s.o: in function `AudioClc_gBullHornCount':
(.sdata+0x8): multiple definition of `AudioClc_gBullHornCount'; build/recon/game/common/audioclc.cpp.o:(.sdata+0x8): first defined here
C:/Tools/mips-ps1/mips/bin/mipsel-none-elf-ld.exe: build/asm/data/sdata_8013C54C_o08.sdata.s.o: in function `AudioClc_gBumpCopCount':
(.sdata+0xc): multiple definition of `AudioClc_gBumpCopCount'; build/recon/game/common/audioclc.cpp.o:(.sdata+0xc): first defined here
C:/Tools/mips-ps1/mips/bin/mipsel-none-elf-ld.exe: build/asm/data/sdata_8013C54C_o08.sdata.s.o: in function `AudioClc_gLastVoice':
(.sdata+0x10): multiple definition of `AudioClc_gLastVoice'; build/recon/game/common/audioclc.cpp.o:(.sdata+0x10): first defined here
C:/Tools/mips-ps1/mips/bin/mipsel-none-elf-ld.exe: build/asm/data/sdata_8013C54C_o08.sdata.s.o: in function `AudioClc_gLastphrase1':
(.sdata+0x14): multiple definition of `AudioClc_gLastphrase1'; build/recon/game/common/audioclc.cpp.o:(.sdata+0x14): first defined here
C:/Tools/mips-ps1/mips/bin/mipsel-none-elf-ld.exe: build/asm/data/sdata_8013C54C_o08.sdata.s.o: in function `AudioClc_gLastphrase2':
(.sdata+0x18): multiple definition of `AudioClc_gLastphrase2'; build/recon/game/common/audioclc.cpp.o:(.sdata+0x18): first defined here
C:/Tools/mips-ps1/mips/bin/mipsel-none-elf-ld.exe: build/asm/data/sdata_8013C54C_o08.sdata.s.o: in function `AudioClc_gLastphrase3':
(.sdata+0x1c): multiple definition of `AudioClc_gLastphrase3'; build/recon/game/common/audioclc.cpp.o:(.sdata+0x1c): first defined here
C:/Tools/mips-ps1/mips/bin/mipsel-none-elf-ld.exe: build/asm/data/sdata_8013C54C_o09.sdata.s.o: in function `AudioMus_g':
(.sdata+0x0): multiple definition of `AudioMus_g'; build/recon/game/common/audiomus.cpp.o:(.sdata+0x0): first defined here
C:/Tools/mips-ps1/mips/bin/mipsel-none-elf-ld.exe: build/asm/data/sdata_8013C54C_o10.sdata.s.o: in function `gGameAudioList':
(.sdata+0x4): multiple definition of `gGameAudioList'; build/recon/game/common/audedit.cpp.o:(.sdata+0x4): first defined here
C:/Tools/mips-ps1/mips/bin/mipsel-none-elf-ld.exe: build/asm/data/sdata_8013C54C_o11.sdata.s.o: in function `AudioTrk_g':
(.sdata+0x0): multiple definition of `AudioTrk_g'; build/recon/game/common/audiotrk.cpp.o:(.sdata+0x0): first defined here
C:/Tools/mips-ps1/mips/bin/mipsel-none-elf-ld.exe: build/asm/data/sdata_8013C54C_o12.sdata.s.o: in function `GlobalSimQuad':
(.sdata+0x0): multiple definition of `GlobalSimQuad'; build/recon/game/common/bworldSm.cpp.o:(.sdata+0x0): first defined here
C:/Tools/mips-ps1/mips/bin/mipsel-none-elf-ld.exe: build/asm/data/sdata_8013C54C_o12.sdata.s.o: in function `BWorldSm_slices':
(.sdata+0x4): multiple definition of `BWorldSm_slices'; build/recon/game/common/bworldSm.cpp.o:(.sdata+0x4): first defined here
C:/Tools/mips-ps1/mips/bin/mipsel-none-elf-ld.exe: build/asm/data/sdata_8013C54C_o12.sdata.s.o: in function `sim_Handle':
(.sdata+0x8): multiple definition of `sim_Handle'; build/recon/game/common/bworldSm.cpp.o:(.sdata+0x8): first defined here
C:/Tools/mips-ps1/mips/bin/mipsel-none-elf-ld.exe: build/asm/data/sdata_8013C54C_o12.sdata.s.o: in function `gNumSlices':
(.sdata+0xc): multiple definition of `gNumSlices'; build/recon/game/common/bworldSm.cpp.o:(.sdata+0xc): first defined here
C:/Tools/mips-ps1/mips/bin/mipsel-none-elf-ld.exe: build/asm/data/sdata_8013C54C_o12.sdata.s.o: in function `sim_File':
(.sdata+0x10): multiple definition of `sim_File'; build/recon/game/common/bworldSm.cpp.o:(.sdata+0x10): first defined here
C:/Tools/mips-ps1/mips/bin/mipsel-none-elf-ld.exe: build/asm/data/sdata_8013C54C_o12.sdata.s.o: in function `sim_ItemPtr':
(.sdata+0x14): multiple definition of `sim_ItemPtr'; build/recon/game/common/bworldSm.cpp.o:(.sdata+0x14): first defined here
C:/Tools/mips-ps1/mips/bin/mipsel-none-elf-ld.exe: build/asm/data/sdata_8013C54C_o12.sdata.s.o: in function `gMaxFindQuadSliceIterations':
(.sdata+0x18): multiple definition of `gMaxFindQuadSliceIterations'; build/recon/game/common/bworldSm.cpp.o:(.sdata+0x18): first defined here
C:/Tools/mips-ps1/mips/bin/mipsel-none-elf-ld.exe: build/asm/data/sdata_8013C54C_o12.sdata.s.o: in function `BWSM_NormalCacheSysTime':
(.sdata+0x1c): multiple definition of `BWSM_NormalCacheSysTime'; build/recon/game/common/bworldSm.cpp.o:(.sdata+0x1c): first defined here
C:/Tools/mips-ps1/mips/bin/mipsel-none-elf-ld.exe: build/asm/data/sdata_8013C54C_o13.sdata.s.o: in function `Camera_gGeomScreen':
(.sdata+0x0): multiple definition of `Camera_gGeomScreen'; build/recon/game/common/camera.cpp.o:(.sdata+0x0): first defined here
C:/Tools/mips-ps1/mips/bin/mipsel-none-elf-ld.exe: build/asm/data/sdata_8013C54C_o14.sdata.s.o: in function `frontLimit':
(.sdata+0x4): multiple definition of `frontLimit'; build/recon/game/common/cars.cpp.o:(.sdata+0x4): first defined here
C:/Tools/mips-ps1/mips/bin/mipsel-none-elf-ld.exe: build/asm/data/sdata_8013C54C_o14.sdata.s.o: in function `rearLimit':
(.sdata+0x8): multiple definition of `rearLimit'; build/recon/game/common/cars.cpp.o:(.sdata+0x8): first defined here
C:/Tools/mips-ps1/mips/bin/mipsel-none-elf-ld.exe: build/asm/data/sdata_8013C54C_o14.sdata.s.o: in function `Cars_gNumCars':
(.sdata+0x14): multiple definition of `Cars_gNumCars'; build/recon/game/common/cars.cpp.o:(.sdata+0x14): first defined here
C:/Tools/mips-ps1/mips/bin/mipsel-none-elf-ld.exe: build/asm/data/sdata_8013C54C_o14.sdata.s.o: in function `Cars_gNumRaceCars':
(.sdata+0x18): multiple definition of `Cars_gNumRaceCars'; build/recon/game/common/cars.cpp.o:(.sdata+0x18): first defined here
C:/Tools/mips-ps1/mips/bin/mipsel-none-elf-ld.exe: build/asm/data/sdata_8013C54C_o14.sdata.s.o: in function `Cars_gNumAICars':
(.sdata+0x1c): multiple definition of `Cars_gNumAICars'; build/recon/game/common/cars.cpp.o:(.sdata+0x1c): first defined here
C:/Tools/mips-ps1/mips/bin/mipsel-none-elf-ld.exe: build/asm/data/sdata_8013C54C_o14.sdata.s.o: in function `Cars_gNumHumanRaceCars':
(.sdata+0x20): multiple definition of `Cars_gNumHumanRaceCars'; build/recon/game/common/cars.cpp.o:(.sdata+0x20): first defined here
C:/Tools/mips-ps1/mips/bin/mipsel-none-elf-ld.exe: build/asm/data/sdata_8013C54C_o14.sdata.s.o: in function `Cars_gNumAIRaceCars':
(.sdata+0x24): multiple definition of `Cars_gNumAIRaceCars'; build/recon/game/common/cars.cpp.o:(.sdata+0x24): first defined here
C:/Tools/mips-ps1/mips/bin/mipsel-none-elf-ld.exe: build/asm/data/sdata_8013C54C_o14.sdata.s.o: in function `Cars_gNumTrafficCars':
(.sdata+0x28): multiple definition of `Cars_gNumTrafficCars'; build/recon/game/common/cars.cpp.o:(.sdata+0x28): first defined here
C:/Tools/mips-ps1/mips/bin/mipsel-none-elf-ld.exe: build/asm/data/sdata_8013C54C_o14.sdata.s.o: in function `Cars_gNumCopCars':
(.sdata+0x2c): multiple definition of `Cars_gNumCopCars'; build/recon/game/common/cars.cpp.o:(.sdata+0x2c): first defined here
C:/Tools/mips-ps1/mips/bin/mipsel-none-elf-ld.exe: build/asm/data/sdata_8013C54C_o14.sdata.s.o: in function `Cars_gNumLifeBasisCars':
(.sdata+0x30): multiple definition of `Cars_gNumLifeBasisCars'; build/recon/game/common/cars.cpp.o:(.sdata+0x30): first defined here
C:/Tools/mips-ps1/mips/bin/mipsel-none-elf-ld.exe: build/asm/data/sdata_8013C54C_o14.sdata.s.o: in function `accidentSlice':
(.sdata+0x34): multiple definition of `accidentSlice'; build/recon/game/common/cars.cpp.o:(.sdata+0x34): first defined here
C:/Tools/mips-ps1/mips/bin/mipsel-none-elf-ld.exe: build/asm/data/sdata_8013C54C_o15.sdata.s.o: in function `Chunk_lightTable':
(.sdata+0x0): multiple definition of `Chunk_lightTable'; build/recon/game/common/chunk.cpp.o:(.sdata+0x0): first defined here
C:/Tools/mips-ps1/mips/bin/mipsel-none-elf-ld.exe: build/asm/data/sdata_8013C54C_o15.sdata.s.o: in function `Chunk_chunkCenters':
(.sdata+0x4): multiple definition of `Chunk_chunkCenters'; build/recon/game/common/chunk.cpp.o:(.sdata+0x4): first defined here
C:/Tools/mips-ps1/mips/bin/mipsel-none-elf-ld.exe: build/asm/data/sdata_8013C54C_o16.sdata.s.o: in function `stopClock':
(.sdata+0x4): multiple definition of `stopClock'; build/recon/game/common/clock.cpp.o:(.sdata+0x4): first defined here
C:/Tools/mips-ps1/mips/bin/mipsel-none-elf-ld.exe: build/asm/data/sdata_8013C54C_o16.sdata.s.o: in function `generic128HzClock':
(.sdata+0x8): multiple definition of `generic128HzClock'; build/recon/game/common/clock.cpp.o:(.sdata+0x8): first defined here
C:/Tools/mips-ps1/mips/bin/mipsel-none-elf-ld.exe: build/asm/data/sdata_8013C54C_o17.sdata.s.o: in function `fastRandom':
(.sdata+0x0): multiple definition of `fastRandom'; build/recon/game/common/fastrand.cpp.o:(.sdata+0x0): first defined here
C:/Tools/mips-ps1/mips/bin/mipsel-none-elf-ld.exe: build/asm/data/sdata_8013C54C_o17.sdata.s.o: in function `randtemp':
(.sdata+0x4): multiple definition of `randtemp'; build/recon/game/common/fastrand.cpp.o:(.sdata+0x4): first defined here
C:/Tools/mips-ps1/mips/bin/mipsel-none-elf-ld.exe: build/asm/data/sdata_8013C54C_o17.sdata.s.o: in function `randSeed':
(.sdata+0x8): multiple definition of `randSeed'; build/recon/game/common/fastrand.cpp.o:(.sdata+0x8): first defined here
C:/Tools/mips-ps1/mips/bin/mipsel-none-elf-ld.exe: build/asm/data/sdata_8013C54C_o17.sdata.s.o: in function `numRandCalls':
(.sdata+0xc): multiple definition of `numRandCalls'; build/recon/game/common/fastrand.cpp.o:(.sdata+0xc): first defined here
C:/Tools/mips-ps1/mips/bin/mipsel-none-elf-ld.exe: build/asm/data/sdata_8013C54C_o18.sdata.s.o: in function `gDPixmap':
(.sdata+0xd0): multiple definition of `gDPixmap'; build/recon/game/common/genericpmx.cpp.o:(.sdata+0xd0): first defined here
C:/Tools/mips-ps1/mips/bin/mipsel-none-elf-ld.exe: build/asm/data/sdata_8013C54C_o18.sdata.s.o: in function `gSpikeBeltPixmap':
(.sdata+0xd4): multiple definition of `gSpikeBeltPixmap'; build/recon/game/common/genericpmx.cpp.o:(.sdata+0xd4): first defined here
C:/Tools/mips-ps1/mips/bin/mipsel-none-elf-ld.exe: build/asm/data/sdata_8013C54C_o18.sdata.s.o: in function `gShadowPixmap':
(.sdata+0xd8): multiple definition of `gShadowPixmap'; build/recon/game/common/genericpmx.cpp.o:(.sdata+0xd8): first defined here
C:/Tools/mips-ps1/mips/bin/mipsel-none-elf-ld.exe: build/asm/data/sdata_8013C54C_o18.sdata.s.o: in function `gSkidMarkPixmap':
(.sdata+0xe0): multiple definition of `gSkidMarkPixmap'; build/recon/game/common/genericpmx.cpp.o:(.sdata+0xe0): first defined here
C:/Tools/mips-ps1/mips/bin/mipsel-none-elf-ld.exe: build/asm/data/sdata_8013C54C_o18.sdata.s.o: in function `gSMokePixmap':
(.sdata+0xe8): multiple definition of `gSMokePixmap'; build/recon/game/common/genericpmx.cpp.o:(.sdata+0xe8): first defined here
C:/Tools/mips-ps1/mips/bin/mipsel-none-elf-ld.exe: build/asm/data/sdata_8013C54C_o18.sdata.s.o: in function `gSMokePalette':
(.sdata+0xf0): multiple definition of `gSMokePalette'; build/recon/game/common/genericpmx.cpp.o:(.sdata+0xf0): first defined here
C:/Tools/mips-ps1/mips/bin/mipsel-none-elf-ld.exe: build/asm/data/sdata_8013C54C_o18.sdata.s.o: in function `gDirtPalette':
(.sdata+0xf4): multiple definition of `gDirtPalette'; build/recon/game/common/genericpmx.cpp.o:(.sdata+0xf4): first defined here
C:/Tools/mips-ps1/mips/bin/mipsel-none-elf-ld.exe: build/asm/data/sdata_8013C54C_o18.sdata.s.o: in function `gGravelPixmap':
(.sdata+0xf8): multiple definition of `gGravelPixmap'; build/recon/game/common/genericpmx.cpp.o:(.sdata+0xf8): first defined here
C:/Tools/mips-ps1/mips/bin/mipsel-none-elf-ld.exe: build/asm/data/sdata_8013C54C_o18.sdata.s.o: in function `gGravelPalette':
(.sdata+0x100): multiple definition of `gGravelPalette'; build/recon/game/common/genericpmx.cpp.o:(.sdata+0x100): first defined here
C:/Tools/mips-ps1/mips/bin/mipsel-none-elf-ld.exe: build/asm/data/sdata_8013C54C_o18.sdata.s.o: in function `gGrassPalette':
(.sdata+0x104): multiple definition of `gGrassPalette'; build/recon/game/common/genericpmx.cpp.o:(.sdata+0x104): first defined here
C:/Tools/mips-ps1/mips/bin/mipsel-none-elf-ld.exe: build/asm/data/sdata_8013C54C_o18.sdata.s.o: in function `gSnowPalette':
(.sdata+0x108): multiple definition of `gSnowPalette'; build/recon/game/common/genericpmx.cpp.o:(.sdata+0x108): first defined here
C:/Tools/mips-ps1/mips/bin/mipsel-none-elf-ld.exe: build/asm/data/sdata_8013C54C_o18.sdata.s.o: in function `gLeafPixmap':
(.sdata+0x10c): multiple definition of `gLeafPixmap'; build/recon/game/common/genericpmx.cpp.o:(.sdata+0x10c): first defined here
C:/Tools/mips-ps1/mips/bin/mipsel-none-elf-ld.exe: build/asm/data/sdata_8013C54C_o18.sdata.s.o: in function `gDamagePixmap':
(.sdata+0x110): multiple definition of `gDamagePixmap'; build/recon/game/common/genericpmx.cpp.o:(.sdata+0x110): first defined here
C:/Tools/mips-ps1/mips/bin/mipsel-none-elf-ld.exe: build/asm/data/sdata_8013C54C_o19.sdata.s.o: in function `Input_gTime':
(.sdata+0x0): multiple definition of `Input_gTime'; build/recon/game/common/input.cpp.o:(.sdata+0x0): first defined here
C:/Tools/mips-ps1/mips/bin/mipsel-none-elf-ld.exe: build/asm/data/sdata_8013C54C_o19.sdata.s.o: in function `Input_gResults':
(.sdata+0x4): multiple definition of `Input_gResults'; build/recon/game/common/input.cpp.o:(.sdata+0x4): first defined here
C:/Tools/mips-ps1/mips/bin/mipsel-none-elf-ld.exe: build/asm/data/sdata_8013C54C_o19.sdata.s.o: in function `Input_gSim':
(.sdata+0xc): multiple definition of `Input_gSim'; build/recon/game/common/input.cpp.o:(.sdata+0xc): first defined here
C:/Tools/mips-ps1/mips/bin/mipsel-none-elf-ld.exe: build/asm/data/sdata_8013C54C_o19.sdata.s.o: in function `Input_gLookBehind':
(.sdata+0x10): multiple definition of `Input_gLookBehind'; build/recon/game/common/input.cpp.o:(.sdata+0x10): first defined here
C:/Tools/mips-ps1/mips/bin/mipsel-none-elf-ld.exe: build/asm/data/sdata_8013C54C_o19.sdata.s.o: in function `Input_gMode':
(.sdata+0x18): multiple definition of `Input_gMode'; build/recon/game/common/input.cpp.o:(.sdata+0x18): first defined here
C:/Tools/mips-ps1/mips/bin/mipsel-none-elf-ld.exe: build/asm/data/sdata_8013C54C_o20.sdata.s.o: in function `Paths_File':
(.sdata+0x0): multiple definition of `Paths_File'; build/recon/game/common/paths.cpp.o:(.sdata+0x0): first defined here
C:/Tools/mips-ps1/mips/bin/mipsel-none-elf-ld.exe: build/asm/data/sdata_8013C54C_o21.sdata.s.o: in function `gBrakeRatio':
(.sdata+0x0): multiple definition of `gBrakeRatio'; build/recon/game/common/physics.cpp.o:(.sdata+0x0): first defined here
C:/Tools/mips-ps1/mips/bin/mipsel-none-elf-ld.exe: build/asm/data/sdata_8013C54C_o21.sdata.s.o: in function `gGasRatio':
(.sdata+0x4): multiple definition of `gGasRatio'; build/recon/game/common/physics.cpp.o:(.sdata+0x4): first defined here
C:/Tools/mips-ps1/mips/bin/mipsel-none-elf-ld.exe: build/asm/data/sdata_8013C54C_o21.sdata.s.o: in function `gSteerRatio':
(.sdata+0x8): multiple definition of `gSteerRatio'; build/recon/game/common/physics.cpp.o:(.sdata+0x8): first defined here
C:/Tools/mips-ps1/mips/bin/mipsel-none-elf-ld.exe: build/asm/data/sdata_8013C54C_o21.sdata.s.o: in function `exceedRedline':
(.sdata+0x10): multiple definition of `exceedRedline'; build/recon/game/common/physics.cpp.o:(.sdata+0x10): first defined here
C:/Tools/mips-ps1/mips/bin/mipsel-none-elf-ld.exe: build/asm/data/sdata_8013C54C_o21.sdata.s.o: in function `roadMult':
(.sdata+0x14): multiple definition of `roadMult'; build/recon/game/common/physics.cpp.o:(.sdata+0x14): first defined here
C:/Tools/mips-ps1/mips/bin/mipsel-none-elf-ld.exe: build/asm/data/sdata_8013C54C_o21.sdata.s.o: in function `frontMult':
(.sdata+0x18): multiple definition of `frontMult'; build/recon/game/common/physics.cpp.o:(.sdata+0x18): first defined here
C:/Tools/mips-ps1/mips/bin/mipsel-none-elf-ld.exe: build/asm/data/sdata_8013C54C_o21.sdata.s.o: in function `rearMult':
(.sdata+0x1c): multiple definition of `rearMult'; build/recon/game/common/physics.cpp.o:(.sdata+0x1c): first defined here
C:/Tools/mips-ps1/mips/bin/mipsel-none-elf-ld.exe: build/asm/data/sdata_8013C54C_o21.sdata.s.o: in function `leftMult':
(.sdata+0x20): multiple definition of `leftMult'; build/recon/game/common/physics.cpp.o:(.sdata+0x20): first defined here
C:/Tools/mips-ps1/mips/bin/mipsel-none-elf-ld.exe: build/asm/data/sdata_8013C54C_o21.sdata.s.o: in function `rightMult':
(.sdata+0x24): multiple definition of `rightMult'; build/recon/game/common/physics.cpp.o:(.sdata+0x24): first defined here
C:/Tools/mips-ps1/mips/bin/mipsel-none-elf-ld.exe: build/asm/data/sdata_8013C54C_o21.sdata.s.o: in function `slippery':
(.sdata+0x28): multiple definition of `slippery'; build/recon/game/common/physics.cpp.o:(.sdata+0x28): first defined here
C:/Tools/mips-ps1/mips/bin/mipsel-none-elf-ld.exe: build/asm/data/sdata_8013C54C_o21.sdata.s.o: in function `steeringControl':
(.sdata+0x2c): multiple definition of `steeringControl'; build/recon/game/common/physics.cpp.o:(.sdata+0x2c): first defined here
C:/Tools/mips-ps1/mips/bin/mipsel-none-elf-ld.exe: build/asm/data/sdata_8013C54C_o21.sdata.s.o: in function `powerControl':
(.sdata+0x30): multiple definition of `powerControl'; build/recon/game/common/physics.cpp.o:(.sdata+0x30): first defined here
C:/Tools/mips-ps1/mips/bin/mipsel-none-elf-ld.exe: build/asm/data/sdata_8013C54C_o22.sdata.s.o: in function `gGameSceneList':
(.sdata+0x0): multiple definition of `gGameSceneList'; build/recon/game/common/scene.cpp.o:(.sdata+0x0): first defined here
C:/Tools/mips-ps1/mips/bin/mipsel-none-elf-ld.exe: build/asm/data/sdata_8013C54C_o23.sdata.s.o: in function `gISouffle':
(.sdata+0x0): multiple definition of `gISouffle'; build/recon/game/common/souffle.cpp.o:(.sdata+0x0): first defined here
C:/Tools/mips-ps1/mips/bin/mipsel-none-elf-ld.exe: build/asm/data/sdata_8013C54C_o23.sdata.s.o: in function `gCISouffle':
(.sdata+0x4): multiple definition of `gCISouffle'; build/recon/game/common/souffle.cpp.o:(.sdata+0x4): first defined here
C:/Tools/mips-ps1/mips/bin/mipsel-none-elf-ld.exe: build/asm/data/sdata_8013C54C_o23.sdata.s.o: in function `gTMoveSouffle':
(.sdata+0x8): multiple definition of `gTMoveSouffle'; build/recon/game/common/souffle.cpp.o:(.sdata+0x8): first defined here
C:/Tools/mips-ps1/mips/bin/mipsel-none-elf-ld.exe: build/asm/data/sdata_8013C54C_o23.sdata.s.o: in function `gWindDir':
(.sdata+0xc): multiple definition of `gWindDir'; build/recon/game/common/souffle.cpp.o:(.sdata+0xc): first defined here
C:/Tools/mips-ps1/mips/bin/mipsel-none-elf-ld.exe: build/asm/data/sdata_8013C54C_o24.sdata.s.o: in function `gTAddCarWheelDelay':
(.sdata+0x0): multiple definition of `gTAddCarWheelDelay'; build/recon/game/common/trgsfx.cpp.o:(.sdata+0x0): first defined here
C:/Tools/mips-ps1/mips/bin/mipsel-none-elf-ld.exe: build/asm/data/sdata_8013C54C_o24.sdata.s.o: in function `gTAddCSmoke':
(.sdata+0x4): multiple definition of `gTAddCSmoke'; build/recon/game/common/trgsfx.cpp.o:(.sdata+0x4): first defined here
C:/Tools/mips-ps1/mips/bin/mipsel-none-elf-ld.exe: build/asm/data/sdata_8013C54C_o25.sdata.s.o: in function `grabValue':
(.sdata+0x0): multiple definition of `grabValue'; build/recon/game/common/aidebug.cpp.o:(.sdata+0x0): first defined here
C:/Tools/mips-ps1/mips/bin/mipsel-none-elf-ld.exe: build/asm/data/sdata_8013C54C_o26.sdata.s.o: in function `Audio_direct3davail':
(.sdata+0x0): multiple definition of `Audio_direct3davail'; build/recon/game/psx/audio.cpp.o:(.sdata+0x0): first defined here
C:/Tools/mips-ps1/mips/bin/mipsel-none-elf-ld.exe: build/asm/data/sdata_8013C54C_o26.sdata.s.o: in function `Audio_gHeap':
(.sdata+0x4): multiple definition of `Audio_gHeap'; build/recon/game/psx/audio.cpp.o:(.sdata+0x4): first defined here
C:/Tools/mips-ps1/mips/bin/mipsel-none-elf-ld.exe: build/asm/data/sdata_8013C54C_o27.sdata.s.o: in function `gSavePtr':
(.sdata+0x0): multiple definition of `gSavePtr'; build/recon/game/psx/drawdbg.cpp.o:(.sdata+0x0): first defined here
C:/Tools/mips-ps1/mips/bin/mipsel-none-elf-ld.exe: build/asm/data/sdata_8013C54C_o28.sdata.s.o: in function `Force_gActAlign':
(.sdata+0x0): multiple definition of `Force_gActAlign'; build/recon/game/psx/force.cpp.o:(.sdata+0x0): first defined here
C:/Tools/mips-ps1/mips/bin/mipsel-none-elf-ld.exe: build/asm/data/sdata_8013C54C_o28.sdata.s.o: in function `Force_gOffAlign':
(.sdata+0x8): multiple definition of `Force_gOffAlign'; build/recon/game/psx/force.cpp.o:(.sdata+0x8): first defined here
C:/Tools/mips-ps1/mips/bin/mipsel-none-elf-ld.exe: build/asm/data/sdata_8013C54C_o28.sdata.s.o: in function `Force_gTick':
(.sdata+0xe): multiple definition of `Force_gTick'
C:/Tools/mips-ps1/mips/bin/mipsel-none-elf-ld.exe: build/asm/data/sdata_8013C54C_o28.sdata.s.o: in function `Force_gVblHandle':
(.sdata+0x10): multiple definition of `Force_gVblHandle'; build/recon/game/psx/force.cpp.o:(.sdata+0x10): first defined here
C:/Tools/mips-ps1/mips/bin/mipsel-none-elf-ld.exe: build/asm/data/sdata_8013C54C_o29.sdata.s.o: in function `gfrgb':
(.sdata+0x0): multiple definition of `gfrgb'; build/recon/game/psx/flare.cpp.o:(.sdata+0x0): first defined here
C:/Tools/mips-ps1/mips/bin/mipsel-none-elf-ld.exe: build/asm/data/sdata_8013C54C_o29.sdata.s.o: in function `gfrgb2':
(.sdata+0x4): multiple definition of `gfrgb2'; build/recon/game/psx/flare.cpp.o:(.sdata+0x4): first defined here
C:/Tools/mips-ps1/mips/bin/mipsel-none-elf-ld.exe: build/asm/data/sdata_8013C54C_o29.sdata.s.o: in function `gscale':
(.sdata+0x8): multiple definition of `gscale'; build/recon/game/psx/flare.cpp.o:(.sdata+0x8): first defined here
C:/Tools/mips-ps1/mips/bin/mipsel-none-elf-ld.exe: build/asm/data/sdata_8013C54C_o30.sdata.s.o: in function `Texture_CarColor':
(.sdata+0x0): multiple definition of `Texture_CarColor'; build/recon/game/psx/texture.cpp.o:(.sdata+0x0): first defined here
C:/Tools/mips-ps1/mips/bin/mipsel-none-elf-ld.exe: build/asm/data/sdata_8013C54C_o30.sdata.s.o: in function `Texture_palCopy':
(.sdata+0x4): multiple definition of `Texture_palCopy'; build/recon/game/psx/texture.cpp.o:(.sdata+0x4): first defined here
C:/Tools/mips-ps1/mips/bin/mipsel-none-elf-ld.exe: build/asm/data/sdata_8013C54C_o30.sdata.s.o: in function `Texture_palNum':
(.sdata+0x8): multiple definition of `Texture_palNum'; build/recon/game/psx/texture.cpp.o:(.sdata+0x8): first defined here
C:/Tools/mips-ps1/mips/bin/mipsel-none-elf-ld.exe: build/asm/data/sdata_8013C54C_o30.sdata.s.o: in function `Texture_gNum4bitPal':
(.sdata+0xc): multiple definition of `Texture_gNum4bitPal'; build/recon/game/psx/texture.cpp.o:(.sdata+0xc): first defined here
C:/Tools/mips-ps1/mips/bin/mipsel-none-elf-ld.exe: build/asm/data/sdata_8013C54C_o30.sdata.s.o: in function `Texture_gNum8bitPal':
(.sdata+0x10): multiple definition of `Texture_gNum8bitPal'; build/recon/game/psx/texture.cpp.o:(.sdata+0x10): first defined here
C:/Tools/mips-ps1/mips/bin/mipsel-none-elf-ld.exe: build/asm/data/sdata_8013C54C_o30.sdata.s.o: in function `Texture_gP4bitPmx':
(.sdata+0x14): multiple definition of `Texture_gP4bitPmx'; build/recon/game/psx/texture.cpp.o:(.sdata+0x14): first defined here
C:/Tools/mips-ps1/mips/bin/mipsel-none-elf-ld.exe: build/asm/data/sdata_8013C54C_o30.sdata.s.o: in function `Texture_gP8bitPmx':
(.sdata+0x18): multiple definition of `Texture_gP8bitPmx'; build/recon/game/psx/texture.cpp.o:(.sdata+0x18): first defined here
C:/Tools/mips-ps1/mips/bin/mipsel-none-elf-ld.exe: build/asm/data/sdata_8013C54C_o30.sdata.s.o: in function `Texture_gPalette4bit':
(.sdata+0x1c): multiple definition of `Texture_gPalette4bit'; build/recon/game/psx/texture.cpp.o:(.sdata+0x1c): first defined here
C:/Tools/mips-ps1/mips/bin/mipsel-none-elf-ld.exe: build/asm/data/sdata_8013C54C_o30.sdata.s.o: in function `Texture_gPalette8bit':
(.sdata+0x20): multiple definition of `Texture_gPalette8bit'; build/recon/game/psx/texture.cpp.o:(.sdata+0x20): first defined here
C:/Tools/mips-ps1/mips/bin/mipsel-none-elf-ld.exe: build/asm/data/sdata_8013C54C_o30.sdata.s.o: in function `gFreePal4':
(.sdata+0x24): multiple definition of `gFreePal4'; build/recon/game/psx/texture.cpp.o:(.sdata+0x24): first defined here
C:/Tools/mips-ps1/mips/bin/mipsel-none-elf-ld.exe: build/asm/data/sdata_8013C54C_o30.sdata.s.o: in function `gNbFreePal4':
(.sdata+0x28): multiple definition of `gNbFreePal4'; build/recon/game/psx/texture.cpp.o:(.sdata+0x28): first defined here
C:/Tools/mips-ps1/mips/bin/mipsel-none-elf-ld.exe: build/asm/data/sdata_8013C54C_o30.sdata.s.o: in function `gFreePal8':
(.sdata+0x2c): multiple definition of `gFreePal8'; build/recon/game/psx/texture.cpp.o:(.sdata+0x2c): first defined here
C:/Tools/mips-ps1/mips/bin/mipsel-none-elf-ld.exe: build/asm/data/sdata_8013C54C_o30.sdata.s.o: in function `gNbFreePal8':
(.sdata+0x30): multiple definition of `gNbFreePal8'; build/recon/game/psx/texture.cpp.o:(.sdata+0x30): first defined here
C:/Tools/mips-ps1/mips/bin/mipsel-none-elf-ld.exe: build/asm/data/sdata_8013C54C_o31.sdata.s.o: in function `TrackSpec_gPrevSpec':
(.sdata+0x0): multiple definition of `TrackSpec_gPrevSpec'; build/recon/game/psx/trackspec.cpp.o:(.sdata+0x0): first defined here
C:/Tools/mips-ps1/mips/bin/mipsel-none-elf-ld.exe: build/asm/data/sdata_8013C54C_o31.sdata.s.o: in function `TrackSpec_gCurrentSpec':
(.sdata+0x4): multiple definition of `TrackSpec_gCurrentSpec'; build/recon/game/psx/trackspec.cpp.o:(.sdata+0x4): first defined here
C:/Tools/mips-ps1/mips/bin/mipsel-none-elf-ld.exe: build/asm/data/sdata_8013C54C_o31.sdata.s.o: in function `TrackSpec_gMaxSpec':
(.sdata+0x8): multiple definition of `TrackSpec_gMaxSpec'; build/recon/game/psx/trackspec.cpp.o:(.sdata+0x8): first defined here
C:/Tools/mips-ps1/mips/bin/mipsel-none-elf-ld.exe: build/asm/data/sdata_8013C54C_o32.sdata.s.o: in function `TrsProj_precision':
(.sdata+0x0): multiple definition of `TrsProj_precision'; build/recon/game/psx/trsproj.cpp.o:(.sdata+0x0): first defined here
C:/Tools/mips-ps1/mips/bin/mipsel-none-elf-ld.exe: build/asm/data/rdata_80010000.rodata.s.o: in function `jtbl_80010078':
(.rodata+0x78): undefined reference to `.L80014C3C'
C:/Tools/mips-ps1/mips/bin/mipsel-none-elf-ld.exe: (.rodata+0x7c): undefined reference to `.L80014C94'
C:/Tools/mips-ps1/mips/bin/mipsel-none-elf-ld.exe: (.rodata+0x80): undefined reference to `.L80014CD4'
C:/Tools/mips-ps1/mips/bin/mipsel-none-elf-ld.exe: (.rodata+0x84): undefined reference to `.L80014D64'
C:/Tools/mips-ps1/mips/bin/mipsel-none-elf-ld.exe: (.rodata+0x88): undefined reference to `.L80015274'
C:/Tools/mips-ps1/mips/bin/mipsel-none-elf-ld.exe: (.rodata+0x8c): undefined reference to `.L800150D0'
C:/Tools/mips-ps1/mips/bin/mipsel-none-elf-ld.exe: (.rodata+0x90): undefined reference to `.L80015274'
C:/Tools/mips-ps1/mips/bin/mipsel-none-elf-ld.exe: (.rodata+0x94): undefined reference to `.L8001537C'
C:/Tools/mips-ps1/mips/bin/mipsel-none-elf-ld.exe: build/asm/data/rdata_80010000.rodata.s.o: in function `jtbl_80010258':
(.rodata+0x258): undefined reference to `.L80019E10'
C:/Tools/mips-ps1/mips/bin/mipsel-none-elf-ld.exe: (.rodata+0x25c): undefined reference to `.L80019E10'
C:/Tools/mips-ps1/mips/bin/mipsel-none-elf-ld.exe: (.rodata+0x260): undefined reference to `.L80019E14'
C:/Tools/mips-ps1/mips/bin/mipsel-none-elf-ld.exe: (.rodata+0x264): undefined reference to `.L80019E14'
C:/Tools/mips-ps1/mips/bin/mipsel-none-elf-ld.exe: (.rodata+0x268): undefined reference to `.L80019E14'
C:/Tools/mips-ps1/mips/bin/mipsel-none-elf-ld.exe: (.rodata+0x26c): undefined reference to `.L80019E10'
C:/Tools/mips-ps1/mips/bin/mipsel-none-elf-ld.exe: (.rodata+0x270): undefined reference to `.L80019E14'
C:/Tools/mips-ps1/mips/bin/mipsel-none-elf-ld.exe: (.rodata+0x274): undefined reference to `.L80019E14'
C:/Tools/mips-ps1/mips/bin/mipsel-none-elf-ld.exe: (.rodata+0x278): undefined reference to `.L80019E10'
C:/Tools/mips-ps1/mips/bin/mipsel-none-elf-ld.exe: (.rodata+0x27c): undefined reference to `.L80019E10'
C:/Tools/mips-ps1/mips/bin/mipsel-none-elf-ld.exe: (.rodata+0x280): undefined reference to `.L80019E14'
C:/Tools/mips-ps1/mips/bin/mipsel-none-elf-ld.exe: (.rodata+0x284): undefined reference to `.L80019E14'
C:/Tools/mips-ps1/mips/bin/mipsel-none-elf-ld.exe: (.rodata+0x288): undefined reference to `.L80019E14'
C:/Tools/mips-ps1/mips/bin/mipsel-none-elf-ld.exe: (.rodata+0x28c): undefined reference to `.L80019E14'
C:/Tools/mips-ps1/mips/bin/mipsel-none-elf-ld.exe: (.rodata+0x290): undefined reference to `.L80019E10'
C:/Tools/mips-ps1/mips/bin/mipsel-none-elf-ld.exe: (.rodata+0x294): undefined reference to `.L80019E14'
C:/Tools/mips-ps1/mips/bin/mipsel-none-elf-ld.exe: (.rodata+0x298): undefined reference to `.L80019E14'
C:/Tools/mips-ps1/mips/bin/mipsel-none-elf-ld.exe: (.rodata+0x29c): undefined reference to `.L80019E10'
C:/Tools/mips-ps1/mips/bin/mipsel-none-elf-ld.exe: (.rodata+0x2a0): undefined reference to `.L80019E14'
C:/Tools/mips-ps1/mips/bin/mipsel-none-elf-ld.exe: (.rodata+0x2a4): undefined reference to `.L80019E14'
C:/Tools/mips-ps1/mips/bin/mipsel-none-elf-ld.exe: (.rodata+0x2a8): undefined reference to `.L80019E14'
C:/Tools/mips-ps1/mips/bin/mipsel-none-elf-ld.exe: (.rodata+0x2ac): undefined reference to `.L80019E10'
C:/Tools/mips-ps1/mips/bin/mipsel-none-elf-ld.exe: build/asm/data/rdata_80010000.rodata.s.o: in function `jtbl_80010990':
(.rodata+0x990): undefined reference to `.L80020148'
C:/Tools/mips-ps1/mips/bin/mipsel-none-elf-ld.exe: (.rodata+0x994): undefined reference to `.L80020174'
C:/Tools/mips-ps1/mips/bin/mipsel-none-elf-ld.exe: (.rodata+0x998): undefined reference to `.L80020174'
C:/Tools/mips-ps1/mips/bin/mipsel-none-elf-ld.exe: (.rodata+0x99c): undefined reference to `.L80020120'
C:/Tools/mips-ps1/mips/bin/mipsel-none-elf-ld.exe: (.rodata+0x9a0): undefined reference to `.L80020170'
C:/Tools/mips-ps1/mips/bin/mipsel-none-elf-ld.exe: (.rodata+0x9a4): undefined reference to `.L80020174'
C:/Tools/mips-ps1/mips/bin/mipsel-none-elf-ld.exe: (.rodata+0x9a8): undefined reference to `.L80020174'
C:/Tools/mips-ps1/mips/bin/mipsel-none-elf-ld.exe: (.rodata+0x9ac): undefined reference to `.L80020140'
C:/Tools/mips-ps1/mips/bin/mipsel-none-elf-ld.exe: (.rodata+0x9b0): undefined reference to `.L80020138'
C:/Tools/mips-ps1/mips/bin/mipsel-none-elf-ld.exe: (.rodata+0x9b4): undefined reference to `.L80020174'
C:/Tools/mips-ps1/mips/bin/mipsel-none-elf-ld.exe: (.rodata+0x9b8): undefined reference to `.L80020174'
C:/Tools/mips-ps1/mips/bin/mipsel-none-elf-ld.exe: (.rodata+0x9bc): undefined reference to `.L80020174'
C:/Tools/mips-ps1/mips/bin/mipsel-none-elf-ld.exe: (.rodata+0x9c0): undefined reference to `.L80020150'
C:/Tools/mips-ps1/mips/bin/mipsel-none-elf-ld.exe: (.rodata+0x9c4): undefined reference to `.L80020174'
C:/Tools/mips-ps1/mips/bin/mipsel-none-elf-ld.exe: (.rodata+0x9c8): undefined reference to `.L80020174'
C:/Tools/mips-ps1/mips/bin/mipsel-none-elf-ld.exe: (.rodata+0x9cc): undefined reference to `.L80020174'
C:/Tools/mips-ps1/mips/bin/mipsel-none-elf-ld.exe: (.rodata+0x9d0): undefined reference to `.L80020168'
C:/Tools/mips-ps1/mips/bin/mipsel-none-elf-ld.exe: (.rodata+0x9d4): undefined reference to `.L80020174'
C:/Tools/mips-ps1/mips/bin/mipsel-none-elf-ld.exe: (.rodata+0x9d8): undefined reference to `.L80020158'
C:/Tools/mips-ps1/mips/bin/mipsel-none-elf-ld.exe: (.rodata+0x9dc): undefined reference to `.L80020174'
C:/Tools/mips-ps1/mips/bin/mipsel-none-elf-ld.exe: (.rodata+0x9e0): undefined reference to `.L80020174'
C:/Tools/mips-ps1/mips/bin/mipsel-none-elf-ld.exe: (.rodata+0x9e4): undefined reference to `.L80020128'
C:/Tools/mips-ps1/mips/bin/mipsel-none-elf-ld.exe: (.rodata+0x9e8): undefined reference to `.L80020174'
C:/Tools/mips-ps1/mips/bin/mipsel-none-elf-ld.exe: (.rodata+0x9ec): undefined reference to `.L80020174'
C:/Tools/mips-ps1/mips/bin/mipsel-none-elf-ld.exe: (.rodata+0x9f0): undefined reference to `.L80020174'
C:/Tools/mips-ps1/mips/bin/mipsel-none-elf-ld.exe: (.rodata+0x9f4): undefined reference to `.L80020160'
C:/Tools/mips-ps1/mips/bin/mipsel-none-elf-ld.exe: (.rodata+0x9f8): undefined reference to `.L80020174'
C:/Tools/mips-ps1/mips/bin/mipsel-none-elf-ld.exe: (.rodata+0x9fc): undefined reference to `.L80020130'
C:/Tools/mips-ps1/mips/bin/mipsel-none-elf-ld.exe: build/asm/data/rdata_80010000.rodata.s.o: in function `jtbl_80011028':
(.rodata+0x1028): undefined reference to `.L8002327C'
C:/Tools/mips-ps1/mips/bin/mipsel-none-elf-ld.exe: (.rodata+0x102c): undefined reference to `.L8002327C'
C:/Tools/mips-ps1/mips/bin/mipsel-none-elf-ld.exe: (.rodata+0x1030): undefined reference to `.L8002327C'
C:/Tools/mips-ps1/mips/bin/mipsel-none-elf-ld.exe: (.rodata+0x1034): undefined reference to `.L8002327C'
C:/Tools/mips-ps1/mips/bin/mipsel-none-elf-ld.exe: (.rodata+0x1038): undefined reference to `.L8002327C'
C:/Tools/mips-ps1/mips/bin/mipsel-none-elf-ld.exe: build/asm/data/rdata_80010000.rodata.s.o:(.rodata+0x103c): more undefined references to `.L8002327C' follow
C:/Tools/mips-ps1/mips/bin/mipsel-none-elf-ld.exe: build/asm/data/rdata_80010000.rodata.s.o: in function `jtbl_80011028':
(.rodata+0x1048): undefined reference to `.L800233FC'
C:/Tools/mips-ps1/mips/bin/mipsel-none-elf-ld.exe: (.rodata+0x104c): undefined reference to `.L800233FC'
C:/Tools/mips-ps1/mips/bin/mipsel-none-elf-ld.exe: (.rodata+0x1050): undefined reference to `.L800233FC'
C:/Tools/mips-ps1/mips/bin/mipsel-none-elf-ld.exe: (.rodata+0x1054): undefined reference to `.L80023294'
C:/Tools/mips-ps1/mips/bin/mipsel-none-elf-ld.exe: (.rodata+0x1058): undefined reference to `.L800233FC'
C:/Tools/mips-ps1/mips/bin/mipsel-none-elf-ld.exe: (.rodata+0x105c): undefined reference to `.L800232C8'
C:/Tools/mips-ps1/mips/bin/mipsel-none-elf-ld.exe: (.rodata+0x1060): undefined reference to `.L80023328'
C:/Tools/mips-ps1/mips/bin/mipsel-none-elf-ld.exe: (.rodata+0x1064): undefined reference to `.L800233FC'
C:/Tools/mips-ps1/mips/bin/mipsel-none-elf-ld.exe: (.rodata+0x1068): undefined reference to `.L800233FC'
C:/Tools/mips-ps1/mips/bin/mipsel-none-elf-ld.exe: (.rodata+0x106c): undefined reference to `.L800233FC'
C:/Tools/mips-ps1/mips/bin/mipsel-none-elf-ld.exe: (.rodata+0x1070): undefined reference to `.L800233FC'
C:/Tools/mips-ps1/mips/bin/mipsel-none-elf-ld.exe: (.rodata+0x1074): undefined reference to `.L8002337C'
C:/Tools/mips-ps1/mips/bin/mipsel-none-elf-ld.exe: (.rodata+0x1078): undefined reference to `.L80023364'
C:/Tools/mips-ps1/mips/bin/mipsel-none-elf-ld.exe: (.rodata+0x107c): undefined reference to `.L800233FC'
C:/Tools/mips-ps1/mips/bin/mipsel-none-elf-ld.exe: (.rodata+0x1080): undefined reference to `.L80023328'
C:/Tools/mips-ps1/mips/bin/mipsel-none-elf-ld.exe: (.rodata+0x1084): undefined reference to `.L80023344'
C:/Tools/mips-ps1/mips/bin/mipsel-none-elf-ld.exe: (.rodata+0x1088): undefined reference to `.L800233FC'
C:/Tools/mips-ps1/mips/bin/mipsel-none-elf-ld.exe: (.rodata+0x108c): undefined reference to `.L800233FC'
C:/Tools/mips-ps1/mips/bin/mipsel-none-elf-ld.exe: (.rodata+0x1090): undefined reference to `.L800233FC'
C:/Tools/mips-ps1/mips/bin/mipsel-none-elf-ld.exe: (.rodata+0x1094): undefined reference to `.L800233CC'
C:/Tools/mips-ps1/mips/bin/mipsel-none-elf-ld.exe: (.rodata+0x1098): undefined reference to `.L800233CC'
C:/Tools/mips-ps1/mips/bin/mipsel-none-elf-ld.exe: (.rodata+0x109c): undefined reference to `.L800233CC'
C:/Tools/mips-ps1/mips/bin/mipsel-none-elf-ld.exe: (.rodata+0x10a0): undefined reference to `.L800233CC'
C:/Tools/mips-ps1/mips/bin/mipsel-none-elf-ld.exe: build/asm/data/rdata_80010000.rodata.s.o: in function `jtbl_800116F8':
(.rodata+0x16f8): undefined reference to `.L80034CBC'
C:/Tools/mips-ps1/mips/bin/mipsel-none-elf-ld.exe: (.rodata+0x16fc): undefined reference to `.L80034CBC'
C:/Tools/mips-ps1/mips/bin/mipsel-none-elf-ld.exe: (.rodata+0x1700): undefined reference to `.L80034C3C'
C:/Tools/mips-ps1/mips/bin/mipsel-none-elf-ld.exe: (.rodata+0x1704): undefined reference to `.L80034C3C'
C:/Tools/mips-ps1/mips/bin/mipsel-none-elf-ld.exe: (.rodata+0x1708): undefined reference to `.L80034C3C'
C:/Tools/mips-ps1/mips/bin/mipsel-none-elf-ld.exe: (.rodata+0x170c): undefined reference to `.L80034CBC'
C:/Tools/mips-ps1/mips/bin/mipsel-none-elf-ld.exe: (.rodata+0x1710): undefined reference to `.L80034C3C'
C:/Tools/mips-ps1/mips/bin/mipsel-none-elf-ld.exe: (.rodata+0x1714): undefined reference to `.L80034C3C'
C:/Tools/mips-ps1/mips/bin/mipsel-none-elf-ld.exe: (.rodata+0x1718): undefined reference to `.L80034CBC'
C:/Tools/mips-ps1/mips/bin/mipsel-none-elf-ld.exe: (.rodata+0x171c): undefined reference to `.L80034CBC'
C:/Tools/mips-ps1/mips/bin/mipsel-none-elf-ld.exe: (.rodata+0x1720): undefined reference to `.L80034CAC'
C:/Tools/mips-ps1/mips/bin/mipsel-none-elf-ld.exe: (.rodata+0x1724): undefined reference to `.L80034CBC'
C:/Tools/mips-ps1/mips/bin/mipsel-none-elf-ld.exe: (.rodata+0x1728): undefined reference to `.L80034C3C'
C:/Tools/mips-ps1/mips/bin/mipsel-none-elf-ld.exe: (.rodata+0x172c): undefined reference to `.L80034C3C'
C:/Tools/mips-ps1/mips/bin/mipsel-none-elf-ld.exe: (.rodata+0x1730): undefined reference to `.L80034C3C'
C:/Tools/mips-ps1/mips/bin/mipsel-none-elf-ld.exe: (.rodata+0x1734): undefined reference to `.L80034C3C'
C:/Tools/mips-ps1/mips/bin/mipsel-none-elf-ld.exe: (.rodata+0x1738): undefined reference to `.L80034C3C'
C:/Tools/mips-ps1/mips/bin/mipsel-none-elf-ld.exe: build/asm/data/rdata_80010000.rodata.s.o:(.rodata+0x173c): more undefined references to `.L80034C3C' follow
C:/Tools/mips-ps1/mips/bin/mipsel-none-elf-ld.exe: build/asm/data/rdata_80010000.rodata.s.o: in function `jtbl_800116F8':
(.rodata+0x1748): undefined reference to `.L80034C8C'
C:/Tools/mips-ps1/mips/bin/mipsel-none-elf-ld.exe: (.rodata+0x174c): undefined reference to `.L80034CBC'
C:/Tools/mips-ps1/mips/bin/mipsel-none-elf-ld.exe: build/asm/data/rdata_80010000.rodata.s.o: in function `jtbl_80011750':
(.rodata+0x1750): undefined reference to `.L800351DC'
C:/Tools/mips-ps1/mips/bin/mipsel-none-elf-ld.exe: (.rodata+0x1754): undefined reference to `.L800351DC'
C:/Tools/mips-ps1/mips/bin/mipsel-none-elf-ld.exe: (.rodata+0x1758): undefined reference to `.L8003500C'
C:/Tools/mips-ps1/mips/bin/mipsel-none-elf-ld.exe: (.rodata+0x175c): undefined reference to `.L8003500C'
C:/Tools/mips-ps1/mips/bin/mipsel-none-elf-ld.exe: (.rodata+0x1760): undefined reference to `.L8003500C'
C:/Tools/mips-ps1/mips/bin/mipsel-none-elf-ld.exe: (.rodata+0x1764): undefined reference to `.L800351DC'
C:/Tools/mips-ps1/mips/bin/mipsel-none-elf-ld.exe: (.rodata+0x1768): undefined reference to `.L8003500C'
C:/Tools/mips-ps1/mips/bin/mipsel-none-elf-ld.exe: (.rodata+0x176c): undefined reference to `.L8003500C'
C:/Tools/mips-ps1/mips/bin/mipsel-none-elf-ld.exe: (.rodata+0x1770): undefined reference to `.L800351DC'
C:/Tools/mips-ps1/mips/bin/mipsel-none-elf-ld.exe: (.rodata+0x1774): undefined reference to `.L800351DC'
C:/Tools/mips-ps1/mips/bin/mipsel-none-elf-ld.exe: (.rodata+0x1778): undefined reference to `.L8003500C'
C:/Tools/mips-ps1/mips/bin/mipsel-none-elf-ld.exe: (.rodata+0x177c): undefined reference to `.L8003500C'
C:/Tools/mips-ps1/mips/bin/mipsel-none-elf-ld.exe: (.rodata+0x1780): undefined reference to `.L8003500C'
C:/Tools/mips-ps1/mips/bin/mipsel-none-elf-ld.exe: (.rodata+0x1784): undefined reference to `.L80035074'
C:/Tools/mips-ps1/mips/bin/mipsel-none-elf-ld.exe: (.rodata+0x1788): undefined reference to `.L800351DC'
C:/Tools/mips-ps1/mips/bin/mipsel-none-elf-ld.exe: (.rodata+0x178c): undefined reference to `.L8003500C'
C:/Tools/mips-ps1/mips/bin/mipsel-none-elf-ld.exe: (.rodata+0x1790): undefined reference to `.L8003500C'
C:/Tools/mips-ps1/mips/bin/mipsel-none-elf-ld.exe: (.rodata+0x1794): undefined reference to `.L8003500C'
C:/Tools/mips-ps1/mips/bin/mipsel-none-elf-ld.exe: (.rodata+0x1798): undefined reference to `.L8003500C'
C:/Tools/mips-ps1/mips/bin/mipsel-none-elf-ld.exe: (.rodata+0x179c): undefined reference to `.L8003500C'
C:/Tools/mips-ps1/mips/bin/mipsel-none-elf-ld.exe: (.rodata+0x17a0): undefined reference to `.L8003505C'
C:/Tools/mips-ps1/mips/bin/mipsel-none-elf-ld.exe: (.rodata+0x17a4): undefined reference to `.L800351DC'
C:/Tools/mips-ps1/mips/bin/mipsel-none-elf-ld.exe: build/asm/data/rdata_80010000.rodata.s.o: in function `jtbl_800117A8':
(.rodata+0x17a8): undefined reference to `.L800356C0'
C:/Tools/mips-ps1/mips/bin/mipsel-none-elf-ld.exe: (.rodata+0x17ac): undefined reference to `.L800356F4'
C:/Tools/mips-ps1/mips/bin/mipsel-none-elf-ld.exe: (.rodata+0x17b0): undefined reference to `.L800354E8'
C:/Tools/mips-ps1/mips/bin/mipsel-none-elf-ld.exe: (.rodata+0x17b4): undefined reference to `.L800354E8'
C:/Tools/mips-ps1/mips/bin/mipsel-none-elf-ld.exe: (.rodata+0x17b8): undefined reference to `.L800354E8'
C:/Tools/mips-ps1/mips/bin/mipsel-none-elf-ld.exe: (.rodata+0x17bc): undefined reference to `.L800356F4'
C:/Tools/mips-ps1/mips/bin/mipsel-none-elf-ld.exe: (.rodata+0x17c0): undefined reference to `.L800354E8'
C:/Tools/mips-ps1/mips/bin/mipsel-none-elf-ld.exe: (.rodata+0x17c4): undefined reference to `.L800354E8'
C:/Tools/mips-ps1/mips/bin/mipsel-none-elf-ld.exe: (.rodata+0x17c8): undefined reference to `.L800356F4'
C:/Tools/mips-ps1/mips/bin/mipsel-none-elf-ld.exe: (.rodata+0x17cc): undefined reference to `.L800356F4'
C:/Tools/mips-ps1/mips/bin/mipsel-none-elf-ld.exe: (.rodata+0x17d0): undefined reference to `.L800354E8'
C:/Tools/mips-ps1/mips/bin/mipsel-none-elf-ld.exe: (.rodata+0x17d4): undefined reference to `.L800354E8'
C:/Tools/mips-ps1/mips/bin/mipsel-none-elf-ld.exe: (.rodata+0x17d8): undefined reference to `.L800354E8'
C:/Tools/mips-ps1/mips/bin/mipsel-none-elf-ld.exe: (.rodata+0x17dc): undefined reference to `.L80035550'
C:/Tools/mips-ps1/mips/bin/mipsel-none-elf-ld.exe: (.rodata+0x17e0): undefined reference to `.L800356C0'
C:/Tools/mips-ps1/mips/bin/mipsel-none-elf-ld.exe: (.rodata+0x17e4): undefined reference to `.L800354E8'
C:/Tools/mips-ps1/mips/bin/mipsel-none-elf-ld.exe: (.rodata+0x17e8): undefined reference to `.L800354E8'
C:/Tools/mips-ps1/mips/bin/mipsel-none-elf-ld.exe: (.rodata+0x17ec): undefined reference to `.L800354E8'
C:/Tools/mips-ps1/mips/bin/mipsel-none-elf-ld.exe: (.rodata+0x17f0): undefined reference to `.L800354E8'
C:/Tools/mips-ps1/mips/bin/mipsel-none-elf-ld.exe: (.rodata+0x17f4): undefined reference to `.L800354E8'
C:/Tools/mips-ps1/mips/bin/mipsel-none-elf-ld.exe: (.rodata+0x17f8): undefined reference to `.L80035538'
C:/Tools/mips-ps1/mips/bin/mipsel-none-elf-ld.exe: (.rodata+0x17fc): undefined reference to `.L800356F4'
C:/Tools/mips-ps1/mips/bin/mipsel-none-elf-ld.exe: build/asm/data/rdata_80010000.rodata.s.o: in function `jtbl_80011800':
(.rodata+0x1800): undefined reference to `.L80035674'
C:/Tools/mips-ps1/mips/bin/mipsel-none-elf-ld.exe: (.rodata+0x1804): undefined reference to `.L80035674'
C:/Tools/mips-ps1/mips/bin/mipsel-none-elf-ld.exe: (.rodata+0x1808): undefined reference to `.L80035600'
C:/Tools/mips-ps1/mips/bin/mipsel-none-elf-ld.exe: (.rodata+0x180c): undefined reference to `.L80035600'
C:/Tools/mips-ps1/mips/bin/mipsel-none-elf-ld.exe: (.rodata+0x1810): undefined reference to `.L80035600'
C:/Tools/mips-ps1/mips/bin/mipsel-none-elf-ld.exe: (.rodata+0x1814): undefined reference to `.L80035674'
C:/Tools/mips-ps1/mips/bin/mipsel-none-elf-ld.exe: (.rodata+0x1818): undefined reference to `.L80035600'
C:/Tools/mips-ps1/mips/bin/mipsel-none-elf-ld.exe: (.rodata+0x181c): undefined reference to `.L80035600'
C:/Tools/mips-ps1/mips/bin/mipsel-none-elf-ld.exe: (.rodata+0x1820): undefined reference to `.L80035674'
C:/Tools/mips-ps1/mips/bin/mipsel-none-elf-ld.exe: (.rodata+0x1824): undefined reference to `.L80035674'
C:/Tools/mips-ps1/mips/bin/mipsel-none-elf-ld.exe: (.rodata+0x1828): undefined reference to `.L80035668'
C:/Tools/mips-ps1/mips/bin/mipsel-none-elf-ld.exe: (.rodata+0x182c): undefined reference to `.L80035674'
C:/Tools/mips-ps1/mips/bin/mipsel-none-elf-ld.exe: (.rodata+0x1830): undefined reference to `.L80035600'
C:/Tools/mips-ps1/mips/bin/mipsel-none-elf-ld.exe: (.rodata+0x1834): undefined reference to `.L80035600'
C:/Tools/mips-ps1/mips/bin/mipsel-none-elf-ld.exe: (.rodata+0x1838): undefined reference to `.L80035600'
C:/Tools/mips-ps1/mips/bin/mipsel-none-elf-ld.exe: (.rodata+0x183c): undefined reference to `.L80035600'
C:/Tools/mips-ps1/mips/bin/mipsel-none-elf-ld.exe: (.rodata+0x1840): undefined reference to `.L80035600'
C:/Tools/mips-ps1/mips/bin/mipsel-none-elf-ld.exe: build/asm/data/rdata_80010000.rodata.s.o:(.rodata+0x1844): more undefined references to `.L80035600' follow
C:/Tools/mips-ps1/mips/bin/mipsel-none-elf-ld.exe: build/asm/data/rdata_80010000.rodata.s.o: in function `jtbl_80011800':
(.rodata+0x1850): undefined reference to `.L80035648'
C:/Tools/mips-ps1/mips/bin/mipsel-none-elf-ld.exe: (.rodata+0x1854): undefined reference to `.L80035674'
C:/Tools/mips-ps1/mips/bin/mipsel-none-elf-ld.exe: build/asm/data/rdata_80010000.rodata.s.o: in function `jtbl_80011AB8':
(.rodata+0x1ab8): undefined reference to `.L8003AED8'
C:/Tools/mips-ps1/mips/bin/mipsel-none-elf-ld.exe: (.rodata+0x1abc): undefined reference to `.L8003AEF8'
C:/Tools/mips-ps1/mips/bin/mipsel-none-elf-ld.exe: (.rodata+0x1ac0): undefined reference to `.L8003AEF8'
C:/Tools/mips-ps1/mips/bin/mipsel-none-elf-ld.exe: (.rodata+0x1ac4): undefined reference to `.L8003AEF8'
C:/Tools/mips-ps1/mips/bin/mipsel-none-elf-ld.exe: (.rodata+0x1ac8): undefined reference to `.L8003B144'
C:/Tools/mips-ps1/mips/bin/mipsel-none-elf-ld.exe: (.rodata+0x1acc): undefined reference to `.L8003B220'
C:/Tools/mips-ps1/mips/bin/mipsel-none-elf-ld.exe: (.rodata+0x1ad0): undefined reference to `.L8003B4D0'
C:/Tools/mips-ps1/mips/bin/mipsel-none-elf-ld.exe: build/asm/data/rdata_80010000.rodata.s.o: in function `jtbl_80011AF8':
(.rodata+0x1af8): undefined reference to `.L8003C270'
C:/Tools/mips-ps1/mips/bin/mipsel-none-elf-ld.exe: (.rodata+0x1afc): undefined reference to `.L8003C3B8'
C:/Tools/mips-ps1/mips/bin/mipsel-none-elf-ld.exe: (.rodata+0x1b00): undefined reference to `.L8003C2D4'
C:/Tools/mips-ps1/mips/bin/mipsel-none-elf-ld.exe: (.rodata+0x1b04): undefined reference to `.L8003C3B8'
C:/Tools/mips-ps1/mips/bin/mipsel-none-elf-ld.exe: (.rodata+0x1b08): undefined reference to `.L8003C3B8'
C:/Tools/mips-ps1/mips/bin/mipsel-none-elf-ld.exe: (.rodata+0x1b0c): undefined reference to `.L8003C270'
C:/Tools/mips-ps1/mips/bin/mipsel-none-elf-ld.exe: (.rodata+0x1b10): undefined reference to `.L8003C2D4'
C:/Tools/mips-ps1/mips/bin/mipsel-none-elf-ld.exe: (.rodata+0x1b14): undefined reference to `.L8003C310'
C:/Tools/mips-ps1/mips/bin/mipsel-none-elf-ld.exe: build/asm/data/rdata_80010000.rodata.s.o: in function `jtbl_80011B38':
(.rodata+0x1b38): undefined reference to `.L8003F45C'
C:/Tools/mips-ps1/mips/bin/mipsel-none-elf-ld.exe: (.rodata+0x1b3c): undefined reference to `.L8003F51C'
C:/Tools/mips-ps1/mips/bin/mipsel-none-elf-ld.exe: (.rodata+0x1b40): undefined reference to `.L8003F50C'
C:/Tools/mips-ps1/mips/bin/mipsel-none-elf-ld.exe: (.rodata+0x1b44): undefined reference to `.L8003F514'
C:/Tools/mips-ps1/mips/bin/mipsel-none-elf-ld.exe: (.rodata+0x1b48): undefined reference to `.L8003F544'
C:/Tools/mips-ps1/mips/bin/mipsel-none-elf-ld.exe: (.rodata+0x1b4c): undefined reference to `.L8003F54C'
C:/Tools/mips-ps1/mips/bin/mipsel-none-elf-ld.exe: (.rodata+0x1b50): undefined reference to `.L8003F3CC'
C:/Tools/mips-ps1/mips/bin/mipsel-none-elf-ld.exe: (.rodata+0x1b54): undefined reference to `.L8003F3BC'
C:/Tools/mips-ps1/mips/bin/mipsel-none-elf-ld.exe: (.rodata+0x1b58): undefined reference to `.L8003F554'
C:/Tools/mips-ps1/mips/bin/mipsel-none-elf-ld.exe: build/asm/data/rdata_80010000.rodata.s.o: in function `jtbl_80012138':
(.rodata+0x2138): undefined reference to `.L80045F60'
C:/Tools/mips-ps1/mips/bin/mipsel-none-elf-ld.exe: (.rodata+0x213c): undefined reference to `.L80045F70'
C:/Tools/mips-ps1/mips/bin/mipsel-none-elf-ld.exe: (.rodata+0x2140): undefined reference to `.L80045F80'
C:/Tools/mips-ps1/mips/bin/mipsel-none-elf-ld.exe: (.rodata+0x2144): undefined reference to `.L80045F90'
C:/Tools/mips-ps1/mips/bin/mipsel-none-elf-ld.exe: (.rodata+0x2148): undefined reference to `.L80045FA0'
C:/Tools/mips-ps1/mips/bin/mipsel-none-elf-ld.exe: build/asm/data/rdata_80010000.rodata.s.o: in function `jtbl_800121C0':
(.rodata+0x21c0): undefined reference to `.L8004684C'
C:/Tools/mips-ps1/mips/bin/mipsel-none-elf-ld.exe: (.rodata+0x21c4): undefined reference to `.L8004684C'
C:/Tools/mips-ps1/mips/bin/mipsel-none-elf-ld.exe: (.rodata+0x21c8): undefined reference to `.L80046688'
C:/Tools/mips-ps1/mips/bin/mipsel-none-elf-ld.exe: (.rodata+0x21cc): undefined reference to `.L80046688'
C:/Tools/mips-ps1/mips/bin/mipsel-none-elf-ld.exe: (.rodata+0x21d0): undefined reference to `.L80046688'
C:/Tools/mips-ps1/mips/bin/mipsel-none-elf-ld.exe: (.rodata+0x21d4): undefined reference to `.L8004684C'
C:/Tools/mips-ps1/mips/bin/mipsel-none-elf-ld.exe: (.rodata+0x21d8): undefined reference to `.L80046688'
C:/Tools/mips-ps1/mips/bin/mipsel-none-elf-ld.exe: (.rodata+0x21dc): undefined reference to `.L80046688'
C:/Tools/mips-ps1/mips/bin/mipsel-none-elf-ld.exe: (.rodata+0x21e0): undefined reference to `.L8004684C'
C:/Tools/mips-ps1/mips/bin/mipsel-none-elf-ld.exe: (.rodata+0x21e4): undefined reference to `.L8004684C'
C:/Tools/mips-ps1/mips/bin/mipsel-none-elf-ld.exe: (.rodata+0x21e8): undefined reference to `.L80046688'
C:/Tools/mips-ps1/mips/bin/mipsel-none-elf-ld.exe: (.rodata+0x21ec): undefined reference to `.L80046688'
C:/Tools/mips-ps1/mips/bin/mipsel-none-elf-ld.exe: (.rodata+0x21f0): undefined reference to `.L80046688'
C:/Tools/mips-ps1/mips/bin/mipsel-none-elf-ld.exe: (.rodata+0x21f4): undefined reference to `.L800466E8'
C:/Tools/mips-ps1/mips/bin/mipsel-none-elf-ld.exe: (.rodata+0x21f8): undefined reference to `.L8004684C'
C:/Tools/mips-ps1/mips/bin/mipsel-none-elf-ld.exe: (.rodata+0x21fc): undefined reference to `.L80046688'
C:/Tools/mips-ps1/mips/bin/mipsel-none-elf-ld.exe: (.rodata+0x2200): undefined reference to `.L80046688'
C:/Tools/mips-ps1/mips/bin/mipsel-none-elf-ld.exe: (.rodata+0x2204): undefined reference to `.L8004684C'
C:/Tools/mips-ps1/mips/bin/mipsel-none-elf-ld.exe: (.rodata+0x2208): undefined reference to `.L80046688'
C:/Tools/mips-ps1/mips/bin/mipsel-none-elf-ld.exe: (.rodata+0x220c): undefined reference to `.L80046688'
C:/Tools/mips-ps1/mips/bin/mipsel-none-elf-ld.exe: (.rodata+0x2210): undefined reference to `.L80046688'
C:/Tools/mips-ps1/mips/bin/mipsel-none-elf-ld.exe: (.rodata+0x2214): undefined reference to `.L8004684C'
C:/Tools/mips-ps1/mips/bin/mipsel-none-elf-ld.exe: build/asm/data/rdata_80010000.rodata.s.o: in function `jtbl_80012538':
(.rodata+0x2538): undefined reference to `.L8004AB80'
C:/Tools/mips-ps1/mips/bin/mipsel-none-elf-ld.exe: (.rodata+0x253c): undefined reference to `.L8004AB38'
C:/Tools/mips-ps1/mips/bin/mipsel-none-elf-ld.exe: (.rodata+0x2540): undefined reference to `.L8004ABC8'
C:/Tools/mips-ps1/mips/bin/mipsel-none-elf-ld.exe: (.rodata+0x2544): undefined reference to `.L8004ABC8'
C:/Tools/mips-ps1/mips/bin/mipsel-none-elf-ld.exe: (.rodata+0x2548): undefined reference to `.L8004AB08'
C:/Tools/mips-ps1/mips/bin/mipsel-none-elf-ld.exe: (.rodata+0x254c): undefined reference to `.L8004AB74'
C:/Tools/mips-ps1/mips/bin/mipsel-none-elf-ld.exe: (.rodata+0x2550): undefined reference to `.L8004ABC8'
C:/Tools/mips-ps1/mips/bin/mipsel-none-elf-ld.exe: (.rodata+0x2554): undefined reference to `.L8004ABC8'
C:/Tools/mips-ps1/mips/bin/mipsel-none-elf-ld.exe: (.rodata+0x2558): undefined reference to `.L8004AB8C'
C:/Tools/mips-ps1/mips/bin/mipsel-none-elf-ld.exe: (.rodata+0x255c): undefined reference to `.L8004AB2C'
C:/Tools/mips-ps1/mips/bin/mipsel-none-elf-ld.exe: (.rodata+0x2560): undefined reference to `.L8004ABC8'
C:/Tools/mips-ps1/mips/bin/mipsel-none-elf-ld.exe: (.rodata+0x2564): undefined reference to `.L8004ABC8'
C:/Tools/mips-ps1/mips/bin/mipsel-none-elf-ld.exe: (.rodata+0x2568): undefined reference to `.L8004ABA8'
C:/Tools/mips-ps1/mips/bin/mipsel-none-elf-ld.exe: (.rodata+0x256c): undefined reference to `.L8004AB44'
C:/Tools/mips-ps1/mips/bin/mipsel-none-elf-ld.exe: (.rodata+0x2570): undefined reference to `.L8004ABC8'
C:/Tools/mips-ps1/mips/bin/mipsel-none-elf-ld.exe: (.rodata+0x2574): undefined reference to `.L8004ABC8'
C:/Tools/mips-ps1/mips/bin/mipsel-none-elf-ld.exe: (.rodata+0x2578): undefined reference to `.L8004ABC8'
C:/Tools/mips-ps1/mips/bin/mipsel-none-elf-ld.exe: (.rodata+0x257c): undefined reference to `.L8004AB68'
C:/Tools/mips-ps1/mips/bin/mipsel-none-elf-ld.exe: (.rodata+0x2580): undefined reference to `.L8004ABB4'
C:/Tools/mips-ps1/mips/bin/mipsel-none-elf-ld.exe: (.rodata+0x2584): undefined reference to `.L8004AB50'
C:/Tools/mips-ps1/mips/bin/mipsel-none-elf-ld.exe: (.rodata+0x2588): undefined reference to `.L8004ABC8'
C:/Tools/mips-ps1/mips/bin/mipsel-none-elf-ld.exe: (.rodata+0x258c): undefined reference to `.L8004ABC8'
C:/Tools/mips-ps1/mips/bin/mipsel-none-elf-ld.exe: (.rodata+0x2590): undefined reference to `.L8004AB14'
C:/Tools/mips-ps1/mips/bin/mipsel-none-elf-ld.exe: (.rodata+0x2594): undefined reference to `.L8004ABC8'
C:/Tools/mips-ps1/mips/bin/mipsel-none-elf-ld.exe: (.rodata+0x2598): undefined reference to `.L8004ABC8'
C:/Tools/mips-ps1/mips/bin/mipsel-none-elf-ld.exe: (.rodata+0x259c): undefined reference to `.L8004ABC0'
C:/Tools/mips-ps1/mips/bin/mipsel-none-elf-ld.exe: (.rodata+0x25a0): undefined reference to `.L8004AB5C'
C:/Tools/mips-ps1/mips/bin/mipsel-none-elf-ld.exe: (.rodata+0x25a4): undefined reference to `.L8004ABC8'
C:/Tools/mips-ps1/mips/bin/mipsel-none-elf-ld.exe: (.rodata+0x25a8): undefined reference to `.L8004AB20'
C:/Tools/mips-ps1/mips/bin/mipsel-none-elf-ld.exe: build/asm/data/rdata_80010000.rodata.s.o: in function `jtbl_800125F0':
(.rodata+0x25f0): undefined reference to `.L8004B3D4'
C:/Tools/mips-ps1/mips/bin/mipsel-none-elf-ld.exe: (.rodata+0x25f4): undefined reference to `.L8004B5E0'
C:/Tools/mips-ps1/mips/bin/mipsel-none-elf-ld.exe: (.rodata+0x25f8): undefined reference to `.L8004B468'
C:/Tools/mips-ps1/mips/bin/mipsel-none-elf-ld.exe: (.rodata+0x25fc): undefined reference to `.L8004B470'
C:/Tools/mips-ps1/mips/bin/mipsel-none-elf-ld.exe: (.rodata+0x2600): undefined reference to `.L8004B5E0'
C:/Tools/mips-ps1/mips/bin/mipsel-none-elf-ld.exe: (.rodata+0x2604): undefined reference to `.L8004B4FC'
C:/Tools/mips-ps1/mips/bin/mipsel-none-elf-ld.exe: (.rodata+0x2608): undefined reference to `.L8004B5E0'
C:/Tools/mips-ps1/mips/bin/mipsel-none-elf-ld.exe: (.rodata+0x260c): undefined reference to `.L8004B5E0'
C:/Tools/mips-ps1/mips/bin/mipsel-none-elf-ld.exe: (.rodata+0x2610): undefined reference to `.L8004B5E0'
C:/Tools/mips-ps1/mips/bin/mipsel-none-elf-ld.exe: (.rodata+0x2614): undefined reference to `.L8004B5E0'
C:/Tools/mips-ps1/mips/bin/mipsel-none-elf-ld.exe: (.rodata+0x2618): undefined reference to `.L8004B5E0'
C:/Tools/mips-ps1/mips/bin/mipsel-none-elf-ld.exe: build/asm/data/rdata_80010000.rodata.s.o:(.rodata+0x261c): more undefined references to `.L8004B5E0' follow
C:/Tools/mips-ps1/mips/bin/mipsel-none-elf-ld.exe: build/asm/data/rdata_80010000.rodata.s.o: in function `jtbl_800125F0':
(.rodata+0x2620): undefined reference to `.L8004B604'
C:/Tools/mips-ps1/mips/bin/mipsel-none-elf-ld.exe: (.rodata+0x2624): undefined reference to `.L8004B5E0'
C:/Tools/mips-ps1/mips/bin/mipsel-none-elf-ld.exe: (.rodata+0x2628): undefined reference to `.L8004B5E0'
C:/Tools/mips-ps1/mips/bin/mipsel-none-elf-ld.exe: (.rodata+0x262c): undefined reference to `.L8004B5E0'
C:/Tools/mips-ps1/mips/bin/mipsel-none-elf-ld.exe: (.rodata+0x2630): undefined reference to `.L8004B5E0'
C:/Tools/mips-ps1/mips/bin/mipsel-none-elf-ld.exe: (.rodata+0x2634): undefined reference to `.L8004B5E0'
C:/Tools/mips-ps1/mips/bin/mipsel-none-elf-ld.exe: build/asm/data/rdata_80010000.rodata.s.o:(.rodata+0x2638): more undefined references to `.L8004B5E0' follow
C:/Tools/mips-ps1/mips/bin/mipsel-none-elf-ld.exe: build/asm/data/rdata_80010000.rodata.s.o: in function `jtbl_800125F0':
(.rodata+0x266c): undefined reference to `.L8004B3DC'
C:/Tools/mips-ps1/mips/bin/mipsel-none-elf-ld.exe: (.rodata+0x2670): undefined reference to `.L8004B5E0'
C:/Tools/mips-ps1/mips/bin/mipsel-none-elf-ld.exe: (.rodata+0x2674): undefined reference to `.L8004B5E0'
C:/Tools/mips-ps1/mips/bin/mipsel-none-elf-ld.exe: (.rodata+0x2678): undefined reference to `.L8004B5E0'
C:/Tools/mips-ps1/mips/bin/mipsel-none-elf-ld.exe: (.rodata+0x267c): undefined reference to `.L8004B5E0'
C:/Tools/mips-ps1/mips/bin/mipsel-none-elf-ld.exe: (.rodata+0x2680): undefined reference to `.L8004B5E0'
C:/Tools/mips-ps1/mips/bin/mipsel-none-elf-ld.exe: build/asm/data/rdata_80010000.rodata.s.o:(.rodata+0x2684): more undefined references to `.L8004B5E0' follow
C:/Tools/mips-ps1/mips/bin/mipsel-none-elf-ld.exe: build/asm/data/rdata_80010000.rodata.s.o: in function `jtbl_800125F0':
(.rodata+0x26e4): undefined reference to `.L8004B554'
C:/Tools/mips-ps1/mips/bin/mipsel-none-elf-ld.exe: build/asm/data/rdata_80010000.rodata.s.o: in function `jtbl_80012858':
(.rodata+0x2858): undefined reference to `.L8005000C'
C:/Tools/mips-ps1/mips/bin/mipsel-none-elf-ld.exe: (.rodata+0x285c): undefined reference to `.L80050028'
C:/Tools/mips-ps1/mips/bin/mipsel-none-elf-ld.exe: (.rodata+0x2860): undefined reference to `.L80050040'
C:/Tools/mips-ps1/mips/bin/mipsel-none-elf-ld.exe: (.rodata+0x2864): undefined reference to `.L8005000C'
C:/Tools/mips-ps1/mips/bin/mipsel-none-elf-ld.exe: (.rodata+0x2868): undefined reference to `.L80050050'
C:/Tools/mips-ps1/mips/bin/mipsel-none-elf-ld.exe: build/asm/data/rdata_80010000.rodata.s.o: in function `jtbl_80012870':
(.rodata+0x2870): undefined reference to `.L80050094'
C:/Tools/mips-ps1/mips/bin/mipsel-none-elf-ld.exe: (.rodata+0x2874): undefined reference to `.L800500E0'
C:/Tools/mips-ps1/mips/bin/mipsel-none-elf-ld.exe: (.rodata+0x2878): undefined reference to `.L80050114'
C:/Tools/mips-ps1/mips/bin/mipsel-none-elf-ld.exe: (.rodata+0x287c): undefined reference to `.L80050148'
C:/Tools/mips-ps1/mips/bin/mipsel-none-elf-ld.exe: (.rodata+0x2880): undefined reference to `.L8005017C'
C:/Tools/mips-ps1/mips/bin/mipsel-none-elf-ld.exe: build/asm/data/rdata_80010000.rodata.s.o: in function `jtbl_80012888':
(.rodata+0x2888): undefined reference to `.L800506C4'
C:/Tools/mips-ps1/mips/bin/mipsel-none-elf-ld.exe: (.rodata+0x288c): undefined reference to `.L8005057C'
C:/Tools/mips-ps1/mips/bin/mipsel-none-elf-ld.exe: (.rodata+0x2890): undefined reference to `.L8005058C'
C:/Tools/mips-ps1/mips/bin/mipsel-none-elf-ld.exe: (.rodata+0x2894): undefined reference to `.L8005059C'
C:/Tools/mips-ps1/mips/bin/mipsel-none-elf-ld.exe: (.rodata+0x2898): undefined reference to `.L800505CC'
C:/Tools/mips-ps1/mips/bin/mipsel-none-elf-ld.exe: (.rodata+0x289c): undefined reference to `.L80050654'
C:/Tools/mips-ps1/mips/bin/mipsel-none-elf-ld.exe: (.rodata+0x28a0): undefined reference to `.L8005065C'
C:/Tools/mips-ps1/mips/bin/mipsel-none-elf-ld.exe: (.rodata+0x28a4): undefined reference to `.L800506A8'
C:/Tools/mips-ps1/mips/bin/mipsel-none-elf-ld.exe: build/recon/game/common/minfront.cpp.o: in function `MinFront_ParseOptions__Fv':
(.text+0x4): undefined reference to `bigBuf'
C:/Tools/mips-ps1/mips/bin/mipsel-none-elf-ld.exe: (.text+0x8): undefined reference to `bigBuf'
C:/Tools/mips-ps1/mips/bin/mipsel-none-elf-ld.exe: build/recon/game/psx/fe3dmenu.cpp.o: in function `CameraLookAt__FP10matrixtdefP8coorddef':
(.text+0x1b0): undefined reference to `bigBuf'
C:/Tools/mips-ps1/mips/bin/mipsel-none-elf-ld.exe: (.text+0x1c4): undefined reference to `bigBuf'
C:/Tools/mips-ps1/mips/bin/mipsel-none-elf-ld.exe: build/recon/game/psx/fe3dmenu.cpp.o: in function `Draw_MenuRenderingView__FP8Car_tObjP13DRender_tViewiiiUliffii':
(.text+0x310): undefined reference to `showRoomFlag'
C:/Tools/mips-ps1/mips/bin/mipsel-none-elf-ld.exe: (.text+0x314): undefined reference to `showRoomFlag'
C:/Tools/mips-ps1/mips/bin/mipsel-none-elf-ld.exe: (.text+0x350): undefined reference to `showRoomFlag'
C:/Tools/mips-ps1/mips/bin/mipsel-none-elf-ld.exe: build/recon/frontend/common/feapp.cpp.o: in function `UpdateMusic__14tFEApplication':
(.text+0xe00): undefined reference to `bigBuf'
C:/Tools/mips-ps1/mips/bin/mipsel-none-elf-ld.exe: (.text+0xe08): undefined reference to `bigBuf'
C:/Tools/mips-ps1/mips/bin/mipsel-none-elf-ld.exe: (.text+0xe1c): undefined reference to `bigBuf'
C:/Tools/mips-ps1/mips/bin/mipsel-none-elf-ld.exe: (.text+0xe24): undefined reference to `bigBuf'
C:/Tools/mips-ps1/mips/bin/mipsel-none-elf-ld.exe: (.text+0xe38): undefined reference to `bigBuf'
C:/Tools/mips-ps1/mips/bin/mipsel-none-elf-ld.exe: build/recon/frontend/common/feapp.cpp.o:(.text+0xe40): more undefined references to `bigBuf' follow
C:/Tools/mips-ps1/mips/bin/mipsel-none-elf-ld.exe: build/recon/frontend/common/fedialog.cpp.o: in function `__12tDialogYesNo':
(.text+0x13f0): undefined reference to `__20tDialogMessageString'
C:/Tools/mips-ps1/mips/bin/mipsel-none-elf-ld.exe: build/recon/frontend/common/feinput.cpp.o: in function `FEInput_GetDebounceKey__Fii':
(.text+0x2fc): undefined reference to `debounce'
C:/Tools/mips-ps1/mips/bin/mipsel-none-elf-ld.exe: (.text+0x300): undefined reference to `debounce'
C:/Tools/mips-ps1/mips/bin/mipsel-none-elf-ld.exe: (.text+0x348): undefined reference to `nextTick'
C:/Tools/mips-ps1/mips/bin/mipsel-none-elf-ld.exe: (.text+0x34c): undefined reference to `nextTick'
C:/Tools/mips-ps1/mips/bin/mipsel-none-elf-ld.exe: (.text+0x370): undefined reference to `nextTick'
C:/Tools/mips-ps1/mips/bin/mipsel-none-elf-ld.exe: (.text+0x374): undefined reference to `nextTick'
C:/Tools/mips-ps1/mips/bin/mipsel-none-elf-ld.exe: (.text+0x39c): undefined reference to `nextTick'
C:/Tools/mips-ps1/mips/bin/mipsel-none-elf-ld.exe: build/recon/frontend/common/feinput.cpp.o:(.text+0x3ac): more undefined references to `nextTick' follow
C:/Tools/mips-ps1/mips/bin/mipsel-none-elf-ld.exe: build/recon/frontend/common/feinput.cpp.o: in function `FEInput_GetDebounceKey__Fii':
(.text+0x3bc): undefined reference to `debounce'
C:/Tools/mips-ps1/mips/bin/mipsel-none-elf-ld.exe: (.text+0x3c0): undefined reference to `debounce'
C:/Tools/mips-ps1/mips/bin/mipsel-none-elf-ld.exe: build/recon/frontend/common/femenu.cpp.o: in function `ProcessInput__5tMenu7tPlayerR13tInputKeyTypeR12tMenuCommand':
(.text+0x1a84): undefined reference to `DisplayHelp__FP14tFEApplicationi'
C:/Tools/mips-ps1/mips/bin/mipsel-none-elf-ld.exe: build/recon/frontend/common/fecredits.cpp.o: in function `SetupCurrCredit__14tCreditManager':
(.text+0x284): undefined reference to `FECredits_lastFadeTick'
C:/Tools/mips-ps1/mips/bin/mipsel-none-elf-ld.exe: (.text+0x28c): undefined reference to `FECredits_lastFadeTick'
C:/Tools/mips-ps1/mips/bin/mipsel-none-elf-ld.exe: (.text+0x324): undefined reference to `FECredits_lastFadeTick'
C:/Tools/mips-ps1/mips/bin/mipsel-none-elf-ld.exe: (.text+0x328): undefined reference to `FECredits_lastFadeTick'
C:/Tools/mips-ps1/mips/bin/mipsel-none-elf-ld.exe: build/recon/frontend/common/screenpost.cpp.o: in function `DrawMoney__Fiiilii':
(.text+0xf8): undefined reference to `FETextRender_FullTextRGB__FPcssici'
C:/Tools/mips-ps1/mips/bin/mipsel-none-elf-ld.exe: (.text+0x114): undefined reference to `FETextRender_FullTextRGB__FPcssici'
C:/Tools/mips-ps1/mips/bin/mipsel-none-elf-ld.exe: build/recon/frontend/common/screenpost.cpp.o: in function `DrawBackground__26tScreenTournamentStandings':
(.text+0x6cc): undefined reference to `TextValue__FPv7tPlayer'
C:/Tools/mips-ps1/mips/bin/mipsel-none-elf-ld.exe: (.text+0xc18): undefined reference to `DrawBackgroundImage__FP7tScreeniiP18tTexture_ShapeInfoi'
C:/Tools/mips-ps1/mips/bin/mipsel-none-elf-ld.exe: build/recon/frontend/common/screenpost.cpp.o: in function `DrawBackground__24tScreenPinkSlipStandings':
(.text+0x103c): undefined reference to `DrawBackgroundImage__FP7tScreeniiP18tTexture_ShapeInfoi'
C:/Tools/mips-ps1/mips/bin/mipsel-none-elf-ld.exe: build/recon/frontend/common/screenpost.cpp.o: in function `ProcessInput__24tScreenPinkSlipStandings7tPlayerR13tInputKeyTypeR12tMenuCommand':
(.text+0x107c): undefined reference to `tScreen_ProcessInput__FP7tScreen7tPlayerR13tInputKeyTypeR12tMenuCommand'
C:/Tools/mips-ps1/mips/bin/mipsel-none-elf-ld.exe: build/recon/frontend/common/screencarselect.cpp.o: in function `DrawForeground__16tScreenCarSelect':
(.text+0x22e4): undefined reference to `showRoomFlag'
C:/Tools/mips-ps1/mips/bin/mipsel-none-elf-ld.exe: (.text+0x22e8): undefined reference to `showRoomFlag'
C:/Tools/mips-ps1/mips/bin/mipsel-none-elf-ld.exe: (.text+0x2638): undefined reference to `showRoomFlag'
C:/Tools/mips-ps1/mips/bin/mipsel-none-elf-ld.exe: (.text+0x2648): undefined reference to `showRoomFlag'
C:/Tools/mips-ps1/mips/bin/mipsel-none-elf-ld.exe: build/recon/frontend/common/screencarselect.cpp.o: in function `DrawBackground__20tScreenCarSelectDuel':
(.text+0x316c): undefined reference to `showRoomFlag'
C:/Tools/mips-ps1/mips/bin/mipsel-none-elf-ld.exe: build/recon/frontend/common/screencarselect.cpp.o:(.text+0x3170): more undefined references to `showRoomFlag' follow
C:/Tools/mips-ps1/mips/bin/mipsel-none-elf-ld.exe: small-data section too large; lower small-data size limit (see option -G)
build/recon/game/common/ai.cpp.o: in function `AI_AddCollidableObjects__FP8Car_tObjP5Group':
(.text+0x1db0): relocation truncated to fit: R_MIPS_GPREL16 against `.sbss'
(.text+0x1de0): relocation truncated to fit: R_MIPS_GPREL16 against `.sbss'
build/recon/game/common/aiphysic.cpp.o: in function `AIPhysic_RevEngine__FP8Car_tObj':
(.text+0xf8): relocation truncated to fit: R_MIPS_GPREL16 against `AIPhysic_elapsedTime'
build/recon/game/common/aiphysic.cpp.o: in function `AIPhysic_HandleShifting__FP8Car_tObj':
(.text+0x1c0): relocation truncated to fit: R_MIPS_GPREL16 against `AIPhysic_elapsedTime'
build/recon/game/common/aiphysic.cpp.o: in function `AIPhysic_SimplePhysics_LongVel__FP8Car_tObj':
(.text+0x1114): relocation truncated to fit: R_MIPS_GPREL16 against `AIPhysic_elapsedTime'
(.text+0x1164): relocation truncated to fit: R_MIPS_GPREL16 against `AIPhysic_iTime'
(.text+0x11c8): relocation truncated to fit: R_MIPS_GPREL16 against `AIPhysic_iTime'
(.text+0x11e8): relocation truncated to fit: R_MIPS_GPREL16 against `AIPhysic_elapsedTime'
(.text+0x1204): relocation truncated to fit: R_MIPS_GPREL16 against `AIPhysic_elapsedTime'
(.text+0x126c): relocation truncated to fit: R_MIPS_GPREL16 against `AIPhysic_elapsedTime'
(.text+0x12c4): additional relocation overflows omitted from the output
C:/Tools/mips-ps1/mips/bin/mipsel-none-elf-ld.exe: build/recon/game/common/nfs3.cpp.o: in function `LoadFrontendOverlay__Fv':
(.text+0x718): undefined reference to `bigBuf'
C:/Tools/mips-ps1/mips/bin/mipsel-none-elf-ld.exe: (.text+0x71c): undefined reference to `bigBuf'
C:/Tools/mips-ps1/mips/bin/mipsel-none-elf-ld.exe: build/recon/game/common/simqueue.cpp.o: in function `SimQueue_Reset__Fv':
(.text+0x34): undefined reference to `inputQueue'
C:/Tools/mips-ps1/mips/bin/mipsel-none-elf-ld.exe: build/recon/game/common/simqueue.cpp.o: in function `SimQueue_IsBlocking__Fi':
(.text+0x328): undefined reference to `inputQueue'
C:/Tools/mips-ps1/mips/bin/mipsel-none-elf-ld.exe: build/recon/game/common/simqueue.cpp.o: in function `SimQueue_Reset__Fv':
(.text+0x38): undefined reference to `inputQueue'
C:/Tools/mips-ps1/mips/bin/mipsel-none-elf-ld.exe: (.text+0xac): undefined reference to `inputQueue'
C:/Tools/mips-ps1/mips/bin/mipsel-none-elf-ld.exe: (.text+0xb0): undefined reference to `inputQueue'
C:/Tools/mips-ps1/mips/bin/mipsel-none-elf-ld.exe: build/recon/game/common/simqueue.cpp.o:(.text+0xf4): more undefined references to `inputQueue' follow
C:/Tools/mips-ps1/mips/bin/mipsel-none-elf-ld.exe: build/recon/game/common/simqueue.cpp.o: in function `SimQueue_SetCurrentInput__Fi':
(.text+0x220): undefined reference to `output'
C:/Tools/mips-ps1/mips/bin/mipsel-none-elf-ld.exe: (.text+0x224): undefined reference to `output'
C:/Tools/mips-ps1/mips/bin/mipsel-none-elf-ld.exe: (.text+0x274): undefined reference to `inputQueue'
C:/Tools/mips-ps1/mips/bin/mipsel-none-elf-ld.exe: (.text+0x278): undefined reference to `inputQueue'
C:/Tools/mips-ps1/mips/bin/mipsel-none-elf-ld.exe: (.text+0x29c): undefined reference to `inputQueue'
C:/Tools/mips-ps1/mips/bin/mipsel-none-elf-ld.exe: (.text+0x2a0): undefined reference to `inputQueue'
C:/Tools/mips-ps1/mips/bin/mipsel-none-elf-ld.exe: build/recon/game/common/simqueue.cpp.o: in function `SimQueue_GetCurrentInput__FiP14Input_tResults':
(.text+0x2b8): undefined reference to `output'
C:/Tools/mips-ps1/mips/bin/mipsel-none-elf-ld.exe: (.text+0x2bc): undefined reference to `output'
C:/Tools/mips-ps1/mips/bin/mipsel-none-elf-ld.exe: build/recon/game/common/simqueue.cpp.o: in function `SimQueue_IsBlocking__Fi':
(.text+0x334): undefined reference to `inputQueue'
C:/Tools/mips-ps1/mips/bin/mipsel-none-elf-ld.exe: (.text+0x338): undefined reference to `inputQueue'
C:/Tools/mips-ps1/mips/bin/mipsel-none-elf-ld.exe: build/recon/game/psx/cario.cpp.o: in function `CarIO_ReadInCarTextureData__FPcP8Car_tObjii':
(.text+0xaa4): undefined reference to `CarIO_textureName'
C:/Tools/mips-ps1/mips/bin/mipsel-none-elf-ld.exe: (.text+0xaac): undefined reference to `CarIO_textureName'
C:/Tools/mips-ps1/mips/bin/mipsel-none-elf-ld.exe: build/recon/game/psx/cario.cpp.o: in function `CarIO_UpdateCarTextureData__FPcP8Car_tObji':
(.text+0x105c): undefined reference to `CarIO_textureName'
C:/Tools/mips-ps1/mips/bin/mipsel-none-elf-ld.exe: (.text+0x1064): undefined reference to `CarIO_textureName'
C:/Tools/mips-ps1/mips/bin/mipsel-none-elf-ld.exe: build/recon/game/psx/drawc.cpp.o: in function `DrawC_ShowroomPrims__FP10matrixtdefP8coorddefP13Draw_CarCache':
(.text+0x6810): undefined reference to `hilight_colors'
C:/Tools/mips-ps1/mips/bin/mipsel-none-elf-ld.exe: (.text+0x6828): undefined reference to `hilight_colors'
C:/Tools/mips-ps1/mips/bin/mipsel-none-elf-ld.exe: build/recon/game/psx/loading.cpp.o: in function `Loading_DrawLoadingScreen__Fv':
(.text+0xc4): undefined reference to `loading_languageNames'
C:/Tools/mips-ps1/mips/bin/mipsel-none-elf-ld.exe: (.text+0xc8): undefined reference to `loading_languageNames'
C:/Tools/mips-ps1/mips/bin/mipsel-none-elf-ld.exe: build/recon/game/psx/psxcontroller.cpp.o: in function `InGame_ResetPSXController__Fii':
(.text+0xf4): undefined reference to `hoff'
C:/Tools/mips-ps1/mips/bin/mipsel-none-elf-ld.exe: (.text+0xf8): undefined reference to `hoff'
C:/Tools/mips-ps1/mips/bin/mipsel-none-elf-ld.exe: (.text+0x310): undefined reference to `hoff'
C:/Tools/mips-ps1/mips/bin/mipsel-none-elf-ld.exe: (.text+0x314): undefined reference to `hoff'
C:/Tools/mips-ps1/mips/bin/mipsel-none-elf-ld.exe: (.text+0x35c): undefined reference to `hoff'
C:/Tools/mips-ps1/mips/bin/mipsel-none-elf-ld.exe: build/recon/game/psx/psxcontroller.cpp.o:(.text+0x360): more undefined references to `hoff' follow
C:/Tools/mips-ps1/mips/bin/mipsel-none-elf-ld.exe: build/recon/eaclib/psx/sndpsxz/span.c.o: in function `SNDpan':
(.text+0xc): undefined reference to `gSndState'
C:/Tools/mips-ps1/mips/bin/mipsel-none-elf-ld.exe: (.text+0x14): undefined reference to `gSndState'
C:/Tools/mips-ps1/mips/bin/mipsel-none-elf-ld.exe: build/recon/eaclib/psx/sndpsxz/svol.c.o: in function `iSNDunsafevol':
(.text+0x30): undefined reference to `gSndState'
C:/Tools/mips-ps1/mips/bin/mipsel-none-elf-ld.exe: (.text+0x34): undefined reference to `gSndState'
C:/Tools/mips-ps1/mips/bin/mipsel-none-elf-ld.exe: build/recon/eaclib/psx/sndpsxz/svol.c.o: in function `SNDvol':
(.text+0xc4): undefined reference to `gSndState'
C:/Tools/mips-ps1/mips/bin/mipsel-none-elf-ld.exe: build/recon/eaclib/psx/sndpsxz/svol.c.o:(.text+0xc8): more undefined references to `gSndState' follow
C:/Tools/mips-ps1/mips/bin/mipsel-none-elf-ld.exe: build/recon/eaclib/psx/eacpsxz/systask.c.o: in function `addsystemtask':
(.text+0x10): undefined reference to `systemtasksubs'
C:/Tools/mips-ps1/mips/bin/mipsel-none-elf-ld.exe: (.text+0x18): undefined reference to `systemtasksubs'
C:/Tools/mips-ps1/mips/bin/mipsel-none-elf-ld.exe: (.text+0x70): undefined reference to `systemtasksubs'
C:/Tools/mips-ps1/mips/bin/mipsel-none-elf-ld.exe: (.text+0x74): undefined reference to `systemtasksubs'
C:/Tools/mips-ps1/mips/bin/mipsel-none-elf-ld.exe: build/recon/eaclib/psx/eacpsxz/systask.c.o: in function `delsystemtask':
(.text+0xb8): undefined reference to `systemtasksubs'
C:/Tools/mips-ps1/mips/bin/mipsel-none-elf-ld.exe: build/recon/eaclib/psx/eacpsxz/systask.c.o:(.text+0xbc): more undefined references to `systemtasksubs' follow
C:/Tools/mips-ps1/mips/bin/mipsel-none-elf-ld.exe: build/recon/eaclib/psx/sndpsxz/sstsetpr.c.o: in function `SNDSTRM_setpriority':
(.text+0x0): undefined reference to `gSndState'
C:/Tools/mips-ps1/mips/bin/mipsel-none-elf-ld.exe: (.text+0x4): undefined reference to `gSndState'
C:/Tools/mips-ps1/mips/bin/mipsel-none-elf-ld.exe: build/recon/eaclib/psx/eacpsxz/savegp.c.o: in function `initgp':
(.text+0x0): undefined reference to `g_bootGP'
C:/Tools/mips-ps1/mips/bin/mipsel-none-elf-ld.exe: (.text+0x4): undefined reference to `g_bootGP'
C:/Tools/mips-ps1/mips/bin/mipsel-none-elf-ld.exe: build/recon/syslib/psx/libetc/VMODE.c.o: in function `SetVideoMode':
(.text+0x0): undefined reference to `g_videomode'
C:/Tools/mips-ps1/mips/bin/mipsel-none-elf-ld.exe: (.text+0x4): undefined reference to `g_videomode'
C:/Tools/mips-ps1/mips/bin/mipsel-none-elf-ld.exe: (.text+0x8): undefined reference to `g_videomode'
C:/Tools/mips-ps1/mips/bin/mipsel-none-elf-ld.exe: (.text+0x10): undefined reference to `g_videomode'
C:/Tools/mips-ps1/mips/bin/mipsel-none-elf-ld.exe: build/recon/syslib/psx/libetc/VMODE.c.o: in function `GetVideoMode':
(.text+0x14): undefined reference to `g_videomode'
C:/Tools/mips-ps1/mips/bin/mipsel-none-elf-ld.exe: build/recon/syslib/psx/libetc/VMODE.c.o:(.text+0x18): more undefined references to `g_videomode' follow
C:/Tools/mips-ps1/mips/bin/mipsel-none-elf-ld.exe: build/recon/eaclib/psx/sndpsxz/ssysreal.c.o: in function `SNDSYS_vectortoreal':
(.text+0x28): undefined reference to `DAT_80134a6c'
C:/Tools/mips-ps1/mips/bin/mipsel-none-elf-ld.exe: (.text+0x2c): undefined reference to `DAT_80134a6c'
C:/Tools/mips-ps1/mips/bin/mipsel-none-elf-ld.exe: (.text+0x54): undefined reference to `DAT_80134a6c'
C:/Tools/mips-ps1/mips/bin/mipsel-none-elf-ld.exe: build/recon/syslib/psx/libetc/VSYNC.c.o: in function `VSync':
(.text+0x0): undefined reference to `g_vsync_gp1_ptr'
C:/Tools/mips-ps1/mips/bin/mipsel-none-elf-ld.exe: (.text+0x4): undefined reference to `g_vsync_gp1_ptr'
C:/Tools/mips-ps1/mips/bin/mipsel-none-elf-ld.exe: (.text+0x8): undefined reference to `g_vsync_t1_ptr'
C:/Tools/mips-ps1/mips/bin/mipsel-none-elf-ld.exe: (.text+0xc): undefined reference to `g_vsync_t1_ptr'
C:/Tools/mips-ps1/mips/bin/mipsel-none-elf-ld.exe: (.text+0x84): undefined reference to `vsync_lastcount'
C:/Tools/mips-ps1/mips/bin/mipsel-none-elf-ld.exe: (.text+0x88): undefined reference to `vsync_lastcount'
C:/Tools/mips-ps1/mips/bin/mipsel-none-elf-ld.exe: (.text+0x9c): undefined reference to `vsync_lastcount'
C:/Tools/mips-ps1/mips/bin/mipsel-none-elf-ld.exe: (.text+0xa0): undefined reference to `vsync_lastcount'
C:/Tools/mips-ps1/mips/bin/mipsel-none-elf-ld.exe: (.text+0xb8): undefined reference to `g_vsync_gp1_ptr'
C:/Tools/mips-ps1/mips/bin/mipsel-none-elf-ld.exe: (.text+0xbc): undefined reference to `g_vsync_gp1_ptr'
C:/Tools/mips-ps1/mips/bin/mipsel-none-elf-ld.exe: (.text+0xec): undefined reference to `g_vsync_gp1_ptr'
C:/Tools/mips-ps1/mips/bin/mipsel-none-elf-ld.exe: (.text+0xf0): undefined reference to `g_vsync_gp1_ptr'
C:/Tools/mips-ps1/mips/bin/mipsel-none-elf-ld.exe: (.text+0x12c): undefined reference to `g_vsync_t1_ptr'
C:/Tools/mips-ps1/mips/bin/mipsel-none-elf-ld.exe: (.text+0x130): undefined reference to `g_vsync_t1_ptr'
C:/Tools/mips-ps1/mips/bin/mipsel-none-elf-ld.exe: (.text+0x134): undefined reference to `vsync_lastcount'
C:/Tools/mips-ps1/mips/bin/mipsel-none-elf-ld.exe: (.text+0x138): undefined reference to `vsync_lastcount'
C:/Tools/mips-ps1/mips/bin/mipsel-none-elf-ld.exe: build/recon/syslib/psx/libgte/FGO_01.c.o: in function `RotMatrix':
(.text+0x20): undefined reference to `_rsincos'
C:/Tools/mips-ps1/mips/bin/mipsel-none-elf-ld.exe: (.text+0x28): undefined reference to `_rsincos'
C:/Tools/mips-ps1/mips/bin/mipsel-none-elf-ld.exe: (.text+0x48): undefined reference to `_rsincos'
C:/Tools/mips-ps1/mips/bin/mipsel-none-elf-ld.exe: (.text+0x50): undefined reference to `_rsincos'
C:/Tools/mips-ps1/mips/bin/mipsel-none-elf-ld.exe: (.text+0x84): undefined reference to `_rsincos'
C:/Tools/mips-ps1/mips/bin/mipsel-none-elf-ld.exe: build/recon/syslib/psx/libgte/FGO_01.c.o:(.text+0x8c): more undefined references to `_rsincos' follow
C:/Tools/mips-ps1/mips/bin/mipsel-none-elf-ld.exe: build/recon/syslib/psx/libetc/INTR.c.o: in function `ResetCallback':
(.text+0x0): undefined reference to `g_hooks_ptr'
C:/Tools/mips-ps1/mips/bin/mipsel-none-elf-ld.exe: (.text+0x4): undefined reference to `g_hooks_ptr'
C:/Tools/mips-ps1/mips/bin/mipsel-none-elf-ld.exe: build/recon/syslib/psx/libetc/INTR.c.o: in function `InterruptCallback':
(.text+0x30): undefined reference to `g_hooks_ptr'
C:/Tools/mips-ps1/mips/bin/mipsel-none-elf-ld.exe: (.text+0x34): undefined reference to `g_hooks_ptr'
C:/Tools/mips-ps1/mips/bin/mipsel-none-elf-ld.exe: build/recon/syslib/psx/libetc/INTR.c.o: in function `DMACallback':
(.text+0x60): undefined reference to `g_hooks_ptr'
C:/Tools/mips-ps1/mips/bin/mipsel-none-elf-ld.exe: build/recon/syslib/psx/libetc/INTR.c.o:(.text+0x64): more undefined references to `g_hooks_ptr' follow
C:/Tools/mips-ps1/mips/bin/mipsel-none-elf-ld.exe: build/recon/syslib/psx/libetc/INTR.c.o: in function `SetIntrMask':
(.text+0x104): undefined reference to `g_imask_ptr'
C:/Tools/mips-ps1/mips/bin/mipsel-none-elf-ld.exe: (.text+0x108): undefined reference to `g_imask_ptr'
C:/Tools/mips-ps1/mips/bin/mipsel-none-elf-ld.exe: build/recon/syslib/psx/libetc/INTR.c.o: in function `_initIntr':
(.text+0x140): undefined reference to `g_istat_ptr'
C:/Tools/mips-ps1/mips/bin/mipsel-none-elf-ld.exe: (.text+0x144): undefined reference to `g_istat_ptr'
C:/Tools/mips-ps1/mips/bin/mipsel-none-elf-ld.exe: (.text+0x148): undefined reference to `g_imask_ptr'
C:/Tools/mips-ps1/mips/bin/mipsel-none-elf-ld.exe: (.text+0x14c): undefined reference to `g_imask_ptr'
C:/Tools/mips-ps1/mips/bin/mipsel-none-elf-ld.exe: (.text+0x164): undefined reference to `g_dpcr_ptr'
C:/Tools/mips-ps1/mips/bin/mipsel-none-elf-ld.exe: (.text+0x168): undefined reference to `g_dpcr_ptr'
C:/Tools/mips-ps1/mips/bin/mipsel-none-elf-ld.exe: (.text+0x1b8): undefined reference to `g_hooks_ptr'
C:/Tools/mips-ps1/mips/bin/mipsel-none-elf-ld.exe: (.text+0x1bc): undefined reference to `g_hooks_ptr'
C:/Tools/mips-ps1/mips/bin/mipsel-none-elf-ld.exe: (.text+0x1c8): undefined reference to `g_hooks_ptr'
C:/Tools/mips-ps1/mips/bin/mipsel-none-elf-ld.exe: (.text+0x1cc): undefined reference to `g_hooks_ptr'
C:/Tools/mips-ps1/mips/bin/mipsel-none-elf-ld.exe: build/recon/syslib/psx/libetc/INTR.c.o: in function `_intrhand':
(.text+0x228): undefined reference to `g_istat_ptr'
C:/Tools/mips-ps1/mips/bin/mipsel-none-elf-ld.exe: (.text+0x22c): undefined reference to `g_istat_ptr'
C:/Tools/mips-ps1/mips/bin/mipsel-none-elf-ld.exe: (.text+0x24c): undefined reference to `g_imask_ptr'
C:/Tools/mips-ps1/mips/bin/mipsel-none-elf-ld.exe: (.text+0x250): undefined reference to `g_imask_ptr'
C:/Tools/mips-ps1/mips/bin/mipsel-none-elf-ld.exe: (.text+0x254): undefined reference to `g_istat_ptr'
C:/Tools/mips-ps1/mips/bin/mipsel-none-elf-ld.exe: (.text+0x258): undefined reference to `g_istat_ptr'
C:/Tools/mips-ps1/mips/bin/mipsel-none-elf-ld.exe: (.text+0x2a8): undefined reference to `g_istat_ptr'
C:/Tools/mips-ps1/mips/bin/mipsel-none-elf-ld.exe: (.text+0x2ac): undefined reference to `g_istat_ptr'
C:/Tools/mips-ps1/mips/bin/mipsel-none-elf-ld.exe: (.text+0x2e4): undefined reference to `g_imask_ptr'
C:/Tools/mips-ps1/mips/bin/mipsel-none-elf-ld.exe: (.text+0x2e8): undefined reference to `g_imask_ptr'
C:/Tools/mips-ps1/mips/bin/mipsel-none-elf-ld.exe: (.text+0x2ec): undefined reference to `g_istat_ptr'
C:/Tools/mips-ps1/mips/bin/mipsel-none-elf-ld.exe: (.text+0x2f0): undefined reference to `g_istat_ptr'
C:/Tools/mips-ps1/mips/bin/mipsel-none-elf-ld.exe: (.text+0x314): undefined reference to `g_istat_ptr'
C:/Tools/mips-ps1/mips/bin/mipsel-none-elf-ld.exe: (.text+0x318): undefined reference to `g_istat_ptr'
C:/Tools/mips-ps1/mips/bin/mipsel-none-elf-ld.exe: (.text+0x31c): undefined reference to `g_imask_ptr'
C:/Tools/mips-ps1/mips/bin/mipsel-none-elf-ld.exe: (.text+0x320): undefined reference to `g_imask_ptr'
C:/Tools/mips-ps1/mips/bin/mipsel-none-elf-ld.exe: (.text+0x33c): undefined reference to `g_intr_timeout'
C:/Tools/mips-ps1/mips/bin/mipsel-none-elf-ld.exe: (.text+0x340): undefined reference to `g_intr_timeout'
C:/Tools/mips-ps1/mips/bin/mipsel-none-elf-ld.exe: (.text+0x378): undefined reference to `g_istat_ptr'
C:/Tools/mips-ps1/mips/bin/mipsel-none-elf-ld.exe: (.text+0x37c): undefined reference to `g_istat_ptr'
C:/Tools/mips-ps1/mips/bin/mipsel-none-elf-ld.exe: (.text+0x380): undefined reference to `g_intr_timeout'
C:/Tools/mips-ps1/mips/bin/mipsel-none-elf-ld.exe: (.text+0x384): undefined reference to `g_intr_timeout'
C:/Tools/mips-ps1/mips/bin/mipsel-none-elf-ld.exe: (.text+0x390): undefined reference to `g_intr_timeout'
C:/Tools/mips-ps1/mips/bin/mipsel-none-elf-ld.exe: (.text+0x394): undefined reference to `g_intr_timeout'
C:/Tools/mips-ps1/mips/bin/mipsel-none-elf-ld.exe: build/recon/syslib/psx/libetc/INTR.c.o: in function `_set_intr_callback':
(.text+0x418): undefined reference to `g_imask_ptr'
C:/Tools/mips-ps1/mips/bin/mipsel-none-elf-ld.exe: (.text+0x41c): undefined reference to `g_imask_ptr'
C:/Tools/mips-ps1/mips/bin/mipsel-none-elf-ld.exe: (.text+0x4dc): undefined reference to `g_imask_ptr'
C:/Tools/mips-ps1/mips/bin/mipsel-none-elf-ld.exe: (.text+0x4e0): undefined reference to `g_imask_ptr'
C:/Tools/mips-ps1/mips/bin/mipsel-none-elf-ld.exe: build/recon/syslib/psx/libetc/INTR.c.o: in function `StopCallback':
(.text+0x53c): undefined reference to `g_imask_ptr'
C:/Tools/mips-ps1/mips/bin/mipsel-none-elf-ld.exe: build/recon/syslib/psx/libetc/INTR.c.o:(.text+0x540): more undefined references to `g_imask_ptr' follow
C:/Tools/mips-ps1/mips/bin/mipsel-none-elf-ld.exe: build/recon/syslib/psx/libetc/INTR.c.o: in function `StopCallback':
(.text+0x544): undefined reference to `g_dpcr_ptr'
C:/Tools/mips-ps1/mips/bin/mipsel-none-elf-ld.exe: (.text+0x548): undefined reference to `g_dpcr_ptr'
C:/Tools/mips-ps1/mips/bin/mipsel-none-elf-ld.exe: (.text+0x55c): undefined reference to `g_istat_ptr'
C:/Tools/mips-ps1/mips/bin/mipsel-none-elf-ld.exe: (.text+0x560): undefined reference to `g_istat_ptr'
C:/Tools/mips-ps1/mips/bin/mipsel-none-elf-ld.exe: (.text+0x578): undefined reference to `g_dpcr_ptr'
C:/Tools/mips-ps1/mips/bin/mipsel-none-elf-ld.exe: (.text+0x57c): undefined reference to `g_dpcr_ptr'
C:/Tools/mips-ps1/mips/bin/mipsel-none-elf-ld.exe: build/recon/syslib/psx/libetc/INTR.c.o: in function `RestartCallback':
(.text+0x5dc): undefined reference to `g_imask_ptr'
C:/Tools/mips-ps1/mips/bin/mipsel-none-elf-ld.exe: (.text+0x5e0): undefined reference to `g_imask_ptr'
C:/Tools/mips-ps1/mips/bin/mipsel-none-elf-ld.exe: (.text+0x5f4): undefined reference to `g_dpcr_ptr'
C:/Tools/mips-ps1/mips/bin/mipsel-none-elf-ld.exe: (.text+0x5f8): undefined reference to `g_dpcr_ptr'
C:/Tools/mips-ps1/mips/bin/mipsel-none-elf-ld.exe: build/recon/syslib/psx/libgte/FGO_06.c.o: in function `RotMatrixZ':
(.text+0x20): undefined reference to `_rsincos'
C:/Tools/mips-ps1/mips/bin/mipsel-none-elf-ld.exe: (.text+0x28): undefined reference to `_rsincos'
C:/Tools/mips-ps1/mips/bin/mipsel-none-elf-ld.exe: (.text+0x48): undefined reference to `_rsincos'
C:/Tools/mips-ps1/mips/bin/mipsel-none-elf-ld.exe: (.text+0x50): undefined reference to `_rsincos'
C:/Tools/mips-ps1/mips/bin/mipsel-none-elf-ld.exe: build/recon/syslib/psx/libgpu/FONT.c.o: in function `FntFlush':
(.text+0x44): undefined reference to `_fnt_count'
C:/Tools/mips-ps1/mips/bin/mipsel-none-elf-ld.exe: (.text+0x48): undefined reference to `_fnt_count'
C:/Tools/mips-ps1/mips/bin/mipsel-none-elf-ld.exe: (.text+0x5c): undefined reference to `_fnt_active'
C:/Tools/mips-ps1/mips/bin/mipsel-none-elf-ld.exe: (.text+0x60): undefined reference to `_fnt_active'
C:/Tools/mips-ps1/mips/bin/mipsel-none-elf-ld.exe: (.text+0x74): undefined reference to `_fnt'
C:/Tools/mips-ps1/mips/bin/mipsel-none-elf-ld.exe: (.text+0x7c): undefined reference to `_fnt'
C:/Tools/mips-ps1/mips/bin/mipsel-none-elf-ld.exe: (.text+0x9c): undefined reference to `_fnt'
C:/Tools/mips-ps1/mips/bin/mipsel-none-elf-ld.exe: (.text+0xa0): undefined reference to `_fnt'
C:/Tools/mips-ps1/mips/bin/mipsel-none-elf-ld.exe: build/recon/syslib/psx/libgpu/FONT.c.o: in function `FntPrint':
(.text+0x35c): undefined reference to `_fnt_count'
C:/Tools/mips-ps1/mips/bin/mipsel-none-elf-ld.exe: (.text+0x360): undefined reference to `_fnt_count'
C:/Tools/mips-ps1/mips/bin/mipsel-none-elf-ld.exe: (.text+0x374): undefined reference to `_fnt_active'
C:/Tools/mips-ps1/mips/bin/mipsel-none-elf-ld.exe: (.text+0x378): undefined reference to `_fnt_active'
C:/Tools/mips-ps1/mips/bin/mipsel-none-elf-ld.exe: (.text+0x38c): undefined reference to `_fnt'
C:/Tools/mips-ps1/mips/bin/mipsel-none-elf-ld.exe: (.text+0x394): undefined reference to `_fnt'
C:/Tools/mips-ps1/mips/bin/mipsel-none-elf-ld.exe: (.text+0x3c8): undefined reference to `_fnt'
C:/Tools/mips-ps1/mips/bin/mipsel-none-elf-ld.exe: (.text+0x3cc): undefined reference to `_fnt'
C:/Tools/mips-ps1/mips/bin/mipsel-none-elf-ld.exe: build/recon/eaclib/psx/sndpsxz/salloc.c.o: in function `iSNDfreechan':
(.text+0x638): undefined reference to `DAT_801478f4'
C:/Tools/mips-ps1/mips/bin/mipsel-none-elf-ld.exe: (.text+0x600): undefined reference to `DAT_801478f4'
C:/Tools/mips-ps1/mips/bin/mipsel-none-elf-ld.exe: (.text+0x64c): undefined reference to `DAT_801478f4'
C:/Tools/mips-ps1/mips/bin/mipsel-none-elf-ld.exe: build/recon/eaclib/psx/sndpsxz/spatkey.c.o: in function `iSNDsetslot':
(.text+0x448): undefined reference to `DAT_80147e28'
C:/Tools/mips-ps1/mips/bin/mipsel-none-elf-ld.exe: (.text+0x454): undefined reference to `DAT_80147e28'
C:/Tools/mips-ps1/mips/bin/mipsel-none-elf-ld.exe: build/recon/eaclib/psx/sndpsxz/sdriver.c.o: in function `iSNDplatformfxlevel':
(.text+0x1e0): undefined reference to `DAT_801479f0'
C:/Tools/mips-ps1/mips/bin/mipsel-none-elf-ld.exe: (.text+0x1e4): undefined reference to `DAT_801479f0'
C:/Tools/mips-ps1/mips/bin/mipsel-none-elf-ld.exe: build/recon/eaclib/psx/spchpsxz/spchpick.c.o: in function `iSPCH_ClearChosen':
(.text+0xed4): undefined reference to `DAT_80148448'
C:/Tools/mips-ps1/mips/bin/mipsel-none-elf-ld.exe: (.text+0xedc): undefined reference to `DAT_80148448'
C:/Tools/mips-ps1/mips/bin/mipsel-none-elf-ld.exe: build/recon/eaclib/psx/spchpsxz/spchpick.c.o: in function `iSPCH_SaveChosenSentence':
(.text+0xf18): undefined reference to `DAT_80148448'
C:/Tools/mips-ps1/mips/bin/mipsel-none-elf-ld.exe: (.text+0xf24): undefined reference to `DAT_80148448'
C:/Tools/mips-ps1/mips/bin/mipsel-none-elf-ld.exe: build/recon/eaclib/psx/spchpsxz/spchpick.c.o: in function `iSPCH_OneChosen':
(.text+0xf28): undefined reference to `DAT_80148448'
C:/Tools/mips-ps1/mips/bin/mipsel-none-elf-ld.exe: build/recon/eaclib/psx/spchpsxz/spchpick.c.o:(.text+0xf2c): more undefined references to `DAT_80148448' follow
C:/Tools/mips-ps1/mips/bin/mipsel-none-elf-ld.exe: build/recon/eaclib/psx/spchpsxz/spchpick.c.o: in function `iSPCH_ChooseSentence':
(.text+0x1048): undefined reference to `DAT_80148064'
C:/Tools/mips-ps1/mips/bin/mipsel-none-elf-ld.exe: (.text+0x104c): undefined reference to `DAT_80148064'
C:/Tools/mips-ps1/mips/bin/mipsel-none-elf-ld.exe: build/recon/eaclib/psx/sndpsxz/stagpat.c.o: in function `iSNDplaytaggedtimbre':
(.text+0x61c): undefined reference to `iSNDplatformrate'
C:/Tools/mips-ps1/mips/bin/mipsel-none-elf-ld.exe: (.text+0x624): undefined reference to `iSNDplatformrate'
C:/Tools/mips-ps1/mips/bin/mipsel-none-elf-ld.exe: build/recon/syslib/psx/libetc/INTR_VB.c.o: in function `startIntrVSync':
(.text+0xc): undefined reference to `g_rcnt_ptr'
C:/Tools/mips-ps1/mips/bin/mipsel-none-elf-ld.exe: (.text+0x10): undefined reference to `g_rcnt_ptr'
C:/Tools/mips-ps1/mips/bin/mipsel-none-elf-ld.exe: build/recon/eaclib/psx/eacpsxz/isqrttbl.c.o: in function `remapshiftjiscode':
(.text+0xc): undefined reference to `DAT_8013bd50'
C:/Tools/mips-ps1/mips/bin/mipsel-none-elf-ld.exe: (.text+0x10): undefined reference to `DAT_8013bd50'
C:/Tools/mips-ps1/mips/bin/mipsel-none-elf-ld.exe: build/recon/syslib/psx/libcd/cdread.c.o: in function `_read_sync':
(.text+0x8): undefined reference to `_cdr'
C:/Tools/mips-ps1/mips/bin/mipsel-none-elf-ld.exe: (.text+0xc): undefined reference to `_cdr'
C:/Tools/mips-ps1/mips/bin/mipsel-none-elf-ld.exe: build/recon/syslib/psx/libcd/cdread.c.o: in function `_read_int':
(.text+0x40): undefined reference to `_cdr'
C:/Tools/mips-ps1/mips/bin/mipsel-none-elf-ld.exe: (.text+0x44): undefined reference to `_cdr'
C:/Tools/mips-ps1/mips/bin/mipsel-none-elf-ld.exe: (.text+0xdc): undefined reference to `_cdr'
C:/Tools/mips-ps1/mips/bin/mipsel-none-elf-ld.exe: build/recon/syslib/psx/libcd/cdread.c.o:(.text+0xe0): more undefined references to `_cdr' follow
C:/Tools/mips-ps1/mips/bin/mipsel-none-elf-ld.exe: build/recon/syslib/psx/libcd/event.c.o: in function `_cd_event_init':
(.text+0x98): undefined reference to `CD_init'
C:/Tools/mips-ps1/mips/bin/mipsel-none-elf-ld.exe: build/recon/syslib/psx/libapi/FIRST.c.o: in function `firstfile':
(.text+0x14): undefined reference to `_first_devname'
C:/Tools/mips-ps1/mips/bin/mipsel-none-elf-ld.exe: (.text+0x18): undefined reference to `_first_devname'
C:/Tools/mips-ps1/mips/bin/mipsel-none-elf-ld.exe: (.text+0xac): undefined reference to `_first_devname'
C:/Tools/mips-ps1/mips/bin/mipsel-none-elf-ld.exe: (.text+0xb4): undefined reference to `_first_devname'
C:/Tools/mips-ps1/mips/bin/mipsel-none-elf-ld.exe: (.text+0xe8): undefined reference to `_first_save'
C:/Tools/mips-ps1/mips/bin/mipsel-none-elf-ld.exe: (.text+0xec): undefined reference to `_first_save'
C:/Tools/mips-ps1/mips/bin/mipsel-none-elf-ld.exe: (.text+0x154): undefined reference to `_first_devname'
C:/Tools/mips-ps1/mips/bin/mipsel-none-elf-ld.exe: (.text+0x15c): undefined reference to `_first_devname'
C:/Tools/mips-ps1/mips/bin/mipsel-none-elf-ld.exe: build/recon/syslib/psx/libapi/FIRST.c.o: in function `_first_patch':
(.text+0x1f4): undefined reference to `_first_save'
C:/Tools/mips-ps1/mips/bin/mipsel-none-elf-ld.exe: (.text+0x1f8): undefined reference to `_first_save'
C:/Tools/mips-ps1/mips/bin/mipsel-none-elf-ld.exe: (.text+0x234): undefined reference to `_first_devname'
C:/Tools/mips-ps1/mips/bin/mipsel-none-elf-ld.exe: (.text+0x23c): undefined reference to `_first_devname'
C:/Tools/mips-ps1/mips/bin/mipsel-none-elf-ld.exe: (.text+0x268): undefined reference to `_first_save'
C:/Tools/mips-ps1/mips/bin/mipsel-none-elf-ld.exe: (.text+0x26c): undefined reference to `_first_save'
C:/Tools/mips-ps1/mips/bin/mipsel-none-elf-ld.exe: build/recon/eaclib/psx/sndpsxz/sdplapat.c.o: in function `iSNDplatformplay':
(.text+0x48): undefined reference to `DAT_801479f0'
C:/Tools/mips-ps1/mips/bin/mipsel-none-elf-ld.exe: (.text+0x4c): undefined reference to `DAT_801479f0'
C:/Tools/mips-ps1/mips/bin/mipsel-none-elf-ld.exe: build/recon/syslib/psx/libapi/PAD.c.o: in function `ReadInitPadFlag':
(.text+0x0): undefined reference to `_init_pad_flag'
C:/Tools/mips-ps1/mips/bin/mipsel-none-elf-ld.exe: (.text+0x4): undefined reference to `_init_pad_flag'
C:/Tools/mips-ps1/mips/bin/mipsel-none-elf-ld.exe: build/recon/syslib/psx/libcd/iso9660.c.o: in function `CdSearchFile':
(.text+0x2c): undefined reference to `_cd_search_nopen'
C:/Tools/mips-ps1/mips/bin/mipsel-none-elf-ld.exe: (.text+0x30): undefined reference to `_cd_search_nopen'
C:/Tools/mips-ps1/mips/bin/mipsel-none-elf-ld.exe: (.text+0x84): undefined reference to `_cd_search_nopen'
C:/Tools/mips-ps1/mips/bin/mipsel-none-elf-ld.exe: (.text+0x88): undefined reference to `_cd_search_nopen'
C:/Tools/mips-ps1/mips/bin/mipsel-none-elf-ld.exe: build/recon/syslib/psx/libcd/iso9660.c.o: in function `CD_newmedia':
(.text+0x594): undefined reference to `_cd_cached_dir'
C:/Tools/mips-ps1/mips/bin/mipsel-none-elf-ld.exe: (.text+0x598): undefined reference to `_cd_cached_dir'
C:/Tools/mips-ps1/mips/bin/mipsel-none-elf-ld.exe: build/recon/syslib/psx/libcd/iso9660.c.o: in function `CD_cachefile':
(.text+0x688): undefined reference to `_cd_cached_dir'
C:/Tools/mips-ps1/mips/bin/mipsel-none-elf-ld.exe: (.text+0x68c): undefined reference to `_cd_cached_dir'
C:/Tools/mips-ps1/mips/bin/mipsel-none-elf-ld.exe: (.text+0x8a8): undefined reference to `_cd_cached_dir'
C:/Tools/mips-ps1/mips/bin/mipsel-none-elf-ld.exe: build/recon/syslib/psx/libcd/iso9660.c.o:(.text+0x8ac): more undefined references to `_cd_cached_dir' follow
C:/Tools/mips-ps1/mips/bin/mipsel-none-elf-ld.exe: build/recon/syslib/psx/libetc/INTR_DMA.c.o: in function `startIntrDMA':
(.text+0x28): undefined reference to `dma_cb'
C:/Tools/mips-ps1/mips/bin/mipsel-none-elf-ld.exe: (.text+0x2c): undefined reference to `dma_cb'
C:/Tools/mips-ps1/mips/bin/mipsel-none-elf-ld.exe: (.text+0x40): undefined reference to `g_dicr_ptr'
C:/Tools/mips-ps1/mips/bin/mipsel-none-elf-ld.exe: (.text+0x44): undefined reference to `g_dicr_ptr'
C:/Tools/mips-ps1/mips/bin/mipsel-none-elf-ld.exe: build/recon/syslib/psx/libetc/INTR_DMA.c.o: in function `_dma_isr':
(.text+0x70): undefined reference to `g_dicr_ptr'
C:/Tools/mips-ps1/mips/bin/mipsel-none-elf-ld.exe: (.text+0x74): undefined reference to `g_dicr_ptr'
C:/Tools/mips-ps1/mips/bin/mipsel-none-elf-ld.exe: (.text+0xbc): undefined reference to `dma_cb'
C:/Tools/mips-ps1/mips/bin/mipsel-none-elf-ld.exe: (.text+0xc0): undefined reference to `dma_cb'
C:/Tools/mips-ps1/mips/bin/mipsel-none-elf-ld.exe: (.text+0xe4): undefined reference to `g_dicr_ptr'
C:/Tools/mips-ps1/mips/bin/mipsel-none-elf-ld.exe: (.text+0xe8): undefined reference to `g_dicr_ptr'
C:/Tools/mips-ps1/mips/bin/mipsel-none-elf-ld.exe: (.text+0x128): undefined reference to `g_dicr_ptr'
C:/Tools/mips-ps1/mips/bin/mipsel-none-elf-ld.exe: (.text+0x12c): undefined reference to `g_dicr_ptr'
C:/Tools/mips-ps1/mips/bin/mipsel-none-elf-ld.exe: (.text+0x14c): undefined reference to `g_dicr_ptr'
C:/Tools/mips-ps1/mips/bin/mipsel-none-elf-ld.exe: build/recon/syslib/psx/libetc/INTR_DMA.c.o:(.text+0x150): more undefined references to `g_dicr_ptr' follow
C:/Tools/mips-ps1/mips/bin/mipsel-none-elf-ld.exe: build/recon/syslib/psx/libetc/INTR_DMA.c.o: in function `_dma_isr':
(.text+0x1a4): undefined reference to `g_madr_ptr'
C:/Tools/mips-ps1/mips/bin/mipsel-none-elf-ld.exe: (.text+0x1a8): undefined reference to `g_madr_ptr'
C:/Tools/mips-ps1/mips/bin/mipsel-none-elf-ld.exe: build/recon/syslib/psx/libetc/INTR_DMA.c.o: in function `func_80106878':
(.text+0x1f0): undefined reference to `dma_cb'
C:/Tools/mips-ps1/mips/bin/mipsel-none-elf-ld.exe: (.text+0x1f4): undefined reference to `dma_cb'
C:/Tools/mips-ps1/mips/bin/mipsel-none-elf-ld.exe: (.text+0x21c): undefined reference to `g_dicr_ptr'
C:/Tools/mips-ps1/mips/bin/mipsel-none-elf-ld.exe: (.text+0x220): undefined reference to `g_dicr_ptr'
C:/Tools/mips-ps1/mips/bin/mipsel-none-elf-ld.exe: (.text+0x254): undefined reference to `g_dicr_ptr'
C:/Tools/mips-ps1/mips/bin/mipsel-none-elf-ld.exe: (.text+0x258): undefined reference to `g_dicr_ptr'
C:/Tools/mips-ps1/mips/bin/mipsel-none-elf-ld.exe: build/asm/data/rdata_80054548.rodata.s.o: in function `jtbl_80054F64':
(.rodata+0xa1c): undefined reference to `.L8005E390'
C:/Tools/mips-ps1/mips/bin/mipsel-none-elf-ld.exe: (.rodata+0xa20): undefined reference to `.L8005EDA4'
C:/Tools/mips-ps1/mips/bin/mipsel-none-elf-ld.exe: (.rodata+0xa24): undefined reference to `.L8005E448'
C:/Tools/mips-ps1/mips/bin/mipsel-none-elf-ld.exe: (.rodata+0xa28): undefined reference to `.L8005E91C'
C:/Tools/mips-ps1/mips/bin/mipsel-none-elf-ld.exe: (.rodata+0xa2c): undefined reference to `.L8005E650'
C:/Tools/mips-ps1/mips/bin/mipsel-none-elf-ld.exe: (.rodata+0xa30): undefined reference to `.L8005EDA4'
C:/Tools/mips-ps1/mips/bin/mipsel-none-elf-ld.exe: (.rodata+0xa34): undefined reference to `.L8005EDA4'
C:/Tools/mips-ps1/mips/bin/mipsel-none-elf-ld.exe: (.rodata+0xa38): undefined reference to `.L8005EC68'
C:/Tools/mips-ps1/mips/bin/mipsel-none-elf-ld.exe: (.rodata+0xa3c): undefined reference to `.L8005EDA4'
C:/Tools/mips-ps1/mips/bin/mipsel-none-elf-ld.exe: (.rodata+0xa40): undefined reference to `.L8005ED34'
C:/Tools/mips-ps1/mips/bin/mipsel-none-elf-ld.exe: (.rodata+0xa44): undefined reference to `.L8005EDA4'
C:/Tools/mips-ps1/mips/bin/mipsel-none-elf-ld.exe: build/asm/data/rdata_80054548.rodata.s.o: in function `jtbl_80055040':
(.rodata+0xaf8): undefined reference to `.L80060B70'
C:/Tools/mips-ps1/mips/bin/mipsel-none-elf-ld.exe: (.rodata+0xafc): undefined reference to `.L80060D50'
C:/Tools/mips-ps1/mips/bin/mipsel-none-elf-ld.exe: (.rodata+0xb00): undefined reference to `.L80060924'
C:/Tools/mips-ps1/mips/bin/mipsel-none-elf-ld.exe: (.rodata+0xb04): undefined reference to `.L80060D50'
C:/Tools/mips-ps1/mips/bin/mipsel-none-elf-ld.exe: (.rodata+0xb08): undefined reference to `.L80060D50'
C:/Tools/mips-ps1/mips/bin/mipsel-none-elf-ld.exe: (.rodata+0xb0c): undefined reference to `.L80060D50'
C:/Tools/mips-ps1/mips/bin/mipsel-none-elf-ld.exe: (.rodata+0xb10): undefined reference to `.L80060D50'
C:/Tools/mips-ps1/mips/bin/mipsel-none-elf-ld.exe: (.rodata+0xb14): undefined reference to `.L80060C1C'
C:/Tools/mips-ps1/mips/bin/mipsel-none-elf-ld.exe: (.rodata+0xb18): undefined reference to `.L80060D50'
C:/Tools/mips-ps1/mips/bin/mipsel-none-elf-ld.exe: (.rodata+0xb1c): undefined reference to `.L80060D50'
C:/Tools/mips-ps1/mips/bin/mipsel-none-elf-ld.exe: (.rodata+0xb20): undefined reference to `.L80060C48'
C:/Tools/mips-ps1/mips/bin/mipsel-none-elf-ld.exe: build/asm/data/rdata_80054548.rodata.s.o: in function `jtbl_80055070':
(.rodata+0xb28): undefined reference to `.L80060B30'
C:/Tools/mips-ps1/mips/bin/mipsel-none-elf-ld.exe: (.rodata+0xb2c): undefined reference to `.L80060954'
C:/Tools/mips-ps1/mips/bin/mipsel-none-elf-ld.exe: (.rodata+0xb30): undefined reference to `.L800609EC'
C:/Tools/mips-ps1/mips/bin/mipsel-none-elf-ld.exe: (.rodata+0xb34): undefined reference to `.L80060B30'
C:/Tools/mips-ps1/mips/bin/mipsel-none-elf-ld.exe: (.rodata+0xb38): undefined reference to `.L800609F8'
C:/Tools/mips-ps1/mips/bin/mipsel-none-elf-ld.exe: (.rodata+0xb3c): undefined reference to `.L80060B30'
C:/Tools/mips-ps1/mips/bin/mipsel-none-elf-ld.exe: build/asm/data/rdata_80054548.rodata.s.o: in function `jtbl_80055118':
(.rodata+0xbd0): undefined reference to `.L80063808'
C:/Tools/mips-ps1/mips/bin/mipsel-none-elf-ld.exe: (.rodata+0xbd4): undefined reference to `.L80063AC0'
C:/Tools/mips-ps1/mips/bin/mipsel-none-elf-ld.exe: (.rodata+0xbd8): undefined reference to `.L80063858'
C:/Tools/mips-ps1/mips/bin/mipsel-none-elf-ld.exe: (.rodata+0xbdc): undefined reference to `.L80063AC0'
C:/Tools/mips-ps1/mips/bin/mipsel-none-elf-ld.exe: (.rodata+0xbe0): undefined reference to `.L80063988'
C:/Tools/mips-ps1/mips/bin/mipsel-none-elf-ld.exe: (.rodata+0xbe4): undefined reference to `.L80063AC0'
C:/Tools/mips-ps1/mips/bin/mipsel-none-elf-ld.exe: (.rodata+0xbe8): undefined reference to `.L80063AC0'
C:/Tools/mips-ps1/mips/bin/mipsel-none-elf-ld.exe: (.rodata+0xbec): undefined reference to `.L80063AC0'
C:/Tools/mips-ps1/mips/bin/mipsel-none-elf-ld.exe: (.rodata+0xbf0): undefined reference to `.L80063AC0'
C:/Tools/mips-ps1/mips/bin/mipsel-none-elf-ld.exe: (.rodata+0xbf4): undefined reference to `.L80063AC0'
C:/Tools/mips-ps1/mips/bin/mipsel-none-elf-ld.exe: build/asm/data/rdata_80054548.rodata.s.o:(.rodata+0xbf8): more undefined references to `.L80063AC0' follow
C:/Tools/mips-ps1/mips/bin/mipsel-none-elf-ld.exe: build/asm/data/rdata_80054548.rodata.s.o: in function `jtbl_8005516C':
(.rodata+0xc24): undefined reference to `.L80063D38'
C:/Tools/mips-ps1/mips/bin/mipsel-none-elf-ld.exe: (.rodata+0xc28): undefined reference to `.L80063E28'
C:/Tools/mips-ps1/mips/bin/mipsel-none-elf-ld.exe: (.rodata+0xc2c): undefined reference to `.L8006422C'
C:/Tools/mips-ps1/mips/bin/mipsel-none-elf-ld.exe: (.rodata+0xc30): undefined reference to `.L800648D8'
C:/Tools/mips-ps1/mips/bin/mipsel-none-elf-ld.exe: (.rodata+0xc34): undefined reference to `.L80064440'
C:/Tools/mips-ps1/mips/bin/mipsel-none-elf-ld.exe: (.rodata+0xc38): undefined reference to `.L80065118'
C:/Tools/mips-ps1/mips/bin/mipsel-none-elf-ld.exe: (.rodata+0xc3c): undefined reference to `.L8006536C'
C:/Tools/mips-ps1/mips/bin/mipsel-none-elf-ld.exe: (.rodata+0xc40): undefined reference to `.L8006536C'
C:/Tools/mips-ps1/mips/bin/mipsel-none-elf-ld.exe: (.rodata+0xc44): undefined reference to `.L8006536C'
C:/Tools/mips-ps1/mips/bin/mipsel-none-elf-ld.exe: (.rodata+0xc48): undefined reference to `.L800652FC'
C:/Tools/mips-ps1/mips/bin/mipsel-none-elf-ld.exe: (.rodata+0xc4c): undefined reference to `.L8006536C'
C:/Tools/mips-ps1/mips/bin/mipsel-none-elf-ld.exe: build/asm/data/rdata_80054548.rodata.s.o: in function `jtbl_800551C8':
(.rodata+0xc80): undefined reference to `.L80065ED0'
C:/Tools/mips-ps1/mips/bin/mipsel-none-elf-ld.exe: (.rodata+0xc84): undefined reference to `.L80065FD4'
C:/Tools/mips-ps1/mips/bin/mipsel-none-elf-ld.exe: (.rodata+0xc88): undefined reference to `.L800661E0'
C:/Tools/mips-ps1/mips/bin/mipsel-none-elf-ld.exe: (.rodata+0xc8c): undefined reference to `.L80066514'
C:/Tools/mips-ps1/mips/bin/mipsel-none-elf-ld.exe: (.rodata+0xc90): undefined reference to `.L800666D0'
C:/Tools/mips-ps1/mips/bin/mipsel-none-elf-ld.exe: (.rodata+0xc94): undefined reference to `.L800666D0'
C:/Tools/mips-ps1/mips/bin/mipsel-none-elf-ld.exe: (.rodata+0xc98): undefined reference to `.L800665A4'
C:/Tools/mips-ps1/mips/bin/mipsel-none-elf-ld.exe: (.rodata+0xc9c): undefined reference to `.L800666D0'
C:/Tools/mips-ps1/mips/bin/mipsel-none-elf-ld.exe: (.rodata+0xca0): undefined reference to `.L800666D0'
C:/Tools/mips-ps1/mips/bin/mipsel-none-elf-ld.exe: (.rodata+0xca4): undefined reference to `.L800666D0'
C:/Tools/mips-ps1/mips/bin/mipsel-none-elf-ld.exe: (.rodata+0xca8): undefined reference to `.L800666D0'
C:/Tools/mips-ps1/mips/bin/mipsel-none-elf-ld.exe: build/asm/data/rdata_80054548.rodata.s.o: in function `jtbl_8005573C':
(.rodata+0x11f4): undefined reference to `.L80078BAC'
C:/Tools/mips-ps1/mips/bin/mipsel-none-elf-ld.exe: (.rodata+0x11f8): undefined reference to `.L80078C84'
C:/Tools/mips-ps1/mips/bin/mipsel-none-elf-ld.exe: (.rodata+0x11fc): undefined reference to `.L80078BCC'
C:/Tools/mips-ps1/mips/bin/mipsel-none-elf-ld.exe: (.rodata+0x1200): undefined reference to `.L80078C84'
C:/Tools/mips-ps1/mips/bin/mipsel-none-elf-ld.exe: (.rodata+0x1204): undefined reference to `.L80078C84'
C:/Tools/mips-ps1/mips/bin/mipsel-none-elf-ld.exe: (.rodata+0x1208): undefined reference to `.L80078BCC'
C:/Tools/mips-ps1/mips/bin/mipsel-none-elf-ld.exe: (.rodata+0x120c): undefined reference to `.L80078C84'
C:/Tools/mips-ps1/mips/bin/mipsel-none-elf-ld.exe: (.rodata+0x1210): undefined reference to `.L80078C84'
C:/Tools/mips-ps1/mips/bin/mipsel-none-elf-ld.exe: (.rodata+0x1214): undefined reference to `.L80078BAC'
C:/Tools/mips-ps1/mips/bin/mipsel-none-elf-ld.exe: (.rodata+0x1218): undefined reference to `.L80078BAC'
C:/Tools/mips-ps1/mips/bin/mipsel-none-elf-ld.exe: (.rodata+0x121c): undefined reference to `.L80078BCC'
C:/Tools/mips-ps1/mips/bin/mipsel-none-elf-ld.exe: (.rodata+0x1220): undefined reference to `.L80078BAC'
C:/Tools/mips-ps1/mips/bin/mipsel-none-elf-ld.exe: build/asm/data/rdata_80054548.rodata.s.o: in function `jtbl_800558C8':
(.rodata+0x1380): undefined reference to `.L80083710'
C:/Tools/mips-ps1/mips/bin/mipsel-none-elf-ld.exe: (.rodata+0x1384): undefined reference to `.L80083710'
C:/Tools/mips-ps1/mips/bin/mipsel-none-elf-ld.exe: (.rodata+0x1388): undefined reference to `.L80083720'
C:/Tools/mips-ps1/mips/bin/mipsel-none-elf-ld.exe: (.rodata+0x138c): undefined reference to `.L80083734'
C:/Tools/mips-ps1/mips/bin/mipsel-none-elf-ld.exe: (.rodata+0x1390): undefined reference to `.L80083748'
C:/Tools/mips-ps1/mips/bin/mipsel-none-elf-ld.exe: (.rodata+0x1394): undefined reference to `.L8008375C'
C:/Tools/mips-ps1/mips/bin/mipsel-none-elf-ld.exe: (.rodata+0x1398): undefined reference to `.L80083770'
C:/Tools/mips-ps1/mips/bin/mipsel-none-elf-ld.exe: (.rodata+0x139c): undefined reference to `.L80083784'
C:/Tools/mips-ps1/mips/bin/mipsel-none-elf-ld.exe: (.rodata+0x13a0): undefined reference to `.L800837E8'
C:/Tools/mips-ps1/mips/bin/mipsel-none-elf-ld.exe: (.rodata+0x13a4): undefined reference to `.L800837E8'
C:/Tools/mips-ps1/mips/bin/mipsel-none-elf-ld.exe: (.rodata+0x13a8): undefined reference to `.L80083798'
C:/Tools/mips-ps1/mips/bin/mipsel-none-elf-ld.exe: (.rodata+0x13ac): undefined reference to `.L800837A8'
C:/Tools/mips-ps1/mips/bin/mipsel-none-elf-ld.exe: (.rodata+0x13b0): undefined reference to `.L800837B8'
C:/Tools/mips-ps1/mips/bin/mipsel-none-elf-ld.exe: (.rodata+0x13b4): undefined reference to `.L800837C8'
C:/Tools/mips-ps1/mips/bin/mipsel-none-elf-ld.exe: (.rodata+0x13b8): undefined reference to `.L800837D8'
C:/Tools/mips-ps1/mips/bin/mipsel-none-elf-ld.exe: (.rodata+0x13bc): undefined reference to `.L800837E8'
C:/Tools/mips-ps1/mips/bin/mipsel-none-elf-ld.exe: (.rodata+0x13c0): undefined reference to `.L800837F8'
C:/Tools/mips-ps1/mips/bin/mipsel-none-elf-ld.exe: (.rodata+0x13c4): undefined reference to `.L80083808'
C:/Tools/mips-ps1/mips/bin/mipsel-none-elf-ld.exe: (.rodata+0x13c8): undefined reference to `.L80083808'
C:/Tools/mips-ps1/mips/bin/mipsel-none-elf-ld.exe: build/asm/data/rdata_80054548.rodata.s.o: in function `jtbl_80055918':
(.rodata+0x13d0): undefined reference to `.L80084F74'
C:/Tools/mips-ps1/mips/bin/mipsel-none-elf-ld.exe: (.rodata+0x13d4): undefined reference to `.L80084F74'
C:/Tools/mips-ps1/mips/bin/mipsel-none-elf-ld.exe: (.rodata+0x13d8): undefined reference to `.L80084F74'
C:/Tools/mips-ps1/mips/bin/mipsel-none-elf-ld.exe: (.rodata+0x13dc): undefined reference to `.L80084F94'
C:/Tools/mips-ps1/mips/bin/mipsel-none-elf-ld.exe: (.rodata+0x13e0): undefined reference to `.L80084F94'
C:/Tools/mips-ps1/mips/bin/mipsel-none-elf-ld.exe: (.rodata+0x13e4): undefined reference to `.L80084F84'
C:/Tools/mips-ps1/mips/bin/mipsel-none-elf-ld.exe: build/asm/data/rdata_80054548.rodata.s.o: in function `jtbl_80055930':
(.rodata+0x13e8): undefined reference to `.L8008552C'
C:/Tools/mips-ps1/mips/bin/mipsel-none-elf-ld.exe: (.rodata+0x13ec): undefined reference to `.L8008552C'
C:/Tools/mips-ps1/mips/bin/mipsel-none-elf-ld.exe: (.rodata+0x13f0): undefined reference to `.L8008552C'
C:/Tools/mips-ps1/mips/bin/mipsel-none-elf-ld.exe: (.rodata+0x13f4): undefined reference to `.L8008552C'
C:/Tools/mips-ps1/mips/bin/mipsel-none-elf-ld.exe: (.rodata+0x13f8): undefined reference to `.L8008552C'
C:/Tools/mips-ps1/mips/bin/mipsel-none-elf-ld.exe: build/asm/data/rdata_80054548.rodata.s.o:(.rodata+0x13fc): more undefined references to `.L8008552C' follow
C:/Tools/mips-ps1/mips/bin/mipsel-none-elf-ld.exe: build/asm/data/rdata_80054548.rodata.s.o: in function `jtbl_80055930':
(.rodata+0x1418): undefined reference to `.L80085524'
C:/Tools/mips-ps1/mips/bin/mipsel-none-elf-ld.exe: (.rodata+0x141c): undefined reference to `.L8008552C'
C:/Tools/mips-ps1/mips/bin/mipsel-none-elf-ld.exe: (.rodata+0x1420): undefined reference to `.L80085524'
C:/Tools/mips-ps1/mips/bin/mipsel-none-elf-ld.exe: (.rodata+0x1424): undefined reference to `.L8008552C'
C:/Tools/mips-ps1/mips/bin/mipsel-none-elf-ld.exe: (.rodata+0x1428): undefined reference to `.L8008552C'
C:/Tools/mips-ps1/mips/bin/mipsel-none-elf-ld.exe: (.rodata+0x142c): undefined reference to `.L8008552C'
C:/Tools/mips-ps1/mips/bin/mipsel-none-elf-ld.exe: (.rodata+0x1430): undefined reference to `.L8008552C'
C:/Tools/mips-ps1/mips/bin/mipsel-none-elf-ld.exe: build/asm/data/rdata_80054548.rodata.s.o: in function `jtbl_80055A28':
(.rodata+0x14e0): undefined reference to `.L800921A8'
C:/Tools/mips-ps1/mips/bin/mipsel-none-elf-ld.exe: (.rodata+0x14e4): undefined reference to `.L800921CC'
C:/Tools/mips-ps1/mips/bin/mipsel-none-elf-ld.exe: (.rodata+0x14e8): undefined reference to `.L800921F0'
C:/Tools/mips-ps1/mips/bin/mipsel-none-elf-ld.exe: (.rodata+0x14ec): undefined reference to `.L80092220'
C:/Tools/mips-ps1/mips/bin/mipsel-none-elf-ld.exe: (.rodata+0x14f0): undefined reference to `.L80092274'
C:/Tools/mips-ps1/mips/bin/mipsel-none-elf-ld.exe: (.rodata+0x14f4): undefined reference to `.L8009240C'
C:/Tools/mips-ps1/mips/bin/mipsel-none-elf-ld.exe: (.rodata+0x14f8): undefined reference to `.L8009240C'
C:/Tools/mips-ps1/mips/bin/mipsel-none-elf-ld.exe: (.rodata+0x14fc): undefined reference to `.L800922D8'
C:/Tools/mips-ps1/mips/bin/mipsel-none-elf-ld.exe: (.rodata+0x1500): undefined reference to `.L8009236C'
C:/Tools/mips-ps1/mips/bin/mipsel-none-elf-ld.exe: (.rodata+0x1504): undefined reference to `.L8009240C'
C:/Tools/mips-ps1/mips/bin/mipsel-none-elf-ld.exe: (.rodata+0x1508): undefined reference to `.L800923BC'
C:/Tools/mips-ps1/mips/bin/mipsel-none-elf-ld.exe: build/asm/data/rdata_80054548.rodata.s.o: in function `jtbl_80056418':
(.rodata+0x1ed0): undefined reference to `.L800B03F4'
C:/Tools/mips-ps1/mips/bin/mipsel-none-elf-ld.exe: (.rodata+0x1ed4): undefined reference to `.L800B0400'
C:/Tools/mips-ps1/mips/bin/mipsel-none-elf-ld.exe: (.rodata+0x1ed8): undefined reference to `.L800B0400'
C:/Tools/mips-ps1/mips/bin/mipsel-none-elf-ld.exe: (.rodata+0x1edc): undefined reference to `.L800B04AC'
C:/Tools/mips-ps1/mips/bin/mipsel-none-elf-ld.exe: (.rodata+0x1ee0): undefined reference to `.L800B04B8'
C:/Tools/mips-ps1/mips/bin/mipsel-none-elf-ld.exe: (.rodata+0x1ee4): undefined reference to `.L800B0440'
C:/Tools/mips-ps1/mips/bin/mipsel-none-elf-ld.exe: (.rodata+0x1ee8): undefined reference to `.L800B044C'
C:/Tools/mips-ps1/mips/bin/mipsel-none-elf-ld.exe: (.rodata+0x1eec): undefined reference to `.L800B03F4'
C:/Tools/mips-ps1/mips/bin/mipsel-none-elf-ld.exe: (.rodata+0x1ef0): undefined reference to `.L800B05D0'
C:/Tools/mips-ps1/mips/bin/mipsel-none-elf-ld.exe: (.rodata+0x1ef4): undefined reference to `.L800B0418'
C:/Tools/mips-ps1/mips/bin/mipsel-none-elf-ld.exe: (.rodata+0x1ef8): undefined reference to `.L800B0424'
C:/Tools/mips-ps1/mips/bin/mipsel-none-elf-ld.exe: (.rodata+0x1efc): undefined reference to `.L800B04A0'
C:/Tools/mips-ps1/mips/bin/mipsel-none-elf-ld.exe: (.rodata+0x1f00): undefined reference to `.L800B0484'
C:/Tools/mips-ps1/mips/bin/mipsel-none-elf-ld.exe: (.rodata+0x1f04): undefined reference to `.L800B05A0'
C:/Tools/mips-ps1/mips/bin/mipsel-none-elf-ld.exe: (.rodata+0x1f08): undefined reference to `.L800B05B0'
C:/Tools/mips-ps1/mips/bin/mipsel-none-elf-ld.exe: (.rodata+0x1f0c): undefined reference to `.L800B05CC'
C:/Tools/mips-ps1/mips/bin/mipsel-none-elf-ld.exe: (.rodata+0x1f10): undefined reference to `.L800B04C4'
C:/Tools/mips-ps1/mips/bin/mipsel-none-elf-ld.exe: (.rodata+0x1f14): undefined reference to `.L800B04DC'
C:/Tools/mips-ps1/mips/bin/mipsel-none-elf-ld.exe: (.rodata+0x1f18): undefined reference to `.L800B0510'
C:/Tools/mips-ps1/mips/bin/mipsel-none-elf-ld.exe: (.rodata+0x1f1c): undefined reference to `.L800B0534'
C:/Tools/mips-ps1/mips/bin/mipsel-none-elf-ld.exe: (.rodata+0x1f20): undefined reference to `.L800B0468'
C:/Tools/mips-ps1/mips/bin/mipsel-none-elf-ld.exe: build/asm/data/rdata_80054548.rodata.s.o: in function `jtbl_80056470':
(.rodata+0x1f28): undefined reference to `.L800B05F4'
C:/Tools/mips-ps1/mips/bin/mipsel-none-elf-ld.exe: (.rodata+0x1f2c): undefined reference to `.L800B05F4'
C:/Tools/mips-ps1/mips/bin/mipsel-none-elf-ld.exe: (.rodata+0x1f30): undefined reference to `.L800B0600'
C:/Tools/mips-ps1/mips/bin/mipsel-none-elf-ld.exe: (.rodata+0x1f34): undefined reference to `.L800B0600'
C:/Tools/mips-ps1/mips/bin/mipsel-none-elf-ld.exe: (.rodata+0x1f38): undefined reference to `.L800B0648'
C:/Tools/mips-ps1/mips/bin/mipsel-none-elf-ld.exe: (.rodata+0x1f3c): undefined reference to `.L800B0648'
C:/Tools/mips-ps1/mips/bin/mipsel-none-elf-ld.exe: build/asm/data/rdata_80054548.rodata.s.o: in function `jtbl_80056488':
(.rodata+0x1f40): undefined reference to `.L800B0AB8'
C:/Tools/mips-ps1/mips/bin/mipsel-none-elf-ld.exe: (.rodata+0x1f44): undefined reference to `.L800B0AB8'
C:/Tools/mips-ps1/mips/bin/mipsel-none-elf-ld.exe: (.rodata+0x1f48): undefined reference to `.L800B0AC4'
C:/Tools/mips-ps1/mips/bin/mipsel-none-elf-ld.exe: (.rodata+0x1f4c): undefined reference to `.L800B0AF4'
C:/Tools/mips-ps1/mips/bin/mipsel-none-elf-ld.exe: (.rodata+0x1f50): undefined reference to `.L800B0B3C'
C:/Tools/mips-ps1/mips/bin/mipsel-none-elf-ld.exe: (.rodata+0x1f54): undefined reference to `.L800B0B3C'
C:/Tools/mips-ps1/mips/bin/mipsel-none-elf-ld.exe: (.rodata+0x1f58): undefined reference to `.L800B0BD0'
C:/Tools/mips-ps1/mips/bin/mipsel-none-elf-ld.exe: (.rodata+0x1f5c): undefined reference to `.L800B0BD0'
C:/Tools/mips-ps1/mips/bin/mipsel-none-elf-ld.exe: (.rodata+0x1f60): undefined reference to `.L800B0BD0'
C:/Tools/mips-ps1/mips/bin/mipsel-none-elf-ld.exe: (.rodata+0x1f64): undefined reference to `.L800B0BD0'
C:/Tools/mips-ps1/mips/bin/mipsel-none-elf-ld.exe: (.rodata+0x1f68): undefined reference to `.L800B0BD0'
C:/Tools/mips-ps1/mips/bin/mipsel-none-elf-ld.exe: build/asm/data/rdata_80054548.rodata.s.o:(.rodata+0x1f6c): more undefined references to `.L800B0BD0' follow
C:/Tools/mips-ps1/mips/bin/mipsel-none-elf-ld.exe: build/asm/data/rdata_80054548.rodata.s.o: in function `jtbl_80056488':
(.rodata+0x1f70): undefined reference to `.L800B0A3C'
C:/Tools/mips-ps1/mips/bin/mipsel-none-elf-ld.exe: (.rodata+0x1f74): undefined reference to `.L800B0A64'
C:/Tools/mips-ps1/mips/bin/mipsel-none-elf-ld.exe: (.rodata+0x1f78): undefined reference to `.L800B0A64'
C:/Tools/mips-ps1/mips/bin/mipsel-none-elf-ld.exe: (.rodata+0x1f7c): undefined reference to `.L800B0A64'
C:/Tools/mips-ps1/mips/bin/mipsel-none-elf-ld.exe: (.rodata+0x1f80): undefined reference to `.L800B0A64'
C:/Tools/mips-ps1/mips/bin/mipsel-none-elf-ld.exe: (.rodata+0x1f84): undefined reference to `.L800B0A64'
C:/Tools/mips-ps1/mips/bin/mipsel-none-elf-ld.exe: (.rodata+0x1f88): undefined reference to `.L800B0A70'
C:/Tools/mips-ps1/mips/bin/mipsel-none-elf-ld.exe: (.rodata+0x1f8c): undefined reference to `.L800B0A88'
C:/Tools/mips-ps1/mips/bin/mipsel-none-elf-ld.exe: (.rodata+0x1f90): undefined reference to `.L800B0A94'
C:/Tools/mips-ps1/mips/bin/mipsel-none-elf-ld.exe: (.rodata+0x1f94): undefined reference to `.L800B0AAC'
C:/Tools/mips-ps1/mips/bin/mipsel-none-elf-ld.exe: build/asm/data/rdata_80054548.rodata.s.o: in function `jtbl_800564E0':
(.rodata+0x1f98): undefined reference to `.L800B1B00'
C:/Tools/mips-ps1/mips/bin/mipsel-none-elf-ld.exe: (.rodata+0x1f9c): undefined reference to `.L800B1B14'
C:/Tools/mips-ps1/mips/bin/mipsel-none-elf-ld.exe: (.rodata+0x1fa0): undefined reference to `.L800B1C08'
C:/Tools/mips-ps1/mips/bin/mipsel-none-elf-ld.exe: (.rodata+0x1fa4): undefined reference to `.L800B1C0C'
C:/Tools/mips-ps1/mips/bin/mipsel-none-elf-ld.exe: (.rodata+0x1fa8): undefined reference to `.L800B1C0C'
C:/Tools/mips-ps1/mips/bin/mipsel-none-elf-ld.exe: (.rodata+0x1fac): undefined reference to `.L800B1B84'
C:/Tools/mips-ps1/mips/bin/mipsel-none-elf-ld.exe: (.rodata+0x1fb0): undefined reference to `.L800B1BA0'
C:/Tools/mips-ps1/mips/bin/mipsel-none-elf-ld.exe: (.rodata+0x1fb4): undefined reference to `.L800B1B30'
C:/Tools/mips-ps1/mips/bin/mipsel-none-elf-ld.exe: (.rodata+0x1fb8): undefined reference to `.L800B1C08'
C:/Tools/mips-ps1/mips/bin/mipsel-none-elf-ld.exe: (.rodata+0x1fbc): undefined reference to `.L800B1B4C'
C:/Tools/mips-ps1/mips/bin/mipsel-none-elf-ld.exe: (.rodata+0x1fc0): undefined reference to `.L800B1B68'
C:/Tools/mips-ps1/mips/bin/mipsel-none-elf-ld.exe: (.rodata+0x1fc4): undefined reference to `.L800B1BF4'
C:/Tools/mips-ps1/mips/bin/mipsel-none-elf-ld.exe: (.rodata+0x1fc8): undefined reference to `.L800B1BD8'
C:/Tools/mips-ps1/mips/bin/mipsel-none-elf-ld.exe: (.rodata+0x1fcc): undefined reference to `.L800B1C0C'
C:/Tools/mips-ps1/mips/bin/mipsel-none-elf-ld.exe: (.rodata+0x1fd0): undefined reference to `.L800B1C00'
C:/Tools/mips-ps1/mips/bin/mipsel-none-elf-ld.exe: (.rodata+0x1fd4): undefined reference to `.L800B1C0C'
C:/Tools/mips-ps1/mips/bin/mipsel-none-elf-ld.exe: (.rodata+0x1fd8): undefined reference to `.L800B1C0C'
C:/Tools/mips-ps1/mips/bin/mipsel-none-elf-ld.exe: (.rodata+0x1fdc): undefined reference to `.L800B1C00'
C:/Tools/mips-ps1/mips/bin/mipsel-none-elf-ld.exe: (.rodata+0x1fe0): undefined reference to `.L800B1C0C'
C:/Tools/mips-ps1/mips/bin/mipsel-none-elf-ld.exe: (.rodata+0x1fe4): undefined reference to `.L800B1C0C'
C:/Tools/mips-ps1/mips/bin/mipsel-none-elf-ld.exe: (.rodata+0x1fe8): undefined reference to `.L800B1BBC'
C:/Tools/mips-ps1/mips/bin/mipsel-none-elf-ld.exe: build/asm/data/rdata_80054548.rodata.s.o: in function `jtbl_80056578':
(.rodata+0x2030): undefined reference to `.L800B522C'
C:/Tools/mips-ps1/mips/bin/mipsel-none-elf-ld.exe: (.rodata+0x2034): undefined reference to `.L800B5244'
C:/Tools/mips-ps1/mips/bin/mipsel-none-elf-ld.exe: (.rodata+0x2038): undefined reference to `.L800B5254'
C:/Tools/mips-ps1/mips/bin/mipsel-none-elf-ld.exe: (.rodata+0x203c): undefined reference to `.L800B526C'
C:/Tools/mips-ps1/mips/bin/mipsel-none-elf-ld.exe: (.rodata+0x2040): undefined reference to `.L800B52EC'
C:/Tools/mips-ps1/mips/bin/mipsel-none-elf-ld.exe: build/asm/data/rdata_80054548.rodata.s.o: in function `jtbl_80056690':
(.rodata+0x2148): undefined reference to `.L800BA714'
C:/Tools/mips-ps1/mips/bin/mipsel-none-elf-ld.exe: (.rodata+0x214c): undefined reference to `.L800BA7BC'
C:/Tools/mips-ps1/mips/bin/mipsel-none-elf-ld.exe: (.rodata+0x2150): undefined reference to `.L800BA7BC'
C:/Tools/mips-ps1/mips/bin/mipsel-none-elf-ld.exe: (.rodata+0x2154): undefined reference to `.L800BA7BC'
C:/Tools/mips-ps1/mips/bin/mipsel-none-elf-ld.exe: (.rodata+0x2158): undefined reference to `.L800BA7BC'
C:/Tools/mips-ps1/mips/bin/mipsel-none-elf-ld.exe: (.rodata+0x215c): undefined reference to `.L800BA770'
C:/Tools/mips-ps1/mips/bin/mipsel-none-elf-ld.exe: (.rodata+0x2160): undefined reference to `.L800BA78C'
C:/Tools/mips-ps1/mips/bin/mipsel-none-elf-ld.exe: (.rodata+0x2164): undefined reference to `.L800BA7BC'
C:/Tools/mips-ps1/mips/bin/mipsel-none-elf-ld.exe: (.rodata+0x2168): undefined reference to `.L800BA7BC'
C:/Tools/mips-ps1/mips/bin/mipsel-none-elf-ld.exe: (.rodata+0x216c): undefined reference to `.L800BA7BC'
C:/Tools/mips-ps1/mips/bin/mipsel-none-elf-ld.exe: (.rodata+0x2170): undefined reference to `.L800BA7BC'
C:/Tools/mips-ps1/mips/bin/mipsel-none-elf-ld.exe: (.rodata+0x2174): undefined reference to `.L800BA7BC'
C:/Tools/mips-ps1/mips/bin/mipsel-none-elf-ld.exe: build/asm/data/rdata_80054548.rodata.s.o:(.rodata+0x2178): more undefined references to `.L800BA7BC' follow
C:/Tools/mips-ps1/mips/bin/mipsel-none-elf-ld.exe: build/asm/data/rdata_80054548.rodata.s.o: in function `jtbl_80056690':
(.rodata+0x217c): undefined reference to `.L800BA734'
C:/Tools/mips-ps1/mips/bin/mipsel-none-elf-ld.exe: (.rodata+0x2180): undefined reference to `.L800BA7BC'
C:/Tools/mips-ps1/mips/bin/mipsel-none-elf-ld.exe: (.rodata+0x2184): undefined reference to `.L800BA7BC'
C:/Tools/mips-ps1/mips/bin/mipsel-none-elf-ld.exe: (.rodata+0x2188): undefined reference to `.L800BA7BC'
C:/Tools/mips-ps1/mips/bin/mipsel-none-elf-ld.exe: (.rodata+0x218c): undefined reference to `.L800BA7BC'
C:/Tools/mips-ps1/mips/bin/mipsel-none-elf-ld.exe: (.rodata+0x2190): undefined reference to `.L800BA7BC'
C:/Tools/mips-ps1/mips/bin/mipsel-none-elf-ld.exe: build/asm/data/rdata_80054548.rodata.s.o:(.rodata+0x2194): more undefined references to `.L800BA7BC' follow
C:/Tools/mips-ps1/mips/bin/mipsel-none-elf-ld.exe: build/asm/data/rdata_80054548.rodata.s.o: in function `jtbl_80056690':
(.rodata+0x21d0): undefined reference to `.L800BA754'
C:/Tools/mips-ps1/mips/bin/mipsel-none-elf-ld.exe: (.rodata+0x21d4): undefined reference to `.L800BA7BC'
C:/Tools/mips-ps1/mips/bin/mipsel-none-elf-ld.exe: (.rodata+0x21d8): undefined reference to `.L800BA7A8'
C:/Tools/mips-ps1/mips/bin/mipsel-none-elf-ld.exe: build/asm/data/rdata_80054548.rodata.s.o: in function `jtbl_80056788':
(.rodata+0x2240): undefined reference to `.L800BC4A0'
C:/Tools/mips-ps1/mips/bin/mipsel-none-elf-ld.exe: (.rodata+0x2244): undefined reference to `.L800BC4C4'
C:/Tools/mips-ps1/mips/bin/mipsel-none-elf-ld.exe: (.rodata+0x2248): undefined reference to `.L800BC4C4'
C:/Tools/mips-ps1/mips/bin/mipsel-none-elf-ld.exe: (.rodata+0x224c): undefined reference to `.L800BC4C4'
C:/Tools/mips-ps1/mips/bin/mipsel-none-elf-ld.exe: (.rodata+0x2250): undefined reference to `.L800BC4A0'
C:/Tools/mips-ps1/mips/bin/mipsel-none-elf-ld.exe: (.rodata+0x2254): undefined reference to `.L800BC4A0'
C:/Tools/mips-ps1/mips/bin/mipsel-none-elf-ld.exe: (.rodata+0x2258): undefined reference to `.L800BC4C4'
C:/Tools/mips-ps1/mips/bin/mipsel-none-elf-ld.exe: (.rodata+0x225c): undefined reference to `.L800BC4C4'
C:/Tools/mips-ps1/mips/bin/mipsel-none-elf-ld.exe: (.rodata+0x2260): undefined reference to `.L800BC4A8'
C:/Tools/mips-ps1/mips/bin/mipsel-none-elf-ld.exe: (.rodata+0x2264): undefined reference to `.L800BC4C4'
C:/Tools/mips-ps1/mips/bin/mipsel-none-elf-ld.exe: (.rodata+0x2268): undefined reference to `.L800BC4C4'
C:/Tools/mips-ps1/mips/bin/mipsel-none-elf-ld.exe: (.rodata+0x226c): undefined reference to `.L800BC4C4'
C:/Tools/mips-ps1/mips/bin/mipsel-none-elf-ld.exe: (.rodata+0x2270): undefined reference to `.L800BC4B0'
C:/Tools/mips-ps1/mips/bin/mipsel-none-elf-ld.exe: (.rodata+0x2274): undefined reference to `.L800BC4C4'
C:/Tools/mips-ps1/mips/bin/mipsel-none-elf-ld.exe: (.rodata+0x2278): undefined reference to `.L800BC4C4'
C:/Tools/mips-ps1/mips/bin/mipsel-none-elf-ld.exe: (.rodata+0x227c): undefined reference to `.L800BC4C4'
C:/Tools/mips-ps1/mips/bin/mipsel-none-elf-ld.exe: (.rodata+0x2280): undefined reference to `.L800BC4C4'
C:/Tools/mips-ps1/mips/bin/mipsel-none-elf-ld.exe: (.rodata+0x2284): undefined reference to `.L800BC498'
C:/Tools/mips-ps1/mips/bin/mipsel-none-elf-ld.exe: (.rodata+0x2288): undefined reference to `.L800BC4B8'
C:/Tools/mips-ps1/mips/bin/mipsel-none-elf-ld.exe: (.rodata+0x228c): undefined reference to `.L800BC4C4'
C:/Tools/mips-ps1/mips/bin/mipsel-none-elf-ld.exe: (.rodata+0x2290): undefined reference to `.L800BC4C4'
C:/Tools/mips-ps1/mips/bin/mipsel-none-elf-ld.exe: (.rodata+0x2294): undefined reference to `.L800BC4C4'
C:/Tools/mips-ps1/mips/bin/mipsel-none-elf-ld.exe: (.rodata+0x2298): undefined reference to `.L800BC4B8'
C:/Tools/mips-ps1/mips/bin/mipsel-none-elf-ld.exe: (.rodata+0x229c): undefined reference to `.L800BC4C4'
C:/Tools/mips-ps1/mips/bin/mipsel-none-elf-ld.exe: (.rodata+0x22a0): undefined reference to `.L800BC4C4'
C:/Tools/mips-ps1/mips/bin/mipsel-none-elf-ld.exe: (.rodata+0x22a4): undefined reference to `.L800BC4C0'
C:/Tools/mips-ps1/mips/bin/mipsel-none-elf-ld.exe: (.rodata+0x22a8): undefined reference to `.L800BC4C4'
C:/Tools/mips-ps1/mips/bin/mipsel-none-elf-ld.exe: (.rodata+0x22ac): undefined reference to `.L800BC4C4'
C:/Tools/mips-ps1/mips/bin/mipsel-none-elf-ld.exe: (.rodata+0x22b0): undefined reference to `.L800BC4C0'
C:/Tools/mips-ps1/mips/bin/mipsel-none-elf-ld.exe: build/asm/data/rdata_80054548.rodata.s.o: in function `jtbl_8005684C':
(.rodata+0x2304): undefined reference to `.L800CAD3C'
C:/Tools/mips-ps1/mips/bin/mipsel-none-elf-ld.exe: (.rodata+0x2308): undefined reference to `.L800CAD3C'
C:/Tools/mips-ps1/mips/bin/mipsel-none-elf-ld.exe: (.rodata+0x230c): undefined reference to `.L800CAD3C'
C:/Tools/mips-ps1/mips/bin/mipsel-none-elf-ld.exe: (.rodata+0x2310): undefined reference to `.L800CAD3C'
C:/Tools/mips-ps1/mips/bin/mipsel-none-elf-ld.exe: (.rodata+0x2314): undefined reference to `.L800CAD3C'
C:/Tools/mips-ps1/mips/bin/mipsel-none-elf-ld.exe: build/asm/data/rdata_80054548.rodata.s.o:(.rodata+0x2318): more undefined references to `.L800CAD3C' follow
C:/Tools/mips-ps1/mips/bin/mipsel-none-elf-ld.exe: build/asm/data/rdata_80054548.rodata.s.o: in function `jtbl_8005684C':
(.rodata+0x2324): undefined reference to `.L800CAD78'
C:/Tools/mips-ps1/mips/bin/mipsel-none-elf-ld.exe: (.rodata+0x2328): undefined reference to `.L800CAD78'
C:/Tools/mips-ps1/mips/bin/mipsel-none-elf-ld.exe: (.rodata+0x232c): undefined reference to `.L800CAD78'
C:/Tools/mips-ps1/mips/bin/mipsel-none-elf-ld.exe: (.rodata+0x2330): undefined reference to `.L800CAD78'
C:/Tools/mips-ps1/mips/bin/mipsel-none-elf-ld.exe: (.rodata+0x2334): undefined reference to `.L800CADB0'
C:/Tools/mips-ps1/mips/bin/mipsel-none-elf-ld.exe: (.rodata+0x2338): undefined reference to `.L800CAD78'
C:/Tools/mips-ps1/mips/bin/mipsel-none-elf-ld.exe: build/asm/data/rdata_80054548.rodata.s.o: in function `jtbl_80056894':
(.rodata+0x234c): undefined reference to `.L800CF0C8'
C:/Tools/mips-ps1/mips/bin/mipsel-none-elf-ld.exe: (.rodata+0x2350): undefined reference to `.L800CF0C8'
C:/Tools/mips-ps1/mips/bin/mipsel-none-elf-ld.exe: (.rodata+0x2354): undefined reference to `.L800CF0E8'
C:/Tools/mips-ps1/mips/bin/mipsel-none-elf-ld.exe: (.rodata+0x2358): undefined reference to `.L800CF100'
C:/Tools/mips-ps1/mips/bin/mipsel-none-elf-ld.exe: (.rodata+0x235c): undefined reference to `.L800CF118'
C:/Tools/mips-ps1/mips/bin/mipsel-none-elf-ld.exe: build/asm/data/rdata_80054548.rodata.s.o: in function `jtbl_8005699C':
(.rodata+0x2454): undefined reference to `.L800DD7E8'
C:/Tools/mips-ps1/mips/bin/mipsel-none-elf-ld.exe: (.rodata+0x2458): undefined reference to `.L800DD804'
C:/Tools/mips-ps1/mips/bin/mipsel-none-elf-ld.exe: (.rodata+0x245c): undefined reference to `.L800DD850'
C:/Tools/mips-ps1/mips/bin/mipsel-none-elf-ld.exe: (.rodata+0x2460): undefined reference to `.L800DD874'
C:/Tools/mips-ps1/mips/bin/mipsel-none-elf-ld.exe: (.rodata+0x2464): undefined reference to `.L800DE61C'
C:/Tools/mips-ps1/mips/bin/mipsel-none-elf-ld.exe: (.rodata+0x2468): undefined reference to `.L800DDD0C'
C:/Tools/mips-ps1/mips/bin/mipsel-none-elf-ld.exe: (.rodata+0x246c): undefined reference to `.L800DDDEC'
C:/Tools/mips-ps1/mips/bin/mipsel-none-elf-ld.exe: (.rodata+0x2470): undefined reference to `.L800DE130'
C:/Tools/mips-ps1/mips/bin/mipsel-none-elf-ld.exe: (.rodata+0x2474): undefined reference to `.L800DDEF4'
C:/Tools/mips-ps1/mips/bin/mipsel-none-elf-ld.exe: (.rodata+0x2478): undefined reference to `.L800DDA74'
C:/Tools/mips-ps1/mips/bin/mipsel-none-elf-ld.exe: (.rodata+0x247c): undefined reference to `.L800DDFFC'
C:/Tools/mips-ps1/mips/bin/mipsel-none-elf-ld.exe: (.rodata+0x2480): undefined reference to `.L800DE61C'
C:/Tools/mips-ps1/mips/bin/mipsel-none-elf-ld.exe: (.rodata+0x2484): undefined reference to `.L800DE3C8'
C:/Tools/mips-ps1/mips/bin/mipsel-none-elf-ld.exe: (.rodata+0x2488): undefined reference to `.L800DE3C8'
C:/Tools/mips-ps1/mips/bin/mipsel-none-elf-ld.exe: build/asm/data/rdata_80054548.rodata.s.o: in function `jtbl_800569D4':
(.rodata+0x248c): undefined reference to `.L800DE67C'
C:/Tools/mips-ps1/mips/bin/mipsel-none-elf-ld.exe: (.rodata+0x2490): undefined reference to `.L800DE67C'
C:/Tools/mips-ps1/mips/bin/mipsel-none-elf-ld.exe: (.rodata+0x2494): undefined reference to `.L800DE67C'
C:/Tools/mips-ps1/mips/bin/mipsel-none-elf-ld.exe: (.rodata+0x2498): undefined reference to `.L800DE6B8'
C:/Tools/mips-ps1/mips/bin/mipsel-none-elf-ld.exe: (.rodata+0x249c): undefined reference to `.L800DE6E4'
C:/Tools/mips-ps1/mips/bin/mipsel-none-elf-ld.exe: (.rodata+0x24a0): undefined reference to `.L800DE684'
C:/Tools/mips-ps1/mips/bin/mipsel-none-elf-ld.exe: (.rodata+0x24a4): undefined reference to `.L800DE684'
C:/Tools/mips-ps1/mips/bin/mipsel-none-elf-ld.exe: (.rodata+0x24a8): undefined reference to `.L800DE6B8'
C:/Tools/mips-ps1/mips/bin/mipsel-none-elf-ld.exe: (.rodata+0x24ac): undefined reference to `.L800DE684'
C:/Tools/mips-ps1/mips/bin/mipsel-none-elf-ld.exe: (.rodata+0x24b0): undefined reference to `.L800DE6B8'
C:/Tools/mips-ps1/mips/bin/mipsel-none-elf-ld.exe: (.rodata+0x24b4): undefined reference to `.L800DE69C'
C:/Tools/mips-ps1/mips/bin/mipsel-none-elf-ld.exe: (.rodata+0x24b8): undefined reference to `.L800DE6E4'
C:/Tools/mips-ps1/mips/bin/mipsel-none-elf-ld.exe: (.rodata+0x24bc): undefined reference to `.L800DE6C4'
C:/Tools/mips-ps1/mips/bin/mipsel-none-elf-ld.exe: build/asm/data/rdata_80054548.rodata.s.o: in function `jtbl_80056A98':
(.rodata+0x2550): undefined reference to `.L800E03C0'
C:/Tools/mips-ps1/mips/bin/mipsel-none-elf-ld.exe: (.rodata+0x2554): undefined reference to `.L800E03F0'
C:/Tools/mips-ps1/mips/bin/mipsel-none-elf-ld.exe: (.rodata+0x2558): undefined reference to `.L800E0420'
C:/Tools/mips-ps1/mips/bin/mipsel-none-elf-ld.exe: (.rodata+0x255c): undefined reference to `.L800E0450'
C:/Tools/mips-ps1/mips/bin/mipsel-none-elf-ld.exe: (.rodata+0x2560): undefined reference to `.L800E0480'
C:/Tools/mips-ps1/mips/bin/mipsel-none-elf-ld.exe: build/asm/data/rdata_80054548.rodata.s.o: in function `jtbl_80056B60':
(.rodata+0x2618): undefined reference to `.L800E4798'
C:/Tools/mips-ps1/mips/bin/mipsel-none-elf-ld.exe: (.rodata+0x261c): undefined reference to `.L800E4C44'
C:/Tools/mips-ps1/mips/bin/mipsel-none-elf-ld.exe: (.rodata+0x2620): undefined reference to `.L800E4C44'
C:/Tools/mips-ps1/mips/bin/mipsel-none-elf-ld.exe: (.rodata+0x2624): undefined reference to `.L800E4C44'
C:/Tools/mips-ps1/mips/bin/mipsel-none-elf-ld.exe: (.rodata+0x2628): undefined reference to `.L800E4C44'
C:/Tools/mips-ps1/mips/bin/mipsel-none-elf-ld.exe: (.rodata+0x262c): undefined reference to `.L800E4C44'
C:/Tools/mips-ps1/mips/bin/mipsel-none-elf-ld.exe: build/asm/data/rdata_80054548.rodata.s.o:(.rodata+0x2630): more undefined references to `.L800E4C44' follow
C:/Tools/mips-ps1/mips/bin/mipsel-none-elf-ld.exe: build/asm/data/rdata_80054548.rodata.s.o: in function `jtbl_80056B60':
(.rodata+0x2648): undefined reference to `.L800E4A50'
C:/Tools/mips-ps1/mips/bin/mipsel-none-elf-ld.exe: (.rodata+0x264c): undefined reference to `.L800E4C44'
C:/Tools/mips-ps1/mips/bin/mipsel-none-elf-ld.exe: (.rodata+0x2650): undefined reference to `.L800E4C44'
C:/Tools/mips-ps1/mips/bin/mipsel-none-elf-ld.exe: (.rodata+0x2654): undefined reference to `.L800E4C44'
C:/Tools/mips-ps1/mips/bin/mipsel-none-elf-ld.exe: (.rodata+0x2658): undefined reference to `.L800E4C44'
C:/Tools/mips-ps1/mips/bin/mipsel-none-elf-ld.exe: (.rodata+0x265c): undefined reference to `.L800E4C44'
C:/Tools/mips-ps1/mips/bin/mipsel-none-elf-ld.exe: build/asm/data/rdata_80054548.rodata.s.o:(.rodata+0x2660): more undefined references to `.L800E4C44' follow
C:/Tools/mips-ps1/mips/bin/mipsel-none-elf-ld.exe: build/asm/data/rdata_80054548.rodata.s.o: in function `jtbl_80056B60':
(.rodata+0x2674): undefined reference to `.L800E4B64'
C:/Tools/mips-ps1/mips/bin/mipsel-none-elf-ld.exe: (.rodata+0x2678): undefined reference to `.L800E47C4'
C:/Tools/mips-ps1/mips/bin/mipsel-none-elf-ld.exe: (.rodata+0x267c): undefined reference to `.L800E4C44'
C:/Tools/mips-ps1/mips/bin/mipsel-none-elf-ld.exe: (.rodata+0x2680): undefined reference to `.L800E4C44'
C:/Tools/mips-ps1/mips/bin/mipsel-none-elf-ld.exe: (.rodata+0x2684): undefined reference to `.L800E4C44'
C:/Tools/mips-ps1/mips/bin/mipsel-none-elf-ld.exe: (.rodata+0x2688): undefined reference to `.L800E4780'
C:/Tools/mips-ps1/mips/bin/mipsel-none-elf-ld.exe: (.rodata+0x268c): undefined reference to `.L800E47C4'
C:/Tools/mips-ps1/mips/bin/mipsel-none-elf-ld.exe: (.rodata+0x2690): undefined reference to `.L800E4C44'
C:/Tools/mips-ps1/mips/bin/mipsel-none-elf-ld.exe: (.rodata+0x2694): undefined reference to `.L800E4C44'
C:/Tools/mips-ps1/mips/bin/mipsel-none-elf-ld.exe: (.rodata+0x2698): undefined reference to `.L800E478C'
C:/Tools/mips-ps1/mips/bin/mipsel-none-elf-ld.exe: (.rodata+0x269c): undefined reference to `.L800E4C44'
C:/Tools/mips-ps1/mips/bin/mipsel-none-elf-ld.exe: (.rodata+0x26a0): undefined reference to `.L800E4C10'
C:/Tools/mips-ps1/mips/bin/mipsel-none-elf-ld.exe: (.rodata+0x26a4): undefined reference to `.L800E493C'
C:/Tools/mips-ps1/mips/bin/mipsel-none-elf-ld.exe: (.rodata+0x26a8): undefined reference to `.L800E4A3C'
C:/Tools/mips-ps1/mips/bin/mipsel-none-elf-ld.exe: (.rodata+0x26ac): undefined reference to `.L800E4C44'
C:/Tools/mips-ps1/mips/bin/mipsel-none-elf-ld.exe: (.rodata+0x26b0): undefined reference to `.L800E4C44'
C:/Tools/mips-ps1/mips/bin/mipsel-none-elf-ld.exe: (.rodata+0x26b4): undefined reference to `.L800E4B84'
C:/Tools/mips-ps1/mips/bin/mipsel-none-elf-ld.exe: (.rodata+0x26b8): undefined reference to `.L800E4C44'
C:/Tools/mips-ps1/mips/bin/mipsel-none-elf-ld.exe: (.rodata+0x26bc): undefined reference to `.L800E481C'
C:/Tools/mips-ps1/mips/bin/mipsel-none-elf-ld.exe: (.rodata+0x26c0): undefined reference to `.L800E4C44'
C:/Tools/mips-ps1/mips/bin/mipsel-none-elf-ld.exe: (.rodata+0x26c4): undefined reference to `.L800E4C44'
C:/Tools/mips-ps1/mips/bin/mipsel-none-elf-ld.exe: (.rodata+0x26c8): undefined reference to `.L800E4A5C'
C:/Tools/mips-ps1/mips/bin/mipsel-none-elf-ld.exe: build/asm/data/rdata_80054548.rodata.s.o: in function `jtbl_80056C6C':
(.rodata+0x2724): undefined reference to `.L800EC328'
C:/Tools/mips-ps1/mips/bin/mipsel-none-elf-ld.exe: (.rodata+0x2728): undefined reference to `.L800EC334'
C:/Tools/mips-ps1/mips/bin/mipsel-none-elf-ld.exe: (.rodata+0x272c): undefined reference to `.L800EC34C'
C:/Tools/mips-ps1/mips/bin/mipsel-none-elf-ld.exe: (.rodata+0x2730): undefined reference to `.L800EC34C'
C:/Tools/mips-ps1/mips/bin/mipsel-none-elf-ld.exe: (.rodata+0x2734): undefined reference to `.L800EC340'
C:/Tools/mips-ps1/mips/bin/mipsel-none-elf-ld.exe: (.rodata+0x2738): undefined reference to `.L800EC334'
C:/Tools/mips-ps1/mips/bin/mipsel-none-elf-ld.exe: (.rodata+0x273c): undefined reference to `.L800EC340'
C:/Tools/mips-ps1/mips/bin/mipsel-none-elf-ld.exe: (.rodata+0x2740): undefined reference to `.L800EC328'
C:/Tools/mips-ps1/mips/bin/mipsel-none-elf-ld.exe: (.rodata+0x2744): undefined reference to `.L800EC334'
C:/Tools/mips-ps1/mips/bin/mipsel-none-elf-ld.exe: build/asm/data/rdata_80054548.rodata.s.o: in function `jtbl_80056C94':
(.rodata+0x274c): undefined reference to `.L800ECD04'
C:/Tools/mips-ps1/mips/bin/mipsel-none-elf-ld.exe: (.rodata+0x2750): undefined reference to `.L800ECF08'
C:/Tools/mips-ps1/mips/bin/mipsel-none-elf-ld.exe: (.rodata+0x2754): undefined reference to `.L800ECF4C'
C:/Tools/mips-ps1/mips/bin/mipsel-none-elf-ld.exe: (.rodata+0x2758): undefined reference to `.L800ECFB4'
C:/Tools/mips-ps1/mips/bin/mipsel-none-elf-ld.exe: (.rodata+0x275c): undefined reference to `.L800ECFD8'
C:/Tools/mips-ps1/mips/bin/mipsel-none-elf-ld.exe: (.rodata+0x2760): undefined reference to `.L800ECFF0'
C:/Tools/mips-ps1/mips/bin/mipsel-none-elf-ld.exe: (.rodata+0x2764): undefined reference to `.L800ECD04'
C:/Tools/mips-ps1/mips/bin/mipsel-none-elf-ld.exe: (.rodata+0x2768): undefined reference to `.L800ECFF0'
C:/Tools/mips-ps1/mips/bin/mipsel-none-elf-ld.exe: (.rodata+0x276c): undefined reference to `.L800ECFF0'
C:/Tools/mips-ps1/mips/bin/mipsel-none-elf-ld.exe: build/asm/data/rdata_80054548.rodata.s.o: in function `jtbl_80056CB8':
(.rodata+0x2770): undefined reference to `.L800ED658'
C:/Tools/mips-ps1/mips/bin/mipsel-none-elf-ld.exe: (.rodata+0x2774): undefined reference to `.L800ED610'
C:/Tools/mips-ps1/mips/bin/mipsel-none-elf-ld.exe: (.rodata+0x2778): undefined reference to `.L800ED61C'
C:/Tools/mips-ps1/mips/bin/mipsel-none-elf-ld.exe: (.rodata+0x277c): undefined reference to `.L800ED628'
C:/Tools/mips-ps1/mips/bin/mipsel-none-elf-ld.exe: (.rodata+0x2780): undefined reference to `.L800ED630'
C:/Tools/mips-ps1/mips/bin/mipsel-none-elf-ld.exe: (.rodata+0x2784): undefined reference to `.L800ED638'
C:/Tools/mips-ps1/mips/bin/mipsel-none-elf-ld.exe: (.rodata+0x2788): undefined reference to `.L800ED640'
C:/Tools/mips-ps1/mips/bin/mipsel-none-elf-ld.exe: (.rodata+0x278c): undefined reference to `.L800ED64C'
C:/Tools/mips-ps1/mips/bin/mipsel-none-elf-ld.exe: build/asm/data/rdata_80054548.rodata.s.o: in function `jtbl_80056EF8':
(.rodata+0x29b0): undefined reference to `.L800F00D8'
C:/Tools/mips-ps1/mips/bin/mipsel-none-elf-ld.exe: (.rodata+0x29b4): undefined reference to `.L800F00E4'
C:/Tools/mips-ps1/mips/bin/mipsel-none-elf-ld.exe: (.rodata+0x29b8): undefined reference to `.L800F00F0'
C:/Tools/mips-ps1/mips/bin/mipsel-none-elf-ld.exe: (.rodata+0x29bc): undefined reference to `.L800F00FC'
C:/Tools/mips-ps1/mips/bin/mipsel-none-elf-ld.exe: (.rodata+0x29c0): undefined reference to `.L800F0108'
C:/Tools/mips-ps1/mips/bin/mipsel-none-elf-ld.exe: build/asm/data/rdata_80054548.rodata.s.o: in function `jtbl_80056FBC':
(.rodata+0x2a74): undefined reference to `.L800F3D94'
C:/Tools/mips-ps1/mips/bin/mipsel-none-elf-ld.exe: (.rodata+0x2a78): undefined reference to `.L800F3DAC'
C:/Tools/mips-ps1/mips/bin/mipsel-none-elf-ld.exe: (.rodata+0x2a7c): undefined reference to `.L800F3DC4'
C:/Tools/mips-ps1/mips/bin/mipsel-none-elf-ld.exe: (.rodata+0x2a80): undefined reference to `.L800F3E38'
C:/Tools/mips-ps1/mips/bin/mipsel-none-elf-ld.exe: (.rodata+0x2a84): undefined reference to `.L800F3DF0'
C:/Tools/mips-ps1/mips/bin/mipsel-none-elf-ld.exe: (.rodata+0x2a88): undefined reference to `.L800F3E38'
C:/Tools/mips-ps1/mips/bin/mipsel-none-elf-ld.exe: (.rodata+0x2a8c): undefined reference to `.L800F3E24'
C:/Tools/mips-ps1/mips/bin/mipsel-none-elf-ld.exe: build/asm/data/rdata_80054548.rodata.s.o: in function `jtbl_80056FD8':
(.rodata+0x2a90): undefined reference to `.L800F6AC8'
C:/Tools/mips-ps1/mips/bin/mipsel-none-elf-ld.exe: (.rodata+0x2a94): undefined reference to `.L800F6ABC'
C:/Tools/mips-ps1/mips/bin/mipsel-none-elf-ld.exe: (.rodata+0x2a98): undefined reference to `.L800F6B34'
C:/Tools/mips-ps1/mips/bin/mipsel-none-elf-ld.exe: (.rodata+0x2a9c): undefined reference to `.L800F6BE0'
C:/Tools/mips-ps1/mips/bin/mipsel-none-elf-ld.exe: (.rodata+0x2aa0): undefined reference to `.L800F6BE0'
C:/Tools/mips-ps1/mips/bin/mipsel-none-elf-ld.exe: (.rodata+0x2aa4): undefined reference to `.L800F6BE0'
C:/Tools/mips-ps1/mips/bin/mipsel-none-elf-ld.exe: (.rodata+0x2aa8): undefined reference to `.L800F6BE0'
C:/Tools/mips-ps1/mips/bin/mipsel-none-elf-ld.exe: (.rodata+0x2aac): undefined reference to `.L800F6BE0'
C:/Tools/mips-ps1/mips/bin/mipsel-none-elf-ld.exe: build/asm/data/rdata_80054548.rodata.s.o:(.rodata+0x2ab0): more undefined references to `.L800F6BE0' follow
C:/Tools/mips-ps1/mips/bin/mipsel-none-elf-ld.exe: build/asm/data/rdata_80054548.rodata.s.o: in function `jtbl_80056FD8':
(.rodata+0x2b08): undefined reference to `.L800F6A44'
C:/Tools/mips-ps1/mips/bin/mipsel-none-elf-ld.exe: (.rodata+0x2b0c): undefined reference to `.L800F6A44'
C:/Tools/mips-ps1/mips/bin/mipsel-none-elf-ld.exe: (.rodata+0x2b10): undefined reference to `.L800F6A44'
C:/Tools/mips-ps1/mips/bin/mipsel-none-elf-ld.exe: (.rodata+0x2b14): undefined reference to `.L800F6A44'
C:/Tools/mips-ps1/mips/bin/mipsel-none-elf-ld.exe: build/asm/data/rdata_80054548.rodata.s.o: in function `jtbl_80057078':
(.rodata+0x2b30): undefined reference to `.L800F725C'
C:/Tools/mips-ps1/mips/bin/mipsel-none-elf-ld.exe: (.rodata+0x2b34): undefined reference to `.L800F7314'
C:/Tools/mips-ps1/mips/bin/mipsel-none-elf-ld.exe: (.rodata+0x2b38): undefined reference to `.L800F7314'
C:/Tools/mips-ps1/mips/bin/mipsel-none-elf-ld.exe: (.rodata+0x2b3c): undefined reference to `.L800F7314'
C:/Tools/mips-ps1/mips/bin/mipsel-none-elf-ld.exe: (.rodata+0x2b40): undefined reference to `.L800F7314'
C:/Tools/mips-ps1/mips/bin/mipsel-none-elf-ld.exe: (.rodata+0x2b44): undefined reference to `.L800F7314'
C:/Tools/mips-ps1/mips/bin/mipsel-none-elf-ld.exe: build/asm/data/rdata_80054548.rodata.s.o:(.rodata+0x2b48): more undefined references to `.L800F7314' follow
C:/Tools/mips-ps1/mips/bin/mipsel-none-elf-ld.exe: build/asm/data/rdata_80054548.rodata.s.o: in function `jtbl_80057078':
(.rodata+0x2b5c): undefined reference to `.L800F72D4'
C:/Tools/mips-ps1/mips/bin/mipsel-none-elf-ld.exe: (.rodata+0x2b60): undefined reference to `.L800F71DC'
C:/Tools/mips-ps1/mips/bin/mipsel-none-elf-ld.exe: (.rodata+0x2b64): undefined reference to `.L800F7314'
C:/Tools/mips-ps1/mips/bin/mipsel-none-elf-ld.exe: (.rodata+0x2b68): undefined reference to `.L800F7314'
C:/Tools/mips-ps1/mips/bin/mipsel-none-elf-ld.exe: (.rodata+0x2b6c): undefined reference to `.L800F7314'
C:/Tools/mips-ps1/mips/bin/mipsel-none-elf-ld.exe: (.rodata+0x2b70): undefined reference to `.L800F7314'
C:/Tools/mips-ps1/mips/bin/mipsel-none-elf-ld.exe: (.rodata+0x2b74): undefined reference to `.L800F7314'
C:/Tools/mips-ps1/mips/bin/mipsel-none-elf-ld.exe: build/asm/data/rdata_80054548.rodata.s.o:(.rodata+0x2b78): more undefined references to `.L800F7314' follow
C:/Tools/mips-ps1/mips/bin/mipsel-none-elf-ld.exe: build/asm/data/rdata_80054548.rodata.s.o: in function `jtbl_80057078':
(.rodata+0x2b9c): undefined reference to `.L800F72F4'
C:/Tools/mips-ps1/mips/bin/mipsel-none-elf-ld.exe: (.rodata+0x2ba0): undefined reference to `.L800F7314'
C:/Tools/mips-ps1/mips/bin/mipsel-none-elf-ld.exe: (.rodata+0x2ba4): undefined reference to `.L800F7314'
C:/Tools/mips-ps1/mips/bin/mipsel-none-elf-ld.exe: (.rodata+0x2ba8): undefined reference to `.L800F7314'
C:/Tools/mips-ps1/mips/bin/mipsel-none-elf-ld.exe: (.rodata+0x2bac): undefined reference to `.L800F7314'
C:/Tools/mips-ps1/mips/bin/mipsel-none-elf-ld.exe: (.rodata+0x2bb0): undefined reference to `.L800F725C'
C:/Tools/mips-ps1/mips/bin/mipsel-none-elf-ld.exe: build/asm/data/rdata_80054548.rodata.s.o: in function `jtbl_80057398':
(.rodata+0x2e50): undefined reference to `.L800FAE6C'
C:/Tools/mips-ps1/mips/bin/mipsel-none-elf-ld.exe: (.rodata+0x2e54): undefined reference to `.L800FB048'
C:/Tools/mips-ps1/mips/bin/mipsel-none-elf-ld.exe: (.rodata+0x2e58): undefined reference to `.L800FB048'
C:/Tools/mips-ps1/mips/bin/mipsel-none-elf-ld.exe: (.rodata+0x2e5c): undefined reference to `.L800FB048'
C:/Tools/mips-ps1/mips/bin/mipsel-none-elf-ld.exe: (.rodata+0x2e60): undefined reference to `.L800FB048'
C:/Tools/mips-ps1/mips/bin/mipsel-none-elf-ld.exe: (.rodata+0x2e64): undefined reference to `.L800FB048'
C:/Tools/mips-ps1/mips/bin/mipsel-none-elf-ld.exe: build/asm/data/rdata_80054548.rodata.s.o:(.rodata+0x2e68): more undefined references to `.L800FB048' follow
C:/Tools/mips-ps1/mips/bin/mipsel-none-elf-ld.exe: build/asm/data/rdata_80054548.rodata.s.o: in function `jtbl_80057398':
(.rodata+0x2e78): undefined reference to `.L800FAE9C'
C:/Tools/mips-ps1/mips/bin/mipsel-none-elf-ld.exe: (.rodata+0x2e7c): undefined reference to `.L800FB048'
C:/Tools/mips-ps1/mips/bin/mipsel-none-elf-ld.exe: (.rodata+0x2e80): undefined reference to `.L800FB048'
C:/Tools/mips-ps1/mips/bin/mipsel-none-elf-ld.exe: (.rodata+0x2e84): undefined reference to `.L800FB048'
C:/Tools/mips-ps1/mips/bin/mipsel-none-elf-ld.exe: (.rodata+0x2e88): undefined reference to `.L800FB048'
C:/Tools/mips-ps1/mips/bin/mipsel-none-elf-ld.exe: (.rodata+0x2e8c): undefined reference to `.L800FB048'
C:/Tools/mips-ps1/mips/bin/mipsel-none-elf-ld.exe: build/asm/data/rdata_80054548.rodata.s.o:(.rodata+0x2e90): more undefined references to `.L800FB048' follow
C:/Tools/mips-ps1/mips/bin/mipsel-none-elf-ld.exe: build/asm/data/rdata_80054548.rodata.s.o: in function `jtbl_80057398':
(.rodata+0x2ea4): undefined reference to `.L800FAF00'
C:/Tools/mips-ps1/mips/bin/mipsel-none-elf-ld.exe: (.rodata+0x2ea8): undefined reference to `.L800FB048'
C:/Tools/mips-ps1/mips/bin/mipsel-none-elf-ld.exe: (.rodata+0x2eac): undefined reference to `.L800FB048'
C:/Tools/mips-ps1/mips/bin/mipsel-none-elf-ld.exe: (.rodata+0x2eb0): undefined reference to `.L800FB048'
C:/Tools/mips-ps1/mips/bin/mipsel-none-elf-ld.exe: (.rodata+0x2eb4): undefined reference to `.L800FB048'
C:/Tools/mips-ps1/mips/bin/mipsel-none-elf-ld.exe: (.rodata+0x2eb8): undefined reference to `.L800FB048'
C:/Tools/mips-ps1/mips/bin/mipsel-none-elf-ld.exe: build/asm/data/rdata_80054548.rodata.s.o:(.rodata+0x2ebc): more undefined references to `.L800FB048' follow
C:/Tools/mips-ps1/mips/bin/mipsel-none-elf-ld.exe: build/asm/data/rdata_80054548.rodata.s.o: in function `jtbl_80057398':
(.rodata+0x2ec8): undefined reference to `.L800FAF20'
C:/Tools/mips-ps1/mips/bin/mipsel-none-elf-ld.exe: (.rodata+0x2ecc): undefined reference to `.L800FAF4C'
C:/Tools/mips-ps1/mips/bin/mipsel-none-elf-ld.exe: build/asm/data/rdata_80054548.rodata.s.o: in function `jtbl_800574F0':
(.rodata+0x2fa8): undefined reference to `.L800FC280'
C:/Tools/mips-ps1/mips/bin/mipsel-none-elf-ld.exe: (.rodata+0x2fac): undefined reference to `.L800FC280'
C:/Tools/mips-ps1/mips/bin/mipsel-none-elf-ld.exe: (.rodata+0x2fb0): undefined reference to `.L800FC28C'
C:/Tools/mips-ps1/mips/bin/mipsel-none-elf-ld.exe: (.rodata+0x2fb4): undefined reference to `.L800FC288'
C:/Tools/mips-ps1/mips/bin/mipsel-none-elf-ld.exe: (.rodata+0x2fb8): undefined reference to `.L800FC28C'
C:/Tools/mips-ps1/mips/bin/mipsel-none-elf-ld.exe: (.rodata+0x2fbc): undefined reference to `.L800FC28C'
C:/Tools/mips-ps1/mips/bin/mipsel-none-elf-ld.exe: (.rodata+0x2fc0): undefined reference to `.L800FC28C'
C:/Tools/mips-ps1/mips/bin/mipsel-none-elf-ld.exe: (.rodata+0x2fc4): undefined reference to `.L800FC28C'
C:/Tools/mips-ps1/mips/bin/mipsel-none-elf-ld.exe: (.rodata+0x2fc8): undefined reference to `.L800FC28C'
C:/Tools/mips-ps1/mips/bin/mipsel-none-elf-ld.exe: (.rodata+0x2fcc): undefined reference to `.L800FC288'
C:/Tools/mips-ps1/mips/bin/mipsel-none-elf-ld.exe: (.rodata+0x2fd0): undefined reference to `.L800FC28C'
C:/Tools/mips-ps1/mips/bin/mipsel-none-elf-ld.exe: (.rodata+0x2fd4): undefined reference to `.L800FC28C'
C:/Tools/mips-ps1/mips/bin/mipsel-none-elf-ld.exe: (.rodata+0x2fd8): undefined reference to `.L800FC28C'
C:/Tools/mips-ps1/mips/bin/mipsel-none-elf-ld.exe: (.rodata+0x2fdc): undefined reference to `.L800FC28C'
C:/Tools/mips-ps1/mips/bin/mipsel-none-elf-ld.exe: (.rodata+0x2fe0): undefined reference to `.L800FC28C'
C:/Tools/mips-ps1/mips/bin/mipsel-none-elf-ld.exe: build/asm/data/rdata_80054548.rodata.s.o:(.rodata+0x2fe4): more undefined references to `.L800FC28C' follow
C:/Tools/mips-ps1/mips/bin/mipsel-none-elf-ld.exe: build/asm/data/rdata_80054548.rodata.s.o: in function `jtbl_800574F0':
(.rodata+0x2fec): undefined reference to `.L800FC288'
C:/Tools/mips-ps1/mips/bin/mipsel-none-elf-ld.exe: build/asm/data/rdata_80054548.rodata.s.o: in function `jtbl_80057538':
(.rodata+0x2ff0): undefined reference to `.L800FC2C4'
C:/Tools/mips-ps1/mips/bin/mipsel-none-elf-ld.exe: (.rodata+0x2ff4): undefined reference to `.L800FC2F0'
C:/Tools/mips-ps1/mips/bin/mipsel-none-elf-ld.exe: (.rodata+0x2ff8): undefined reference to `.L800FC2F0'
C:/Tools/mips-ps1/mips/bin/mipsel-none-elf-ld.exe: (.rodata+0x2ffc): undefined reference to `.L800FC2CC'
C:/Tools/mips-ps1/mips/bin/mipsel-none-elf-ld.exe: (.rodata+0x3000): undefined reference to `.L800FC2F0'
C:/Tools/mips-ps1/mips/bin/mipsel-none-elf-ld.exe: (.rodata+0x3004): undefined reference to `.L800FC2F0'
C:/Tools/mips-ps1/mips/bin/mipsel-none-elf-ld.exe: (.rodata+0x3008): undefined reference to `.L800FC2F0'
C:/Tools/mips-ps1/mips/bin/mipsel-none-elf-ld.exe: (.rodata+0x300c): undefined reference to `.L800FC2D4'
C:/Tools/mips-ps1/mips/bin/mipsel-none-elf-ld.exe: (.rodata+0x3010): undefined reference to `.L800FC2F0'
C:/Tools/mips-ps1/mips/bin/mipsel-none-elf-ld.exe: (.rodata+0x3014): undefined reference to `.L800FC2F0'
C:/Tools/mips-ps1/mips/bin/mipsel-none-elf-ld.exe: (.rodata+0x3018): undefined reference to `.L800FC2F0'
C:/Tools/mips-ps1/mips/bin/mipsel-none-elf-ld.exe: (.rodata+0x301c): undefined reference to `.L800FC2F0'
C:/Tools/mips-ps1/mips/bin/mipsel-none-elf-ld.exe: (.rodata+0x3020): undefined reference to `.L800FC2F0'
C:/Tools/mips-ps1/mips/bin/mipsel-none-elf-ld.exe: build/asm/data/rdata_80054548.rodata.s.o:(.rodata+0x3024): more undefined references to `.L800FC2F0' follow
C:/Tools/mips-ps1/mips/bin/mipsel-none-elf-ld.exe: build/asm/data/rdata_80054548.rodata.s.o: in function `jtbl_80057538':
(.rodata+0x3028): undefined reference to `.L800FC2DC'
C:/Tools/mips-ps1/mips/bin/mipsel-none-elf-ld.exe: (.rodata+0x302c): undefined reference to `.L800FC2DC'
C:/Tools/mips-ps1/mips/bin/mipsel-none-elf-ld.exe: (.rodata+0x3030): undefined reference to `.L800FC2F0'
C:/Tools/mips-ps1/mips/bin/mipsel-none-elf-ld.exe: (.rodata+0x3034): undefined reference to `.L800FC2F0'
C:/Tools/mips-ps1/mips/bin/mipsel-none-elf-ld.exe: (.rodata+0x3038): undefined reference to `.L800FC2F0'
C:/Tools/mips-ps1/mips/bin/mipsel-none-elf-ld.exe: (.rodata+0x303c): undefined reference to `.L800FC2F0'
C:/Tools/mips-ps1/mips/bin/mipsel-none-elf-ld.exe: (.rodata+0x3040): undefined reference to `.L800FC2F0'
C:/Tools/mips-ps1/mips/bin/mipsel-none-elf-ld.exe: build/asm/data/rdata_80054548.rodata.s.o:(.rodata+0x3044): more undefined references to `.L800FC2F0' follow
C:/Tools/mips-ps1/mips/bin/mipsel-none-elf-ld.exe: build/asm/data/rdata_80054548.rodata.s.o: in function `jtbl_80057538':
(.rodata+0x304c): undefined reference to `.L800FC2E4'
C:/Tools/mips-ps1/mips/bin/mipsel-none-elf-ld.exe: (.rodata+0x3050): undefined reference to `.L800FC2F0'
C:/Tools/mips-ps1/mips/bin/mipsel-none-elf-ld.exe: (.rodata+0x3054): undefined reference to `.L800FC2F0'
C:/Tools/mips-ps1/mips/bin/mipsel-none-elf-ld.exe: (.rodata+0x3058): undefined reference to `.L800FC2F0'
C:/Tools/mips-ps1/mips/bin/mipsel-none-elf-ld.exe: (.rodata+0x305c): undefined reference to `.L800FC2F0'
C:/Tools/mips-ps1/mips/bin/mipsel-none-elf-ld.exe: (.rodata+0x3060): undefined reference to `.L800FC2F0'
C:/Tools/mips-ps1/mips/bin/mipsel-none-elf-ld.exe: build/asm/data/rdata_80054548.rodata.s.o:(.rodata+0x3064): more undefined references to `.L800FC2F0' follow
C:/Tools/mips-ps1/mips/bin/mipsel-none-elf-ld.exe: build/asm/data/rdata_80054548.rodata.s.o: in function `jtbl_80057538':
(.rodata+0x306c): undefined reference to `.L800FC2EC'
C:/Tools/mips-ps1/mips/bin/mipsel-none-elf-ld.exe: build/asm/data/rdata_80054548.rodata.s.o: in function `jtbl_800577E8':
(.rodata+0x32a0): undefined reference to `.L80107428'
C:/Tools/mips-ps1/mips/bin/mipsel-none-elf-ld.exe: (.rodata+0x32a4): undefined reference to `.L801073DC'
C:/Tools/mips-ps1/mips/bin/mipsel-none-elf-ld.exe: (.rodata+0x32a8): undefined reference to `.L801072DC'
C:/Tools/mips-ps1/mips/bin/mipsel-none-elf-ld.exe: (.rodata+0x32ac): undefined reference to `.L801074A8'
C:/Tools/mips-ps1/mips/bin/mipsel-none-elf-ld.exe: (.rodata+0x32b0): undefined reference to `.L80107528'
C:/Tools/mips-ps1/mips/bin/mipsel-none-elf-ld.exe: build/asm/data/rdata_80054548.rodata.s.o: in function `jtbl_80057968':
(.rodata+0x3420): undefined reference to `.L8010B358'
C:/Tools/mips-ps1/mips/bin/mipsel-none-elf-ld.exe: (.rodata+0x3424): undefined reference to `.L8010B38C'
C:/Tools/mips-ps1/mips/bin/mipsel-none-elf-ld.exe: (.rodata+0x3428): undefined reference to `.L8010B38C'
C:/Tools/mips-ps1/mips/bin/mipsel-none-elf-ld.exe: (.rodata+0x342c): undefined reference to `.L8010B358'
C:/Tools/mips-ps1/mips/bin/mipsel-none-elf-ld.exe: (.rodata+0x3430): undefined reference to `.L8010B38C'
