C:/Tools/mips-ps1/mips/bin/mipsel-none-elf-ld.exe: build/asm/data/rdata_80010000.rodata.s.o: in function `jtbl_80010078':
(.rodata+0x78): undefined reference to `.L80014C3C'
C:/Tools/mips-ps1/mips/bin/mipsel-none-elf-ld.exe: (.rodata+0x7c): undefined reference to `.L80014C94'
C:/Tools/mips-ps1/mips/bin/mipsel-none-elf-ld.exe: (.rodata+0x80): undefined reference to `.L80014CD4'
C:/Tools/mips-ps1/mips/bin/mipsel-none-elf-ld.exe: (.rodata+0x84): undefined reference to `.L80014D64'
C:/Tools/mips-ps1/mips/bin/mipsel-none-elf-ld.exe: (.rodata+0x88): undefined reference to `.L80015274'
C:/Tools/mips-ps1/mips/bin/mipsel-none-elf-ld.exe: (.rodata+0x8c): undefined reference to `.L800150D0'
C:/Tools/mips-ps1/mips/bin/mipsel-none-elf-ld.exe: (.rodata+0x90): undefined reference to `.L80015274'
C:/Tools/mips-ps1/mips/bin/mipsel-none-elf-ld.exe: (.rodata+0x94): undefined reference to `.L8001537C'
C:/Tools/mips-ps1/mips/bin/mipsel-none-elf-ld.exe: build/asm/data/rdata_80010000.rodata.s.o: in function `jtbl_80010258':
(.rodata+0x258): undefined reference to `.L80019E10'
C:/Tools/mips-ps1/mips/bin/mipsel-none-elf-ld.exe: (.rodata+0x25c): undefined reference to `.L80019E10'
C:/Tools/mips-ps1/mips/bin/mipsel-none-elf-ld.exe: (.rodata+0x260): undefined reference to `.L80019E14'
C:/Tools/mips-ps1/mips/bin/mipsel-none-elf-ld.exe: (.rodata+0x264): undefined reference to `.L80019E14'
C:/Tools/mips-ps1/mips/bin/mipsel-none-elf-ld.exe: (.rodata+0x268): undefined reference to `.L80019E14'
C:/Tools/mips-ps1/mips/bin/mipsel-none-elf-ld.exe: (.rodata+0x26c): undefined reference to `.L80019E10'
C:/Tools/mips-ps1/mips/bin/mipsel-none-elf-ld.exe: (.rodata+0x270): undefined reference to `.L80019E14'
C:/Tools/mips-ps1/mips/bin/mipsel-none-elf-ld.exe: (.rodata+0x274): undefined reference to `.L80019E14'
C:/Tools/mips-ps1/mips/bin/mipsel-none-elf-ld.exe: (.rodata+0x278): undefined reference to `.L80019E10'
C:/Tools/mips-ps1/mips/bin/mipsel-none-elf-ld.exe: (.rodata+0x27c): undefined reference to `.L80019E10'
C:/Tools/mips-ps1/mips/bin/mipsel-none-elf-ld.exe: (.rodata+0x280): undefined reference to `.L80019E14'
C:/Tools/mips-ps1/mips/bin/mipsel-none-elf-ld.exe: (.rodata+0x284): undefined reference to `.L80019E14'
C:/Tools/mips-ps1/mips/bin/mipsel-none-elf-ld.exe: (.rodata+0x288): undefined reference to `.L80019E14'
C:/Tools/mips-ps1/mips/bin/mipsel-none-elf-ld.exe: (.rodata+0x28c): undefined reference to `.L80019E14'
C:/Tools/mips-ps1/mips/bin/mipsel-none-elf-ld.exe: (.rodata+0x290): undefined reference to `.L80019E10'
C:/Tools/mips-ps1/mips/bin/mipsel-none-elf-ld.exe: (.rodata+0x294): undefined reference to `.L80019E14'
C:/Tools/mips-ps1/mips/bin/mipsel-none-elf-ld.exe: (.rodata+0x298): undefined reference to `.L80019E14'
C:/Tools/mips-ps1/mips/bin/mipsel-none-elf-ld.exe: (.rodata+0x29c): undefined reference to `.L80019E10'
C:/Tools/mips-ps1/mips/bin/mipsel-none-elf-ld.exe: (.rodata+0x2a0): undefined reference to `.L80019E14'
C:/Tools/mips-ps1/mips/bin/mipsel-none-elf-ld.exe: (.rodata+0x2a4): undefined reference to `.L80019E14'
C:/Tools/mips-ps1/mips/bin/mipsel-none-elf-ld.exe: (.rodata+0x2a8): undefined reference to `.L80019E14'
C:/Tools/mips-ps1/mips/bin/mipsel-none-elf-ld.exe: (.rodata+0x2ac): undefined reference to `.L80019E10'
C:/Tools/mips-ps1/mips/bin/mipsel-none-elf-ld.exe: build/asm/data/rdata_80010000.rodata.s.o: in function `jtbl_80010990':
(.rodata+0x990): undefined reference to `.L80020148'
C:/Tools/mips-ps1/mips/bin/mipsel-none-elf-ld.exe: (.rodata+0x994): undefined reference to `.L80020174'
C:/Tools/mips-ps1/mips/bin/mipsel-none-elf-ld.exe: (.rodata+0x998): undefined reference to `.L80020174'
C:/Tools/mips-ps1/mips/bin/mipsel-none-elf-ld.exe: (.rodata+0x99c): undefined reference to `.L80020120'
C:/Tools/mips-ps1/mips/bin/mipsel-none-elf-ld.exe: (.rodata+0x9a0): undefined reference to `.L80020170'
C:/Tools/mips-ps1/mips/bin/mipsel-none-elf-ld.exe: (.rodata+0x9a4): undefined reference to `.L80020174'
C:/Tools/mips-ps1/mips/bin/mipsel-none-elf-ld.exe: (.rodata+0x9a8): undefined reference to `.L80020174'
C:/Tools/mips-ps1/mips/bin/mipsel-none-elf-ld.exe: (.rodata+0x9ac): undefined reference to `.L80020140'
C:/Tools/mips-ps1/mips/bin/mipsel-none-elf-ld.exe: (.rodata+0x9b0): undefined reference to `.L80020138'
C:/Tools/mips-ps1/mips/bin/mipsel-none-elf-ld.exe: (.rodata+0x9b4): undefined reference to `.L80020174'
C:/Tools/mips-ps1/mips/bin/mipsel-none-elf-ld.exe: (.rodata+0x9b8): undefined reference to `.L80020174'
C:/Tools/mips-ps1/mips/bin/mipsel-none-elf-ld.exe: (.rodata+0x9bc): undefined reference to `.L80020174'
C:/Tools/mips-ps1/mips/bin/mipsel-none-elf-ld.exe: (.rodata+0x9c0): undefined reference to `.L80020150'
C:/Tools/mips-ps1/mips/bin/mipsel-none-elf-ld.exe: (.rodata+0x9c4): undefined reference to `.L80020174'
C:/Tools/mips-ps1/mips/bin/mipsel-none-elf-ld.exe: (.rodata+0x9c8): undefined reference to `.L80020174'
C:/Tools/mips-ps1/mips/bin/mipsel-none-elf-ld.exe: (.rodata+0x9cc): undefined reference to `.L80020174'
C:/Tools/mips-ps1/mips/bin/mipsel-none-elf-ld.exe: (.rodata+0x9d0): undefined reference to `.L80020168'
C:/Tools/mips-ps1/mips/bin/mipsel-none-elf-ld.exe: (.rodata+0x9d4): undefined reference to `.L80020174'
C:/Tools/mips-ps1/mips/bin/mipsel-none-elf-ld.exe: (.rodata+0x9d8): undefined reference to `.L80020158'
C:/Tools/mips-ps1/mips/bin/mipsel-none-elf-ld.exe: (.rodata+0x9dc): undefined reference to `.L80020174'
C:/Tools/mips-ps1/mips/bin/mipsel-none-elf-ld.exe: (.rodata+0x9e0): undefined reference to `.L80020174'
C:/Tools/mips-ps1/mips/bin/mipsel-none-elf-ld.exe: (.rodata+0x9e4): undefined reference to `.L80020128'
C:/Tools/mips-ps1/mips/bin/mipsel-none-elf-ld.exe: (.rodata+0x9e8): undefined reference to `.L80020174'
C:/Tools/mips-ps1/mips/bin/mipsel-none-elf-ld.exe: (.rodata+0x9ec): undefined reference to `.L80020174'
C:/Tools/mips-ps1/mips/bin/mipsel-none-elf-ld.exe: (.rodata+0x9f0): undefined reference to `.L80020174'
C:/Tools/mips-ps1/mips/bin/mipsel-none-elf-ld.exe: (.rodata+0x9f4): undefined reference to `.L80020160'
C:/Tools/mips-ps1/mips/bin/mipsel-none-elf-ld.exe: (.rodata+0x9f8): undefined reference to `.L80020174'
C:/Tools/mips-ps1/mips/bin/mipsel-none-elf-ld.exe: (.rodata+0x9fc): undefined reference to `.L80020130'
C:/Tools/mips-ps1/mips/bin/mipsel-none-elf-ld.exe: build/asm/data/rdata_80010000.rodata.s.o: in function `jtbl_80011028':
(.rodata+0x1028): undefined reference to `.L8002327C'
C:/Tools/mips-ps1/mips/bin/mipsel-none-elf-ld.exe: (.rodata+0x102c): undefined reference to `.L8002327C'
C:/Tools/mips-ps1/mips/bin/mipsel-none-elf-ld.exe: (.rodata+0x1030): undefined reference to `.L8002327C'
C:/Tools/mips-ps1/mips/bin/mipsel-none-elf-ld.exe: (.rodata+0x1034): undefined reference to `.L8002327C'
C:/Tools/mips-ps1/mips/bin/mipsel-none-elf-ld.exe: (.rodata+0x1038): undefined reference to `.L8002327C'
C:/Tools/mips-ps1/mips/bin/mipsel-none-elf-ld.exe: build/asm/data/rdata_80010000.rodata.s.o:(.rodata+0x103c): more undefined references to `.L8002327C' follow
C:/Tools/mips-ps1/mips/bin/mipsel-none-elf-ld.exe: build/asm/data/rdata_80010000.rodata.s.o: in function `jtbl_80011028':
(.rodata+0x1048): undefined reference to `.L800233FC'
C:/Tools/mips-ps1/mips/bin/mipsel-none-elf-ld.exe: (.rodata+0x104c): undefined reference to `.L800233FC'
C:/Tools/mips-ps1/mips/bin/mipsel-none-elf-ld.exe: (.rodata+0x1050): undefined reference to `.L800233FC'
C:/Tools/mips-ps1/mips/bin/mipsel-none-elf-ld.exe: (.rodata+0x1054): undefined reference to `.L80023294'
C:/Tools/mips-ps1/mips/bin/mipsel-none-elf-ld.exe: (.rodata+0x1058): undefined reference to `.L800233FC'
C:/Tools/mips-ps1/mips/bin/mipsel-none-elf-ld.exe: (.rodata+0x105c): undefined reference to `.L800232C8'
C:/Tools/mips-ps1/mips/bin/mipsel-none-elf-ld.exe: (.rodata+0x1060): undefined reference to `.L80023328'
C:/Tools/mips-ps1/mips/bin/mipsel-none-elf-ld.exe: (.rodata+0x1064): undefined reference to `.L800233FC'
C:/Tools/mips-ps1/mips/bin/mipsel-none-elf-ld.exe: (.rodata+0x1068): undefined reference to `.L800233FC'
C:/Tools/mips-ps1/mips/bin/mipsel-none-elf-ld.exe: (.rodata+0x106c): undefined reference to `.L800233FC'
C:/Tools/mips-ps1/mips/bin/mipsel-none-elf-ld.exe: (.rodata+0x1070): undefined reference to `.L800233FC'
C:/Tools/mips-ps1/mips/bin/mipsel-none-elf-ld.exe: (.rodata+0x1074): undefined reference to `.L8002337C'
C:/Tools/mips-ps1/mips/bin/mipsel-none-elf-ld.exe: (.rodata+0x1078): undefined reference to `.L80023364'
C:/Tools/mips-ps1/mips/bin/mipsel-none-elf-ld.exe: (.rodata+0x107c): undefined reference to `.L800233FC'
C:/Tools/mips-ps1/mips/bin/mipsel-none-elf-ld.exe: (.rodata+0x1080): undefined reference to `.L80023328'
C:/Tools/mips-ps1/mips/bin/mipsel-none-elf-ld.exe: (.rodata+0x1084): undefined reference to `.L80023344'
C:/Tools/mips-ps1/mips/bin/mipsel-none-elf-ld.exe: (.rodata+0x1088): undefined reference to `.L800233FC'
C:/Tools/mips-ps1/mips/bin/mipsel-none-elf-ld.exe: (.rodata+0x108c): undefined reference to `.L800233FC'
C:/Tools/mips-ps1/mips/bin/mipsel-none-elf-ld.exe: (.rodata+0x1090): undefined reference to `.L800233FC'
C:/Tools/mips-ps1/mips/bin/mipsel-none-elf-ld.exe: (.rodata+0x1094): undefined reference to `.L800233CC'
C:/Tools/mips-ps1/mips/bin/mipsel-none-elf-ld.exe: (.rodata+0x1098): undefined reference to `.L800233CC'
C:/Tools/mips-ps1/mips/bin/mipsel-none-elf-ld.exe: (.rodata+0x109c): undefined reference to `.L800233CC'
C:/Tools/mips-ps1/mips/bin/mipsel-none-elf-ld.exe: (.rodata+0x10a0): undefined reference to `.L800233CC'
C:/Tools/mips-ps1/mips/bin/mipsel-none-elf-ld.exe: build/asm/data/rdata_80010000.rodata.s.o: in function `jtbl_800116F8':
(.rodata+0x16f8): undefined reference to `.L80034CBC'
C:/Tools/mips-ps1/mips/bin/mipsel-none-elf-ld.exe: (.rodata+0x16fc): undefined reference to `.L80034CBC'
C:/Tools/mips-ps1/mips/bin/mipsel-none-elf-ld.exe: (.rodata+0x1700): undefined reference to `.L80034C3C'
C:/Tools/mips-ps1/mips/bin/mipsel-none-elf-ld.exe: (.rodata+0x1704): undefined reference to `.L80034C3C'
C:/Tools/mips-ps1/mips/bin/mipsel-none-elf-ld.exe: (.rodata+0x1708): undefined reference to `.L80034C3C'
C:/Tools/mips-ps1/mips/bin/mipsel-none-elf-ld.exe: (.rodata+0x170c): undefined reference to `.L80034CBC'
C:/Tools/mips-ps1/mips/bin/mipsel-none-elf-ld.exe: (.rodata+0x1710): undefined reference to `.L80034C3C'
C:/Tools/mips-ps1/mips/bin/mipsel-none-elf-ld.exe: (.rodata+0x1714): undefined reference to `.L80034C3C'
C:/Tools/mips-ps1/mips/bin/mipsel-none-elf-ld.exe: (.rodata+0x1718): undefined reference to `.L80034CBC'
C:/Tools/mips-ps1/mips/bin/mipsel-none-elf-ld.exe: (.rodata+0x171c): undefined reference to `.L80034CBC'
C:/Tools/mips-ps1/mips/bin/mipsel-none-elf-ld.exe: (.rodata+0x1720): undefined reference to `.L80034CAC'
C:/Tools/mips-ps1/mips/bin/mipsel-none-elf-ld.exe: (.rodata+0x1724): undefined reference to `.L80034CBC'
C:/Tools/mips-ps1/mips/bin/mipsel-none-elf-ld.exe: (.rodata+0x1728): undefined reference to `.L80034C3C'
C:/Tools/mips-ps1/mips/bin/mipsel-none-elf-ld.exe: (.rodata+0x172c): undefined reference to `.L80034C3C'
C:/Tools/mips-ps1/mips/bin/mipsel-none-elf-ld.exe: (.rodata+0x1730): undefined reference to `.L80034C3C'
C:/Tools/mips-ps1/mips/bin/mipsel-none-elf-ld.exe: (.rodata+0x1734): undefined reference to `.L80034C3C'
C:/Tools/mips-ps1/mips/bin/mipsel-none-elf-ld.exe: (.rodata+0x1738): undefined reference to `.L80034C3C'
C:/Tools/mips-ps1/mips/bin/mipsel-none-elf-ld.exe: build/asm/data/rdata_80010000.rodata.s.o:(.rodata+0x173c): more undefined references to `.L80034C3C' follow
C:/Tools/mips-ps1/mips/bin/mipsel-none-elf-ld.exe: build/asm/data/rdata_80010000.rodata.s.o: in function `jtbl_800116F8':
(.rodata+0x1748): undefined reference to `.L80034C8C'
C:/Tools/mips-ps1/mips/bin/mipsel-none-elf-ld.exe: (.rodata+0x174c): undefined reference to `.L80034CBC'
C:/Tools/mips-ps1/mips/bin/mipsel-none-elf-ld.exe: build/asm/data/rdata_80010000.rodata.s.o: in function `jtbl_80011750':
(.rodata+0x1750): undefined reference to `.L800351DC'
C:/Tools/mips-ps1/mips/bin/mipsel-none-elf-ld.exe: (.rodata+0x1754): undefined reference to `.L800351DC'
C:/Tools/mips-ps1/mips/bin/mipsel-none-elf-ld.exe: (.rodata+0x1758): undefined reference to `.L8003500C'
C:/Tools/mips-ps1/mips/bin/mipsel-none-elf-ld.exe: (.rodata+0x175c): undefined reference to `.L8003500C'
C:/Tools/mips-ps1/mips/bin/mipsel-none-elf-ld.exe: (.rodata+0x1760): undefined reference to `.L8003500C'
C:/Tools/mips-ps1/mips/bin/mipsel-none-elf-ld.exe: (.rodata+0x1764): undefined reference to `.L800351DC'
C:/Tools/mips-ps1/mips/bin/mipsel-none-elf-ld.exe: (.rodata+0x1768): undefined reference to `.L8003500C'
C:/Tools/mips-ps1/mips/bin/mipsel-none-elf-ld.exe: (.rodata+0x176c): undefined reference to `.L8003500C'
C:/Tools/mips-ps1/mips/bin/mipsel-none-elf-ld.exe: (.rodata+0x1770): undefined reference to `.L800351DC'
C:/Tools/mips-ps1/mips/bin/mipsel-none-elf-ld.exe: (.rodata+0x1774): undefined reference to `.L800351DC'
C:/Tools/mips-ps1/mips/bin/mipsel-none-elf-ld.exe: (.rodata+0x1778): undefined reference to `.L8003500C'
C:/Tools/mips-ps1/mips/bin/mipsel-none-elf-ld.exe: (.rodata+0x177c): undefined reference to `.L8003500C'
C:/Tools/mips-ps1/mips/bin/mipsel-none-elf-ld.exe: (.rodata+0x1780): undefined reference to `.L8003500C'
C:/Tools/mips-ps1/mips/bin/mipsel-none-elf-ld.exe: (.rodata+0x1784): undefined reference to `.L80035074'
C:/Tools/mips-ps1/mips/bin/mipsel-none-elf-ld.exe: (.rodata+0x1788): undefined reference to `.L800351DC'
C:/Tools/mips-ps1/mips/bin/mipsel-none-elf-ld.exe: (.rodata+0x178c): undefined reference to `.L8003500C'
C:/Tools/mips-ps1/mips/bin/mipsel-none-elf-ld.exe: (.rodata+0x1790): undefined reference to `.L8003500C'
C:/Tools/mips-ps1/mips/bin/mipsel-none-elf-ld.exe: (.rodata+0x1794): undefined reference to `.L8003500C'
C:/Tools/mips-ps1/mips/bin/mipsel-none-elf-ld.exe: (.rodata+0x1798): undefined reference to `.L8003500C'
C:/Tools/mips-ps1/mips/bin/mipsel-none-elf-ld.exe: (.rodata+0x179c): undefined reference to `.L8003500C'
C:/Tools/mips-ps1/mips/bin/mipsel-none-elf-ld.exe: (.rodata+0x17a0): undefined reference to `.L8003505C'
C:/Tools/mips-ps1/mips/bin/mipsel-none-elf-ld.exe: (.rodata+0x17a4): undefined reference to `.L800351DC'
C:/Tools/mips-ps1/mips/bin/mipsel-none-elf-ld.exe: build/asm/data/rdata_80010000.rodata.s.o: in function `jtbl_800117A8':
(.rodata+0x17a8): undefined reference to `.L800356C0'
C:/Tools/mips-ps1/mips/bin/mipsel-none-elf-ld.exe: (.rodata+0x17ac): undefined reference to `.L800356F4'
C:/Tools/mips-ps1/mips/bin/mipsel-none-elf-ld.exe: (.rodata+0x17b0): undefined reference to `.L800354E8'
C:/Tools/mips-ps1/mips/bin/mipsel-none-elf-ld.exe: (.rodata+0x17b4): undefined reference to `.L800354E8'
C:/Tools/mips-ps1/mips/bin/mipsel-none-elf-ld.exe: (.rodata+0x17b8): undefined reference to `.L800354E8'
C:/Tools/mips-ps1/mips/bin/mipsel-none-elf-ld.exe: (.rodata+0x17bc): undefined reference to `.L800356F4'
C:/Tools/mips-ps1/mips/bin/mipsel-none-elf-ld.exe: (.rodata+0x17c0): undefined reference to `.L800354E8'
C:/Tools/mips-ps1/mips/bin/mipsel-none-elf-ld.exe: (.rodata+0x17c4): undefined reference to `.L800354E8'
C:/Tools/mips-ps1/mips/bin/mipsel-none-elf-ld.exe: (.rodata+0x17c8): undefined reference to `.L800356F4'
C:/Tools/mips-ps1/mips/bin/mipsel-none-elf-ld.exe: (.rodata+0x17cc): undefined reference to `.L800356F4'
C:/Tools/mips-ps1/mips/bin/mipsel-none-elf-ld.exe: (.rodata+0x17d0): undefined reference to `.L800354E8'
C:/Tools/mips-ps1/mips/bin/mipsel-none-elf-ld.exe: (.rodata+0x17d4): undefined reference to `.L800354E8'
C:/Tools/mips-ps1/mips/bin/mipsel-none-elf-ld.exe: (.rodata+0x17d8): undefined reference to `.L800354E8'
C:/Tools/mips-ps1/mips/bin/mipsel-none-elf-ld.exe: (.rodata+0x17dc): undefined reference to `.L80035550'
C:/Tools/mips-ps1/mips/bin/mipsel-none-elf-ld.exe: (.rodata+0x17e0): undefined reference to `.L800356C0'
C:/Tools/mips-ps1/mips/bin/mipsel-none-elf-ld.exe: (.rodata+0x17e4): undefined reference to `.L800354E8'
C:/Tools/mips-ps1/mips/bin/mipsel-none-elf-ld.exe: (.rodata+0x17e8): undefined reference to `.L800354E8'
C:/Tools/mips-ps1/mips/bin/mipsel-none-elf-ld.exe: (.rodata+0x17ec): undefined reference to `.L800354E8'
C:/Tools/mips-ps1/mips/bin/mipsel-none-elf-ld.exe: (.rodata+0x17f0): undefined reference to `.L800354E8'
C:/Tools/mips-ps1/mips/bin/mipsel-none-elf-ld.exe: (.rodata+0x17f4): undefined reference to `.L800354E8'
C:/Tools/mips-ps1/mips/bin/mipsel-none-elf-ld.exe: (.rodata+0x17f8): undefined reference to `.L80035538'
C:/Tools/mips-ps1/mips/bin/mipsel-none-elf-ld.exe: (.rodata+0x17fc): undefined reference to `.L800356F4'
C:/Tools/mips-ps1/mips/bin/mipsel-none-elf-ld.exe: build/asm/data/rdata_80010000.rodata.s.o: in function `jtbl_80011800':
(.rodata+0x1800): undefined reference to `.L80035674'
C:/Tools/mips-ps1/mips/bin/mipsel-none-elf-ld.exe: (.rodata+0x1804): undefined reference to `.L80035674'
C:/Tools/mips-ps1/mips/bin/mipsel-none-elf-ld.exe: (.rodata+0x1808): undefined reference to `.L80035600'
C:/Tools/mips-ps1/mips/bin/mipsel-none-elf-ld.exe: (.rodata+0x180c): undefined reference to `.L80035600'
C:/Tools/mips-ps1/mips/bin/mipsel-none-elf-ld.exe: (.rodata+0x1810): undefined reference to `.L80035600'
C:/Tools/mips-ps1/mips/bin/mipsel-none-elf-ld.exe: (.rodata+0x1814): undefined reference to `.L80035674'
C:/Tools/mips-ps1/mips/bin/mipsel-none-elf-ld.exe: (.rodata+0x1818): undefined reference to `.L80035600'
C:/Tools/mips-ps1/mips/bin/mipsel-none-elf-ld.exe: (.rodata+0x181c): undefined reference to `.L80035600'
C:/Tools/mips-ps1/mips/bin/mipsel-none-elf-ld.exe: (.rodata+0x1820): undefined reference to `.L80035674'
C:/Tools/mips-ps1/mips/bin/mipsel-none-elf-ld.exe: (.rodata+0x1824): undefined reference to `.L80035674'
C:/Tools/mips-ps1/mips/bin/mipsel-none-elf-ld.exe: (.rodata+0x1828): undefined reference to `.L80035668'
C:/Tools/mips-ps1/mips/bin/mipsel-none-elf-ld.exe: (.rodata+0x182c): undefined reference to `.L80035674'
C:/Tools/mips-ps1/mips/bin/mipsel-none-elf-ld.exe: (.rodata+0x1830): undefined reference to `.L80035600'
C:/Tools/mips-ps1/mips/bin/mipsel-none-elf-ld.exe: (.rodata+0x1834): undefined reference to `.L80035600'
C:/Tools/mips-ps1/mips/bin/mipsel-none-elf-ld.exe: (.rodata+0x1838): undefined reference to `.L80035600'
C:/Tools/mips-ps1/mips/bin/mipsel-none-elf-ld.exe: (.rodata+0x183c): undefined reference to `.L80035600'
C:/Tools/mips-ps1/mips/bin/mipsel-none-elf-ld.exe: (.rodata+0x1840): undefined reference to `.L80035600'
C:/Tools/mips-ps1/mips/bin/mipsel-none-elf-ld.exe: build/asm/data/rdata_80010000.rodata.s.o:(.rodata+0x1844): more undefined references to `.L80035600' follow
C:/Tools/mips-ps1/mips/bin/mipsel-none-elf-ld.exe: build/asm/data/rdata_80010000.rodata.s.o: in function `jtbl_80011800':
(.rodata+0x1850): undefined reference to `.L80035648'
C:/Tools/mips-ps1/mips/bin/mipsel-none-elf-ld.exe: (.rodata+0x1854): undefined reference to `.L80035674'
C:/Tools/mips-ps1/mips/bin/mipsel-none-elf-ld.exe: build/asm/data/rdata_80010000.rodata.s.o: in function `jtbl_80011AB8':
(.rodata+0x1ab8): undefined reference to `.L8003AED8'
C:/Tools/mips-ps1/mips/bin/mipsel-none-elf-ld.exe: (.rodata+0x1abc): undefined reference to `.L8003AEF8'
C:/Tools/mips-ps1/mips/bin/mipsel-none-elf-ld.exe: (.rodata+0x1ac0): undefined reference to `.L8003AEF8'
C:/Tools/mips-ps1/mips/bin/mipsel-none-elf-ld.exe: (.rodata+0x1ac4): undefined reference to `.L8003AEF8'
C:/Tools/mips-ps1/mips/bin/mipsel-none-elf-ld.exe: (.rodata+0x1ac8): undefined reference to `.L8003B144'
C:/Tools/mips-ps1/mips/bin/mipsel-none-elf-ld.exe: (.rodata+0x1acc): undefined reference to `.L8003B220'
C:/Tools/mips-ps1/mips/bin/mipsel-none-elf-ld.exe: (.rodata+0x1ad0): undefined reference to `.L8003B4D0'
C:/Tools/mips-ps1/mips/bin/mipsel-none-elf-ld.exe: build/asm/data/rdata_80010000.rodata.s.o: in function `jtbl_80011AF8':
(.rodata+0x1af8): undefined reference to `.L8003C270'
C:/Tools/mips-ps1/mips/bin/mipsel-none-elf-ld.exe: (.rodata+0x1afc): undefined reference to `.L8003C3B8'
C:/Tools/mips-ps1/mips/bin/mipsel-none-elf-ld.exe: (.rodata+0x1b00): undefined reference to `.L8003C2D4'
C:/Tools/mips-ps1/mips/bin/mipsel-none-elf-ld.exe: (.rodata+0x1b04): undefined reference to `.L8003C3B8'
C:/Tools/mips-ps1/mips/bin/mipsel-none-elf-ld.exe: (.rodata+0x1b08): undefined reference to `.L8003C3B8'
C:/Tools/mips-ps1/mips/bin/mipsel-none-elf-ld.exe: (.rodata+0x1b0c): undefined reference to `.L8003C270'
C:/Tools/mips-ps1/mips/bin/mipsel-none-elf-ld.exe: (.rodata+0x1b10): undefined reference to `.L8003C2D4'
C:/Tools/mips-ps1/mips/bin/mipsel-none-elf-ld.exe: (.rodata+0x1b14): undefined reference to `.L8003C310'
C:/Tools/mips-ps1/mips/bin/mipsel-none-elf-ld.exe: build/asm/data/rdata_80010000.rodata.s.o: in function `jtbl_80011B38':
(.rodata+0x1b38): undefined reference to `.L8003F45C'
C:/Tools/mips-ps1/mips/bin/mipsel-none-elf-ld.exe: (.rodata+0x1b3c): undefined reference to `.L8003F51C'
C:/Tools/mips-ps1/mips/bin/mipsel-none-elf-ld.exe: (.rodata+0x1b40): undefined reference to `.L8003F50C'
C:/Tools/mips-ps1/mips/bin/mipsel-none-elf-ld.exe: (.rodata+0x1b44): undefined reference to `.L8003F514'
C:/Tools/mips-ps1/mips/bin/mipsel-none-elf-ld.exe: (.rodata+0x1b48): undefined reference to `.L8003F544'
C:/Tools/mips-ps1/mips/bin/mipsel-none-elf-ld.exe: (.rodata+0x1b4c): undefined reference to `.L8003F54C'
C:/Tools/mips-ps1/mips/bin/mipsel-none-elf-ld.exe: (.rodata+0x1b50): undefined reference to `.L8003F3CC'
C:/Tools/mips-ps1/mips/bin/mipsel-none-elf-ld.exe: (.rodata+0x1b54): undefined reference to `.L8003F3BC'
C:/Tools/mips-ps1/mips/bin/mipsel-none-elf-ld.exe: (.rodata+0x1b58): undefined reference to `.L8003F554'
C:/Tools/mips-ps1/mips/bin/mipsel-none-elf-ld.exe: build/asm/data/rdata_80010000.rodata.s.o: in function `jtbl_80012138':
(.rodata+0x2138): undefined reference to `.L80045F60'
C:/Tools/mips-ps1/mips/bin/mipsel-none-elf-ld.exe: (.rodata+0x213c): undefined reference to `.L80045F70'
C:/Tools/mips-ps1/mips/bin/mipsel-none-elf-ld.exe: (.rodata+0x2140): undefined reference to `.L80045F80'
C:/Tools/mips-ps1/mips/bin/mipsel-none-elf-ld.exe: (.rodata+0x2144): undefined reference to `.L80045F90'
C:/Tools/mips-ps1/mips/bin/mipsel-none-elf-ld.exe: (.rodata+0x2148): undefined reference to `.L80045FA0'
C:/Tools/mips-ps1/mips/bin/mipsel-none-elf-ld.exe: build/asm/data/rdata_80010000.rodata.s.o: in function `jtbl_800121C0':
(.rodata+0x21c0): undefined reference to `.L8004684C'
C:/Tools/mips-ps1/mips/bin/mipsel-none-elf-ld.exe: (.rodata+0x21c4): undefined reference to `.L8004684C'
C:/Tools/mips-ps1/mips/bin/mipsel-none-elf-ld.exe: (.rodata+0x21c8): undefined reference to `.L80046688'
C:/Tools/mips-ps1/mips/bin/mipsel-none-elf-ld.exe: (.rodata+0x21cc): undefined reference to `.L80046688'
C:/Tools/mips-ps1/mips/bin/mipsel-none-elf-ld.exe: (.rodata+0x21d0): undefined reference to `.L80046688'
C:/Tools/mips-ps1/mips/bin/mipsel-none-elf-ld.exe: (.rodata+0x21d4): undefined reference to `.L8004684C'
C:/Tools/mips-ps1/mips/bin/mipsel-none-elf-ld.exe: (.rodata+0x21d8): undefined reference to `.L80046688'
C:/Tools/mips-ps1/mips/bin/mipsel-none-elf-ld.exe: (.rodata+0x21dc): undefined reference to `.L80046688'
C:/Tools/mips-ps1/mips/bin/mipsel-none-elf-ld.exe: (.rodata+0x21e0): undefined reference to `.L8004684C'
C:/Tools/mips-ps1/mips/bin/mipsel-none-elf-ld.exe: (.rodata+0x21e4): undefined reference to `.L8004684C'
C:/Tools/mips-ps1/mips/bin/mipsel-none-elf-ld.exe: (.rodata+0x21e8): undefined reference to `.L80046688'
C:/Tools/mips-ps1/mips/bin/mipsel-none-elf-ld.exe: (.rodata+0x21ec): undefined reference to `.L80046688'
C:/Tools/mips-ps1/mips/bin/mipsel-none-elf-ld.exe: (.rodata+0x21f0): undefined reference to `.L80046688'
C:/Tools/mips-ps1/mips/bin/mipsel-none-elf-ld.exe: (.rodata+0x21f4): undefined reference to `.L800466E8'
C:/Tools/mips-ps1/mips/bin/mipsel-none-elf-ld.exe: (.rodata+0x21f8): undefined reference to `.L8004684C'
C:/Tools/mips-ps1/mips/bin/mipsel-none-elf-ld.exe: (.rodata+0x21fc): undefined reference to `.L80046688'
C:/Tools/mips-ps1/mips/bin/mipsel-none-elf-ld.exe: (.rodata+0x2200): undefined reference to `.L80046688'
C:/Tools/mips-ps1/mips/bin/mipsel-none-elf-ld.exe: (.rodata+0x2204): undefined reference to `.L8004684C'
C:/Tools/mips-ps1/mips/bin/mipsel-none-elf-ld.exe: (.rodata+0x2208): undefined reference to `.L80046688'
C:/Tools/mips-ps1/mips/bin/mipsel-none-elf-ld.exe: (.rodata+0x220c): undefined reference to `.L80046688'
C:/Tools/mips-ps1/mips/bin/mipsel-none-elf-ld.exe: (.rodata+0x2210): undefined reference to `.L80046688'
C:/Tools/mips-ps1/mips/bin/mipsel-none-elf-ld.exe: (.rodata+0x2214): undefined reference to `.L8004684C'
C:/Tools/mips-ps1/mips/bin/mipsel-none-elf-ld.exe: build/asm/data/rdata_80010000.rodata.s.o: in function `jtbl_80012538':
(.rodata+0x2538): undefined reference to `.L8004AB80'
C:/Tools/mips-ps1/mips/bin/mipsel-none-elf-ld.exe: (.rodata+0x253c): undefined reference to `.L8004AB38'
C:/Tools/mips-ps1/mips/bin/mipsel-none-elf-ld.exe: (.rodata+0x2540): undefined reference to `.L8004ABC8'
C:/Tools/mips-ps1/mips/bin/mipsel-none-elf-ld.exe: (.rodata+0x2544): undefined reference to `.L8004ABC8'
C:/Tools/mips-ps1/mips/bin/mipsel-none-elf-ld.exe: (.rodata+0x2548): undefined reference to `.L8004AB08'
C:/Tools/mips-ps1/mips/bin/mipsel-none-elf-ld.exe: (.rodata+0x254c): undefined reference to `.L8004AB74'
C:/Tools/mips-ps1/mips/bin/mipsel-none-elf-ld.exe: (.rodata+0x2550): undefined reference to `.L8004ABC8'
C:/Tools/mips-ps1/mips/bin/mipsel-none-elf-ld.exe: (.rodata+0x2554): undefined reference to `.L8004ABC8'
C:/Tools/mips-ps1/mips/bin/mipsel-none-elf-ld.exe: (.rodata+0x2558): undefined reference to `.L8004AB8C'
C:/Tools/mips-ps1/mips/bin/mipsel-none-elf-ld.exe: (.rodata+0x255c): undefined reference to `.L8004AB2C'
C:/Tools/mips-ps1/mips/bin/mipsel-none-elf-ld.exe: (.rodata+0x2560): undefined reference to `.L8004ABC8'
C:/Tools/mips-ps1/mips/bin/mipsel-none-elf-ld.exe: (.rodata+0x2564): undefined reference to `.L8004ABC8'
C:/Tools/mips-ps1/mips/bin/mipsel-none-elf-ld.exe: (.rodata+0x2568): undefined reference to `.L8004ABA8'
C:/Tools/mips-ps1/mips/bin/mipsel-none-elf-ld.exe: (.rodata+0x256c): undefined reference to `.L8004AB44'
C:/Tools/mips-ps1/mips/bin/mipsel-none-elf-ld.exe: (.rodata+0x2570): undefined reference to `.L8004ABC8'
C:/Tools/mips-ps1/mips/bin/mipsel-none-elf-ld.exe: (.rodata+0x2574): undefined reference to `.L8004ABC8'
C:/Tools/mips-ps1/mips/bin/mipsel-none-elf-ld.exe: (.rodata+0x2578): undefined reference to `.L8004ABC8'
C:/Tools/mips-ps1/mips/bin/mipsel-none-elf-ld.exe: (.rodata+0x257c): undefined reference to `.L8004AB68'
C:/Tools/mips-ps1/mips/bin/mipsel-none-elf-ld.exe: (.rodata+0x2580): undefined reference to `.L8004ABB4'
C:/Tools/mips-ps1/mips/bin/mipsel-none-elf-ld.exe: (.rodata+0x2584): undefined reference to `.L8004AB50'
C:/Tools/mips-ps1/mips/bin/mipsel-none-elf-ld.exe: (.rodata+0x2588): undefined reference to `.L8004ABC8'
C:/Tools/mips-ps1/mips/bin/mipsel-none-elf-ld.exe: (.rodata+0x258c): undefined reference to `.L8004ABC8'
C:/Tools/mips-ps1/mips/bin/mipsel-none-elf-ld.exe: (.rodata+0x2590): undefined reference to `.L8004AB14'
C:/Tools/mips-ps1/mips/bin/mipsel-none-elf-ld.exe: (.rodata+0x2594): undefined reference to `.L8004ABC8'
C:/Tools/mips-ps1/mips/bin/mipsel-none-elf-ld.exe: (.rodata+0x2598): undefined reference to `.L8004ABC8'
C:/Tools/mips-ps1/mips/bin/mipsel-none-elf-ld.exe: (.rodata+0x259c): undefined reference to `.L8004ABC0'
C:/Tools/mips-ps1/mips/bin/mipsel-none-elf-ld.exe: (.rodata+0x25a0): undefined reference to `.L8004AB5C'
C:/Tools/mips-ps1/mips/bin/mipsel-none-elf-ld.exe: (.rodata+0x25a4): undefined reference to `.L8004ABC8'
C:/Tools/mips-ps1/mips/bin/mipsel-none-elf-ld.exe: (.rodata+0x25a8): undefined reference to `.L8004AB20'
C:/Tools/mips-ps1/mips/bin/mipsel-none-elf-ld.exe: build/asm/data/rdata_80010000.rodata.s.o: in function `jtbl_800125F0':
(.rodata+0x25f0): undefined reference to `.L8004B3D4'
C:/Tools/mips-ps1/mips/bin/mipsel-none-elf-ld.exe: (.rodata+0x25f4): undefined reference to `.L8004B5E0'
C:/Tools/mips-ps1/mips/bin/mipsel-none-elf-ld.exe: (.rodata+0x25f8): undefined reference to `.L8004B468'
C:/Tools/mips-ps1/mips/bin/mipsel-none-elf-ld.exe: (.rodata+0x25fc): undefined reference to `.L8004B470'
C:/Tools/mips-ps1/mips/bin/mipsel-none-elf-ld.exe: (.rodata+0x2600): undefined reference to `.L8004B5E0'
C:/Tools/mips-ps1/mips/bin/mipsel-none-elf-ld.exe: (.rodata+0x2604): undefined reference to `.L8004B4FC'
C:/Tools/mips-ps1/mips/bin/mipsel-none-elf-ld.exe: (.rodata+0x2608): undefined reference to `.L8004B5E0'
C:/Tools/mips-ps1/mips/bin/mipsel-none-elf-ld.exe: (.rodata+0x260c): undefined reference to `.L8004B5E0'
C:/Tools/mips-ps1/mips/bin/mipsel-none-elf-ld.exe: (.rodata+0x2610): undefined reference to `.L8004B5E0'
C:/Tools/mips-ps1/mips/bin/mipsel-none-elf-ld.exe: (.rodata+0x2614): undefined reference to `.L8004B5E0'
C:/Tools/mips-ps1/mips/bin/mipsel-none-elf-ld.exe: (.rodata+0x2618): undefined reference to `.L8004B5E0'
C:/Tools/mips-ps1/mips/bin/mipsel-none-elf-ld.exe: build/asm/data/rdata_80010000.rodata.s.o:(.rodata+0x261c): more undefined references to `.L8004B5E0' follow
C:/Tools/mips-ps1/mips/bin/mipsel-none-elf-ld.exe: build/asm/data/rdata_80010000.rodata.s.o: in function `jtbl_800125F0':
(.rodata+0x2620): undefined reference to `.L8004B604'
C:/Tools/mips-ps1/mips/bin/mipsel-none-elf-ld.exe: (.rodata+0x2624): undefined reference to `.L8004B5E0'
C:/Tools/mips-ps1/mips/bin/mipsel-none-elf-ld.exe: (.rodata+0x2628): undefined reference to `.L8004B5E0'
C:/Tools/mips-ps1/mips/bin/mipsel-none-elf-ld.exe: (.rodata+0x262c): undefined reference to `.L8004B5E0'
C:/Tools/mips-ps1/mips/bin/mipsel-none-elf-ld.exe: (.rodata+0x2630): undefined reference to `.L8004B5E0'
C:/Tools/mips-ps1/mips/bin/mipsel-none-elf-ld.exe: (.rodata+0x2634): undefined reference to `.L8004B5E0'
C:/Tools/mips-ps1/mips/bin/mipsel-none-elf-ld.exe: build/asm/data/rdata_80010000.rodata.s.o:(.rodata+0x2638): more undefined references to `.L8004B5E0' follow
C:/Tools/mips-ps1/mips/bin/mipsel-none-elf-ld.exe: build/asm/data/rdata_80010000.rodata.s.o: in function `jtbl_800125F0':
(.rodata+0x266c): undefined reference to `.L8004B3DC'
C:/Tools/mips-ps1/mips/bin/mipsel-none-elf-ld.exe: (.rodata+0x2670): undefined reference to `.L8004B5E0'
C:/Tools/mips-ps1/mips/bin/mipsel-none-elf-ld.exe: (.rodata+0x2674): undefined reference to `.L8004B5E0'
C:/Tools/mips-ps1/mips/bin/mipsel-none-elf-ld.exe: (.rodata+0x2678): undefined reference to `.L8004B5E0'
C:/Tools/mips-ps1/mips/bin/mipsel-none-elf-ld.exe: (.rodata+0x267c): undefined reference to `.L8004B5E0'
C:/Tools/mips-ps1/mips/bin/mipsel-none-elf-ld.exe: (.rodata+0x2680): undefined reference to `.L8004B5E0'
C:/Tools/mips-ps1/mips/bin/mipsel-none-elf-ld.exe: build/asm/data/rdata_80010000.rodata.s.o:(.rodata+0x2684): more undefined references to `.L8004B5E0' follow
C:/Tools/mips-ps1/mips/bin/mipsel-none-elf-ld.exe: build/asm/data/rdata_80010000.rodata.s.o: in function `jtbl_800125F0':
(.rodata+0x26e4): undefined reference to `.L8004B554'
C:/Tools/mips-ps1/mips/bin/mipsel-none-elf-ld.exe: build/asm/data/rdata_80010000.rodata.s.o: in function `jtbl_80012858':
(.rodata+0x2858): undefined reference to `.L8005000C'
C:/Tools/mips-ps1/mips/bin/mipsel-none-elf-ld.exe: (.rodata+0x285c): undefined reference to `.L80050028'
C:/Tools/mips-ps1/mips/bin/mipsel-none-elf-ld.exe: (.rodata+0x2860): undefined reference to `.L80050040'
C:/Tools/mips-ps1/mips/bin/mipsel-none-elf-ld.exe: (.rodata+0x2864): undefined reference to `.L8005000C'
C:/Tools/mips-ps1/mips/bin/mipsel-none-elf-ld.exe: (.rodata+0x2868): undefined reference to `.L80050050'
C:/Tools/mips-ps1/mips/bin/mipsel-none-elf-ld.exe: build/asm/data/rdata_80010000.rodata.s.o: in function `jtbl_80012870':
(.rodata+0x2870): undefined reference to `.L80050094'
C:/Tools/mips-ps1/mips/bin/mipsel-none-elf-ld.exe: (.rodata+0x2874): undefined reference to `.L800500E0'
C:/Tools/mips-ps1/mips/bin/mipsel-none-elf-ld.exe: (.rodata+0x2878): undefined reference to `.L80050114'
C:/Tools/mips-ps1/mips/bin/mipsel-none-elf-ld.exe: (.rodata+0x287c): undefined reference to `.L80050148'
C:/Tools/mips-ps1/mips/bin/mipsel-none-elf-ld.exe: (.rodata+0x2880): undefined reference to `.L8005017C'
C:/Tools/mips-ps1/mips/bin/mipsel-none-elf-ld.exe: build/asm/data/rdata_80010000.rodata.s.o: in function `jtbl_80012888':
(.rodata+0x2888): undefined reference to `.L800506C4'
C:/Tools/mips-ps1/mips/bin/mipsel-none-elf-ld.exe: (.rodata+0x288c): undefined reference to `.L8005057C'
C:/Tools/mips-ps1/mips/bin/mipsel-none-elf-ld.exe: (.rodata+0x2890): undefined reference to `.L8005058C'
C:/Tools/mips-ps1/mips/bin/mipsel-none-elf-ld.exe: (.rodata+0x2894): undefined reference to `.L8005059C'
C:/Tools/mips-ps1/mips/bin/mipsel-none-elf-ld.exe: (.rodata+0x2898): undefined reference to `.L800505CC'
C:/Tools/mips-ps1/mips/bin/mipsel-none-elf-ld.exe: (.rodata+0x289c): undefined reference to `.L80050654'
C:/Tools/mips-ps1/mips/bin/mipsel-none-elf-ld.exe: (.rodata+0x28a0): undefined reference to `.L8005065C'
C:/Tools/mips-ps1/mips/bin/mipsel-none-elf-ld.exe: (.rodata+0x28a4): undefined reference to `.L800506A8'
C:/Tools/mips-ps1/mips/bin/mipsel-none-elf-ld.exe: build/recon/game/common/minfront.cpp.o: in function `MinFront_ParseOptions__Fv':
(.text+0x4): undefined reference to `bigBuf'
C:/Tools/mips-ps1/mips/bin/mipsel-none-elf-ld.exe: (.text+0x8): undefined reference to `bigBuf'
C:/Tools/mips-ps1/mips/bin/mipsel-none-elf-ld.exe: build/recon/game/psx/fe3dmenu.cpp.o: in function `CameraLookAt__FP10matrixtdefP8coorddef':
(.text+0x1b0): undefined reference to `bigBuf'
C:/Tools/mips-ps1/mips/bin/mipsel-none-elf-ld.exe: (.text+0x1c4): undefined reference to `bigBuf'
C:/Tools/mips-ps1/mips/bin/mipsel-none-elf-ld.exe: build/recon/game/psx/fe3dmenu.cpp.o: in function `Draw_MenuRenderingView__FP8Car_tObjP13DRender_tViewiiiUliffii':
(.text+0x310): undefined reference to `showRoomFlag'
C:/Tools/mips-ps1/mips/bin/mipsel-none-elf-ld.exe: (.text+0x314): undefined reference to `showRoomFlag'
C:/Tools/mips-ps1/mips/bin/mipsel-none-elf-ld.exe: (.text+0x350): undefined reference to `showRoomFlag'
C:/Tools/mips-ps1/mips/bin/mipsel-none-elf-ld.exe: build/recon/frontend/common/feapp.cpp.o: in function `UpdateMusic__14tFEApplication':
(.text+0xe00): undefined reference to `bigBuf'
C:/Tools/mips-ps1/mips/bin/mipsel-none-elf-ld.exe: (.text+0xe08): undefined reference to `bigBuf'
C:/Tools/mips-ps1/mips/bin/mipsel-none-elf-ld.exe: (.text+0xe1c): undefined reference to `bigBuf'
C:/Tools/mips-ps1/mips/bin/mipsel-none-elf-ld.exe: (.text+0xe24): undefined reference to `bigBuf'
C:/Tools/mips-ps1/mips/bin/mipsel-none-elf-ld.exe: (.text+0xe38): undefined reference to `bigBuf'
C:/Tools/mips-ps1/mips/bin/mipsel-none-elf-ld.exe: build/recon/frontend/common/feapp.cpp.o:(.text+0xe40): more undefined references to `bigBuf' follow
C:/Tools/mips-ps1/mips/bin/mipsel-none-elf-ld.exe: build/recon/frontend/common/fedialog.cpp.o: in function `__12tDialogYesNo':
(.text+0x13f0): undefined reference to `__20tDialogMessageString'
C:/Tools/mips-ps1/mips/bin/mipsel-none-elf-ld.exe: build/recon/frontend/common/feinput.cpp.o: in function `FEInput_GetDebounceKey__Fii':
(.text+0x2fc): undefined reference to `debounce'
C:/Tools/mips-ps1/mips/bin/mipsel-none-elf-ld.exe: (.text+0x300): undefined reference to `debounce'
C:/Tools/mips-ps1/mips/bin/mipsel-none-elf-ld.exe: (.text+0x348): undefined reference to `nextTick'
C:/Tools/mips-ps1/mips/bin/mipsel-none-elf-ld.exe: (.text+0x34c): undefined reference to `nextTick'
C:/Tools/mips-ps1/mips/bin/mipsel-none-elf-ld.exe: (.text+0x370): undefined reference to `nextTick'
C:/Tools/mips-ps1/mips/bin/mipsel-none-elf-ld.exe: (.text+0x374): undefined reference to `nextTick'
C:/Tools/mips-ps1/mips/bin/mipsel-none-elf-ld.exe: (.text+0x39c): undefined reference to `nextTick'
C:/Tools/mips-ps1/mips/bin/mipsel-none-elf-ld.exe: build/recon/frontend/common/feinput.cpp.o:(.text+0x3ac): more undefined references to `nextTick' follow
C:/Tools/mips-ps1/mips/bin/mipsel-none-elf-ld.exe: build/recon/frontend/common/feinput.cpp.o: in function `FEInput_GetDebounceKey__Fii':
(.text+0x3bc): undefined reference to `debounce'
C:/Tools/mips-ps1/mips/bin/mipsel-none-elf-ld.exe: (.text+0x3c0): undefined reference to `debounce'
C:/Tools/mips-ps1/mips/bin/mipsel-none-elf-ld.exe: build/recon/frontend/common/femenu.cpp.o: in function `ProcessInput__5tMenu7tPlayerR13tInputKeyTypeR12tMenuCommand':
(.text+0x1a84): undefined reference to `DisplayHelp__FP14tFEApplicationi'
C:/Tools/mips-ps1/mips/bin/mipsel-none-elf-ld.exe: build/recon/frontend/common/fecredits.cpp.o: in function `SetupCurrCredit__14tCreditManager':
(.text+0x284): undefined reference to `FECredits_lastFadeTick'
C:/Tools/mips-ps1/mips/bin/mipsel-none-elf-ld.exe: (.text+0x28c): undefined reference to `FECredits_lastFadeTick'
C:/Tools/mips-ps1/mips/bin/mipsel-none-elf-ld.exe: (.text+0x324): undefined reference to `FECredits_lastFadeTick'
C:/Tools/mips-ps1/mips/bin/mipsel-none-elf-ld.exe: (.text+0x328): undefined reference to `FECredits_lastFadeTick'
C:/Tools/mips-ps1/mips/bin/mipsel-none-elf-ld.exe: build/recon/frontend/common/screenpost.cpp.o: in function `DrawMoney__Fiiilii':
(.text+0xf8): undefined reference to `FETextRender_FullTextRGB__FPcssici'
C:/Tools/mips-ps1/mips/bin/mipsel-none-elf-ld.exe: (.text+0x114): undefined reference to `FETextRender_FullTextRGB__FPcssici'
C:/Tools/mips-ps1/mips/bin/mipsel-none-elf-ld.exe: build/recon/frontend/common/screenpost.cpp.o: in function `DrawBackground__26tScreenTournamentStandings':
(.text+0x6cc): undefined reference to `TextValue__FPv7tPlayer'
C:/Tools/mips-ps1/mips/bin/mipsel-none-elf-ld.exe: (.text+0xc18): undefined reference to `DrawBackgroundImage__FP7tScreeniiP18tTexture_ShapeInfoi'
C:/Tools/mips-ps1/mips/bin/mipsel-none-elf-ld.exe: build/recon/frontend/common/screenpost.cpp.o: in function `DrawBackground__24tScreenPinkSlipStandings':
(.text+0x103c): undefined reference to `DrawBackgroundImage__FP7tScreeniiP18tTexture_ShapeInfoi'
C:/Tools/mips-ps1/mips/bin/mipsel-none-elf-ld.exe: build/recon/frontend/common/screenpost.cpp.o: in function `ProcessInput__24tScreenPinkSlipStandings7tPlayerR13tInputKeyTypeR12tMenuCommand':
(.text+0x107c): undefined reference to `tScreen_ProcessInput__FP7tScreen7tPlayerR13tInputKeyTypeR12tMenuCommand'
C:/Tools/mips-ps1/mips/bin/mipsel-none-elf-ld.exe: build/recon/frontend/common/screencarselect.cpp.o: in function `DrawForeground__16tScreenCarSelect':
(.text+0x22e4): undefined reference to `showRoomFlag'
C:/Tools/mips-ps1/mips/bin/mipsel-none-elf-ld.exe: (.text+0x22e8): undefined reference to `showRoomFlag'
C:/Tools/mips-ps1/mips/bin/mipsel-none-elf-ld.exe: (.text+0x2638): undefined reference to `showRoomFlag'
C:/Tools/mips-ps1/mips/bin/mipsel-none-elf-ld.exe: (.text+0x2648): undefined reference to `showRoomFlag'
C:/Tools/mips-ps1/mips/bin/mipsel-none-elf-ld.exe: build/recon/frontend/common/screencarselect.cpp.o: in function `DrawBackground__20tScreenCarSelectDuel':
(.text+0x316c): undefined reference to `showRoomFlag'
C:/Tools/mips-ps1/mips/bin/mipsel-none-elf-ld.exe: build/recon/frontend/common/screencarselect.cpp.o:(.text+0x3170): more undefined references to `showRoomFlag' follow
C:/Tools/mips-ps1/mips/bin/mipsel-none-elf-ld.exe: small-data section too large; lower small-data size limit (see option -G)
build/recon/game/common/ai.cpp.o: in function `AI_AddCollidableObjects__FP8Car_tObjP5Group':
(.text+0x1db0): relocation truncated to fit: R_MIPS_GPREL16 against `.sbss'
(.text+0x1de0): relocation truncated to fit: R_MIPS_GPREL16 against `.sbss'
build/recon/game/common/aiphysic.cpp.o: in function `AIPhysic_RevEngine__FP8Car_tObj':
(.text+0xf8): relocation truncated to fit: R_MIPS_GPREL16 against `AIPhysic_elapsedTime'
build/recon/game/common/aiphysic.cpp.o: in function `AIPhysic_HandleShifting__FP8Car_tObj':
(.text+0x1c0): relocation truncated to fit: R_MIPS_GPREL16 against `AIPhysic_elapsedTime'
build/recon/game/common/aiphysic.cpp.o: in function `AIPhysic_SimplePhysics_LongVel__FP8Car_tObj':
(.text+0x1114): relocation truncated to fit: R_MIPS_GPREL16 against `AIPhysic_elapsedTime'
(.text+0x1164): relocation truncated to fit: R_MIPS_GPREL16 against `AIPhysic_iTime'
(.text+0x11c8): relocation truncated to fit: R_MIPS_GPREL16 against `AIPhysic_iTime'
(.text+0x11e8): relocation truncated to fit: R_MIPS_GPREL16 against `AIPhysic_elapsedTime'
(.text+0x1204): relocation truncated to fit: R_MIPS_GPREL16 against `AIPhysic_elapsedTime'
(.text+0x126c): relocation truncated to fit: R_MIPS_GPREL16 against `AIPhysic_elapsedTime'
(.text+0x12c4): additional relocation overflows omitted from the output
C:/Tools/mips-ps1/mips/bin/mipsel-none-elf-ld.exe: build/recon/game/common/nfs3.cpp.o: in function `LoadFrontendOverlay__Fv':
(.text+0x718): undefined reference to `bigBuf'
C:/Tools/mips-ps1/mips/bin/mipsel-none-elf-ld.exe: (.text+0x71c): undefined reference to `bigBuf'
C:/Tools/mips-ps1/mips/bin/mipsel-none-elf-ld.exe: build/recon/game/common/simqueue.cpp.o: in function `SimQueue_Reset__Fv':
(.text+0x34): undefined reference to `inputQueue'
C:/Tools/mips-ps1/mips/bin/mipsel-none-elf-ld.exe: build/recon/game/common/simqueue.cpp.o: in function `SimQueue_IsBlocking__Fi':
(.text+0x328): undefined reference to `inputQueue'
C:/Tools/mips-ps1/mips/bin/mipsel-none-elf-ld.exe: build/recon/game/common/simqueue.cpp.o: in function `SimQueue_Reset__Fv':
(.text+0x38): undefined reference to `inputQueue'
C:/Tools/mips-ps1/mips/bin/mipsel-none-elf-ld.exe: (.text+0xac): undefined reference to `inputQueue'
C:/Tools/mips-ps1/mips/bin/mipsel-none-elf-ld.exe: (.text+0xb0): undefined reference to `inputQueue'
C:/Tools/mips-ps1/mips/bin/mipsel-none-elf-ld.exe: build/recon/game/common/simqueue.cpp.o:(.text+0xf4): more undefined references to `inputQueue' follow
C:/Tools/mips-ps1/mips/bin/mipsel-none-elf-ld.exe: build/recon/game/common/simqueue.cpp.o: in function `SimQueue_SetCurrentInput__Fi':
(.text+0x220): undefined reference to `output'
C:/Tools/mips-ps1/mips/bin/mipsel-none-elf-ld.exe: (.text+0x224): undefined reference to `output'
C:/Tools/mips-ps1/mips/bin/mipsel-none-elf-ld.exe: (.text+0x274): undefined reference to `inputQueue'
C:/Tools/mips-ps1/mips/bin/mipsel-none-elf-ld.exe: (.text+0x278): undefined reference to `inputQueue'
C:/Tools/mips-ps1/mips/bin/mipsel-none-elf-ld.exe: (.text+0x29c): undefined reference to `inputQueue'
C:/Tools/mips-ps1/mips/bin/mipsel-none-elf-ld.exe: (.text+0x2a0): undefined reference to `inputQueue'
C:/Tools/mips-ps1/mips/bin/mipsel-none-elf-ld.exe: build/recon/game/common/simqueue.cpp.o: in function `SimQueue_GetCurrentInput__FiP14Input_tResults':
(.text+0x2b8): undefined reference to `output'
C:/Tools/mips-ps1/mips/bin/mipsel-none-elf-ld.exe: (.text+0x2bc): undefined reference to `output'
C:/Tools/mips-ps1/mips/bin/mipsel-none-elf-ld.exe: build/recon/game/common/simqueue.cpp.o: in function `SimQueue_IsBlocking__Fi':
(.text+0x334): undefined reference to `inputQueue'
C:/Tools/mips-ps1/mips/bin/mipsel-none-elf-ld.exe: (.text+0x338): undefined reference to `inputQueue'
C:/Tools/mips-ps1/mips/bin/mipsel-none-elf-ld.exe: build/recon/game/psx/cario.cpp.o: in function `CarIO_ReadInCarTextureData__FPcP8Car_tObjii':
(.text+0xaa4): undefined reference to `CarIO_textureName'
C:/Tools/mips-ps1/mips/bin/mipsel-none-elf-ld.exe: (.text+0xaac): undefined reference to `CarIO_textureName'
C:/Tools/mips-ps1/mips/bin/mipsel-none-elf-ld.exe: build/recon/game/psx/cario.cpp.o: in function `CarIO_UpdateCarTextureData__FPcP8Car_tObji':
(.text+0x105c): undefined reference to `CarIO_textureName'
C:/Tools/mips-ps1/mips/bin/mipsel-none-elf-ld.exe: (.text+0x1064): undefined reference to `CarIO_textureName'
C:/Tools/mips-ps1/mips/bin/mipsel-none-elf-ld.exe: build/recon/game/psx/drawc.cpp.o: in function `DrawC_ShowroomPrims__FP10matrixtdefP8coorddefP13Draw_CarCache':
(.text+0x6810): undefined reference to `hilight_colors'
C:/Tools/mips-ps1/mips/bin/mipsel-none-elf-ld.exe: (.text+0x6828): undefined reference to `hilight_colors'
C:/Tools/mips-ps1/mips/bin/mipsel-none-elf-ld.exe: build/recon/game/psx/loading.cpp.o: in function `Loading_DrawLoadingScreen__Fv':
(.text+0xc4): undefined reference to `loading_languageNames'
C:/Tools/mips-ps1/mips/bin/mipsel-none-elf-ld.exe: (.text+0xc8): undefined reference to `loading_languageNames'
C:/Tools/mips-ps1/mips/bin/mipsel-none-elf-ld.exe: build/recon/game/psx/psxcontroller.cpp.o: in function `InGame_ResetPSXController__Fii':
(.text+0xf4): undefined reference to `hoff'
C:/Tools/mips-ps1/mips/bin/mipsel-none-elf-ld.exe: (.text+0xf8): undefined reference to `hoff'
C:/Tools/mips-ps1/mips/bin/mipsel-none-elf-ld.exe: (.text+0x310): undefined reference to `hoff'
C:/Tools/mips-ps1/mips/bin/mipsel-none-elf-ld.exe: (.text+0x314): undefined reference to `hoff'
C:/Tools/mips-ps1/mips/bin/mipsel-none-elf-ld.exe: (.text+0x35c): undefined reference to `hoff'
C:/Tools/mips-ps1/mips/bin/mipsel-none-elf-ld.exe: build/recon/game/psx/psxcontroller.cpp.o:(.text+0x360): more undefined references to `hoff' follow
C:/Tools/mips-ps1/mips/bin/mipsel-none-elf-ld.exe: build/recon/eaclib/psx/sndpsxz/span.c.o: in function `SNDpan':
(.text+0xc): undefined reference to `gSndState'
C:/Tools/mips-ps1/mips/bin/mipsel-none-elf-ld.exe: (.text+0x14): undefined reference to `gSndState'
C:/Tools/mips-ps1/mips/bin/mipsel-none-elf-ld.exe: build/recon/eaclib/psx/sndpsxz/svol.c.o: in function `iSNDunsafevol':
(.text+0x30): undefined reference to `gSndState'
C:/Tools/mips-ps1/mips/bin/mipsel-none-elf-ld.exe: (.text+0x34): undefined reference to `gSndState'
C:/Tools/mips-ps1/mips/bin/mipsel-none-elf-ld.exe: build/recon/eaclib/psx/sndpsxz/svol.c.o: in function `SNDvol':
(.text+0xc4): undefined reference to `gSndState'
C:/Tools/mips-ps1/mips/bin/mipsel-none-elf-ld.exe: build/recon/eaclib/psx/sndpsxz/svol.c.o:(.text+0xc8): more undefined references to `gSndState' follow
C:/Tools/mips-ps1/mips/bin/mipsel-none-elf-ld.exe: build/recon/eaclib/psx/eacpsxz/systask.c.o: in function `addsystemtask':
(.text+0x10): undefined reference to `systemtasksubs'
C:/Tools/mips-ps1/mips/bin/mipsel-none-elf-ld.exe: (.text+0x18): undefined reference to `systemtasksubs'
C:/Tools/mips-ps1/mips/bin/mipsel-none-elf-ld.exe: (.text+0x70): undefined reference to `systemtasksubs'
C:/Tools/mips-ps1/mips/bin/mipsel-none-elf-ld.exe: (.text+0x74): undefined reference to `systemtasksubs'
C:/Tools/mips-ps1/mips/bin/mipsel-none-elf-ld.exe: build/recon/eaclib/psx/eacpsxz/systask.c.o: in function `delsystemtask':
(.text+0xb8): undefined reference to `systemtasksubs'
C:/Tools/mips-ps1/mips/bin/mipsel-none-elf-ld.exe: build/recon/eaclib/psx/eacpsxz/systask.c.o:(.text+0xbc): more undefined references to `systemtasksubs' follow
C:/Tools/mips-ps1/mips/bin/mipsel-none-elf-ld.exe: build/recon/eaclib/psx/sndpsxz/sstsetpr.c.o: in function `SNDSTRM_setpriority':
(.text+0x0): undefined reference to `gSndState'
C:/Tools/mips-ps1/mips/bin/mipsel-none-elf-ld.exe: (.text+0x4): undefined reference to `gSndState'
C:/Tools/mips-ps1/mips/bin/mipsel-none-elf-ld.exe: build/recon/eaclib/psx/eacpsxz/savegp.c.o: in function `initgp':
(.text+0x0): undefined reference to `g_bootGP'
C:/Tools/mips-ps1/mips/bin/mipsel-none-elf-ld.exe: (.text+0x4): undefined reference to `g_bootGP'
C:/Tools/mips-ps1/mips/bin/mipsel-none-elf-ld.exe: build/recon/syslib/psx/libetc/VMODE.c.o: in function `SetVideoMode':
(.text+0x0): undefined reference to `g_videomode'
C:/Tools/mips-ps1/mips/bin/mipsel-none-elf-ld.exe: (.text+0x4): undefined reference to `g_videomode'
C:/Tools/mips-ps1/mips/bin/mipsel-none-elf-ld.exe: (.text+0x8): undefined reference to `g_videomode'
C:/Tools/mips-ps1/mips/bin/mipsel-none-elf-ld.exe: (.text+0x10): undefined reference to `g_videomode'
C:/Tools/mips-ps1/mips/bin/mipsel-none-elf-ld.exe: build/recon/syslib/psx/libetc/VMODE.c.o: in function `GetVideoMode':
(.text+0x14): undefined reference to `g_videomode'
C:/Tools/mips-ps1/mips/bin/mipsel-none-elf-ld.exe: build/recon/syslib/psx/libetc/VMODE.c.o:(.text+0x18): more undefined references to `g_videomode' follow
C:/Tools/mips-ps1/mips/bin/mipsel-none-elf-ld.exe: build/recon/eaclib/psx/sndpsxz/ssysreal.c.o: in function `SNDSYS_vectortoreal':
(.text+0x28): undefined reference to `DAT_80134a6c'
C:/Tools/mips-ps1/mips/bin/mipsel-none-elf-ld.exe: (.text+0x2c): undefined reference to `DAT_80134a6c'
C:/Tools/mips-ps1/mips/bin/mipsel-none-elf-ld.exe: (.text+0x54): undefined reference to `DAT_80134a6c'
C:/Tools/mips-ps1/mips/bin/mipsel-none-elf-ld.exe: build/recon/syslib/psx/libetc/VSYNC.c.o: in function `VSync':
(.text+0x0): undefined reference to `g_vsync_gp1_ptr'
C:/Tools/mips-ps1/mips/bin/mipsel-none-elf-ld.exe: (.text+0x4): undefined reference to `g_vsync_gp1_ptr'
C:/Tools/mips-ps1/mips/bin/mipsel-none-elf-ld.exe: (.text+0x8): undefined reference to `g_vsync_t1_ptr'
C:/Tools/mips-ps1/mips/bin/mipsel-none-elf-ld.exe: (.text+0xc): undefined reference to `g_vsync_t1_ptr'
C:/Tools/mips-ps1/mips/bin/mipsel-none-elf-ld.exe: (.text+0x84): undefined reference to `vsync_lastcount'
C:/Tools/mips-ps1/mips/bin/mipsel-none-elf-ld.exe: (.text+0x88): undefined reference to `vsync_lastcount'
C:/Tools/mips-ps1/mips/bin/mipsel-none-elf-ld.exe: (.text+0x9c): undefined reference to `vsync_lastcount'
C:/Tools/mips-ps1/mips/bin/mipsel-none-elf-ld.exe: (.text+0xa0): undefined reference to `vsync_lastcount'
C:/Tools/mips-ps1/mips/bin/mipsel-none-elf-ld.exe: (.text+0xb8): undefined reference to `g_vsync_gp1_ptr'
C:/Tools/mips-ps1/mips/bin/mipsel-none-elf-ld.exe: (.text+0xbc): undefined reference to `g_vsync_gp1_ptr'
C:/Tools/mips-ps1/mips/bin/mipsel-none-elf-ld.exe: (.text+0xec): undefined reference to `g_vsync_gp1_ptr'
C:/Tools/mips-ps1/mips/bin/mipsel-none-elf-ld.exe: (.text+0xf0): undefined reference to `g_vsync_gp1_ptr'
C:/Tools/mips-ps1/mips/bin/mipsel-none-elf-ld.exe: (.text+0x12c): undefined reference to `g_vsync_t1_ptr'
C:/Tools/mips-ps1/mips/bin/mipsel-none-elf-ld.exe: (.text+0x130): undefined reference to `g_vsync_t1_ptr'
C:/Tools/mips-ps1/mips/bin/mipsel-none-elf-ld.exe: (.text+0x134): undefined reference to `vsync_lastcount'
C:/Tools/mips-ps1/mips/bin/mipsel-none-elf-ld.exe: (.text+0x138): undefined reference to `vsync_lastcount'
C:/Tools/mips-ps1/mips/bin/mipsel-none-elf-ld.exe: build/recon/syslib/psx/libgte/FGO_01.c.o: in function `RotMatrix':
(.text+0x20): undefined reference to `_rsincos'
C:/Tools/mips-ps1/mips/bin/mipsel-none-elf-ld.exe: (.text+0x28): undefined reference to `_rsincos'
C:/Tools/mips-ps1/mips/bin/mipsel-none-elf-ld.exe: (.text+0x48): undefined reference to `_rsincos'
C:/Tools/mips-ps1/mips/bin/mipsel-none-elf-ld.exe: (.text+0x50): undefined reference to `_rsincos'
C:/Tools/mips-ps1/mips/bin/mipsel-none-elf-ld.exe: (.text+0x84): undefined reference to `_rsincos'
C:/Tools/mips-ps1/mips/bin/mipsel-none-elf-ld.exe: build/recon/syslib/psx/libgte/FGO_01.c.o:(.text+0x8c): more undefined references to `_rsincos' follow
C:/Tools/mips-ps1/mips/bin/mipsel-none-elf-ld.exe: build/recon/syslib/psx/libetc/INTR.c.o: in function `ResetCallback':
(.text+0x0): undefined reference to `g_hooks_ptr'
C:/Tools/mips-ps1/mips/bin/mipsel-none-elf-ld.exe: (.text+0x4): undefined reference to `g_hooks_ptr'
C:/Tools/mips-ps1/mips/bin/mipsel-none-elf-ld.exe: build/recon/syslib/psx/libetc/INTR.c.o: in function `InterruptCallback':
(.text+0x30): undefined reference to `g_hooks_ptr'
C:/Tools/mips-ps1/mips/bin/mipsel-none-elf-ld.exe: (.text+0x34): undefined reference to `g_hooks_ptr'
C:/Tools/mips-ps1/mips/bin/mipsel-none-elf-ld.exe: build/recon/syslib/psx/libetc/INTR.c.o: in function `DMACallback':
(.text+0x60): undefined reference to `g_hooks_ptr'
C:/Tools/mips-ps1/mips/bin/mipsel-none-elf-ld.exe: build/recon/syslib/psx/libetc/INTR.c.o:(.text+0x64): more undefined references to `g_hooks_ptr' follow
C:/Tools/mips-ps1/mips/bin/mipsel-none-elf-ld.exe: build/recon/syslib/psx/libetc/INTR.c.o: in function `SetIntrMask':
(.text+0x104): undefined reference to `g_imask_ptr'
C:/Tools/mips-ps1/mips/bin/mipsel-none-elf-ld.exe: (.text+0x108): undefined reference to `g_imask_ptr'
C:/Tools/mips-ps1/mips/bin/mipsel-none-elf-ld.exe: build/recon/syslib/psx/libetc/INTR.c.o: in function `_initIntr':
(.text+0x140): undefined reference to `g_istat_ptr'
C:/Tools/mips-ps1/mips/bin/mipsel-none-elf-ld.exe: (.text+0x144): undefined reference to `g_istat_ptr'
C:/Tools/mips-ps1/mips/bin/mipsel-none-elf-ld.exe: (.text+0x148): undefined reference to `g_imask_ptr'
C:/Tools/mips-ps1/mips/bin/mipsel-none-elf-ld.exe: (.text+0x14c): undefined reference to `g_imask_ptr'
C:/Tools/mips-ps1/mips/bin/mipsel-none-elf-ld.exe: (.text+0x164): undefined reference to `g_dpcr_ptr'
C:/Tools/mips-ps1/mips/bin/mipsel-none-elf-ld.exe: (.text+0x168): undefined reference to `g_dpcr_ptr'
C:/Tools/mips-ps1/mips/bin/mipsel-none-elf-ld.exe: (.text+0x1b8): undefined reference to `g_hooks_ptr'
C:/Tools/mips-ps1/mips/bin/mipsel-none-elf-ld.exe: (.text+0x1bc): undefined reference to `g_hooks_ptr'
C:/Tools/mips-ps1/mips/bin/mipsel-none-elf-ld.exe: (.text+0x1c8): undefined reference to `g_hooks_ptr'
C:/Tools/mips-ps1/mips/bin/mipsel-none-elf-ld.exe: (.text+0x1cc): undefined reference to `g_hooks_ptr'
C:/Tools/mips-ps1/mips/bin/mipsel-none-elf-ld.exe: build/recon/syslib/psx/libetc/INTR.c.o: in function `_intrhand':
(.text+0x228): undefined reference to `g_istat_ptr'
C:/Tools/mips-ps1/mips/bin/mipsel-none-elf-ld.exe: (.text+0x22c): undefined reference to `g_istat_ptr'
C:/Tools/mips-ps1/mips/bin/mipsel-none-elf-ld.exe: (.text+0x24c): undefined reference to `g_imask_ptr'
C:/Tools/mips-ps1/mips/bin/mipsel-none-elf-ld.exe: (.text+0x250): undefined reference to `g_imask_ptr'
C:/Tools/mips-ps1/mips/bin/mipsel-none-elf-ld.exe: (.text+0x254): undefined reference to `g_istat_ptr'
C:/Tools/mips-ps1/mips/bin/mipsel-none-elf-ld.exe: (.text+0x258): undefined reference to `g_istat_ptr'
C:/Tools/mips-ps1/mips/bin/mipsel-none-elf-ld.exe: (.text+0x2a8): undefined reference to `g_istat_ptr'
C:/Tools/mips-ps1/mips/bin/mipsel-none-elf-ld.exe: (.text+0x2ac): undefined reference to `g_istat_ptr'
C:/Tools/mips-ps1/mips/bin/mipsel-none-elf-ld.exe: (.text+0x2e4): undefined reference to `g_imask_ptr'
C:/Tools/mips-ps1/mips/bin/mipsel-none-elf-ld.exe: (.text+0x2e8): undefined reference to `g_imask_ptr'
C:/Tools/mips-ps1/mips/bin/mipsel-none-elf-ld.exe: (.text+0x2ec): undefined reference to `g_istat_ptr'
C:/Tools/mips-ps1/mips/bin/mipsel-none-elf-ld.exe: (.text+0x2f0): undefined reference to `g_istat_ptr'
C:/Tools/mips-ps1/mips/bin/mipsel-none-elf-ld.exe: (.text+0x314): undefined reference to `g_istat_ptr'
C:/Tools/mips-ps1/mips/bin/mipsel-none-elf-ld.exe: (.text+0x318): undefined reference to `g_istat_ptr'
C:/Tools/mips-ps1/mips/bin/mipsel-none-elf-ld.exe: (.text+0x31c): undefined reference to `g_imask_ptr'
C:/Tools/mips-ps1/mips/bin/mipsel-none-elf-ld.exe: (.text+0x320): undefined reference to `g_imask_ptr'
C:/Tools/mips-ps1/mips/bin/mipsel-none-elf-ld.exe: (.text+0x33c): undefined reference to `g_intr_timeout'
C:/Tools/mips-ps1/mips/bin/mipsel-none-elf-ld.exe: (.text+0x340): undefined reference to `g_intr_timeout'
C:/Tools/mips-ps1/mips/bin/mipsel-none-elf-ld.exe: (.text+0x378): undefined reference to `g_istat_ptr'
C:/Tools/mips-ps1/mips/bin/mipsel-none-elf-ld.exe: (.text+0x37c): undefined reference to `g_istat_ptr'
C:/Tools/mips-ps1/mips/bin/mipsel-none-elf-ld.exe: (.text+0x380): undefined reference to `g_intr_timeout'
C:/Tools/mips-ps1/mips/bin/mipsel-none-elf-ld.exe: (.text+0x384): undefined reference to `g_intr_timeout'
C:/Tools/mips-ps1/mips/bin/mipsel-none-elf-ld.exe: (.text+0x390): undefined reference to `g_intr_timeout'
C:/Tools/mips-ps1/mips/bin/mipsel-none-elf-ld.exe: (.text+0x394): undefined reference to `g_intr_timeout'
C:/Tools/mips-ps1/mips/bin/mipsel-none-elf-ld.exe: build/recon/syslib/psx/libetc/INTR.c.o: in function `_set_intr_callback':
(.text+0x418): undefined reference to `g_imask_ptr'
C:/Tools/mips-ps1/mips/bin/mipsel-none-elf-ld.exe: (.text+0x41c): undefined reference to `g_imask_ptr'
C:/Tools/mips-ps1/mips/bin/mipsel-none-elf-ld.exe: (.text+0x4dc): undefined reference to `g_imask_ptr'
C:/Tools/mips-ps1/mips/bin/mipsel-none-elf-ld.exe: (.text+0x4e0): undefined reference to `g_imask_ptr'
C:/Tools/mips-ps1/mips/bin/mipsel-none-elf-ld.exe: build/recon/syslib/psx/libetc/INTR.c.o: in function `StopCallback':
(.text+0x53c): undefined reference to `g_imask_ptr'
C:/Tools/mips-ps1/mips/bin/mipsel-none-elf-ld.exe: build/recon/syslib/psx/libetc/INTR.c.o:(.text+0x540): more undefined references to `g_imask_ptr' follow
C:/Tools/mips-ps1/mips/bin/mipsel-none-elf-ld.exe: build/recon/syslib/psx/libetc/INTR.c.o: in function `StopCallback':
(.text+0x544): undefined reference to `g_dpcr_ptr'
C:/Tools/mips-ps1/mips/bin/mipsel-none-elf-ld.exe: (.text+0x548): undefined reference to `g_dpcr_ptr'
C:/Tools/mips-ps1/mips/bin/mipsel-none-elf-ld.exe: (.text+0x55c): undefined reference to `g_istat_ptr'
C:/Tools/mips-ps1/mips/bin/mipsel-none-elf-ld.exe: (.text+0x560): undefined reference to `g_istat_ptr'
C:/Tools/mips-ps1/mips/bin/mipsel-none-elf-ld.exe: (.text+0x578): undefined reference to `g_dpcr_ptr'
C:/Tools/mips-ps1/mips/bin/mipsel-none-elf-ld.exe: (.text+0x57c): undefined reference to `g_dpcr_ptr'
C:/Tools/mips-ps1/mips/bin/mipsel-none-elf-ld.exe: build/recon/syslib/psx/libetc/INTR.c.o: in function `RestartCallback':
(.text+0x5dc): undefined reference to `g_imask_ptr'
C:/Tools/mips-ps1/mips/bin/mipsel-none-elf-ld.exe: (.text+0x5e0): undefined reference to `g_imask_ptr'
C:/Tools/mips-ps1/mips/bin/mipsel-none-elf-ld.exe: (.text+0x5f4): undefined reference to `g_dpcr_ptr'
C:/Tools/mips-ps1/mips/bin/mipsel-none-elf-ld.exe: (.text+0x5f8): undefined reference to `g_dpcr_ptr'
C:/Tools/mips-ps1/mips/bin/mipsel-none-elf-ld.exe: build/recon/syslib/psx/libgte/FGO_06.c.o: in function `RotMatrixZ':
(.text+0x20): undefined reference to `_rsincos'
C:/Tools/mips-ps1/mips/bin/mipsel-none-elf-ld.exe: (.text+0x28): undefined reference to `_rsincos'
C:/Tools/mips-ps1/mips/bin/mipsel-none-elf-ld.exe: (.text+0x48): undefined reference to `_rsincos'
C:/Tools/mips-ps1/mips/bin/mipsel-none-elf-ld.exe: (.text+0x50): undefined reference to `_rsincos'
C:/Tools/mips-ps1/mips/bin/mipsel-none-elf-ld.exe: build/recon/syslib/psx/libgpu/FONT.c.o: in function `FntFlush':
(.text+0x44): undefined reference to `_fnt_count'
C:/Tools/mips-ps1/mips/bin/mipsel-none-elf-ld.exe: (.text+0x48): undefined reference to `_fnt_count'
C:/Tools/mips-ps1/mips/bin/mipsel-none-elf-ld.exe: (.text+0x5c): undefined reference to `_fnt_active'
C:/Tools/mips-ps1/mips/bin/mipsel-none-elf-ld.exe: (.text+0x60): undefined reference to `_fnt_active'
C:/Tools/mips-ps1/mips/bin/mipsel-none-elf-ld.exe: (.text+0x74): undefined reference to `_fnt'
C:/Tools/mips-ps1/mips/bin/mipsel-none-elf-ld.exe: (.text+0x7c): undefined reference to `_fnt'
C:/Tools/mips-ps1/mips/bin/mipsel-none-elf-ld.exe: (.text+0x9c): undefined reference to `_fnt'
C:/Tools/mips-ps1/mips/bin/mipsel-none-elf-ld.exe: (.text+0xa0): undefined reference to `_fnt'
C:/Tools/mips-ps1/mips/bin/mipsel-none-elf-ld.exe: build/recon/syslib/psx/libgpu/FONT.c.o: in function `FntPrint':
(.text+0x35c): undefined reference to `_fnt_count'
C:/Tools/mips-ps1/mips/bin/mipsel-none-elf-ld.exe: (.text+0x360): undefined reference to `_fnt_count'
C:/Tools/mips-ps1/mips/bin/mipsel-none-elf-ld.exe: (.text+0x374): undefined reference to `_fnt_active'
C:/Tools/mips-ps1/mips/bin/mipsel-none-elf-ld.exe: (.text+0x378): undefined reference to `_fnt_active'
C:/Tools/mips-ps1/mips/bin/mipsel-none-elf-ld.exe: (.text+0x38c): undefined reference to `_fnt'
C:/Tools/mips-ps1/mips/bin/mipsel-none-elf-ld.exe: (.text+0x394): undefined reference to `_fnt'
C:/Tools/mips-ps1/mips/bin/mipsel-none-elf-ld.exe: (.text+0x3c8): undefined reference to `_fnt'
C:/Tools/mips-ps1/mips/bin/mipsel-none-elf-ld.exe: (.text+0x3cc): undefined reference to `_fnt'
C:/Tools/mips-ps1/mips/bin/mipsel-none-elf-ld.exe: build/recon/eaclib/psx/sndpsxz/salloc.c.o: in function `iSNDfreechan':
(.text+0x638): undefined reference to `DAT_801478f4'
C:/Tools/mips-ps1/mips/bin/mipsel-none-elf-ld.exe: (.text+0x600): undefined reference to `DAT_801478f4'
C:/Tools/mips-ps1/mips/bin/mipsel-none-elf-ld.exe: (.text+0x64c): undefined reference to `DAT_801478f4'
C:/Tools/mips-ps1/mips/bin/mipsel-none-elf-ld.exe: build/recon/eaclib/psx/sndpsxz/spatkey.c.o: in function `iSNDsetslot':
(.text+0x448): undefined reference to `DAT_80147e28'
C:/Tools/mips-ps1/mips/bin/mipsel-none-elf-ld.exe: (.text+0x454): undefined reference to `DAT_80147e28'
C:/Tools/mips-ps1/mips/bin/mipsel-none-elf-ld.exe: build/recon/eaclib/psx/sndpsxz/sdriver.c.o: in function `iSNDplatformfxlevel':
(.text+0x1e0): undefined reference to `DAT_801479f0'
C:/Tools/mips-ps1/mips/bin/mipsel-none-elf-ld.exe: (.text+0x1e4): undefined reference to `DAT_801479f0'
C:/Tools/mips-ps1/mips/bin/mipsel-none-elf-ld.exe: build/recon/eaclib/psx/spchpsxz/spchpick.c.o: in function `iSPCH_ClearChosen':
(.text+0xed4): undefined reference to `DAT_80148448'
C:/Tools/mips-ps1/mips/bin/mipsel-none-elf-ld.exe: (.text+0xedc): undefined reference to `DAT_80148448'
C:/Tools/mips-ps1/mips/bin/mipsel-none-elf-ld.exe: build/recon/eaclib/psx/spchpsxz/spchpick.c.o: in function `iSPCH_SaveChosenSentence':
(.text+0xf18): undefined reference to `DAT_80148448'
C:/Tools/mips-ps1/mips/bin/mipsel-none-elf-ld.exe: (.text+0xf24): undefined reference to `DAT_80148448'
C:/Tools/mips-ps1/mips/bin/mipsel-none-elf-ld.exe: build/recon/eaclib/psx/spchpsxz/spchpick.c.o: in function `iSPCH_OneChosen':
(.text+0xf28): undefined reference to `DAT_80148448'
C:/Tools/mips-ps1/mips/bin/mipsel-none-elf-ld.exe: build/recon/eaclib/psx/spchpsxz/spchpick.c.o:(.text+0xf2c): more undefined references to `DAT_80148448' follow
C:/Tools/mips-ps1/mips/bin/mipsel-none-elf-ld.exe: build/recon/eaclib/psx/spchpsxz/spchpick.c.o: in function `iSPCH_ChooseSentence':
(.text+0x1048): undefined reference to `DAT_80148064'
C:/Tools/mips-ps1/mips/bin/mipsel-none-elf-ld.exe: (.text+0x104c): undefined reference to `DAT_80148064'
C:/Tools/mips-ps1/mips/bin/mipsel-none-elf-ld.exe: build/recon/eaclib/psx/sndpsxz/stagpat.c.o: in function `iSNDplaytaggedtimbre':
(.text+0x61c): undefined reference to `iSNDplatformrate'
C:/Tools/mips-ps1/mips/bin/mipsel-none-elf-ld.exe: (.text+0x624): undefined reference to `iSNDplatformrate'
C:/Tools/mips-ps1/mips/bin/mipsel-none-elf-ld.exe: build/recon/syslib/psx/libetc/INTR_VB.c.o: in function `startIntrVSync':
(.text+0xc): undefined reference to `g_rcnt_ptr'
C:/Tools/mips-ps1/mips/bin/mipsel-none-elf-ld.exe: (.text+0x10): undefined reference to `g_rcnt_ptr'
C:/Tools/mips-ps1/mips/bin/mipsel-none-elf-ld.exe: build/recon/eaclib/psx/eacpsxz/isqrttbl.c.o: in function `remapshiftjiscode':
(.text+0xc): undefined reference to `DAT_8013bd50'
C:/Tools/mips-ps1/mips/bin/mipsel-none-elf-ld.exe: (.text+0x10): undefined reference to `DAT_8013bd50'
C:/Tools/mips-ps1/mips/bin/mipsel-none-elf-ld.exe: build/recon/syslib/psx/libcd/cdread.c.o: in function `_read_sync':
(.text+0x8): undefined reference to `_cdr'
C:/Tools/mips-ps1/mips/bin/mipsel-none-elf-ld.exe: (.text+0xc): undefined reference to `_cdr'
C:/Tools/mips-ps1/mips/bin/mipsel-none-elf-ld.exe: build/recon/syslib/psx/libcd/cdread.c.o: in function `_read_int':
(.text+0x40): undefined reference to `_cdr'
C:/Tools/mips-ps1/mips/bin/mipsel-none-elf-ld.exe: (.text+0x44): undefined reference to `_cdr'
C:/Tools/mips-ps1/mips/bin/mipsel-none-elf-ld.exe: (.text+0xdc): undefined reference to `_cdr'
C:/Tools/mips-ps1/mips/bin/mipsel-none-elf-ld.exe: build/recon/syslib/psx/libcd/cdread.c.o:(.text+0xe0): more undefined references to `_cdr' follow
C:/Tools/mips-ps1/mips/bin/mipsel-none-elf-ld.exe: build/recon/syslib/psx/libcd/event.c.o: in function `_cd_event_init':
(.text+0x98): undefined reference to `CD_init'
C:/Tools/mips-ps1/mips/bin/mipsel-none-elf-ld.exe: build/recon/syslib/psx/libapi/FIRST.c.o: in function `firstfile':
(.text+0x14): undefined reference to `_first_devname'
C:/Tools/mips-ps1/mips/bin/mipsel-none-elf-ld.exe: (.text+0x18): undefined reference to `_first_devname'
C:/Tools/mips-ps1/mips/bin/mipsel-none-elf-ld.exe: (.text+0xac): undefined reference to `_first_devname'
C:/Tools/mips-ps1/mips/bin/mipsel-none-elf-ld.exe: (.text+0xb4): undefined reference to `_first_devname'
C:/Tools/mips-ps1/mips/bin/mipsel-none-elf-ld.exe: (.text+0xe8): undefined reference to `_first_save'
C:/Tools/mips-ps1/mips/bin/mipsel-none-elf-ld.exe: (.text+0xec): undefined reference to `_first_save'
C:/Tools/mips-ps1/mips/bin/mipsel-none-elf-ld.exe: (.text+0x154): undefined reference to `_first_devname'
C:/Tools/mips-ps1/mips/bin/mipsel-none-elf-ld.exe: (.text+0x15c): undefined reference to `_first_devname'
C:/Tools/mips-ps1/mips/bin/mipsel-none-elf-ld.exe: build/recon/syslib/psx/libapi/FIRST.c.o: in function `_first_patch':
(.text+0x1f4): undefined reference to `_first_save'
C:/Tools/mips-ps1/mips/bin/mipsel-none-elf-ld.exe: (.text+0x1f8): undefined reference to `_first_save'
C:/Tools/mips-ps1/mips/bin/mipsel-none-elf-ld.exe: (.text+0x234): undefined reference to `_first_devname'
C:/Tools/mips-ps1/mips/bin/mipsel-none-elf-ld.exe: (.text+0x23c): undefined reference to `_first_devname'
C:/Tools/mips-ps1/mips/bin/mipsel-none-elf-ld.exe: (.text+0x268): undefined reference to `_first_save'
C:/Tools/mips-ps1/mips/bin/mipsel-none-elf-ld.exe: (.text+0x26c): undefined reference to `_first_save'
C:/Tools/mips-ps1/mips/bin/mipsel-none-elf-ld.exe: build/recon/eaclib/psx/sndpsxz/sdplapat.c.o: in function `iSNDplatformplay':
(.text+0x48): undefined reference to `DAT_801479f0'
C:/Tools/mips-ps1/mips/bin/mipsel-none-elf-ld.exe: (.text+0x4c): undefined reference to `DAT_801479f0'
C:/Tools/mips-ps1/mips/bin/mipsel-none-elf-ld.exe: build/recon/syslib/psx/libapi/PAD.c.o: in function `ReadInitPadFlag':
(.text+0x0): undefined reference to `_init_pad_flag'
C:/Tools/mips-ps1/mips/bin/mipsel-none-elf-ld.exe: (.text+0x4): undefined reference to `_init_pad_flag'
C:/Tools/mips-ps1/mips/bin/mipsel-none-elf-ld.exe: build/recon/syslib/psx/libcd/iso9660.c.o: in function `CdSearchFile':
(.text+0x2c): undefined reference to `_cd_search_nopen'
C:/Tools/mips-ps1/mips/bin/mipsel-none-elf-ld.exe: (.text+0x30): undefined reference to `_cd_search_nopen'
C:/Tools/mips-ps1/mips/bin/mipsel-none-elf-ld.exe: (.text+0x84): undefined reference to `_cd_search_nopen'
C:/Tools/mips-ps1/mips/bin/mipsel-none-elf-ld.exe: (.text+0x88): undefined reference to `_cd_search_nopen'
C:/Tools/mips-ps1/mips/bin/mipsel-none-elf-ld.exe: build/recon/syslib/psx/libcd/iso9660.c.o: in function `CD_newmedia':
(.text+0x594): undefined reference to `_cd_cached_dir'
C:/Tools/mips-ps1/mips/bin/mipsel-none-elf-ld.exe: (.text+0x598): undefined reference to `_cd_cached_dir'
C:/Tools/mips-ps1/mips/bin/mipsel-none-elf-ld.exe: build/recon/syslib/psx/libcd/iso9660.c.o: in function `CD_cachefile':
(.text+0x688): undefined reference to `_cd_cached_dir'
C:/Tools/mips-ps1/mips/bin/mipsel-none-elf-ld.exe: (.text+0x68c): undefined reference to `_cd_cached_dir'
C:/Tools/mips-ps1/mips/bin/mipsel-none-elf-ld.exe: (.text+0x8a8): undefined reference to `_cd_cached_dir'
C:/Tools/mips-ps1/mips/bin/mipsel-none-elf-ld.exe: build/recon/syslib/psx/libcd/iso9660.c.o:(.text+0x8ac): more undefined references to `_cd_cached_dir' follow
C:/Tools/mips-ps1/mips/bin/mipsel-none-elf-ld.exe: build/recon/syslib/psx/libetc/INTR_DMA.c.o: in function `startIntrDMA':
(.text+0x28): undefined reference to `dma_cb'
C:/Tools/mips-ps1/mips/bin/mipsel-none-elf-ld.exe: (.text+0x2c): undefined reference to `dma_cb'
C:/Tools/mips-ps1/mips/bin/mipsel-none-elf-ld.exe: (.text+0x40): undefined reference to `g_dicr_ptr'
C:/Tools/mips-ps1/mips/bin/mipsel-none-elf-ld.exe: (.text+0x44): undefined reference to `g_dicr_ptr'
C:/Tools/mips-ps1/mips/bin/mipsel-none-elf-ld.exe: build/recon/syslib/psx/libetc/INTR_DMA.c.o: in function `_dma_isr':
(.text+0x70): undefined reference to `g_dicr_ptr'
C:/Tools/mips-ps1/mips/bin/mipsel-none-elf-ld.exe: (.text+0x74): undefined reference to `g_dicr_ptr'
C:/Tools/mips-ps1/mips/bin/mipsel-none-elf-ld.exe: (.text+0xbc): undefined reference to `dma_cb'
C:/Tools/mips-ps1/mips/bin/mipsel-none-elf-ld.exe: (.text+0xc0): undefined reference to `dma_cb'
C:/Tools/mips-ps1/mips/bin/mipsel-none-elf-ld.exe: (.text+0xe4): undefined reference to `g_dicr_ptr'
C:/Tools/mips-ps1/mips/bin/mipsel-none-elf-ld.exe: (.text+0xe8): undefined reference to `g_dicr_ptr'
C:/Tools/mips-ps1/mips/bin/mipsel-none-elf-ld.exe: (.text+0x128): undefined reference to `g_dicr_ptr'
C:/Tools/mips-ps1/mips/bin/mipsel-none-elf-ld.exe: (.text+0x12c): undefined reference to `g_dicr_ptr'
C:/Tools/mips-ps1/mips/bin/mipsel-none-elf-ld.exe: (.text+0x14c): undefined reference to `g_dicr_ptr'
C:/Tools/mips-ps1/mips/bin/mipsel-none-elf-ld.exe: build/recon/syslib/psx/libetc/INTR_DMA.c.o:(.text+0x150): more undefined references to `g_dicr_ptr' follow
C:/Tools/mips-ps1/mips/bin/mipsel-none-elf-ld.exe: build/recon/syslib/psx/libetc/INTR_DMA.c.o: in function `_dma_isr':
(.text+0x1a4): undefined reference to `g_madr_ptr'
C:/Tools/mips-ps1/mips/bin/mipsel-none-elf-ld.exe: (.text+0x1a8): undefined reference to `g_madr_ptr'
C:/Tools/mips-ps1/mips/bin/mipsel-none-elf-ld.exe: build/recon/syslib/psx/libetc/INTR_DMA.c.o: in function `func_80106878':
(.text+0x1f0): undefined reference to `dma_cb'
C:/Tools/mips-ps1/mips/bin/mipsel-none-elf-ld.exe: (.text+0x1f4): undefined reference to `dma_cb'
C:/Tools/mips-ps1/mips/bin/mipsel-none-elf-ld.exe: (.text+0x21c): undefined reference to `g_dicr_ptr'
C:/Tools/mips-ps1/mips/bin/mipsel-none-elf-ld.exe: (.text+0x220): undefined reference to `g_dicr_ptr'
C:/Tools/mips-ps1/mips/bin/mipsel-none-elf-ld.exe: (.text+0x254): undefined reference to `g_dicr_ptr'
C:/Tools/mips-ps1/mips/bin/mipsel-none-elf-ld.exe: (.text+0x258): undefined reference to `g_dicr_ptr'
C:/Tools/mips-ps1/mips/bin/mipsel-none-elf-ld.exe: build/asm/data/rdata_80054548.rodata.s.o: in function `jtbl_80054F64':
(.rodata+0xa1c): undefined reference to `.L8005E390'
C:/Tools/mips-ps1/mips/bin/mipsel-none-elf-ld.exe: (.rodata+0xa20): undefined reference to `.L8005EDA4'
C:/Tools/mips-ps1/mips/bin/mipsel-none-elf-ld.exe: (.rodata+0xa24): undefined reference to `.L8005E448'
C:/Tools/mips-ps1/mips/bin/mipsel-none-elf-ld.exe: (.rodata+0xa28): undefined reference to `.L8005E91C'
C:/Tools/mips-ps1/mips/bin/mipsel-none-elf-ld.exe: (.rodata+0xa2c): undefined reference to `.L8005E650'
C:/Tools/mips-ps1/mips/bin/mipsel-none-elf-ld.exe: (.rodata+0xa30): undefined reference to `.L8005EDA4'
C:/Tools/mips-ps1/mips/bin/mipsel-none-elf-ld.exe: (.rodata+0xa34): undefined reference to `.L8005EDA4'
C:/Tools/mips-ps1/mips/bin/mipsel-none-elf-ld.exe: (.rodata+0xa38): undefined reference to `.L8005EC68'
C:/Tools/mips-ps1/mips/bin/mipsel-none-elf-ld.exe: (.rodata+0xa3c): undefined reference to `.L8005EDA4'
C:/Tools/mips-ps1/mips/bin/mipsel-none-elf-ld.exe: (.rodata+0xa40): undefined reference to `.L8005ED34'
C:/Tools/mips-ps1/mips/bin/mipsel-none-elf-ld.exe: (.rodata+0xa44): undefined reference to `.L8005EDA4'
C:/Tools/mips-ps1/mips/bin/mipsel-none-elf-ld.exe: build/asm/data/rdata_80054548.rodata.s.o: in function `jtbl_80055040':
(.rodata+0xaf8): undefined reference to `.L80060B70'
C:/Tools/mips-ps1/mips/bin/mipsel-none-elf-ld.exe: (.rodata+0xafc): undefined reference to `.L80060D50'
C:/Tools/mips-ps1/mips/bin/mipsel-none-elf-ld.exe: (.rodata+0xb00): undefined reference to `.L80060924'
C:/Tools/mips-ps1/mips/bin/mipsel-none-elf-ld.exe: (.rodata+0xb04): undefined reference to `.L80060D50'
C:/Tools/mips-ps1/mips/bin/mipsel-none-elf-ld.exe: (.rodata+0xb08): undefined reference to `.L80060D50'
C:/Tools/mips-ps1/mips/bin/mipsel-none-elf-ld.exe: (.rodata+0xb0c): undefined reference to `.L80060D50'
C:/Tools/mips-ps1/mips/bin/mipsel-none-elf-ld.exe: (.rodata+0xb10): undefined reference to `.L80060D50'
C:/Tools/mips-ps1/mips/bin/mipsel-none-elf-ld.exe: (.rodata+0xb14): undefined reference to `.L80060C1C'
C:/Tools/mips-ps1/mips/bin/mipsel-none-elf-ld.exe: (.rodata+0xb18): undefined reference to `.L80060D50'
C:/Tools/mips-ps1/mips/bin/mipsel-none-elf-ld.exe: (.rodata+0xb1c): undefined reference to `.L80060D50'
C:/Tools/mips-ps1/mips/bin/mipsel-none-elf-ld.exe: (.rodata+0xb20): undefined reference to `.L80060C48'
C:/Tools/mips-ps1/mips/bin/mipsel-none-elf-ld.exe: build/asm/data/rdata_80054548.rodata.s.o: in function `jtbl_80055070':
(.rodata+0xb28): undefined reference to `.L80060B30'
C:/Tools/mips-ps1/mips/bin/mipsel-none-elf-ld.exe: (.rodata+0xb2c): undefined reference to `.L80060954'
C:/Tools/mips-ps1/mips/bin/mipsel-none-elf-ld.exe: (.rodata+0xb30): undefined reference to `.L800609EC'
C:/Tools/mips-ps1/mips/bin/mipsel-none-elf-ld.exe: (.rodata+0xb34): undefined reference to `.L80060B30'
C:/Tools/mips-ps1/mips/bin/mipsel-none-elf-ld.exe: (.rodata+0xb38): undefined reference to `.L800609F8'
C:/Tools/mips-ps1/mips/bin/mipsel-none-elf-ld.exe: (.rodata+0xb3c): undefined reference to `.L80060B30'
C:/Tools/mips-ps1/mips/bin/mipsel-none-elf-ld.exe: build/asm/data/rdata_80054548.rodata.s.o: in function `jtbl_80055118':
(.rodata+0xbd0): undefined reference to `.L80063808'
C:/Tools/mips-ps1/mips/bin/mipsel-none-elf-ld.exe: (.rodata+0xbd4): undefined reference to `.L80063AC0'
C:/Tools/mips-ps1/mips/bin/mipsel-none-elf-ld.exe: (.rodata+0xbd8): undefined reference to `.L80063858'
C:/Tools/mips-ps1/mips/bin/mipsel-none-elf-ld.exe: (.rodata+0xbdc): undefined reference to `.L80063AC0'
C:/Tools/mips-ps1/mips/bin/mipsel-none-elf-ld.exe: (.rodata+0xbe0): undefined reference to `.L80063988'
C:/Tools/mips-ps1/mips/bin/mipsel-none-elf-ld.exe: (.rodata+0xbe4): undefined reference to `.L80063AC0'
C:/Tools/mips-ps1/mips/bin/mipsel-none-elf-ld.exe: (.rodata+0xbe8): undefined reference to `.L80063AC0'
C:/Tools/mips-ps1/mips/bin/mipsel-none-elf-ld.exe: (.rodata+0xbec): undefined reference to `.L80063AC0'
C:/Tools/mips-ps1/mips/bin/mipsel-none-elf-ld.exe: (.rodata+0xbf0): undefined reference to `.L80063AC0'
C:/Tools/mips-ps1/mips/bin/mipsel-none-elf-ld.exe: (.rodata+0xbf4): undefined reference to `.L80063AC0'
C:/Tools/mips-ps1/mips/bin/mipsel-none-elf-ld.exe: build/asm/data/rdata_80054548.rodata.s.o:(.rodata+0xbf8): more undefined references to `.L80063AC0' follow
C:/Tools/mips-ps1/mips/bin/mipsel-none-elf-ld.exe: build/asm/data/rdata_80054548.rodata.s.o: in function `jtbl_8005516C':
(.rodata+0xc24): undefined reference to `.L80063D38'
C:/Tools/mips-ps1/mips/bin/mipsel-none-elf-ld.exe: (.rodata+0xc28): undefined reference to `.L80063E28'
C:/Tools/mips-ps1/mips/bin/mipsel-none-elf-ld.exe: (.rodata+0xc2c): undefined reference to `.L8006422C'
C:/Tools/mips-ps1/mips/bin/mipsel-none-elf-ld.exe: (.rodata+0xc30): undefined reference to `.L800648D8'
C:/Tools/mips-ps1/mips/bin/mipsel-none-elf-ld.exe: (.rodata+0xc34): undefined reference to `.L80064440'
C:/Tools/mips-ps1/mips/bin/mipsel-none-elf-ld.exe: (.rodata+0xc38): undefined reference to `.L80065118'
C:/Tools/mips-ps1/mips/bin/mipsel-none-elf-ld.exe: (.rodata+0xc3c): undefined reference to `.L8006536C'
C:/Tools/mips-ps1/mips/bin/mipsel-none-elf-ld.exe: (.rodata+0xc40): undefined reference to `.L8006536C'
C:/Tools/mips-ps1/mips/bin/mipsel-none-elf-ld.exe: (.rodata+0xc44): undefined reference to `.L8006536C'
C:/Tools/mips-ps1/mips/bin/mipsel-none-elf-ld.exe: (.rodata+0xc48): undefined reference to `.L800652FC'
C:/Tools/mips-ps1/mips/bin/mipsel-none-elf-ld.exe: (.rodata+0xc4c): undefined reference to `.L8006536C'
C:/Tools/mips-ps1/mips/bin/mipsel-none-elf-ld.exe: build/asm/data/rdata_80054548.rodata.s.o: in function `jtbl_800551C8':
(.rodata+0xc80): undefined reference to `.L80065ED0'
C:/Tools/mips-ps1/mips/bin/mipsel-none-elf-ld.exe: (.rodata+0xc84): undefined reference to `.L80065FD4'
C:/Tools/mips-ps1/mips/bin/mipsel-none-elf-ld.exe: (.rodata+0xc88): undefined reference to `.L800661E0'
C:/Tools/mips-ps1/mips/bin/mipsel-none-elf-ld.exe: (.rodata+0xc8c): undefined reference to `.L80066514'
C:/Tools/mips-ps1/mips/bin/mipsel-none-elf-ld.exe: (.rodata+0xc90): undefined reference to `.L800666D0'
C:/Tools/mips-ps1/mips/bin/mipsel-none-elf-ld.exe: (.rodata+0xc94): undefined reference to `.L800666D0'
C:/Tools/mips-ps1/mips/bin/mipsel-none-elf-ld.exe: (.rodata+0xc98): undefined reference to `.L800665A4'
C:/Tools/mips-ps1/mips/bin/mipsel-none-elf-ld.exe: (.rodata+0xc9c): undefined reference to `.L800666D0'
C:/Tools/mips-ps1/mips/bin/mipsel-none-elf-ld.exe: (.rodata+0xca0): undefined reference to `.L800666D0'
C:/Tools/mips-ps1/mips/bin/mipsel-none-elf-ld.exe: (.rodata+0xca4): undefined reference to `.L800666D0'
C:/Tools/mips-ps1/mips/bin/mipsel-none-elf-ld.exe: (.rodata+0xca8): undefined reference to `.L800666D0'
C:/Tools/mips-ps1/mips/bin/mipsel-none-elf-ld.exe: build/asm/data/rdata_80054548.rodata.s.o: in function `jtbl_8005573C':
(.rodata+0x11f4): undefined reference to `.L80078BAC'
C:/Tools/mips-ps1/mips/bin/mipsel-none-elf-ld.exe: (.rodata+0x11f8): undefined reference to `.L80078C84'
C:/Tools/mips-ps1/mips/bin/mipsel-none-elf-ld.exe: (.rodata+0x11fc): undefined reference to `.L80078BCC'
C:/Tools/mips-ps1/mips/bin/mipsel-none-elf-ld.exe: (.rodata+0x1200): undefined reference to `.L80078C84'
C:/Tools/mips-ps1/mips/bin/mipsel-none-elf-ld.exe: (.rodata+0x1204): undefined reference to `.L80078C84'
C:/Tools/mips-ps1/mips/bin/mipsel-none-elf-ld.exe: (.rodata+0x1208): undefined reference to `.L80078BCC'
C:/Tools/mips-ps1/mips/bin/mipsel-none-elf-ld.exe: (.rodata+0x120c): undefined reference to `.L80078C84'
C:/Tools/mips-ps1/mips/bin/mipsel-none-elf-ld.exe: (.rodata+0x1210): undefined reference to `.L80078C84'
C:/Tools/mips-ps1/mips/bin/mipsel-none-elf-ld.exe: (.rodata+0x1214): undefined reference to `.L80078BAC'
C:/Tools/mips-ps1/mips/bin/mipsel-none-elf-ld.exe: (.rodata+0x1218): undefined reference to `.L80078BAC'
C:/Tools/mips-ps1/mips/bin/mipsel-none-elf-ld.exe: (.rodata+0x121c): undefined reference to `.L80078BCC'
C:/Tools/mips-ps1/mips/bin/mipsel-none-elf-ld.exe: (.rodata+0x1220): undefined reference to `.L80078BAC'
C:/Tools/mips-ps1/mips/bin/mipsel-none-elf-ld.exe: build/asm/data/rdata_80054548.rodata.s.o: in function `jtbl_800558C8':
(.rodata+0x1380): undefined reference to `.L80083710'
C:/Tools/mips-ps1/mips/bin/mipsel-none-elf-ld.exe: (.rodata+0x1384): undefined reference to `.L80083710'
C:/Tools/mips-ps1/mips/bin/mipsel-none-elf-ld.exe: (.rodata+0x1388): undefined reference to `.L80083720'
C:/Tools/mips-ps1/mips/bin/mipsel-none-elf-ld.exe: (.rodata+0x138c): undefined reference to `.L80083734'
C:/Tools/mips-ps1/mips/bin/mipsel-none-elf-ld.exe: (.rodata+0x1390): undefined reference to `.L80083748'
C:/Tools/mips-ps1/mips/bin/mipsel-none-elf-ld.exe: (.rodata+0x1394): undefined reference to `.L8008375C'
C:/Tools/mips-ps1/mips/bin/mipsel-none-elf-ld.exe: (.rodata+0x1398): undefined reference to `.L80083770'
C:/Tools/mips-ps1/mips/bin/mipsel-none-elf-ld.exe: (.rodata+0x139c): undefined reference to `.L80083784'
C:/Tools/mips-ps1/mips/bin/mipsel-none-elf-ld.exe: (.rodata+0x13a0): undefined reference to `.L800837E8'
C:/Tools/mips-ps1/mips/bin/mipsel-none-elf-ld.exe: (.rodata+0x13a4): undefined reference to `.L800837E8'
C:/Tools/mips-ps1/mips/bin/mipsel-none-elf-ld.exe: (.rodata+0x13a8): undefined reference to `.L80083798'
C:/Tools/mips-ps1/mips/bin/mipsel-none-elf-ld.exe: (.rodata+0x13ac): undefined reference to `.L800837A8'
C:/Tools/mips-ps1/mips/bin/mipsel-none-elf-ld.exe: (.rodata+0x13b0): undefined reference to `.L800837B8'
C:/Tools/mips-ps1/mips/bin/mipsel-none-elf-ld.exe: (.rodata+0x13b4): undefined reference to `.L800837C8'
C:/Tools/mips-ps1/mips/bin/mipsel-none-elf-ld.exe: (.rodata+0x13b8): undefined reference to `.L800837D8'
C:/Tools/mips-ps1/mips/bin/mipsel-none-elf-ld.exe: (.rodata+0x13bc): undefined reference to `.L800837E8'
C:/Tools/mips-ps1/mips/bin/mipsel-none-elf-ld.exe: (.rodata+0x13c0): undefined reference to `.L800837F8'
C:/Tools/mips-ps1/mips/bin/mipsel-none-elf-ld.exe: (.rodata+0x13c4): undefined reference to `.L80083808'
C:/Tools/mips-ps1/mips/bin/mipsel-none-elf-ld.exe: (.rodata+0x13c8): undefined reference to `.L80083808'
C:/Tools/mips-ps1/mips/bin/mipsel-none-elf-ld.exe: build/asm/data/rdata_80054548.rodata.s.o: in function `jtbl_80055918':
(.rodata+0x13d0): undefined reference to `.L80084F74'
C:/Tools/mips-ps1/mips/bin/mipsel-none-elf-ld.exe: (.rodata+0x13d4): undefined reference to `.L80084F74'
C:/Tools/mips-ps1/mips/bin/mipsel-none-elf-ld.exe: (.rodata+0x13d8): undefined reference to `.L80084F74'
C:/Tools/mips-ps1/mips/bin/mipsel-none-elf-ld.exe: (.rodata+0x13dc): undefined reference to `.L80084F94'
C:/Tools/mips-ps1/mips/bin/mipsel-none-elf-ld.exe: (.rodata+0x13e0): undefined reference to `.L80084F94'
C:/Tools/mips-ps1/mips/bin/mipsel-none-elf-ld.exe: (.rodata+0x13e4): undefined reference to `.L80084F84'
C:/Tools/mips-ps1/mips/bin/mipsel-none-elf-ld.exe: build/asm/data/rdata_80054548.rodata.s.o: in function `jtbl_80055930':
(.rodata+0x13e8): undefined reference to `.L8008552C'
C:/Tools/mips-ps1/mips/bin/mipsel-none-elf-ld.exe: (.rodata+0x13ec): undefined reference to `.L8008552C'
C:/Tools/mips-ps1/mips/bin/mipsel-none-elf-ld.exe: (.rodata+0x13f0): undefined reference to `.L8008552C'
C:/Tools/mips-ps1/mips/bin/mipsel-none-elf-ld.exe: (.rodata+0x13f4): undefined reference to `.L8008552C'
C:/Tools/mips-ps1/mips/bin/mipsel-none-elf-ld.exe: (.rodata+0x13f8): undefined reference to `.L8008552C'
C:/Tools/mips-ps1/mips/bin/mipsel-none-elf-ld.exe: build/asm/data/rdata_80054548.rodata.s.o:(.rodata+0x13fc): more undefined references to `.L8008552C' follow
C:/Tools/mips-ps1/mips/bin/mipsel-none-elf-ld.exe: build/asm/data/rdata_80054548.rodata.s.o: in function `jtbl_80055930':
(.rodata+0x1418): undefined reference to `.L80085524'
C:/Tools/mips-ps1/mips/bin/mipsel-none-elf-ld.exe: (.rodata+0x141c): undefined reference to `.L8008552C'
C:/Tools/mips-ps1/mips/bin/mipsel-none-elf-ld.exe: (.rodata+0x1420): undefined reference to `.L80085524'
C:/Tools/mips-ps1/mips/bin/mipsel-none-elf-ld.exe: (.rodata+0x1424): undefined reference to `.L8008552C'
C:/Tools/mips-ps1/mips/bin/mipsel-none-elf-ld.exe: (.rodata+0x1428): undefined reference to `.L8008552C'
C:/Tools/mips-ps1/mips/bin/mipsel-none-elf-ld.exe: (.rodata+0x142c): undefined reference to `.L8008552C'
C:/Tools/mips-ps1/mips/bin/mipsel-none-elf-ld.exe: (.rodata+0x1430): undefined reference to `.L8008552C'
C:/Tools/mips-ps1/mips/bin/mipsel-none-elf-ld.exe: build/asm/data/rdata_80054548.rodata.s.o: in function `jtbl_80055A28':
(.rodata+0x14e0): undefined reference to `.L800921A8'
C:/Tools/mips-ps1/mips/bin/mipsel-none-elf-ld.exe: (.rodata+0x14e4): undefined reference to `.L800921CC'
C:/Tools/mips-ps1/mips/bin/mipsel-none-elf-ld.exe: (.rodata+0x14e8): undefined reference to `.L800921F0'
C:/Tools/mips-ps1/mips/bin/mipsel-none-elf-ld.exe: (.rodata+0x14ec): undefined reference to `.L80092220'
C:/Tools/mips-ps1/mips/bin/mipsel-none-elf-ld.exe: (.rodata+0x14f0): undefined reference to `.L80092274'
C:/Tools/mips-ps1/mips/bin/mipsel-none-elf-ld.exe: (.rodata+0x14f4): undefined reference to `.L8009240C'
C:/Tools/mips-ps1/mips/bin/mipsel-none-elf-ld.exe: (.rodata+0x14f8): undefined reference to `.L8009240C'
C:/Tools/mips-ps1/mips/bin/mipsel-none-elf-ld.exe: (.rodata+0x14fc): undefined reference to `.L800922D8'
C:/Tools/mips-ps1/mips/bin/mipsel-none-elf-ld.exe: (.rodata+0x1500): undefined reference to `.L8009236C'
C:/Tools/mips-ps1/mips/bin/mipsel-none-elf-ld.exe: (.rodata+0x1504): undefined reference to `.L8009240C'
C:/Tools/mips-ps1/mips/bin/mipsel-none-elf-ld.exe: (.rodata+0x1508): undefined reference to `.L800923BC'
C:/Tools/mips-ps1/mips/bin/mipsel-none-elf-ld.exe: build/asm/data/rdata_80054548.rodata.s.o: in function `jtbl_80056418':
(.rodata+0x1ed0): undefined reference to `.L800B03F4'
C:/Tools/mips-ps1/mips/bin/mipsel-none-elf-ld.exe: (.rodata+0x1ed4): undefined reference to `.L800B0400'
C:/Tools/mips-ps1/mips/bin/mipsel-none-elf-ld.exe: (.rodata+0x1ed8): undefined reference to `.L800B0400'
C:/Tools/mips-ps1/mips/bin/mipsel-none-elf-ld.exe: (.rodata+0x1edc): undefined reference to `.L800B04AC'
C:/Tools/mips-ps1/mips/bin/mipsel-none-elf-ld.exe: (.rodata+0x1ee0): undefined reference to `.L800B04B8'
C:/Tools/mips-ps1/mips/bin/mipsel-none-elf-ld.exe: (.rodata+0x1ee4): undefined reference to `.L800B0440'
C:/Tools/mips-ps1/mips/bin/mipsel-none-elf-ld.exe: (.rodata+0x1ee8): undefined reference to `.L800B044C'
C:/Tools/mips-ps1/mips/bin/mipsel-none-elf-ld.exe: (.rodata+0x1eec): undefined reference to `.L800B03F4'
C:/Tools/mips-ps1/mips/bin/mipsel-none-elf-ld.exe: (.rodata+0x1ef0): undefined reference to `.L800B05D0'
C:/Tools/mips-ps1/mips/bin/mipsel-none-elf-ld.exe: (.rodata+0x1ef4): undefined reference to `.L800B0418'
C:/Tools/mips-ps1/mips/bin/mipsel-none-elf-ld.exe: (.rodata+0x1ef8): undefined reference to `.L800B0424'
C:/Tools/mips-ps1/mips/bin/mipsel-none-elf-ld.exe: (.rodata+0x1efc): undefined reference to `.L800B04A0'
C:/Tools/mips-ps1/mips/bin/mipsel-none-elf-ld.exe: (.rodata+0x1f00): undefined reference to `.L800B0484'
C:/Tools/mips-ps1/mips/bin/mipsel-none-elf-ld.exe: (.rodata+0x1f04): undefined reference to `.L800B05A0'
C:/Tools/mips-ps1/mips/bin/mipsel-none-elf-ld.exe: (.rodata+0x1f08): undefined reference to `.L800B05B0'
C:/Tools/mips-ps1/mips/bin/mipsel-none-elf-ld.exe: (.rodata+0x1f0c): undefined reference to `.L800B05CC'
C:/Tools/mips-ps1/mips/bin/mipsel-none-elf-ld.exe: (.rodata+0x1f10): undefined reference to `.L800B04C4'
C:/Tools/mips-ps1/mips/bin/mipsel-none-elf-ld.exe: (.rodata+0x1f14): undefined reference to `.L800B04DC'
C:/Tools/mips-ps1/mips/bin/mipsel-none-elf-ld.exe: (.rodata+0x1f18): undefined reference to `.L800B0510'
C:/Tools/mips-ps1/mips/bin/mipsel-none-elf-ld.exe: (.rodata+0x1f1c): undefined reference to `.L800B0534'
C:/Tools/mips-ps1/mips/bin/mipsel-none-elf-ld.exe: (.rodata+0x1f20): undefined reference to `.L800B0468'
C:/Tools/mips-ps1/mips/bin/mipsel-none-elf-ld.exe: build/asm/data/rdata_80054548.rodata.s.o: in function `jtbl_80056470':
(.rodata+0x1f28): undefined reference to `.L800B05F4'
C:/Tools/mips-ps1/mips/bin/mipsel-none-elf-ld.exe: (.rodata+0x1f2c): undefined reference to `.L800B05F4'
C:/Tools/mips-ps1/mips/bin/mipsel-none-elf-ld.exe: (.rodata+0x1f30): undefined reference to `.L800B0600'
C:/Tools/mips-ps1/mips/bin/mipsel-none-elf-ld.exe: (.rodata+0x1f34): undefined reference to `.L800B0600'
C:/Tools/mips-ps1/mips/bin/mipsel-none-elf-ld.exe: (.rodata+0x1f38): undefined reference to `.L800B0648'
C:/Tools/mips-ps1/mips/bin/mipsel-none-elf-ld.exe: (.rodata+0x1f3c): undefined reference to `.L800B0648'
C:/Tools/mips-ps1/mips/bin/mipsel-none-elf-ld.exe: build/asm/data/rdata_80054548.rodata.s.o: in function `jtbl_80056488':
(.rodata+0x1f40): undefined reference to `.L800B0AB8'
C:/Tools/mips-ps1/mips/bin/mipsel-none-elf-ld.exe: (.rodata+0x1f44): undefined reference to `.L800B0AB8'
C:/Tools/mips-ps1/mips/bin/mipsel-none-elf-ld.exe: (.rodata+0x1f48): undefined reference to `.L800B0AC4'
C:/Tools/mips-ps1/mips/bin/mipsel-none-elf-ld.exe: (.rodata+0x1f4c): undefined reference to `.L800B0AF4'
C:/Tools/mips-ps1/mips/bin/mipsel-none-elf-ld.exe: (.rodata+0x1f50): undefined reference to `.L800B0B3C'
C:/Tools/mips-ps1/mips/bin/mipsel-none-elf-ld.exe: (.rodata+0x1f54): undefined reference to `.L800B0B3C'
C:/Tools/mips-ps1/mips/bin/mipsel-none-elf-ld.exe: (.rodata+0x1f58): undefined reference to `.L800B0BD0'
C:/Tools/mips-ps1/mips/bin/mipsel-none-elf-ld.exe: (.rodata+0x1f5c): undefined reference to `.L800B0BD0'
C:/Tools/mips-ps1/mips/bin/mipsel-none-elf-ld.exe: (.rodata+0x1f60): undefined reference to `.L800B0BD0'
C:/Tools/mips-ps1/mips/bin/mipsel-none-elf-ld.exe: (.rodata+0x1f64): undefined reference to `.L800B0BD0'
C:/Tools/mips-ps1/mips/bin/mipsel-none-elf-ld.exe: (.rodata+0x1f68): undefined reference to `.L800B0BD0'
C:/Tools/mips-ps1/mips/bin/mipsel-none-elf-ld.exe: build/asm/data/rdata_80054548.rodata.s.o:(.rodata+0x1f6c): more undefined references to `.L800B0BD0' follow
C:/Tools/mips-ps1/mips/bin/mipsel-none-elf-ld.exe: build/asm/data/rdata_80054548.rodata.s.o: in function `jtbl_80056488':
(.rodata+0x1f70): undefined reference to `.L800B0A3C'
C:/Tools/mips-ps1/mips/bin/mipsel-none-elf-ld.exe: (.rodata+0x1f74): undefined reference to `.L800B0A64'
C:/Tools/mips-ps1/mips/bin/mipsel-none-elf-ld.exe: (.rodata+0x1f78): undefined reference to `.L800B0A64'
C:/Tools/mips-ps1/mips/bin/mipsel-none-elf-ld.exe: (.rodata+0x1f7c): undefined reference to `.L800B0A64'
C:/Tools/mips-ps1/mips/bin/mipsel-none-elf-ld.exe: (.rodata+0x1f80): undefined reference to `.L800B0A64'
C:/Tools/mips-ps1/mips/bin/mipsel-none-elf-ld.exe: (.rodata+0x1f84): undefined reference to `.L800B0A64'
C:/Tools/mips-ps1/mips/bin/mipsel-none-elf-ld.exe: (.rodata+0x1f88): undefined reference to `.L800B0A70'
C:/Tools/mips-ps1/mips/bin/mipsel-none-elf-ld.exe: (.rodata+0x1f8c): undefined reference to `.L800B0A88'
C:/Tools/mips-ps1/mips/bin/mipsel-none-elf-ld.exe: (.rodata+0x1f90): undefined reference to `.L800B0A94'
C:/Tools/mips-ps1/mips/bin/mipsel-none-elf-ld.exe: (.rodata+0x1f94): undefined reference to `.L800B0AAC'
C:/Tools/mips-ps1/mips/bin/mipsel-none-elf-ld.exe: build/asm/data/rdata_80054548.rodata.s.o: in function `jtbl_800564E0':
(.rodata+0x1f98): undefined reference to `.L800B1B00'
C:/Tools/mips-ps1/mips/bin/mipsel-none-elf-ld.exe: (.rodata+0x1f9c): undefined reference to `.L800B1B14'
C:/Tools/mips-ps1/mips/bin/mipsel-none-elf-ld.exe: (.rodata+0x1fa0): undefined reference to `.L800B1C08'
C:/Tools/mips-ps1/mips/bin/mipsel-none-elf-ld.exe: (.rodata+0x1fa4): undefined reference to `.L800B1C0C'
C:/Tools/mips-ps1/mips/bin/mipsel-none-elf-ld.exe: (.rodata+0x1fa8): undefined reference to `.L800B1C0C'
C:/Tools/mips-ps1/mips/bin/mipsel-none-elf-ld.exe: (.rodata+0x1fac): undefined reference to `.L800B1B84'
C:/Tools/mips-ps1/mips/bin/mipsel-none-elf-ld.exe: (.rodata+0x1fb0): undefined reference to `.L800B1BA0'
C:/Tools/mips-ps1/mips/bin/mipsel-none-elf-ld.exe: (.rodata+0x1fb4): undefined reference to `.L800B1B30'
C:/Tools/mips-ps1/mips/bin/mipsel-none-elf-ld.exe: (.rodata+0x1fb8): undefined reference to `.L800B1C08'
C:/Tools/mips-ps1/mips/bin/mipsel-none-elf-ld.exe: (.rodata+0x1fbc): undefined reference to `.L800B1B4C'
C:/Tools/mips-ps1/mips/bin/mipsel-none-elf-ld.exe: (.rodata+0x1fc0): undefined reference to `.L800B1B68'
C:/Tools/mips-ps1/mips/bin/mipsel-none-elf-ld.exe: (.rodata+0x1fc4): undefined reference to `.L800B1BF4'
C:/Tools/mips-ps1/mips/bin/mipsel-none-elf-ld.exe: (.rodata+0x1fc8): undefined reference to `.L800B1BD8'
C:/Tools/mips-ps1/mips/bin/mipsel-none-elf-ld.exe: (.rodata+0x1fcc): undefined reference to `.L800B1C0C'
C:/Tools/mips-ps1/mips/bin/mipsel-none-elf-ld.exe: (.rodata+0x1fd0): undefined reference to `.L800B1C00'
C:/Tools/mips-ps1/mips/bin/mipsel-none-elf-ld.exe: (.rodata+0x1fd4): undefined reference to `.L800B1C0C'
C:/Tools/mips-ps1/mips/bin/mipsel-none-elf-ld.exe: (.rodata+0x1fd8): undefined reference to `.L800B1C0C'
C:/Tools/mips-ps1/mips/bin/mipsel-none-elf-ld.exe: (.rodata+0x1fdc): undefined reference to `.L800B1C00'
C:/Tools/mips-ps1/mips/bin/mipsel-none-elf-ld.exe: (.rodata+0x1fe0): undefined reference to `.L800B1C0C'
C:/Tools/mips-ps1/mips/bin/mipsel-none-elf-ld.exe: (.rodata+0x1fe4): undefined reference to `.L800B1C0C'
C:/Tools/mips-ps1/mips/bin/mipsel-none-elf-ld.exe: (.rodata+0x1fe8): undefined reference to `.L800B1BBC'
C:/Tools/mips-ps1/mips/bin/mipsel-none-elf-ld.exe: build/asm/data/rdata_80054548.rodata.s.o: in function `jtbl_80056578':
(.rodata+0x2030): undefined reference to `.L800B522C'
C:/Tools/mips-ps1/mips/bin/mipsel-none-elf-ld.exe: (.rodata+0x2034): undefined reference to `.L800B5244'
C:/Tools/mips-ps1/mips/bin/mipsel-none-elf-ld.exe: (.rodata+0x2038): undefined reference to `.L800B5254'
C:/Tools/mips-ps1/mips/bin/mipsel-none-elf-ld.exe: (.rodata+0x203c): undefined reference to `.L800B526C'
C:/Tools/mips-ps1/mips/bin/mipsel-none-elf-ld.exe: (.rodata+0x2040): undefined reference to `.L800B52EC'
C:/Tools/mips-ps1/mips/bin/mipsel-none-elf-ld.exe: build/asm/data/rdata_80054548.rodata.s.o: in function `jtbl_80056690':
(.rodata+0x2148): undefined reference to `.L800BA714'
C:/Tools/mips-ps1/mips/bin/mipsel-none-elf-ld.exe: (.rodata+0x214c): undefined reference to `.L800BA7BC'
C:/Tools/mips-ps1/mips/bin/mipsel-none-elf-ld.exe: (.rodata+0x2150): undefined reference to `.L800BA7BC'
C:/Tools/mips-ps1/mips/bin/mipsel-none-elf-ld.exe: (.rodata+0x2154): undefined reference to `.L800BA7BC'
C:/Tools/mips-ps1/mips/bin/mipsel-none-elf-ld.exe: (.rodata+0x2158): undefined reference to `.L800BA7BC'
C:/Tools/mips-ps1/mips/bin/mipsel-none-elf-ld.exe: (.rodata+0x215c): undefined reference to `.L800BA770'
C:/Tools/mips-ps1/mips/bin/mipsel-none-elf-ld.exe: (.rodata+0x2160): undefined reference to `.L800BA78C'
C:/Tools/mips-ps1/mips/bin/mipsel-none-elf-ld.exe: (.rodata+0x2164): undefined reference to `.L800BA7BC'
C:/Tools/mips-ps1/mips/bin/mipsel-none-elf-ld.exe: (.rodata+0x2168): undefined reference to `.L800BA7BC'
C:/Tools/mips-ps1/mips/bin/mipsel-none-elf-ld.exe: (.rodata+0x216c): undefined reference to `.L800BA7BC'
C:/Tools/mips-ps1/mips/bin/mipsel-none-elf-ld.exe: (.rodata+0x2170): undefined reference to `.L800BA7BC'
C:/Tools/mips-ps1/mips/bin/mipsel-none-elf-ld.exe: (.rodata+0x2174): undefined reference to `.L800BA7BC'
C:/Tools/mips-ps1/mips/bin/mipsel-none-elf-ld.exe: build/asm/data/rdata_80054548.rodata.s.o:(.rodata+0x2178): more undefined references to `.L800BA7BC' follow
C:/Tools/mips-ps1/mips/bin/mipsel-none-elf-ld.exe: build/asm/data/rdata_80054548.rodata.s.o: in function `jtbl_80056690':
(.rodata+0x217c): undefined reference to `.L800BA734'
C:/Tools/mips-ps1/mips/bin/mipsel-none-elf-ld.exe: (.rodata+0x2180): undefined reference to `.L800BA7BC'
C:/Tools/mips-ps1/mips/bin/mipsel-none-elf-ld.exe: (.rodata+0x2184): undefined reference to `.L800BA7BC'
C:/Tools/mips-ps1/mips/bin/mipsel-none-elf-ld.exe: (.rodata+0x2188): undefined reference to `.L800BA7BC'
C:/Tools/mips-ps1/mips/bin/mipsel-none-elf-ld.exe: (.rodata+0x218c): undefined reference to `.L800BA7BC'
C:/Tools/mips-ps1/mips/bin/mipsel-none-elf-ld.exe: (.rodata+0x2190): undefined reference to `.L800BA7BC'
C:/Tools/mips-ps1/mips/bin/mipsel-none-elf-ld.exe: build/asm/data/rdata_80054548.rodata.s.o:(.rodata+0x2194): more undefined references to `.L800BA7BC' follow
C:/Tools/mips-ps1/mips/bin/mipsel-none-elf-ld.exe: build/asm/data/rdata_80054548.rodata.s.o: in function `jtbl_80056690':
(.rodata+0x21d0): undefined reference to `.L800BA754'
C:/Tools/mips-ps1/mips/bin/mipsel-none-elf-ld.exe: (.rodata+0x21d4): undefined reference to `.L800BA7BC'
C:/Tools/mips-ps1/mips/bin/mipsel-none-elf-ld.exe: (.rodata+0x21d8): undefined reference to `.L800BA7A8'
C:/Tools/mips-ps1/mips/bin/mipsel-none-elf-ld.exe: build/asm/data/rdata_80054548.rodata.s.o: in function `jtbl_80056788':
(.rodata+0x2240): undefined reference to `.L800BC4A0'
C:/Tools/mips-ps1/mips/bin/mipsel-none-elf-ld.exe: (.rodata+0x2244): undefined reference to `.L800BC4C4'
C:/Tools/mips-ps1/mips/bin/mipsel-none-elf-ld.exe: (.rodata+0x2248): undefined reference to `.L800BC4C4'
C:/Tools/mips-ps1/mips/bin/mipsel-none-elf-ld.exe: (.rodata+0x224c): undefined reference to `.L800BC4C4'
C:/Tools/mips-ps1/mips/bin/mipsel-none-elf-ld.exe: (.rodata+0x2250): undefined reference to `.L800BC4A0'
C:/Tools/mips-ps1/mips/bin/mipsel-none-elf-ld.exe: (.rodata+0x2254): undefined reference to `.L800BC4A0'
C:/Tools/mips-ps1/mips/bin/mipsel-none-elf-ld.exe: (.rodata+0x2258): undefined reference to `.L800BC4C4'
C:/Tools/mips-ps1/mips/bin/mipsel-none-elf-ld.exe: (.rodata+0x225c): undefined reference to `.L800BC4C4'
C:/Tools/mips-ps1/mips/bin/mipsel-none-elf-ld.exe: (.rodata+0x2260): undefined reference to `.L800BC4A8'
C:/Tools/mips-ps1/mips/bin/mipsel-none-elf-ld.exe: (.rodata+0x2264): undefined reference to `.L800BC4C4'
C:/Tools/mips-ps1/mips/bin/mipsel-none-elf-ld.exe: (.rodata+0x2268): undefined reference to `.L800BC4C4'
C:/Tools/mips-ps1/mips/bin/mipsel-none-elf-ld.exe: (.rodata+0x226c): undefined reference to `.L800BC4C4'
C:/Tools/mips-ps1/mips/bin/mipsel-none-elf-ld.exe: (.rodata+0x2270): undefined reference to `.L800BC4B0'
C:/Tools/mips-ps1/mips/bin/mipsel-none-elf-ld.exe: (.rodata+0x2274): undefined reference to `.L800BC4C4'
C:/Tools/mips-ps1/mips/bin/mipsel-none-elf-ld.exe: (.rodata+0x2278): undefined reference to `.L800BC4C4'
C:/Tools/mips-ps1/mips/bin/mipsel-none-elf-ld.exe: (.rodata+0x227c): undefined reference to `.L800BC4C4'
C:/Tools/mips-ps1/mips/bin/mipsel-none-elf-ld.exe: (.rodata+0x2280): undefined reference to `.L800BC4C4'
C:/Tools/mips-ps1/mips/bin/mipsel-none-elf-ld.exe: (.rodata+0x2284): undefined reference to `.L800BC498'
C:/Tools/mips-ps1/mips/bin/mipsel-none-elf-ld.exe: (.rodata+0x2288): undefined reference to `.L800BC4B8'
C:/Tools/mips-ps1/mips/bin/mipsel-none-elf-ld.exe: (.rodata+0x228c): undefined reference to `.L800BC4C4'
C:/Tools/mips-ps1/mips/bin/mipsel-none-elf-ld.exe: (.rodata+0x2290): undefined reference to `.L800BC4C4'
C:/Tools/mips-ps1/mips/bin/mipsel-none-elf-ld.exe: (.rodata+0x2294): undefined reference to `.L800BC4C4'
C:/Tools/mips-ps1/mips/bin/mipsel-none-elf-ld.exe: (.rodata+0x2298): undefined reference to `.L800BC4B8'
C:/Tools/mips-ps1/mips/bin/mipsel-none-elf-ld.exe: (.rodata+0x229c): undefined reference to `.L800BC4C4'
C:/Tools/mips-ps1/mips/bin/mipsel-none-elf-ld.exe: (.rodata+0x22a0): undefined reference to `.L800BC4C4'
C:/Tools/mips-ps1/mips/bin/mipsel-none-elf-ld.exe: (.rodata+0x22a4): undefined reference to `.L800BC4C0'
C:/Tools/mips-ps1/mips/bin/mipsel-none-elf-ld.exe: (.rodata+0x22a8): undefined reference to `.L800BC4C4'
C:/Tools/mips-ps1/mips/bin/mipsel-none-elf-ld.exe: (.rodata+0x22ac): undefined reference to `.L800BC4C4'
C:/Tools/mips-ps1/mips/bin/mipsel-none-elf-ld.exe: (.rodata+0x22b0): undefined reference to `.L800BC4C0'
C:/Tools/mips-ps1/mips/bin/mipsel-none-elf-ld.exe: build/asm/data/rdata_80054548.rodata.s.o: in function `jtbl_8005684C':
(.rodata+0x2304): undefined reference to `.L800CAD3C'
C:/Tools/mips-ps1/mips/bin/mipsel-none-elf-ld.exe: (.rodata+0x2308): undefined reference to `.L800CAD3C'
C:/Tools/mips-ps1/mips/bin/mipsel-none-elf-ld.exe: (.rodata+0x230c): undefined reference to `.L800CAD3C'
C:/Tools/mips-ps1/mips/bin/mipsel-none-elf-ld.exe: (.rodata+0x2310): undefined reference to `.L800CAD3C'
C:/Tools/mips-ps1/mips/bin/mipsel-none-elf-ld.exe: (.rodata+0x2314): undefined reference to `.L800CAD3C'
C:/Tools/mips-ps1/mips/bin/mipsel-none-elf-ld.exe: build/asm/data/rdata_80054548.rodata.s.o:(.rodata+0x2318): more undefined references to `.L800CAD3C' follow
C:/Tools/mips-ps1/mips/bin/mipsel-none-elf-ld.exe: build/asm/data/rdata_80054548.rodata.s.o: in function `jtbl_8005684C':
(.rodata+0x2324): undefined reference to `.L800CAD78'
C:/Tools/mips-ps1/mips/bin/mipsel-none-elf-ld.exe: (.rodata+0x2328): undefined reference to `.L800CAD78'
C:/Tools/mips-ps1/mips/bin/mipsel-none-elf-ld.exe: (.rodata+0x232c): undefined reference to `.L800CAD78'
C:/Tools/mips-ps1/mips/bin/mipsel-none-elf-ld.exe: (.rodata+0x2330): undefined reference to `.L800CAD78'
C:/Tools/mips-ps1/mips/bin/mipsel-none-elf-ld.exe: (.rodata+0x2334): undefined reference to `.L800CADB0'
C:/Tools/mips-ps1/mips/bin/mipsel-none-elf-ld.exe: (.rodata+0x2338): undefined reference to `.L800CAD78'
C:/Tools/mips-ps1/mips/bin/mipsel-none-elf-ld.exe: build/asm/data/rdata_80054548.rodata.s.o: in function `jtbl_80056894':
(.rodata+0x234c): undefined reference to `.L800CF0C8'
C:/Tools/mips-ps1/mips/bin/mipsel-none-elf-ld.exe: (.rodata+0x2350): undefined reference to `.L800CF0C8'
C:/Tools/mips-ps1/mips/bin/mipsel-none-elf-ld.exe: (.rodata+0x2354): undefined reference to `.L800CF0E8'
C:/Tools/mips-ps1/mips/bin/mipsel-none-elf-ld.exe: (.rodata+0x2358): undefined reference to `.L800CF100'
C:/Tools/mips-ps1/mips/bin/mipsel-none-elf-ld.exe: (.rodata+0x235c): undefined reference to `.L800CF118'
C:/Tools/mips-ps1/mips/bin/mipsel-none-elf-ld.exe: build/asm/data/rdata_80054548.rodata.s.o: in function `jtbl_8005699C':
(.rodata+0x2454): undefined reference to `.L800DD7E8'
C:/Tools/mips-ps1/mips/bin/mipsel-none-elf-ld.exe: (.rodata+0x2458): undefined reference to `.L800DD804'
C:/Tools/mips-ps1/mips/bin/mipsel-none-elf-ld.exe: (.rodata+0x245c): undefined reference to `.L800DD850'
C:/Tools/mips-ps1/mips/bin/mipsel-none-elf-ld.exe: (.rodata+0x2460): undefined reference to `.L800DD874'
C:/Tools/mips-ps1/mips/bin/mipsel-none-elf-ld.exe: (.rodata+0x2464): undefined reference to `.L800DE61C'
C:/Tools/mips-ps1/mips/bin/mipsel-none-elf-ld.exe: (.rodata+0x2468): undefined reference to `.L800DDD0C'
C:/Tools/mips-ps1/mips/bin/mipsel-none-elf-ld.exe: (.rodata+0x246c): undefined reference to `.L800DDDEC'
C:/Tools/mips-ps1/mips/bin/mipsel-none-elf-ld.exe: (.rodata+0x2470): undefined reference to `.L800DE130'
C:/Tools/mips-ps1/mips/bin/mipsel-none-elf-ld.exe: (.rodata+0x2474): undefined reference to `.L800DDEF4'
C:/Tools/mips-ps1/mips/bin/mipsel-none-elf-ld.exe: (.rodata+0x2478): undefined reference to `.L800DDA74'
C:/Tools/mips-ps1/mips/bin/mipsel-none-elf-ld.exe: (.rodata+0x247c): undefined reference to `.L800DDFFC'
C:/Tools/mips-ps1/mips/bin/mipsel-none-elf-ld.exe: (.rodata+0x2480): undefined reference to `.L800DE61C'
C:/Tools/mips-ps1/mips/bin/mipsel-none-elf-ld.exe: (.rodata+0x2484): undefined reference to `.L800DE3C8'
C:/Tools/mips-ps1/mips/bin/mipsel-none-elf-ld.exe: (.rodata+0x2488): undefined reference to `.L800DE3C8'
C:/Tools/mips-ps1/mips/bin/mipsel-none-elf-ld.exe: build/asm/data/rdata_80054548.rodata.s.o: in function `jtbl_800569D4':
(.rodata+0x248c): undefined reference to `.L800DE67C'
C:/Tools/mips-ps1/mips/bin/mipsel-none-elf-ld.exe: (.rodata+0x2490): undefined reference to `.L800DE67C'
C:/Tools/mips-ps1/mips/bin/mipsel-none-elf-ld.exe: (.rodata+0x2494): undefined reference to `.L800DE67C'
C:/Tools/mips-ps1/mips/bin/mipsel-none-elf-ld.exe: (.rodata+0x2498): undefined reference to `.L800DE6B8'
C:/Tools/mips-ps1/mips/bin/mipsel-none-elf-ld.exe: (.rodata+0x249c): undefined reference to `.L800DE6E4'
C:/Tools/mips-ps1/mips/bin/mipsel-none-elf-ld.exe: (.rodata+0x24a0): undefined reference to `.L800DE684'
C:/Tools/mips-ps1/mips/bin/mipsel-none-elf-ld.exe: (.rodata+0x24a4): undefined reference to `.L800DE684'
C:/Tools/mips-ps1/mips/bin/mipsel-none-elf-ld.exe: (.rodata+0x24a8): undefined reference to `.L800DE6B8'
C:/Tools/mips-ps1/mips/bin/mipsel-none-elf-ld.exe: (.rodata+0x24ac): undefined reference to `.L800DE684'
C:/Tools/mips-ps1/mips/bin/mipsel-none-elf-ld.exe: (.rodata+0x24b0): undefined reference to `.L800DE6B8'
C:/Tools/mips-ps1/mips/bin/mipsel-none-elf-ld.exe: (.rodata+0x24b4): undefined reference to `.L800DE69C'
C:/Tools/mips-ps1/mips/bin/mipsel-none-elf-ld.exe: (.rodata+0x24b8): undefined reference to `.L800DE6E4'
C:/Tools/mips-ps1/mips/bin/mipsel-none-elf-ld.exe: (.rodata+0x24bc): undefined reference to `.L800DE6C4'
C:/Tools/mips-ps1/mips/bin/mipsel-none-elf-ld.exe: build/asm/data/rdata_80054548.rodata.s.o: in function `jtbl_80056A98':
(.rodata+0x2550): undefined reference to `.L800E03C0'
C:/Tools/mips-ps1/mips/bin/mipsel-none-elf-ld.exe: (.rodata+0x2554): undefined reference to `.L800E03F0'
C:/Tools/mips-ps1/mips/bin/mipsel-none-elf-ld.exe: (.rodata+0x2558): undefined reference to `.L800E0420'
C:/Tools/mips-ps1/mips/bin/mipsel-none-elf-ld.exe: (.rodata+0x255c): undefined reference to `.L800E0450'
C:/Tools/mips-ps1/mips/bin/mipsel-none-elf-ld.exe: (.rodata+0x2560): undefined reference to `.L800E0480'
C:/Tools/mips-ps1/mips/bin/mipsel-none-elf-ld.exe: build/asm/data/rdata_80054548.rodata.s.o: in function `jtbl_80056B60':
(.rodata+0x2618): undefined reference to `.L800E4798'
C:/Tools/mips-ps1/mips/bin/mipsel-none-elf-ld.exe: (.rodata+0x261c): undefined reference to `.L800E4C44'
C:/Tools/mips-ps1/mips/bin/mipsel-none-elf-ld.exe: (.rodata+0x2620): undefined reference to `.L800E4C44'
C:/Tools/mips-ps1/mips/bin/mipsel-none-elf-ld.exe: (.rodata+0x2624): undefined reference to `.L800E4C44'
C:/Tools/mips-ps1/mips/bin/mipsel-none-elf-ld.exe: (.rodata+0x2628): undefined reference to `.L800E4C44'
C:/Tools/mips-ps1/mips/bin/mipsel-none-elf-ld.exe: (.rodata+0x262c): undefined reference to `.L800E4C44'
C:/Tools/mips-ps1/mips/bin/mipsel-none-elf-ld.exe: build/asm/data/rdata_80054548.rodata.s.o:(.rodata+0x2630): more undefined references to `.L800E4C44' follow
C:/Tools/mips-ps1/mips/bin/mipsel-none-elf-ld.exe: build/asm/data/rdata_80054548.rodata.s.o: in function `jtbl_80056B60':
(.rodata+0x2648): undefined reference to `.L800E4A50'
C:/Tools/mips-ps1/mips/bin/mipsel-none-elf-ld.exe: (.rodata+0x264c): undefined reference to `.L800E4C44'
C:/Tools/mips-ps1/mips/bin/mipsel-none-elf-ld.exe: (.rodata+0x2650): undefined reference to `.L800E4C44'
C:/Tools/mips-ps1/mips/bin/mipsel-none-elf-ld.exe: (.rodata+0x2654): undefined reference to `.L800E4C44'
C:/Tools/mips-ps1/mips/bin/mipsel-none-elf-ld.exe: (.rodata+0x2658): undefined reference to `.L800E4C44'
C:/Tools/mips-ps1/mips/bin/mipsel-none-elf-ld.exe: (.rodata+0x265c): undefined reference to `.L800E4C44'
C:/Tools/mips-ps1/mips/bin/mipsel-none-elf-ld.exe: build/asm/data/rdata_80054548.rodata.s.o:(.rodata+0x2660): more undefined references to `.L800E4C44' follow
C:/Tools/mips-ps1/mips/bin/mipsel-none-elf-ld.exe: build/asm/data/rdata_80054548.rodata.s.o: in function `jtbl_80056B60':
(.rodata+0x2674): undefined reference to `.L800E4B64'
C:/Tools/mips-ps1/mips/bin/mipsel-none-elf-ld.exe: (.rodata+0x2678): undefined reference to `.L800E47C4'
C:/Tools/mips-ps1/mips/bin/mipsel-none-elf-ld.exe: (.rodata+0x267c): undefined reference to `.L800E4C44'
C:/Tools/mips-ps1/mips/bin/mipsel-none-elf-ld.exe: (.rodata+0x2680): undefined reference to `.L800E4C44'
C:/Tools/mips-ps1/mips/bin/mipsel-none-elf-ld.exe: (.rodata+0x2684): undefined reference to `.L800E4C44'
C:/Tools/mips-ps1/mips/bin/mipsel-none-elf-ld.exe: (.rodata+0x2688): undefined reference to `.L800E4780'
C:/Tools/mips-ps1/mips/bin/mipsel-none-elf-ld.exe: (.rodata+0x268c): undefined reference to `.L800E47C4'
C:/Tools/mips-ps1/mips/bin/mipsel-none-elf-ld.exe: (.rodata+0x2690): undefined reference to `.L800E4C44'
C:/Tools/mips-ps1/mips/bin/mipsel-none-elf-ld.exe: (.rodata+0x2694): undefined reference to `.L800E4C44'
C:/Tools/mips-ps1/mips/bin/mipsel-none-elf-ld.exe: (.rodata+0x2698): undefined reference to `.L800E478C'
C:/Tools/mips-ps1/mips/bin/mipsel-none-elf-ld.exe: (.rodata+0x269c): undefined reference to `.L800E4C44'
C:/Tools/mips-ps1/mips/bin/mipsel-none-elf-ld.exe: (.rodata+0x26a0): undefined reference to `.L800E4C10'
C:/Tools/mips-ps1/mips/bin/mipsel-none-elf-ld.exe: (.rodata+0x26a4): undefined reference to `.L800E493C'
C:/Tools/mips-ps1/mips/bin/mipsel-none-elf-ld.exe: (.rodata+0x26a8): undefined reference to `.L800E4A3C'
C:/Tools/mips-ps1/mips/bin/mipsel-none-elf-ld.exe: (.rodata+0x26ac): undefined reference to `.L800E4C44'
C:/Tools/mips-ps1/mips/bin/mipsel-none-elf-ld.exe: (.rodata+0x26b0): undefined reference to `.L800E4C44'
C:/Tools/mips-ps1/mips/bin/mipsel-none-elf-ld.exe: (.rodata+0x26b4): undefined reference to `.L800E4B84'
C:/Tools/mips-ps1/mips/bin/mipsel-none-elf-ld.exe: (.rodata+0x26b8): undefined reference to `.L800E4C44'
C:/Tools/mips-ps1/mips/bin/mipsel-none-elf-ld.exe: (.rodata+0x26bc): undefined reference to `.L800E481C'
C:/Tools/mips-ps1/mips/bin/mipsel-none-elf-ld.exe: (.rodata+0x26c0): undefined reference to `.L800E4C44'
C:/Tools/mips-ps1/mips/bin/mipsel-none-elf-ld.exe: (.rodata+0x26c4): undefined reference to `.L800E4C44'
C:/Tools/mips-ps1/mips/bin/mipsel-none-elf-ld.exe: (.rodata+0x26c8): undefined reference to `.L800E4A5C'
C:/Tools/mips-ps1/mips/bin/mipsel-none-elf-ld.exe: build/asm/data/rdata_80054548.rodata.s.o: in function `jtbl_80056C6C':
(.rodata+0x2724): undefined reference to `.L800EC328'
C:/Tools/mips-ps1/mips/bin/mipsel-none-elf-ld.exe: (.rodata+0x2728): undefined reference to `.L800EC334'
C:/Tools/mips-ps1/mips/bin/mipsel-none-elf-ld.exe: (.rodata+0x272c): undefined reference to `.L800EC34C'
C:/Tools/mips-ps1/mips/bin/mipsel-none-elf-ld.exe: (.rodata+0x2730): undefined reference to `.L800EC34C'
C:/Tools/mips-ps1/mips/bin/mipsel-none-elf-ld.exe: (.rodata+0x2734): undefined reference to `.L800EC340'
C:/Tools/mips-ps1/mips/bin/mipsel-none-elf-ld.exe: (.rodata+0x2738): undefined reference to `.L800EC334'
C:/Tools/mips-ps1/mips/bin/mipsel-none-elf-ld.exe: (.rodata+0x273c): undefined reference to `.L800EC340'
C:/Tools/mips-ps1/mips/bin/mipsel-none-elf-ld.exe: (.rodata+0x2740): undefined reference to `.L800EC328'
C:/Tools/mips-ps1/mips/bin/mipsel-none-elf-ld.exe: (.rodata+0x2744): undefined reference to `.L800EC334'
C:/Tools/mips-ps1/mips/bin/mipsel-none-elf-ld.exe: build/asm/data/rdata_80054548.rodata.s.o: in function `jtbl_80056C94':
(.rodata+0x274c): undefined reference to `.L800ECD04'
C:/Tools/mips-ps1/mips/bin/mipsel-none-elf-ld.exe: (.rodata+0x2750): undefined reference to `.L800ECF08'
C:/Tools/mips-ps1/mips/bin/mipsel-none-elf-ld.exe: (.rodata+0x2754): undefined reference to `.L800ECF4C'
C:/Tools/mips-ps1/mips/bin/mipsel-none-elf-ld.exe: (.rodata+0x2758): undefined reference to `.L800ECFB4'
C:/Tools/mips-ps1/mips/bin/mipsel-none-elf-ld.exe: (.rodata+0x275c): undefined reference to `.L800ECFD8'
C:/Tools/mips-ps1/mips/bin/mipsel-none-elf-ld.exe: (.rodata+0x2760): undefined reference to `.L800ECFF0'
C:/Tools/mips-ps1/mips/bin/mipsel-none-elf-ld.exe: (.rodata+0x2764): undefined reference to `.L800ECD04'
C:/Tools/mips-ps1/mips/bin/mipsel-none-elf-ld.exe: (.rodata+0x2768): undefined reference to `.L800ECFF0'
C:/Tools/mips-ps1/mips/bin/mipsel-none-elf-ld.exe: (.rodata+0x276c): undefined reference to `.L800ECFF0'
C:/Tools/mips-ps1/mips/bin/mipsel-none-elf-ld.exe: build/asm/data/rdata_80054548.rodata.s.o: in function `jtbl_80056CB8':
(.rodata+0x2770): undefined reference to `.L800ED658'
C:/Tools/mips-ps1/mips/bin/mipsel-none-elf-ld.exe: (.rodata+0x2774): undefined reference to `.L800ED610'
C:/Tools/mips-ps1/mips/bin/mipsel-none-elf-ld.exe: (.rodata+0x2778): undefined reference to `.L800ED61C'
C:/Tools/mips-ps1/mips/bin/mipsel-none-elf-ld.exe: (.rodata+0x277c): undefined reference to `.L800ED628'
C:/Tools/mips-ps1/mips/bin/mipsel-none-elf-ld.exe: (.rodata+0x2780): undefined reference to `.L800ED630'
C:/Tools/mips-ps1/mips/bin/mipsel-none-elf-ld.exe: (.rodata+0x2784): undefined reference to `.L800ED638'
C:/Tools/mips-ps1/mips/bin/mipsel-none-elf-ld.exe: (.rodata+0x2788): undefined reference to `.L800ED640'
C:/Tools/mips-ps1/mips/bin/mipsel-none-elf-ld.exe: (.rodata+0x278c): undefined reference to `.L800ED64C'
C:/Tools/mips-ps1/mips/bin/mipsel-none-elf-ld.exe: build/asm/data/rdata_80054548.rodata.s.o: in function `jtbl_80056EF8':
(.rodata+0x29b0): undefined reference to `.L800F00D8'
C:/Tools/mips-ps1/mips/bin/mipsel-none-elf-ld.exe: (.rodata+0x29b4): undefined reference to `.L800F00E4'
C:/Tools/mips-ps1/mips/bin/mipsel-none-elf-ld.exe: (.rodata+0x29b8): undefined reference to `.L800F00F0'
C:/Tools/mips-ps1/mips/bin/mipsel-none-elf-ld.exe: (.rodata+0x29bc): undefined reference to `.L800F00FC'
C:/Tools/mips-ps1/mips/bin/mipsel-none-elf-ld.exe: (.rodata+0x29c0): undefined reference to `.L800F0108'
C:/Tools/mips-ps1/mips/bin/mipsel-none-elf-ld.exe: build/asm/data/rdata_80054548.rodata.s.o: in function `jtbl_80056FBC':
(.rodata+0x2a74): undefined reference to `.L800F3D94'
C:/Tools/mips-ps1/mips/bin/mipsel-none-elf-ld.exe: (.rodata+0x2a78): undefined reference to `.L800F3DAC'
C:/Tools/mips-ps1/mips/bin/mipsel-none-elf-ld.exe: (.rodata+0x2a7c): undefined reference to `.L800F3DC4'
C:/Tools/mips-ps1/mips/bin/mipsel-none-elf-ld.exe: (.rodata+0x2a80): undefined reference to `.L800F3E38'
C:/Tools/mips-ps1/mips/bin/mipsel-none-elf-ld.exe: (.rodata+0x2a84): undefined reference to `.L800F3DF0'
C:/Tools/mips-ps1/mips/bin/mipsel-none-elf-ld.exe: (.rodata+0x2a88): undefined reference to `.L800F3E38'
C:/Tools/mips-ps1/mips/bin/mipsel-none-elf-ld.exe: (.rodata+0x2a8c): undefined reference to `.L800F3E24'
C:/Tools/mips-ps1/mips/bin/mipsel-none-elf-ld.exe: build/asm/data/rdata_80054548.rodata.s.o: in function `jtbl_80056FD8':
(.rodata+0x2a90): undefined reference to `.L800F6AC8'
C:/Tools/mips-ps1/mips/bin/mipsel-none-elf-ld.exe: (.rodata+0x2a94): undefined reference to `.L800F6ABC'
C:/Tools/mips-ps1/mips/bin/mipsel-none-elf-ld.exe: (.rodata+0x2a98): undefined reference to `.L800F6B34'
C:/Tools/mips-ps1/mips/bin/mipsel-none-elf-ld.exe: (.rodata+0x2a9c): undefined reference to `.L800F6BE0'
C:/Tools/mips-ps1/mips/bin/mipsel-none-elf-ld.exe: (.rodata+0x2aa0): undefined reference to `.L800F6BE0'
C:/Tools/mips-ps1/mips/bin/mipsel-none-elf-ld.exe: (.rodata+0x2aa4): undefined reference to `.L800F6BE0'
C:/Tools/mips-ps1/mips/bin/mipsel-none-elf-ld.exe: (.rodata+0x2aa8): undefined reference to `.L800F6BE0'
C:/Tools/mips-ps1/mips/bin/mipsel-none-elf-ld.exe: (.rodata+0x2aac): undefined reference to `.L800F6BE0'
C:/Tools/mips-ps1/mips/bin/mipsel-none-elf-ld.exe: build/asm/data/rdata_80054548.rodata.s.o:(.rodata+0x2ab0): more undefined references to `.L800F6BE0' follow
C:/Tools/mips-ps1/mips/bin/mipsel-none-elf-ld.exe: build/asm/data/rdata_80054548.rodata.s.o: in function `jtbl_80056FD8':
(.rodata+0x2b08): undefined reference to `.L800F6A44'
C:/Tools/mips-ps1/mips/bin/mipsel-none-elf-ld.exe: (.rodata+0x2b0c): undefined reference to `.L800F6A44'
C:/Tools/mips-ps1/mips/bin/mipsel-none-elf-ld.exe: (.rodata+0x2b10): undefined reference to `.L800F6A44'
C:/Tools/mips-ps1/mips/bin/mipsel-none-elf-ld.exe: (.rodata+0x2b14): undefined reference to `.L800F6A44'
C:/Tools/mips-ps1/mips/bin/mipsel-none-elf-ld.exe: build/asm/data/rdata_80054548.rodata.s.o: in function `jtbl_80057078':
(.rodata+0x2b30): undefined reference to `.L800F725C'
C:/Tools/mips-ps1/mips/bin/mipsel-none-elf-ld.exe: (.rodata+0x2b34): undefined reference to `.L800F7314'
C:/Tools/mips-ps1/mips/bin/mipsel-none-elf-ld.exe: (.rodata+0x2b38): undefined reference to `.L800F7314'
C:/Tools/mips-ps1/mips/bin/mipsel-none-elf-ld.exe: (.rodata+0x2b3c): undefined reference to `.L800F7314'
C:/Tools/mips-ps1/mips/bin/mipsel-none-elf-ld.exe: (.rodata+0x2b40): undefined reference to `.L800F7314'
C:/Tools/mips-ps1/mips/bin/mipsel-none-elf-ld.exe: (.rodata+0x2b44): undefined reference to `.L800F7314'
C:/Tools/mips-ps1/mips/bin/mipsel-none-elf-ld.exe: build/asm/data/rdata_80054548.rodata.s.o:(.rodata+0x2b48): more undefined references to `.L800F7314' follow
C:/Tools/mips-ps1/mips/bin/mipsel-none-elf-ld.exe: build/asm/data/rdata_80054548.rodata.s.o: in function `jtbl_80057078':
(.rodata+0x2b5c): undefined reference to `.L800F72D4'
C:/Tools/mips-ps1/mips/bin/mipsel-none-elf-ld.exe: (.rodata+0x2b60): undefined reference to `.L800F71DC'
C:/Tools/mips-ps1/mips/bin/mipsel-none-elf-ld.exe: (.rodata+0x2b64): undefined reference to `.L800F7314'
C:/Tools/mips-ps1/mips/bin/mipsel-none-elf-ld.exe: (.rodata+0x2b68): undefined reference to `.L800F7314'
C:/Tools/mips-ps1/mips/bin/mipsel-none-elf-ld.exe: (.rodata+0x2b6c): undefined reference to `.L800F7314'
C:/Tools/mips-ps1/mips/bin/mipsel-none-elf-ld.exe: (.rodata+0x2b70): undefined reference to `.L800F7314'
C:/Tools/mips-ps1/mips/bin/mipsel-none-elf-ld.exe: (.rodata+0x2b74): undefined reference to `.L800F7314'
C:/Tools/mips-ps1/mips/bin/mipsel-none-elf-ld.exe: build/asm/data/rdata_80054548.rodata.s.o:(.rodata+0x2b78): more undefined references to `.L800F7314' follow
C:/Tools/mips-ps1/mips/bin/mipsel-none-elf-ld.exe: build/asm/data/rdata_80054548.rodata.s.o: in function `jtbl_80057078':
(.rodata+0x2b9c): undefined reference to `.L800F72F4'
C:/Tools/mips-ps1/mips/bin/mipsel-none-elf-ld.exe: (.rodata+0x2ba0): undefined reference to `.L800F7314'
C:/Tools/mips-ps1/mips/bin/mipsel-none-elf-ld.exe: (.rodata+0x2ba4): undefined reference to `.L800F7314'
C:/Tools/mips-ps1/mips/bin/mipsel-none-elf-ld.exe: (.rodata+0x2ba8): undefined reference to `.L800F7314'
C:/Tools/mips-ps1/mips/bin/mipsel-none-elf-ld.exe: (.rodata+0x2bac): undefined reference to `.L800F7314'
C:/Tools/mips-ps1/mips/bin/mipsel-none-elf-ld.exe: (.rodata+0x2bb0): undefined reference to `.L800F725C'
C:/Tools/mips-ps1/mips/bin/mipsel-none-elf-ld.exe: build/asm/data/rdata_80054548.rodata.s.o: in function `jtbl_80057398':
(.rodata+0x2e50): undefined reference to `.L800FAE6C'
C:/Tools/mips-ps1/mips/bin/mipsel-none-elf-ld.exe: (.rodata+0x2e54): undefined reference to `.L800FB048'
C:/Tools/mips-ps1/mips/bin/mipsel-none-elf-ld.exe: (.rodata+0x2e58): undefined reference to `.L800FB048'
C:/Tools/mips-ps1/mips/bin/mipsel-none-elf-ld.exe: (.rodata+0x2e5c): undefined reference to `.L800FB048'
C:/Tools/mips-ps1/mips/bin/mipsel-none-elf-ld.exe: (.rodata+0x2e60): undefined reference to `.L800FB048'
C:/Tools/mips-ps1/mips/bin/mipsel-none-elf-ld.exe: (.rodata+0x2e64): undefined reference to `.L800FB048'
C:/Tools/mips-ps1/mips/bin/mipsel-none-elf-ld.exe: build/asm/data/rdata_80054548.rodata.s.o:(.rodata+0x2e68): more undefined references to `.L800FB048' follow
C:/Tools/mips-ps1/mips/bin/mipsel-none-elf-ld.exe: build/asm/data/rdata_80054548.rodata.s.o: in function `jtbl_80057398':
(.rodata+0x2e78): undefined reference to `.L800FAE9C'
C:/Tools/mips-ps1/mips/bin/mipsel-none-elf-ld.exe: (.rodata+0x2e7c): undefined reference to `.L800FB048'
C:/Tools/mips-ps1/mips/bin/mipsel-none-elf-ld.exe: (.rodata+0x2e80): undefined reference to `.L800FB048'
C:/Tools/mips-ps1/mips/bin/mipsel-none-elf-ld.exe: (.rodata+0x2e84): undefined reference to `.L800FB048'
C:/Tools/mips-ps1/mips/bin/mipsel-none-elf-ld.exe: (.rodata+0x2e88): undefined reference to `.L800FB048'
C:/Tools/mips-ps1/mips/bin/mipsel-none-elf-ld.exe: (.rodata+0x2e8c): undefined reference to `.L800FB048'
C:/Tools/mips-ps1/mips/bin/mipsel-none-elf-ld.exe: build/asm/data/rdata_80054548.rodata.s.o:(.rodata+0x2e90): more undefined references to `.L800FB048' follow
C:/Tools/mips-ps1/mips/bin/mipsel-none-elf-ld.exe: build/asm/data/rdata_80054548.rodata.s.o: in function `jtbl_80057398':
(.rodata+0x2ea4): undefined reference to `.L800FAF00'
C:/Tools/mips-ps1/mips/bin/mipsel-none-elf-ld.exe: (.rodata+0x2ea8): undefined reference to `.L800FB048'
C:/Tools/mips-ps1/mips/bin/mipsel-none-elf-ld.exe: (.rodata+0x2eac): undefined reference to `.L800FB048'
C:/Tools/mips-ps1/mips/bin/mipsel-none-elf-ld.exe: (.rodata+0x2eb0): undefined reference to `.L800FB048'
C:/Tools/mips-ps1/mips/bin/mipsel-none-elf-ld.exe: (.rodata+0x2eb4): undefined reference to `.L800FB048'
C:/Tools/mips-ps1/mips/bin/mipsel-none-elf-ld.exe: (.rodata+0x2eb8): undefined reference to `.L800FB048'
C:/Tools/mips-ps1/mips/bin/mipsel-none-elf-ld.exe: build/asm/data/rdata_80054548.rodata.s.o:(.rodata+0x2ebc): more undefined references to `.L800FB048' follow
C:/Tools/mips-ps1/mips/bin/mipsel-none-elf-ld.exe: build/asm/data/rdata_80054548.rodata.s.o: in function `jtbl_80057398':
(.rodata+0x2ec8): undefined reference to `.L800FAF20'
C:/Tools/mips-ps1/mips/bin/mipsel-none-elf-ld.exe: (.rodata+0x2ecc): undefined reference to `.L800FAF4C'
C:/Tools/mips-ps1/mips/bin/mipsel-none-elf-ld.exe: build/asm/data/rdata_80054548.rodata.s.o: in function `jtbl_800574F0':
(.rodata+0x2fa8): undefined reference to `.L800FC280'
C:/Tools/mips-ps1/mips/bin/mipsel-none-elf-ld.exe: (.rodata+0x2fac): undefined reference to `.L800FC280'
C:/Tools/mips-ps1/mips/bin/mipsel-none-elf-ld.exe: (.rodata+0x2fb0): undefined reference to `.L800FC28C'
C:/Tools/mips-ps1/mips/bin/mipsel-none-elf-ld.exe: (.rodata+0x2fb4): undefined reference to `.L800FC288'
C:/Tools/mips-ps1/mips/bin/mipsel-none-elf-ld.exe: (.rodata+0x2fb8): undefined reference to `.L800FC28C'
C:/Tools/mips-ps1/mips/bin/mipsel-none-elf-ld.exe: (.rodata+0x2fbc): undefined reference to `.L800FC28C'
C:/Tools/mips-ps1/mips/bin/mipsel-none-elf-ld.exe: (.rodata+0x2fc0): undefined reference to `.L800FC28C'
C:/Tools/mips-ps1/mips/bin/mipsel-none-elf-ld.exe: (.rodata+0x2fc4): undefined reference to `.L800FC28C'
C:/Tools/mips-ps1/mips/bin/mipsel-none-elf-ld.exe: (.rodata+0x2fc8): undefined reference to `.L800FC28C'
C:/Tools/mips-ps1/mips/bin/mipsel-none-elf-ld.exe: (.rodata+0x2fcc): undefined reference to `.L800FC288'
C:/Tools/mips-ps1/mips/bin/mipsel-none-elf-ld.exe: (.rodata+0x2fd0): undefined reference to `.L800FC28C'
C:/Tools/mips-ps1/mips/bin/mipsel-none-elf-ld.exe: (.rodata+0x2fd4): undefined reference to `.L800FC28C'
C:/Tools/mips-ps1/mips/bin/mipsel-none-elf-ld.exe: (.rodata+0x2fd8): undefined reference to `.L800FC28C'
C:/Tools/mips-ps1/mips/bin/mipsel-none-elf-ld.exe: (.rodata+0x2fdc): undefined reference to `.L800FC28C'
C:/Tools/mips-ps1/mips/bin/mipsel-none-elf-ld.exe: (.rodata+0x2fe0): undefined reference to `.L800FC28C'
C:/Tools/mips-ps1/mips/bin/mipsel-none-elf-ld.exe: build/asm/data/rdata_80054548.rodata.s.o:(.rodata+0x2fe4): more undefined references to `.L800FC28C' follow
C:/Tools/mips-ps1/mips/bin/mipsel-none-elf-ld.exe: build/asm/data/rdata_80054548.rodata.s.o: in function `jtbl_800574F0':
(.rodata+0x2fec): undefined reference to `.L800FC288'
C:/Tools/mips-ps1/mips/bin/mipsel-none-elf-ld.exe: build/asm/data/rdata_80054548.rodata.s.o: in function `jtbl_80057538':
(.rodata+0x2ff0): undefined reference to `.L800FC2C4'
C:/Tools/mips-ps1/mips/bin/mipsel-none-elf-ld.exe: (.rodata+0x2ff4): undefined reference to `.L800FC2F0'
C:/Tools/mips-ps1/mips/bin/mipsel-none-elf-ld.exe: (.rodata+0x2ff8): undefined reference to `.L800FC2F0'
C:/Tools/mips-ps1/mips/bin/mipsel-none-elf-ld.exe: (.rodata+0x2ffc): undefined reference to `.L800FC2CC'
C:/Tools/mips-ps1/mips/bin/mipsel-none-elf-ld.exe: (.rodata+0x3000): undefined reference to `.L800FC2F0'
C:/Tools/mips-ps1/mips/bin/mipsel-none-elf-ld.exe: (.rodata+0x3004): undefined reference to `.L800FC2F0'
C:/Tools/mips-ps1/mips/bin/mipsel-none-elf-ld.exe: (.rodata+0x3008): undefined reference to `.L800FC2F0'
C:/Tools/mips-ps1/mips/bin/mipsel-none-elf-ld.exe: (.rodata+0x300c): undefined reference to `.L800FC2D4'
C:/Tools/mips-ps1/mips/bin/mipsel-none-elf-ld.exe: (.rodata+0x3010): undefined reference to `.L800FC2F0'
C:/Tools/mips-ps1/mips/bin/mipsel-none-elf-ld.exe: (.rodata+0x3014): undefined reference to `.L800FC2F0'
C:/Tools/mips-ps1/mips/bin/mipsel-none-elf-ld.exe: (.rodata+0x3018): undefined reference to `.L800FC2F0'
C:/Tools/mips-ps1/mips/bin/mipsel-none-elf-ld.exe: (.rodata+0x301c): undefined reference to `.L800FC2F0'
C:/Tools/mips-ps1/mips/bin/mipsel-none-elf-ld.exe: (.rodata+0x3020): undefined reference to `.L800FC2F0'
C:/Tools/mips-ps1/mips/bin/mipsel-none-elf-ld.exe: build/asm/data/rdata_80054548.rodata.s.o:(.rodata+0x3024): more undefined references to `.L800FC2F0' follow
C:/Tools/mips-ps1/mips/bin/mipsel-none-elf-ld.exe: build/asm/data/rdata_80054548.rodata.s.o: in function `jtbl_80057538':
(.rodata+0x3028): undefined reference to `.L800FC2DC'
C:/Tools/mips-ps1/mips/bin/mipsel-none-elf-ld.exe: (.rodata+0x302c): undefined reference to `.L800FC2DC'
C:/Tools/mips-ps1/mips/bin/mipsel-none-elf-ld.exe: (.rodata+0x3030): undefined reference to `.L800FC2F0'
C:/Tools/mips-ps1/mips/bin/mipsel-none-elf-ld.exe: (.rodata+0x3034): undefined reference to `.L800FC2F0'
C:/Tools/mips-ps1/mips/bin/mipsel-none-elf-ld.exe: (.rodata+0x3038): undefined reference to `.L800FC2F0'
C:/Tools/mips-ps1/mips/bin/mipsel-none-elf-ld.exe: (.rodata+0x303c): undefined reference to `.L800FC2F0'
C:/Tools/mips-ps1/mips/bin/mipsel-none-elf-ld.exe: (.rodata+0x3040): undefined reference to `.L800FC2F0'
C:/Tools/mips-ps1/mips/bin/mipsel-none-elf-ld.exe: build/asm/data/rdata_80054548.rodata.s.o:(.rodata+0x3044): more undefined references to `.L800FC2F0' follow
C:/Tools/mips-ps1/mips/bin/mipsel-none-elf-ld.exe: build/asm/data/rdata_80054548.rodata.s.o: in function `jtbl_80057538':
(.rodata+0x304c): undefined reference to `.L800FC2E4'
C:/Tools/mips-ps1/mips/bin/mipsel-none-elf-ld.exe: (.rodata+0x3050): undefined reference to `.L800FC2F0'
C:/Tools/mips-ps1/mips/bin/mipsel-none-elf-ld.exe: (.rodata+0x3054): undefined reference to `.L800FC2F0'
C:/Tools/mips-ps1/mips/bin/mipsel-none-elf-ld.exe: (.rodata+0x3058): undefined reference to `.L800FC2F0'
C:/Tools/mips-ps1/mips/bin/mipsel-none-elf-ld.exe: (.rodata+0x305c): undefined reference to `.L800FC2F0'
C:/Tools/mips-ps1/mips/bin/mipsel-none-elf-ld.exe: (.rodata+0x3060): undefined reference to `.L800FC2F0'
C:/Tools/mips-ps1/mips/bin/mipsel-none-elf-ld.exe: build/asm/data/rdata_80054548.rodata.s.o:(.rodata+0x3064): more undefined references to `.L800FC2F0' follow
C:/Tools/mips-ps1/mips/bin/mipsel-none-elf-ld.exe: build/asm/data/rdata_80054548.rodata.s.o: in function `jtbl_80057538':
(.rodata+0x306c): undefined reference to `.L800FC2EC'
C:/Tools/mips-ps1/mips/bin/mipsel-none-elf-ld.exe: build/asm/data/rdata_80054548.rodata.s.o: in function `jtbl_800577E8':
(.rodata+0x32a0): undefined reference to `.L80107428'
C:/Tools/mips-ps1/mips/bin/mipsel-none-elf-ld.exe: (.rodata+0x32a4): undefined reference to `.L801073DC'
C:/Tools/mips-ps1/mips/bin/mipsel-none-elf-ld.exe: (.rodata+0x32a8): undefined reference to `.L801072DC'
C:/Tools/mips-ps1/mips/bin/mipsel-none-elf-ld.exe: (.rodata+0x32ac): undefined reference to `.L801074A8'
C:/Tools/mips-ps1/mips/bin/mipsel-none-elf-ld.exe: (.rodata+0x32b0): undefined reference to `.L80107528'
C:/Tools/mips-ps1/mips/bin/mipsel-none-elf-ld.exe: build/asm/data/rdata_80054548.rodata.s.o: in function `jtbl_80057968':
(.rodata+0x3420): undefined reference to `.L8010B358'
C:/Tools/mips-ps1/mips/bin/mipsel-none-elf-ld.exe: (.rodata+0x3424): undefined reference to `.L8010B38C'
C:/Tools/mips-ps1/mips/bin/mipsel-none-elf-ld.exe: (.rodata+0x3428): undefined reference to `.L8010B38C'
C:/Tools/mips-ps1/mips/bin/mipsel-none-elf-ld.exe: (.rodata+0x342c): undefined reference to `.L8010B358'
C:/Tools/mips-ps1/mips/bin/mipsel-none-elf-ld.exe: (.rodata+0x3430): undefined reference to `.L8010B38C'
