`.L80014C3C' referenced in section `.rodata' of build/asm/data/rdata_80010000.rodata.s.o: defined in discarded section `.text' of build/src/frontend/common/feapp.c.o
`.L80014C94' referenced in section `.rodata' of build/asm/data/rdata_80010000.rodata.s.o: defined in discarded section `.text' of build/src/frontend/common/feapp.c.o
`.L80014CD4' referenced in section `.rodata' of build/asm/data/rdata_80010000.rodata.s.o: defined in discarded section `.text' of build/src/frontend/common/feapp.c.o
`.L80014D64' referenced in section `.rodata' of build/asm/data/rdata_80010000.rodata.s.o: defined in discarded section `.text' of build/src/frontend/common/feapp.c.o
`.L80015274' referenced in section `.rodata' of build/asm/data/rdata_80010000.rodata.s.o: defined in discarded section `.text' of build/src/frontend/common/feapp.c.o
`.L800150D0' referenced in section `.rodata' of build/asm/data/rdata_80010000.rodata.s.o: defined in discarded section `.text' of build/src/frontend/common/feapp.c.o
`.L80015274' referenced in section `.rodata' of build/asm/data/rdata_80010000.rodata.s.o: defined in discarded section `.text' of build/src/frontend/common/feapp.c.o
`.L8001537C' referenced in section `.rodata' of build/asm/data/rdata_80010000.rodata.s.o: defined in discarded section `.text' of build/src/frontend/common/feapp.c.o
`GetShapeInfo__7tScreenRsT1PPcT3' referenced in section `.rodata' of build/asm/data/rdata_80010000.rodata.s.o: defined in discarded section `.text' of build/src/frontend/common/fescreen.c.o
`DrawBackground__7tScreen' referenced in section `.rodata' of build/asm/data/rdata_80010000.rodata.s.o: defined in discarded section `.text' of build/src/frontend/common/fescreen.c.o
`DrawForeground__7tScreen' referenced in section `.rodata' of build/asm/data/rdata_80010000.rodata.s.o: defined in discarded section `.text' of build/src/frontend/common/fescreen.c.o
`___31tDialogMessageStringWithTimeout' referenced in section `.rodata' of build/asm/data/rdata_80010000.rodata.s.o: defined in discarded section `.text' of build/src/frontend/common/fedialog.c.o
`PreLoad__7tScreen' referenced in section `.rodata' of build/asm/data/rdata_80010000.rodata.s.o: defined in discarded section `.text' of build/src/frontend/common/fescreen.c.o
`Initialize__7tScreen' referenced in section `.rodata' of build/asm/data/rdata_80010000.rodata.s.o: defined in discarded section `.text' of build/src/frontend/common/fescreen.c.o
`Cleanup__7tScreen' referenced in section `.rodata' of build/asm/data/rdata_80010000.rodata.s.o: defined in discarded section `.text' of build/src/frontend/common/fescreen.c.o
`TransitionIsFinished__7tScreen' referenced in section `.rodata' of build/asm/data/rdata_80010000.rodata.s.o: defined in discarded section `.text' of build/src/frontend/common/fescreen.c.o
`ProcessInput__11tDialogBase7tPlayerR13tInputKeyTypeR12tMenuCommand' referenced in section `.rodata' of build/asm/data/rdata_80010000.rodata.s.o: defined in discarded section `.text' of build/src/frontend/common/fedialog.c.o
`CalculateDimensions__20tDialogMessageString' referenced in section `.rodata' of build/asm/data/rdata_80010000.rodata.s.o: defined in discarded section `.text' of build/src/frontend/common/fedialog.c.o
`Draw__20tDialogMessageString' referenced in section `.rodata' of build/asm/data/rdata_80010000.rodata.s.o: defined in discarded section `.text' of build/src/frontend/common/fedialog.c.o
`___21tListIteratorCarColor' referenced in section `.rodata' of build/asm/data/rdata_80010000.rodata.s.o: defined in discarded section `.text' of build/src/frontend/common/fecars.c.o
`Value__21tListIteratorCarColor7tPlayer' referenced in section `.rodata' of build/asm/data/rdata_80010000.rodata.s.o: defined in discarded section `.text' of build/src/frontend/common/fecars.c.o
`TextValue__21tListIteratorCarColor7tPlayer' referenced in section `.rodata' of build/asm/data/rdata_80010000.rodata.s.o: defined in discarded section `.text' of build/src/frontend/common/fecars.c.o
`Increment__21tListIteratorCarColor7tPlayer' referenced in section `.rodata' of build/asm/data/rdata_80010000.rodata.s.o: defined in discarded section `.text' of build/src/frontend/common/fecars.c.o
`Decrement__21tListIteratorCarColor7tPlayer' referenced in section `.rodata' of build/asm/data/rdata_80010000.rodata.s.o: defined in discarded section `.text' of build/src/frontend/common/fecars.c.o
`___16tListIteratorCar' referenced in section `.rodata' of build/asm/data/rdata_80010000.rodata.s.o: defined in discarded section `.text' of build/src/frontend/common/fecars.c.o
`Value__16tListIteratorCar7tPlayer' referenced in section `.rodata' of build/asm/data/rdata_80010000.rodata.s.o: defined in discarded section `.text' of build/src/frontend/common/fecars.c.o
`TextValue__16tListIteratorCar7tPlayer' referenced in section `.rodata' of build/asm/data/rdata_80010000.rodata.s.o: defined in discarded section `.text' of build/src/frontend/common/fecars.c.o
`Increment__16tListIteratorCar7tPlayer' referenced in section `.rodata' of build/asm/data/rdata_80010000.rodata.s.o: defined in discarded section `.text' of build/src/frontend/common/fecars.c.o
`Decrement__16tListIteratorCar7tPlayer' referenced in section `.rodata' of build/asm/data/rdata_80010000.rodata.s.o: defined in discarded section `.text' of build/src/frontend/common/fecars.c.o
`.L80019E10' referenced in section `.rodata' of build/asm/data/rdata_80010000.rodata.s.o: defined in discarded section `.text' of build/src/frontend/common/fedialog.c.o
`.L80019E10' referenced in section `.rodata' of build/asm/data/rdata_80010000.rodata.s.o: defined in discarded section `.text' of build/src/frontend/common/fedialog.c.o
`.L80019E14' referenced in section `.rodata' of build/asm/data/rdata_80010000.rodata.s.o: defined in discarded section `.text' of build/src/frontend/common/fedialog.c.o
`.L80019E14' referenced in section `.rodata' of build/asm/data/rdata_80010000.rodata.s.o: defined in discarded section `.text' of build/src/frontend/common/fedialog.c.o
`.L80019E14' referenced in section `.rodata' of build/asm/data/rdata_80010000.rodata.s.o: defined in discarded section `.text' of build/src/frontend/common/fedialog.c.o
`.L80019E10' referenced in section `.rodata' of build/asm/data/rdata_80010000.rodata.s.o: defined in discarded section `.text' of build/src/frontend/common/fedialog.c.o
`.L80019E14' referenced in section `.rodata' of build/asm/data/rdata_80010000.rodata.s.o: defined in discarded section `.text' of build/src/frontend/common/fedialog.c.o
`.L80019E14' referenced in section `.rodata' of build/asm/data/rdata_80010000.rodata.s.o: defined in discarded section `.text' of build/src/frontend/common/fedialog.c.o
`.L80019E10' referenced in section `.rodata' of build/asm/data/rdata_80010000.rodata.s.o: defined in discarded section `.text' of build/src/frontend/common/fedialog.c.o
`.L80019E10' referenced in section `.rodata' of build/asm/data/rdata_80010000.rodata.s.o: defined in discarded section `.text' of build/src/frontend/common/fedialog.c.o
`.L80019E14' referenced in section `.rodata' of build/asm/data/rdata_80010000.rodata.s.o: defined in discarded section `.text' of build/src/frontend/common/fedialog.c.o
`.L80019E14' referenced in section `.rodata' of build/asm/data/rdata_80010000.rodata.s.o: defined in discarded section `.text' of build/src/frontend/common/fedialog.c.o
`.L80019E14' referenced in section `.rodata' of build/asm/data/rdata_80010000.rodata.s.o: defined in discarded section `.text' of build/src/frontend/common/fedialog.c.o
`.L80019E14' referenced in section `.rodata' of build/asm/data/rdata_80010000.rodata.s.o: defined in discarded section `.text' of build/src/frontend/common/fedialog.c.o
`.L80019E10' referenced in section `.rodata' of build/asm/data/rdata_80010000.rodata.s.o: defined in discarded section `.text' of build/src/frontend/common/fedialog.c.o
`.L80019E14' referenced in section `.rodata' of build/asm/data/rdata_80010000.rodata.s.o: defined in discarded section `.text' of build/src/frontend/common/fedialog.c.o
`.L80019E14' referenced in section `.rodata' of build/asm/data/rdata_80010000.rodata.s.o: defined in discarded section `.text' of build/src/frontend/common/fedialog.c.o
`.L80019E10' referenced in section `.rodata' of build/asm/data/rdata_80010000.rodata.s.o: defined in discarded section `.text' of build/src/frontend/common/fedialog.c.o
`.L80019E14' referenced in section `.rodata' of build/asm/data/rdata_80010000.rodata.s.o: defined in discarded section `.text' of build/src/frontend/common/fedialog.c.o
`.L80019E14' referenced in section `.rodata' of build/asm/data/rdata_80010000.rodata.s.o: defined in discarded section `.text' of build/src/frontend/common/fedialog.c.o
`.L80019E14' referenced in section `.rodata' of build/asm/data/rdata_80010000.rodata.s.o: defined in discarded section `.text' of build/src/frontend/common/fedialog.c.o
`.L80019E10' referenced in section `.rodata' of build/asm/data/rdata_80010000.rodata.s.o: defined in discarded section `.text' of build/src/frontend/common/fedialog.c.o
`GetShapeInfo__7tScreenRsT1PPcT3' referenced in section `.rodata' of build/asm/data/rdata_80010000.rodata.s.o: defined in discarded section `.text' of build/src/frontend/common/fescreen.c.o
`DrawBackground__7tScreen' referenced in section `.rodata' of build/asm/data/rdata_80010000.rodata.s.o: defined in discarded section `.text' of build/src/frontend/common/fescreen.c.o
`DrawForeground__7tScreen' referenced in section `.rodata' of build/asm/data/rdata_80010000.rodata.s.o: defined in discarded section `.text' of build/src/frontend/common/fescreen.c.o
`___15tDialogYesNoTri' referenced in section `.rodata' of build/asm/data/rdata_80010000.rodata.s.o: defined in discarded section `.text' of build/src/frontend/common/fedialog.c.o
`PreLoad__7tScreen' referenced in section `.rodata' of build/asm/data/rdata_80010000.rodata.s.o: defined in discarded section `.text' of build/src/frontend/common/fescreen.c.o
`Initialize__7tScreen' referenced in section `.rodata' of build/asm/data/rdata_80010000.rodata.s.o: defined in discarded section `.text' of build/src/frontend/common/fescreen.c.o
`Cleanup__7tScreen' referenced in section `.rodata' of build/asm/data/rdata_80010000.rodata.s.o: defined in discarded section `.text' of build/src/frontend/common/fescreen.c.o
`TransitionIsFinished__7tScreen' referenced in section `.rodata' of build/asm/data/rdata_80010000.rodata.s.o: defined in discarded section `.text' of build/src/frontend/common/fescreen.c.o
`ProcessInput__15tDialogYesNoTri7tPlayerR13tInputKeyTypeR12tMenuCommand' referenced in section `.rodata' of build/asm/data/rdata_80010000.rodata.s.o: defined in discarded section `.text' of build/src/frontend/common/fedialog.c.o
`CalculateDimensions__12tDialogYesNo' referenced in section `.rodata' of build/asm/data/rdata_80010000.rodata.s.o: defined in discarded section `.text' of build/src/frontend/common/fedialog.c.o
`Draw__12tDialogYesNo' referenced in section `.rodata' of build/asm/data/rdata_80010000.rodata.s.o: defined in discarded section `.text' of build/src/frontend/common/fedialog.c.o
`GetShapeInfo__7tScreenRsT1PPcT3' referenced in section `.rodata' of build/asm/data/rdata_80010000.rodata.s.o: defined in discarded section `.text' of build/src/frontend/common/fescreen.c.o
`DrawBackground__7tScreen' referenced in section `.rodata' of build/asm/data/rdata_80010000.rodata.s.o: defined in discarded section `.text' of build/src/frontend/common/fescreen.c.o
`DrawForeground__7tScreen' referenced in section `.rodata' of build/asm/data/rdata_80010000.rodata.s.o: defined in discarded section `.text' of build/src/frontend/common/fescreen.c.o
`___15tDialogYesNoMem' referenced in section `.rodata' of build/asm/data/rdata_80010000.rodata.s.o: defined in discarded section `.text' of build/src/frontend/common/fedialog.c.o
`PreLoad__7tScreen' referenced in section `.rodata' of build/asm/data/rdata_80010000.rodata.s.o: defined in discarded section `.text' of build/src/frontend/common/fescreen.c.o
`Initialize__7tScreen' referenced in section `.rodata' of build/asm/data/rdata_80010000.rodata.s.o: defined in discarded section `.text' of build/src/frontend/common/fescreen.c.o
`Cleanup__7tScreen' referenced in section `.rodata' of build/asm/data/rdata_80010000.rodata.s.o: defined in discarded section `.text' of build/src/frontend/common/fescreen.c.o
`TransitionIsFinished__7tScreen' referenced in section `.rodata' of build/asm/data/rdata_80010000.rodata.s.o: defined in discarded section `.text' of build/src/frontend/common/fescreen.c.o
`ProcessInput__15tDialogYesNoMem7tPlayerR13tInputKeyTypeR12tMenuCommand' referenced in section `.rodata' of build/asm/data/rdata_80010000.rodata.s.o: defined in discarded section `.text' of build/src/frontend/common/fedialog.c.o
`CalculateDimensions__12tDialogYesNo' referenced in section `.rodata' of build/asm/data/rdata_80010000.rodata.s.o: defined in discarded section `.text' of build/src/frontend/common/fedialog.c.o
`Draw__12tDialogYesNo' referenced in section `.rodata' of build/asm/data/rdata_80010000.rodata.s.o: defined in discarded section `.text' of build/src/frontend/common/fedialog.c.o
`GetShapeInfo__7tScreenRsT1PPcT3' referenced in section `.rodata' of build/asm/data/rdata_80010000.rodata.s.o: defined in discarded section `.text' of build/src/frontend/common/fescreen.c.o
`DrawBackground__7tScreen' referenced in section `.rodata' of build/asm/data/rdata_80010000.rodata.s.o: defined in discarded section `.text' of build/src/frontend/common/fescreen.c.o
`DrawForeground__7tScreen' referenced in section `.rodata' of build/asm/data/rdata_80010000.rodata.s.o: defined in discarded section `.text' of build/src/frontend/common/fescreen.c.o
`___12tDialogYesNo' referenced in section `.rodata' of build/asm/data/rdata_80010000.rodata.s.o: defined in discarded section `.text' of build/src/frontend/common/fedialog.c.o
`PreLoad__7tScreen' referenced in section `.rodata' of build/asm/data/rdata_80010000.rodata.s.o: defined in discarded section `.text' of build/src/frontend/common/fescreen.c.o
`Initialize__7tScreen' referenced in section `.rodata' of build/asm/data/rdata_80010000.rodata.s.o: defined in discarded section `.text' of build/src/frontend/common/fescreen.c.o
`Cleanup__7tScreen' referenced in section `.rodata' of build/asm/data/rdata_80010000.rodata.s.o: defined in discarded section `.text' of build/src/frontend/common/fescreen.c.o
`TransitionIsFinished__7tScreen' referenced in section `.rodata' of build/asm/data/rdata_80010000.rodata.s.o: defined in discarded section `.text' of build/src/frontend/common/fescreen.c.o
`ProcessInput__12tDialogYesNo7tPlayerR13tInputKeyTypeR12tMenuCommand' referenced in section `.rodata' of build/asm/data/rdata_80010000.rodata.s.o: defined in discarded section `.text' of build/src/frontend/common/fedialog.c.o
`CalculateDimensions__12tDialogYesNo' referenced in section `.rodata' of build/asm/data/rdata_80010000.rodata.s.o: defined in discarded section `.text' of build/src/frontend/common/fedialog.c.o
`Draw__12tDialogYesNo' referenced in section `.rodata' of build/asm/data/rdata_80010000.rodata.s.o: defined in discarded section `.text' of build/src/frontend/common/fedialog.c.o
`GetShapeInfo__7tScreenRsT1PPcT3' referenced in section `.rodata' of build/asm/data/rdata_80010000.rodata.s.o: defined in discarded section `.text' of build/src/frontend/common/fescreen.c.o
`DrawBackground__7tScreen' referenced in section `.rodata' of build/asm/data/rdata_80010000.rodata.s.o: defined in discarded section `.text' of build/src/frontend/common/fescreen.c.o
`DrawForeground__7tScreen' referenced in section `.rodata' of build/asm/data/rdata_80010000.rodata.s.o: defined in discarded section `.text' of build/src/frontend/common/fescreen.c.o
`___18tDialogInteractive' referenced in section `.rodata' of build/asm/data/rdata_80010000.rodata.s.o: defined in discarded section `.text' of build/src/frontend/common/fedialog.c.o
`PreLoad__7tScreen' referenced in section `.rodata' of build/asm/data/rdata_80010000.rodata.s.o: defined in discarded section `.text' of build/src/frontend/common/fescreen.c.o
`Initialize__7tScreen' referenced in section `.rodata' of build/asm/data/rdata_80010000.rodata.s.o: defined in discarded section `.text' of build/src/frontend/common/fescreen.c.o
`Cleanup__7tScreen' referenced in section `.rodata' of build/asm/data/rdata_80010000.rodata.s.o: defined in discarded section `.text' of build/src/frontend/common/fescreen.c.o
`TransitionIsFinished__7tScreen' referenced in section `.rodata' of build/asm/data/rdata_80010000.rodata.s.o: defined in discarded section `.text' of build/src/frontend/common/fescreen.c.o
`ProcessInput__11tDialogBase7tPlayerR13tInputKeyTypeR12tMenuCommand' referenced in section `.rodata' of build/asm/data/rdata_80010000.rodata.s.o: defined in discarded section `.text' of build/src/frontend/common/fedialog.c.o
`CalculateDimensions__20tDialogMessageString' referenced in section `.rodata' of build/asm/data/rdata_80010000.rodata.s.o: defined in discarded section `.text' of build/src/frontend/common/fedialog.c.o
`Draw__20tDialogMessageString' referenced in section `.rodata' of build/asm/data/rdata_80010000.rodata.s.o: defined in discarded section `.text' of build/src/frontend/common/fedialog.c.o
`GetShapeInfo__7tScreenRsT1PPcT3' referenced in section `.rodata' of build/asm/data/rdata_80010000.rodata.s.o: defined in discarded section `.text' of build/src/frontend/common/fescreen.c.o
`DrawBackground__7tScreen' referenced in section `.rodata' of build/asm/data/rdata_80010000.rodata.s.o: defined in discarded section `.text' of build/src/frontend/common/fescreen.c.o
`DrawForeground__7tScreen' referenced in section `.rodata' of build/asm/data/rdata_80010000.rodata.s.o: defined in discarded section `.text' of build/src/frontend/common/fescreen.c.o
`___21tDialogNoInputMessage' referenced in section `.rodata' of build/asm/data/rdata_80010000.rodata.s.o: defined in discarded section `.text' of build/src/frontend/common/fedialog.c.o
`PreLoad__7tScreen' referenced in section `.rodata' of build/asm/data/rdata_80010000.rodata.s.o: defined in discarded section `.text' of build/src/frontend/common/fescreen.c.o
`Initialize__7tScreen' referenced in section `.rodata' of build/asm/data/rdata_80010000.rodata.s.o: defined in discarded section `.text' of build/src/frontend/common/fescreen.c.o
`Cleanup__7tScreen' referenced in section `.rodata' of build/asm/data/rdata_80010000.rodata.s.o: defined in discarded section `.text' of build/src/frontend/common/fescreen.c.o
`TransitionIsFinished__7tScreen' referenced in section `.rodata' of build/asm/data/rdata_80010000.rodata.s.o: defined in discarded section `.text' of build/src/frontend/common/fescreen.c.o
`ProcessInput__21tDialogNoInputMessage7tPlayerR13tInputKeyTypeR12tMenuCommand' referenced in section `.rodata' of build/asm/data/rdata_80010000.rodata.s.o: defined in discarded section `.text' of build/src/frontend/common/fedialog.c.o
`CalculateDimensions__20tDialogMessageString' referenced in section `.rodata' of build/asm/data/rdata_80010000.rodata.s.o: defined in discarded section `.text' of build/src/frontend/common/fedialog.c.o
`Draw__20tDialogMessageString' referenced in section `.rodata' of build/asm/data/rdata_80010000.rodata.s.o: defined in discarded section `.text' of build/src/frontend/common/fedialog.c.o
`GetShapeInfo__7tScreenRsT1PPcT3' referenced in section `.rodata' of build/asm/data/rdata_80010000.rodata.s.o: defined in discarded section `.text' of build/src/frontend/common/fescreen.c.o
`DrawBackground__7tScreen' referenced in section `.rodata' of build/asm/data/rdata_80010000.rodata.s.o: defined in discarded section `.text' of build/src/frontend/common/fescreen.c.o
`DrawForeground__7tScreen' referenced in section `.rodata' of build/asm/data/rdata_80010000.rodata.s.o: defined in discarded section `.text' of build/src/frontend/common/fescreen.c.o
`___17tDialogBackUpOnly' referenced in section `.rodata' of build/asm/data/rdata_80010000.rodata.s.o: defined in discarded section `.text' of build/src/frontend/common/fedialog.c.o
`PreLoad__7tScreen' referenced in section `.rodata' of build/asm/data/rdata_80010000.rodata.s.o: defined in discarded section `.text' of build/src/frontend/common/fescreen.c.o
`Initialize__7tScreen' referenced in section `.rodata' of build/asm/data/rdata_80010000.rodata.s.o: defined in discarded section `.text' of build/src/frontend/common/fescreen.c.o
`Cleanup__7tScreen' referenced in section `.rodata' of build/asm/data/rdata_80010000.rodata.s.o: defined in discarded section `.text' of build/src/frontend/common/fescreen.c.o
`TransitionIsFinished__7tScreen' referenced in section `.rodata' of build/asm/data/rdata_80010000.rodata.s.o: defined in discarded section `.text' of build/src/frontend/common/fescreen.c.o
`ProcessInput__17tDialogBackUpOnly7tPlayerR13tInputKeyTypeR12tMenuCommand' referenced in section `.rodata' of build/asm/data/rdata_80010000.rodata.s.o: defined in discarded section `.text' of build/src/frontend/common/fedialog.c.o
`CalculateDimensions__20tDialogMessageString' referenced in section `.rodata' of build/asm/data/rdata_80010000.rodata.s.o: defined in discarded section `.text' of build/src/frontend/common/fedialog.c.o
`Draw__20tDialogMessageString' referenced in section `.rodata' of build/asm/data/rdata_80010000.rodata.s.o: defined in discarded section `.text' of build/src/frontend/common/fedialog.c.o
`GetShapeInfo__7tScreenRsT1PPcT3' referenced in section `.rodata' of build/asm/data/rdata_80010000.rodata.s.o: defined in discarded section `.text' of build/src/frontend/common/fescreen.c.o
`DrawBackground__7tScreen' referenced in section `.rodata' of build/asm/data/rdata_80010000.rodata.s.o: defined in discarded section `.text' of build/src/frontend/common/fescreen.c.o
`DrawForeground__7tScreen' referenced in section `.rodata' of build/asm/data/rdata_80010000.rodata.s.o: defined in discarded section `.text' of build/src/frontend/common/fescreen.c.o
`___20tDialogMessageString' referenced in section `.rodata' of build/asm/data/rdata_80010000.rodata.s.o: defined in discarded section `.text' of build/src/frontend/common/fedialog.c.o
`PreLoad__7tScreen' referenced in section `.rodata' of build/asm/data/rdata_80010000.rodata.s.o: defined in discarded section `.text' of build/src/frontend/common/fescreen.c.o
`Initialize__7tScreen' referenced in section `.rodata' of build/asm/data/rdata_80010000.rodata.s.o: defined in discarded section `.text' of build/src/frontend/common/fescreen.c.o
`Cleanup__7tScreen' referenced in section `.rodata' of build/asm/data/rdata_80010000.rodata.s.o: defined in discarded section `.text' of build/src/frontend/common/fescreen.c.o
`TransitionIsFinished__7tScreen' referenced in section `.rodata' of build/asm/data/rdata_80010000.rodata.s.o: defined in discarded section `.text' of build/src/frontend/common/fescreen.c.o
`ProcessInput__11tDialogBase7tPlayerR13tInputKeyTypeR12tMenuCommand' referenced in section `.rodata' of build/asm/data/rdata_80010000.rodata.s.o: defined in discarded section `.text' of build/src/frontend/common/fedialog.c.o
`CalculateDimensions__20tDialogMessageString' referenced in section `.rodata' of build/asm/data/rdata_80010000.rodata.s.o: defined in discarded section `.text' of build/src/frontend/common/fedialog.c.o
`Draw__20tDialogMessageString' referenced in section `.rodata' of build/asm/data/rdata_80010000.rodata.s.o: defined in discarded section `.text' of build/src/frontend/common/fedialog.c.o
`GetShapeInfo__7tScreenRsT1PPcT3' referenced in section `.rodata' of build/asm/data/rdata_80010000.rodata.s.o: defined in discarded section `.text' of build/src/frontend/common/fescreen.c.o
`DrawBackground__7tScreen' referenced in section `.rodata' of build/asm/data/rdata_80010000.rodata.s.o: defined in discarded section `.text' of build/src/frontend/common/fescreen.c.o
`DrawForeground__7tScreen' referenced in section `.rodata' of build/asm/data/rdata_80010000.rodata.s.o: defined in discarded section `.text' of build/src/frontend/common/fescreen.c.o
`___11tDialogHelp' referenced in section `.rodata' of build/asm/data/rdata_80010000.rodata.s.o: defined in discarded section `.text' of build/src/frontend/common/fedialog.c.o
`PreLoad__7tScreen' referenced in section `.rodata' of build/asm/data/rdata_80010000.rodata.s.o: defined in discarded section `.text' of build/src/frontend/common/fescreen.c.o
`Initialize__7tScreen' referenced in section `.rodata' of build/asm/data/rdata_80010000.rodata.s.o: defined in discarded section `.text' of build/src/frontend/common/fescreen.c.o
`Cleanup__7tScreen' referenced in section `.rodata' of build/asm/data/rdata_80010000.rodata.s.o: defined in discarded section `.text' of build/src/frontend/common/fescreen.c.o
`TransitionIsFinished__7tScreen' referenced in section `.rodata' of build/asm/data/rdata_80010000.rodata.s.o: defined in discarded section `.text' of build/src/frontend/common/fescreen.c.o
`ProcessInput__11tDialogBase7tPlayerR13tInputKeyTypeR12tMenuCommand' referenced in section `.rodata' of build/asm/data/rdata_80010000.rodata.s.o: defined in discarded section `.text' of build/src/frontend/common/fedialog.c.o
`CalculateDimensions__11tDialogHelp' referenced in section `.rodata' of build/asm/data/rdata_80010000.rodata.s.o: defined in discarded section `.text' of build/src/frontend/common/fedialog.c.o
`Draw__11tDialogHelp' referenced in section `.rodata' of build/asm/data/rdata_80010000.rodata.s.o: defined in discarded section `.text' of build/src/frontend/common/fedialog.c.o
`GetShapeInfo__7tScreenRsT1PPcT3' referenced in section `.rodata' of build/asm/data/rdata_80010000.rodata.s.o: defined in discarded section `.text' of build/src/frontend/common/fescreen.c.o
`DrawBackground__7tScreen' referenced in section `.rodata' of build/asm/data/rdata_80010000.rodata.s.o: defined in discarded section `.text' of build/src/frontend/common/fescreen.c.o
`DrawForeground__7tScreen' referenced in section `.rodata' of build/asm/data/rdata_80010000.rodata.s.o: defined in discarded section `.text' of build/src/frontend/common/fescreen.c.o
`___11tDialogBase' referenced in section `.rodata' of build/asm/data/rdata_80010000.rodata.s.o: defined in discarded section `.text' of build/src/frontend/common/fedialog.c.o
`PreLoad__7tScreen' referenced in section `.rodata' of build/asm/data/rdata_80010000.rodata.s.o: defined in discarded section `.text' of build/src/frontend/common/fescreen.c.o
`Initialize__7tScreen' referenced in section `.rodata' of build/asm/data/rdata_80010000.rodata.s.o: defined in discarded section `.text' of build/src/frontend/common/fescreen.c.o
`Cleanup__7tScreen' referenced in section `.rodata' of build/asm/data/rdata_80010000.rodata.s.o: defined in discarded section `.text' of build/src/frontend/common/fescreen.c.o
`TransitionIsFinished__7tScreen' referenced in section `.rodata' of build/asm/data/rdata_80010000.rodata.s.o: defined in discarded section `.text' of build/src/frontend/common/fescreen.c.o
`ProcessInput__11tDialogBase7tPlayerR13tInputKeyTypeR12tMenuCommand' referenced in section `.rodata' of build/asm/data/rdata_80010000.rodata.s.o: defined in discarded section `.text' of build/src/frontend/common/fedialog.c.o
`__pure_virtual' referenced in section `.rodata' of build/asm/data/rdata_80010000.rodata.s.o: defined in discarded section `.text' of build/src/syslib/psx/libsn/PUREV.c.o
`Draw__11tDialogBase' referenced in section `.rodata' of build/asm/data/rdata_80010000.rodata.s.o: defined in discarded section `.text' of build/src/frontend/common/fedialog.c.o
`___12tMenuOptions' referenced in section `.rodata' of build/asm/data/rdata_80010000.rodata.s.o: defined in discarded section `.text' of build/src/frontend/common/femenuextended.c.o
`Initialize__9tMenuNFS4' referenced in section `.rodata' of build/asm/data/rdata_80010000.rodata.s.o: defined in discarded section `.text' of build/src/frontend/common/femenuextended.c.o
`ProcessInput__12tMenuOptions7tPlayerR13tInputKeyTypeR12tMenuCommand' referenced in section `.rodata' of build/asm/data/rdata_80010000.rodata.s.o: defined in discarded section `.text' of build/src/frontend/common/femenuextended.c.o
`DebounceKeys__5tMenu' referenced in section `.rodata' of build/asm/data/rdata_80010000.rodata.s.o: defined in discarded section `.text' of build/src/frontend/common/femenu.c.o
`TransitionOff__12tMenuOptions' referenced in section `.rodata' of build/asm/data/rdata_80010000.rodata.s.o: defined in discarded section `.text' of build/src/frontend/common/femenuextended.c.o
`TransitionOn__12tMenuOptions' referenced in section `.rodata' of build/asm/data/rdata_80010000.rodata.s.o: defined in discarded section `.text' of build/src/frontend/common/femenuextended.c.o
`TransitionIsFinished__12tMenuOptions' referenced in section `.rodata' of build/asm/data/rdata_80010000.rodata.s.o: defined in discarded section `.text' of build/src/frontend/common/femenuextended.c.o
`IsSubMenu__12tMenuOptions' referenced in section `.rodata' of build/asm/data/rdata_80010000.rodata.s.o: defined in discarded section `.text' of build/src/frontend/common/femenuextended.c.o
`Draw__12tMenuOptions' referenced in section `.rodata' of build/asm/data/rdata_80010000.rodata.s.o: defined in discarded section `.text' of build/src/frontend/common/femenuextended.c.o
`UpdateTransition__9tMenuNFS4' referenced in section `.rodata' of build/asm/data/rdata_80010000.rodata.s.o: defined in discarded section `.text' of build/src/frontend/common/femenuextended.c.o
`DrawItem__9tMenuNFS4i' referenced in section `.rodata' of build/asm/data/rdata_80010000.rodata.s.o: defined in discarded section `.text' of build/src/frontend/common/femenuextended.c.o
`___10tMenuBlank' referenced in section `.rodata' of build/asm/data/rdata_80010000.rodata.s.o: defined in discarded section `.text' of build/src/frontend/common/femenuextended.c.o
`Initialize__10tMenuBlank' referenced in section `.rodata' of build/asm/data/rdata_80010000.rodata.s.o: defined in discarded section `.text' of build/src/frontend/common/femenuextended.c.o
`ProcessInput__10tMenuBlank7tPlayerR13tInputKeyTypeR12tMenuCommand' referenced in section `.rodata' of build/asm/data/rdata_80010000.rodata.s.o: defined in discarded section `.text' of build/src/frontend/common/femenuextended.c.o
`DebounceKeys__10tMenuBlank' referenced in section `.rodata' of build/asm/data/rdata_80010000.rodata.s.o: defined in discarded section `.text' of build/src/frontend/common/femenuextended.c.o
`TransitionOff__10tMenuBlank' referenced in section `.rodata' of build/asm/data/rdata_80010000.rodata.s.o: defined in discarded section `.text' of build/src/frontend/common/femenuextended.c.o
`TransitionOn__10tMenuBlank' referenced in section `.rodata' of build/asm/data/rdata_80010000.rodata.s.o: defined in discarded section `.text' of build/src/frontend/common/femenuextended.c.o
`TransitionIsFinished__10tMenuBlank' referenced in section `.rodata' of build/asm/data/rdata_80010000.rodata.s.o: defined in discarded section `.text' of build/src/frontend/common/femenuextended.c.o
`IsSubMenu__5tMenu' referenced in section `.rodata' of build/asm/data/rdata_80010000.rodata.s.o: defined in discarded section `.text' of build/src/frontend/common/femenu.c.o
`Draw__10tMenuBlank' referenced in section `.rodata' of build/asm/data/rdata_80010000.rodata.s.o: defined in discarded section `.text' of build/src/frontend/common/femenuextended.c.o
`UpdateTransition__10tMenuBlank' referenced in section `.rodata' of build/asm/data/rdata_80010000.rodata.s.o: defined in discarded section `.text' of build/src/frontend/common/femenuextended.c.o
`DrawItem__9tMenuNFS4i' referenced in section `.rodata' of build/asm/data/rdata_80010000.rodata.s.o: defined in discarded section `.text' of build/src/frontend/common/femenuextended.c.o
`___15tMenuNFS4Bottom' referenced in section `.rodata' of build/asm/data/rdata_80010000.rodata.s.o: defined in discarded section `.text' of build/src/frontend/common/femenuextended.c.o
`Initialize__9tMenuNFS4' referenced in section `.rodata' of build/asm/data/rdata_80010000.rodata.s.o: defined in discarded section `.text' of build/src/frontend/common/femenuextended.c.o
`ProcessInput__9tMenuNFS47tPlayerR13tInputKeyTypeR12tMenuCommand' referenced in section `.rodata' of build/asm/data/rdata_80010000.rodata.s.o: defined in discarded section `.text' of build/src/frontend/common/femenuextended.c.o
`DebounceKeys__5tMenu' referenced in section `.rodata' of build/asm/data/rdata_80010000.rodata.s.o: defined in discarded section `.text' of build/src/frontend/common/femenu.c.o
`TransitionOff__9tMenuNFS4' referenced in section `.rodata' of build/asm/data/rdata_80010000.rodata.s.o: defined in discarded section `.text' of build/src/frontend/common/femenuextended.c.o
`TransitionOn__9tMenuNFS4' referenced in section `.rodata' of build/asm/data/rdata_80010000.rodata.s.o: defined in discarded section `.text' of build/src/frontend/common/femenuextended.c.o
`TransitionIsFinished__9tMenuNFS4' referenced in section `.rodata' of build/asm/data/rdata_80010000.rodata.s.o: defined in discarded section `.text' of build/src/frontend/common/femenuextended.c.o
`IsSubMenu__5tMenu' referenced in section `.rodata' of build/asm/data/rdata_80010000.rodata.s.o: defined in discarded section `.text' of build/src/frontend/common/femenu.c.o
`Draw__15tMenuNFS4Bottom' referenced in section `.rodata' of build/asm/data/rdata_80010000.rodata.s.o: defined in discarded section `.text' of build/src/frontend/common/femenuextended.c.o
`UpdateTransition__9tMenuNFS4' referenced in section `.rodata' of build/asm/data/rdata_80010000.rodata.s.o: defined in discarded section `.text' of build/src/frontend/common/femenuextended.c.o
`DrawItem__9tMenuNFS4i' referenced in section `.rodata' of build/asm/data/rdata_80010000.rodata.s.o: defined in discarded section `.text' of build/src/frontend/common/femenuextended.c.o
`___18tMenuNFS4TwoPlayer' referenced in section `.rodata' of build/asm/data/rdata_80010000.rodata.s.o: defined in discarded section `.text' of build/src/frontend/common/femenuextended.c.o
`Initialize__9tMenuNFS4' referenced in section `.rodata' of build/asm/data/rdata_80010000.rodata.s.o: defined in discarded section `.text' of build/src/frontend/common/femenuextended.c.o
`ProcessInput__9tMenuNFS47tPlayerR13tInputKeyTypeR12tMenuCommand' referenced in section `.rodata' of build/asm/data/rdata_80010000.rodata.s.o: defined in discarded section `.text' of build/src/frontend/common/femenuextended.c.o
`DebounceKeys__5tMenu' referenced in section `.rodata' of build/asm/data/rdata_80010000.rodata.s.o: defined in discarded section `.text' of build/src/frontend/common/femenu.c.o
`TransitionOff__9tMenuNFS4' referenced in section `.rodata' of build/asm/data/rdata_80010000.rodata.s.o: defined in discarded section `.text' of build/src/frontend/common/femenuextended.c.o
`TransitionOn__9tMenuNFS4' referenced in section `.rodata' of build/asm/data/rdata_80010000.rodata.s.o: defined in discarded section `.text' of build/src/frontend/common/femenuextended.c.o
`TransitionIsFinished__9tMenuNFS4' referenced in section `.rodata' of build/asm/data/rdata_80010000.rodata.s.o: defined in discarded section `.text' of build/src/frontend/common/femenuextended.c.o
`IsSubMenu__5tMenu' referenced in section `.rodata' of build/asm/data/rdata_80010000.rodata.s.o: defined in discarded section `.text' of build/src/frontend/common/femenu.c.o
`Draw__9tMenuNFS4' referenced in section `.rodata' of build/asm/data/rdata_80010000.rodata.s.o: defined in discarded section `.text' of build/src/frontend/common/femenuextended.c.o
`UpdateTransition__9tMenuNFS4' referenced in section `.rodata' of build/asm/data/rdata_80010000.rodata.s.o: defined in discarded section `.text' of build/src/frontend/common/femenuextended.c.o
`DrawItem__18tMenuNFS4TwoPlayeri' referenced in section `.rodata' of build/asm/data/rdata_80010000.rodata.s.o: defined in discarded section `.text' of build/src/frontend/common/femenuextended.c.o
`___9tMenuNFS4' referenced in section `.rodata' of build/asm/data/rdata_80010000.rodata.s.o: defined in discarded section `.text' of build/src/frontend/common/femenuextended.c.o
`Initialize__9tMenuNFS4' referenced in section `.rodata' of build/asm/data/rdata_80010000.rodata.s.o: defined in discarded section `.text' of build/src/frontend/common/femenuextended.c.o
`ProcessInput__9tMenuNFS47tPlayerR13tInputKeyTypeR12tMenuCommand' referenced in section `.rodata' of build/asm/data/rdata_80010000.rodata.s.o: defined in discarded section `.text' of build/src/frontend/common/femenuextended.c.o
`DebounceKeys__5tMenu' referenced in section `.rodata' of build/asm/data/rdata_80010000.rodata.s.o: defined in discarded section `.text' of build/src/frontend/common/femenu.c.o
`TransitionOff__9tMenuNFS4' referenced in section `.rodata' of build/asm/data/rdata_80010000.rodata.s.o: defined in discarded section `.text' of build/src/frontend/common/femenuextended.c.o
`TransitionOn__9tMenuNFS4' referenced in section `.rodata' of build/asm/data/rdata_80010000.rodata.s.o: defined in discarded section `.text' of build/src/frontend/common/femenuextended.c.o
`TransitionIsFinished__9tMenuNFS4' referenced in section `.rodata' of build/asm/data/rdata_80010000.rodata.s.o: defined in discarded section `.text' of build/src/frontend/common/femenuextended.c.o
`IsSubMenu__5tMenu' referenced in section `.rodata' of build/asm/data/rdata_80010000.rodata.s.o: defined in discarded section `.text' of build/src/frontend/common/femenu.c.o
`Draw__9tMenuNFS4' referenced in section `.rodata' of build/asm/data/rdata_80010000.rodata.s.o: defined in discarded section `.text' of build/src/frontend/common/femenuextended.c.o
`UpdateTransition__9tMenuNFS4' referenced in section `.rodata' of build/asm/data/rdata_80010000.rodata.s.o: defined in discarded section `.text' of build/src/frontend/common/femenuextended.c.o
`DrawItem__9tMenuNFS4i' referenced in section `.rodata' of build/asm/data/rdata_80010000.rodata.s.o: defined in discarded section `.text' of build/src/frontend/common/femenuextended.c.o
`___29tMenuItemOptionsTwoItemChoice' referenced in section `.rodata' of build/asm/data/rdata_80010000.rodata.s.o: defined in discarded section `.text' of build/src/frontend/common/femenuextended.c.o
`DebounceKeys__9tMenuItem' referenced in section `.rodata' of build/asm/data/rdata_80010000.rodata.s.o: defined in discarded section `.text' of build/src/frontend/common/femenu.c.o
`ProcessInput__24tMenuItemLeftRightChoice7tPlayerR13tInputKeyTypeR12tMenuCommand' referenced in section `.rodata' of build/asm/data/rdata_80010000.rodata.s.o: defined in discarded section `.text' of build/src/frontend/common/femenu.c.o
`Draw__24tMenuItemLeftRightChoiceb' referenced in section `.rodata' of build/asm/data/rdata_80010000.rodata.s.o: defined in discarded section `.text' of build/src/frontend/common/femenu.c.o
`Draw__29tMenuItemOptionsTwoItemChoiceiib' referenced in section `.rodata' of build/asm/data/rdata_80010000.rodata.s.o: defined in discarded section `.text' of build/src/frontend/common/femenuextended.c.o
`Draw__9tMenuItemiiib' referenced in section `.rodata' of build/asm/data/rdata_80010000.rodata.s.o: defined in discarded section `.text' of build/src/frontend/common/femenu.c.o
`TransitionOff__9tMenuItem' referenced in section `.rodata' of build/asm/data/rdata_80010000.rodata.s.o: defined in discarded section `.text' of build/src/frontend/common/femenu.c.o
`TransitionOn__29tMenuItemOptionsTwoItemChoice' referenced in section `.rodata' of build/asm/data/rdata_80010000.rodata.s.o: defined in discarded section `.text' of build/src/frontend/common/femenuextended.c.o
`TransitionIsFinished__9tMenuItem' referenced in section `.rodata' of build/asm/data/rdata_80010000.rodata.s.o: defined in discarded section `.text' of build/src/frontend/common/femenu.c.o
`UpdateTransition__9tMenuItemb' referenced in section `.rodata' of build/asm/data/rdata_80010000.rodata.s.o: defined in discarded section `.text' of build/src/frontend/common/femenu.c.o
`___31tMenuItemOptionsLeftRightChoice' referenced in section `.rodata' of build/asm/data/rdata_80010000.rodata.s.o: defined in discarded section `.text' of build/src/frontend/common/femenuextended.c.o
`DebounceKeys__9tMenuItem' referenced in section `.rodata' of build/asm/data/rdata_80010000.rodata.s.o: defined in discarded section `.text' of build/src/frontend/common/femenu.c.o
`ProcessInput__24tMenuItemLeftRightChoice7tPlayerR13tInputKeyTypeR12tMenuCommand' referenced in section `.rodata' of build/asm/data/rdata_80010000.rodata.s.o: defined in discarded section `.text' of build/src/frontend/common/femenu.c.o
`Draw__24tMenuItemLeftRightChoiceb' referenced in section `.rodata' of build/asm/data/rdata_80010000.rodata.s.o: defined in discarded section `.text' of build/src/frontend/common/femenu.c.o
`Draw__31tMenuItemOptionsLeftRightChoiceiib' referenced in section `.rodata' of build/asm/data/rdata_80010000.rodata.s.o: defined in discarded section `.text' of build/src/frontend/common/femenuextended.c.o
`Draw__9tMenuItemiiib' referenced in section `.rodata' of build/asm/data/rdata_80010000.rodata.s.o: defined in discarded section `.text' of build/src/frontend/common/femenu.c.o
`TransitionOff__9tMenuItem' referenced in section `.rodata' of build/asm/data/rdata_80010000.rodata.s.o: defined in discarded section `.text' of build/src/frontend/common/femenu.c.o
`TransitionOn__9tMenuItem' referenced in section `.rodata' of build/asm/data/rdata_80010000.rodata.s.o: defined in discarded section `.text' of build/src/frontend/common/femenu.c.o
`TransitionIsFinished__9tMenuItem' referenced in section `.rodata' of build/asm/data/rdata_80010000.rodata.s.o: defined in discarded section `.text' of build/src/frontend/common/femenu.c.o
`UpdateTransition__9tMenuItemb' referenced in section `.rodata' of build/asm/data/rdata_80010000.rodata.s.o: defined in discarded section `.text' of build/src/frontend/common/femenu.c.o
`___28tMenuItemNFS4LeftRightChoice' referenced in section `.rodata' of build/asm/data/rdata_80010000.rodata.s.o: defined in discarded section `.text' of build/src/frontend/common/femenuextended.c.o
`DebounceKeys__9tMenuItem' referenced in section `.rodata' of build/asm/data/rdata_80010000.rodata.s.o: defined in discarded section `.text' of build/src/frontend/common/femenu.c.o
`ProcessInput__24tMenuItemLeftRightChoice7tPlayerR13tInputKeyTypeR12tMenuCommand' referenced in section `.rodata' of build/asm/data/rdata_80010000.rodata.s.o: defined in discarded section `.text' of build/src/frontend/common/femenu.c.o
`Draw__24tMenuItemLeftRightChoiceb' referenced in section `.rodata' of build/asm/data/rdata_80010000.rodata.s.o: defined in discarded section `.text' of build/src/frontend/common/femenu.c.o
`Draw__28tMenuItemNFS4LeftRightChoiceiib' referenced in section `.rodata' of build/asm/data/rdata_80010000.rodata.s.o: defined in discarded section `.text' of build/src/frontend/common/femenuextended.c.o
`Draw__9tMenuItemiiib' referenced in section `.rodata' of build/asm/data/rdata_80010000.rodata.s.o: defined in discarded section `.text' of build/src/frontend/common/femenu.c.o
`TransitionOff__28tMenuItemNFS4LeftRightChoice' referenced in section `.rodata' of build/asm/data/rdata_80010000.rodata.s.o: defined in discarded section `.text' of build/src/frontend/common/femenuextended.c.o
`TransitionOn__28tMenuItemNFS4LeftRightChoice' referenced in section `.rodata' of build/asm/data/rdata_80010000.rodata.s.o: defined in discarded section `.text' of build/src/frontend/common/femenuextended.c.o
`TransitionIsFinished__28tMenuItemNFS4LeftRightChoice' referenced in section `.rodata' of build/asm/data/rdata_80010000.rodata.s.o: defined in discarded section `.text' of build/src/frontend/common/femenuextended.c.o
`UpdateTransition__28tMenuItemNFS4LeftRightChoiceb' referenced in section `.rodata' of build/asm/data/rdata_80010000.rodata.s.o: defined in discarded section `.text' of build/src/frontend/common/femenuextended.c.o
`___27tMenuItemGoToMenuNFS4Button' referenced in section `.rodata' of build/asm/data/rdata_80010000.rodata.s.o: defined in discarded section `.text' of build/src/frontend/common/femenuextended.c.o
`DebounceKeys__9tMenuItem' referenced in section `.rodata' of build/asm/data/rdata_80010000.rodata.s.o: defined in discarded section `.text' of build/src/frontend/common/femenu.c.o
`ProcessInput__23tMenuItemGoToMenuButton7tPlayerR13tInputKeyTypeR12tMenuCommand' referenced in section `.rodata' of build/asm/data/rdata_80010000.rodata.s.o: defined in discarded section `.text' of build/src/frontend/common/femenu.c.o
`Draw__27tMenuItemGoToMenuNFS4Buttonb' referenced in section `.rodata' of build/asm/data/rdata_80010000.rodata.s.o: defined in discarded section `.text' of build/src/frontend/common/femenuoptions.c.o
`Draw__27tMenuItemGoToMenuNFS4Buttoniib' referenced in section `.rodata' of build/asm/data/rdata_80010000.rodata.s.o: defined in discarded section `.text' of build/src/frontend/common/femenuextended.c.o
`Draw__9tMenuItemiiib' referenced in section `.rodata' of build/asm/data/rdata_80010000.rodata.s.o: defined in discarded section `.text' of build/src/frontend/common/femenu.c.o
`TransitionOff__27tMenuItemGoToMenuNFS4Button' referenced in section `.rodata' of build/asm/data/rdata_80010000.rodata.s.o: defined in discarded section `.text' of build/src/frontend/common/femenuextended.c.o
`TransitionOn__27tMenuItemGoToMenuNFS4Button' referenced in section `.rodata' of build/asm/data/rdata_80010000.rodata.s.o: defined in discarded section `.text' of build/src/frontend/common/femenuextended.c.o
`TransitionIsFinished__27tMenuItemGoToMenuNFS4Button' referenced in section `.rodata' of build/asm/data/rdata_80010000.rodata.s.o: defined in discarded section `.text' of build/src/frontend/common/femenuextended.c.o
`UpdateTransition__27tMenuItemGoToMenuNFS4Buttonb' referenced in section `.rodata' of build/asm/data/rdata_80010000.rodata.s.o: defined in discarded section `.text' of build/src/frontend/common/femenuextended.c.o
`.L80020148' referenced in section `.rodata' of build/asm/data/rdata_80010000.rodata.s.o: defined in discarded section `.text' of build/src/frontend/common/femenuoptions.c.o
`.L80020174' referenced in section `.rodata' of build/asm/data/rdata_80010000.rodata.s.o: defined in discarded section `.text' of build/src/frontend/common/femenuoptions.c.o
`.L80020174' referenced in section `.rodata' of build/asm/data/rdata_80010000.rodata.s.o: defined in discarded section `.text' of build/src/frontend/common/femenuoptions.c.o
`.L80020120' referenced in section `.rodata' of build/asm/data/rdata_80010000.rodata.s.o: defined in discarded section `.text' of build/src/frontend/common/femenuoptions.c.o
`.L80020170' referenced in section `.rodata' of build/asm/data/rdata_80010000.rodata.s.o: defined in discarded section `.text' of build/src/frontend/common/femenuoptions.c.o
`.L80020174' referenced in section `.rodata' of build/asm/data/rdata_80010000.rodata.s.o: defined in discarded section `.text' of build/src/frontend/common/femenuoptions.c.o
`.L80020174' referenced in section `.rodata' of build/asm/data/rdata_80010000.rodata.s.o: defined in discarded section `.text' of build/src/frontend/common/femenuoptions.c.o
`.L80020140' referenced in section `.rodata' of build/asm/data/rdata_80010000.rodata.s.o: defined in discarded section `.text' of build/src/frontend/common/femenuoptions.c.o
`.L80020138' referenced in section `.rodata' of build/asm/data/rdata_80010000.rodata.s.o: defined in discarded section `.text' of build/src/frontend/common/femenuoptions.c.o
`.L80020174' referenced in section `.rodata' of build/asm/data/rdata_80010000.rodata.s.o: defined in discarded section `.text' of build/src/frontend/common/femenuoptions.c.o
`.L80020174' referenced in section `.rodata' of build/asm/data/rdata_80010000.rodata.s.o: defined in discarded section `.text' of build/src/frontend/common/femenuoptions.c.o
`.L80020174' referenced in section `.rodata' of build/asm/data/rdata_80010000.rodata.s.o: defined in discarded section `.text' of build/src/frontend/common/femenuoptions.c.o
`.L80020150' referenced in section `.rodata' of build/asm/data/rdata_80010000.rodata.s.o: defined in discarded section `.text' of build/src/frontend/common/femenuoptions.c.o
`.L80020174' referenced in section `.rodata' of build/asm/data/rdata_80010000.rodata.s.o: defined in discarded section `.text' of build/src/frontend/common/femenuoptions.c.o
`.L80020174' referenced in section `.rodata' of build/asm/data/rdata_80010000.rodata.s.o: defined in discarded section `.text' of build/src/frontend/common/femenuoptions.c.o
`.L80020174' referenced in section `.rodata' of build/asm/data/rdata_80010000.rodata.s.o: defined in discarded section `.text' of build/src/frontend/common/femenuoptions.c.o
`.L80020168' referenced in section `.rodata' of build/asm/data/rdata_80010000.rodata.s.o: defined in discarded section `.text' of build/src/frontend/common/femenuoptions.c.o
`.L80020174' referenced in section `.rodata' of build/asm/data/rdata_80010000.rodata.s.o: defined in discarded section `.text' of build/src/frontend/common/femenuoptions.c.o
`.L80020158' referenced in section `.rodata' of build/asm/data/rdata_80010000.rodata.s.o: defined in discarded section `.text' of build/src/frontend/common/femenuoptions.c.o
`.L80020174' referenced in section `.rodata' of build/asm/data/rdata_80010000.rodata.s.o: defined in discarded section `.text' of build/src/frontend/common/femenuoptions.c.o
`.L80020174' referenced in section `.rodata' of build/asm/data/rdata_80010000.rodata.s.o: defined in discarded section `.text' of build/src/frontend/common/femenuoptions.c.o
`.L80020128' referenced in section `.rodata' of build/asm/data/rdata_80010000.rodata.s.o: defined in discarded section `.text' of build/src/frontend/common/femenuoptions.c.o
`.L80020174' referenced in section `.rodata' of build/asm/data/rdata_80010000.rodata.s.o: defined in discarded section `.text' of build/src/frontend/common/femenuoptions.c.o
`.L80020174' referenced in section `.rodata' of build/asm/data/rdata_80010000.rodata.s.o: defined in discarded section `.text' of build/src/frontend/common/femenuoptions.c.o
`.L80020174' referenced in section `.rodata' of build/asm/data/rdata_80010000.rodata.s.o: defined in discarded section `.text' of build/src/frontend/common/femenuoptions.c.o
`.L80020160' referenced in section `.rodata' of build/asm/data/rdata_80010000.rodata.s.o: defined in discarded section `.text' of build/src/frontend/common/femenuoptions.c.o
`.L80020174' referenced in section `.rodata' of build/asm/data/rdata_80010000.rodata.s.o: defined in discarded section `.text' of build/src/frontend/common/femenuoptions.c.o
`.L80020130' referenced in section `.rodata' of build/asm/data/rdata_80010000.rodata.s.o: defined in discarded section `.text' of build/src/frontend/common/femenuoptions.c.o
`___35tInsideBoxControllerLeftRightSlider' referenced in section `.rodata' of build/asm/data/rdata_80010000.rodata.s.o: defined in discarded section `.text' of build/src/frontend/common/femenuoptions.c.o
`DebounceKeys__24tMenuItemLeftRightSlider' referenced in section `.rodata' of build/asm/data/rdata_80010000.rodata.s.o: defined in discarded section `.text' of build/src/frontend/common/femenu.c.o
`ProcessInput__35tInsideBoxControllerLeftRightSlider7tPlayerR13tInputKeyTypeR12tMenuCommand' referenced in section `.rodata' of build/asm/data/rdata_80010000.rodata.s.o: defined in discarded section `.text' of build/src/frontend/common/femenuoptions.c.o
`Draw__24tMenuItemLeftRightSliderb' referenced in section `.rodata' of build/asm/data/rdata_80010000.rodata.s.o: defined in discarded section `.text' of build/src/frontend/common/femenu.c.o
`Draw__9tMenuItemiib' referenced in section `.rodata' of build/asm/data/rdata_80010000.rodata.s.o: defined in discarded section `.text' of build/src/frontend/common/femenu.c.o
`Draw__25tInsideBoxLeftRightSlideriiib' referenced in section `.rodata' of build/asm/data/rdata_80010000.rodata.s.o: defined in discarded section `.text' of build/src/frontend/common/femenuoptions.c.o
`TransitionOff__9tMenuItem' referenced in section `.rodata' of build/asm/data/rdata_80010000.rodata.s.o: defined in discarded section `.text' of build/src/frontend/common/femenu.c.o
`TransitionOn__9tMenuItem' referenced in section `.rodata' of build/asm/data/rdata_80010000.rodata.s.o: defined in discarded section `.text' of build/src/frontend/common/femenu.c.o
`TransitionIsFinished__9tMenuItem' referenced in section `.rodata' of build/asm/data/rdata_80010000.rodata.s.o: defined in discarded section `.text' of build/src/frontend/common/femenu.c.o
`UpdateTransition__9tMenuItemb' referenced in section `.rodata' of build/asm/data/rdata_80010000.rodata.s.o: defined in discarded section `.text' of build/src/frontend/common/femenu.c.o
`___19tMemoryCardMenuItem' referenced in section `.rodata' of build/asm/data/rdata_80010000.rodata.s.o: defined in discarded section `.text' of build/src/frontend/common/fememcard.c.o
`DebounceKeys__9tMenuItem' referenced in section `.rodata' of build/asm/data/rdata_80010000.rodata.s.o: defined in discarded section `.text' of build/src/frontend/common/femenu.c.o
`ProcessInput__23tMenuItemGoToMenuButton7tPlayerR13tInputKeyTypeR12tMenuCommand' referenced in section `.rodata' of build/asm/data/rdata_80010000.rodata.s.o: defined in discarded section `.text' of build/src/frontend/common/femenu.c.o
`Draw__19tMemoryCardMenuItemb' referenced in section `.rodata' of build/asm/data/rdata_80010000.rodata.s.o: defined in discarded section `.text' of build/src/frontend/common/femenuoptions.c.o
`Draw__9tMenuItemiib' referenced in section `.rodata' of build/asm/data/rdata_80010000.rodata.s.o: defined in discarded section `.text' of build/src/frontend/common/femenu.c.o
`Draw__9tMenuItemiiib' referenced in section `.rodata' of build/asm/data/rdata_80010000.rodata.s.o: defined in discarded section `.text' of build/src/frontend/common/femenu.c.o
`TransitionOff__27tMenuItemGoToMenuButtonFade' referenced in section `.rodata' of build/asm/data/rdata_80010000.rodata.s.o: defined in discarded section `.text' of build/src/frontend/common/femenuoptions.c.o
`TransitionOn__27tMenuItemGoToMenuButtonFade' referenced in section `.rodata' of build/asm/data/rdata_80010000.rodata.s.o: defined in discarded section `.text' of build/src/frontend/common/femenuoptions.c.o
`TransitionIsFinished__27tMenuItemGoToMenuButtonFade' referenced in section `.rodata' of build/asm/data/rdata_80010000.rodata.s.o: defined in discarded section `.text' of build/src/frontend/common/femenuoptions.c.o
`UpdateTransition__27tMenuItemGoToMenuButtonFadeb' referenced in section `.rodata' of build/asm/data/rdata_80010000.rodata.s.o: defined in discarded section `.text' of build/src/frontend/common/femenuoptions.c.o
`___27tMenuItemGoToMenuButtonFade' referenced in section `.rodata' of build/asm/data/rdata_80010000.rodata.s.o: defined in discarded section `.text' of build/src/frontend/common/femenuoptions.c.o
`DebounceKeys__9tMenuItem' referenced in section `.rodata' of build/asm/data/rdata_80010000.rodata.s.o: defined in discarded section `.text' of build/src/frontend/common/femenu.c.o
`ProcessInput__23tMenuItemGoToMenuButton7tPlayerR13tInputKeyTypeR12tMenuCommand' referenced in section `.rodata' of build/asm/data/rdata_80010000.rodata.s.o: defined in discarded section `.text' of build/src/frontend/common/femenu.c.o
`__pure_virtual' referenced in section `.rodata' of build/asm/data/rdata_80010000.rodata.s.o: defined in discarded section `.text' of build/src/syslib/psx/libsn/PUREV.c.o
`Draw__9tMenuItemiib' referenced in section `.rodata' of build/asm/data/rdata_80010000.rodata.s.o: defined in discarded section `.text' of build/src/frontend/common/femenu.c.o
`Draw__9tMenuItemiiib' referenced in section `.rodata' of build/asm/data/rdata_80010000.rodata.s.o: defined in discarded section `.text' of build/src/frontend/common/femenu.c.o
`TransitionOff__27tMenuItemGoToMenuButtonFade' referenced in section `.rodata' of build/asm/data/rdata_80010000.rodata.s.o: defined in discarded section `.text' of build/src/frontend/common/femenuoptions.c.o
`TransitionOn__27tMenuItemGoToMenuButtonFade' referenced in section `.rodata' of build/asm/data/rdata_80010000.rodata.s.o: defined in discarded section `.text' of build/src/frontend/common/femenuoptions.c.o
`TransitionIsFinished__27tMenuItemGoToMenuButtonFade' referenced in section `.rodata' of build/asm/data/rdata_80010000.rodata.s.o: defined in discarded section `.text' of build/src/frontend/common/femenuoptions.c.o
`UpdateTransition__27tMenuItemGoToMenuButtonFadeb' referenced in section `.rodata' of build/asm/data/rdata_80010000.rodata.s.o: defined in discarded section `.text' of build/src/frontend/common/femenuoptions.c.o
`___17tUserNameMenuItem' referenced in section `.rodata' of build/asm/data/rdata_80010000.rodata.s.o: defined in discarded section `.text' of build/src/frontend/common/femenuoptions.c.o
`DebounceKeys__9tMenuItem' referenced in section `.rodata' of build/asm/data/rdata_80010000.rodata.s.o: defined in discarded section `.text' of build/src/frontend/common/femenu.c.o
`ProcessInput__17tUserNameMenuItem7tPlayerR13tInputKeyTypeR12tMenuCommand' referenced in section `.rodata' of build/asm/data/rdata_80010000.rodata.s.o: defined in discarded section `.text' of build/src/frontend/common/femenuoptions.c.o
`Draw__17tUserNameMenuItemb' referenced in section `.rodata' of build/asm/data/rdata_80010000.rodata.s.o: defined in discarded section `.text' of build/src/frontend/common/femenuoptions.c.o
`Draw__9tMenuItemiib' referenced in section `.rodata' of build/asm/data/rdata_80010000.rodata.s.o: defined in discarded section `.text' of build/src/frontend/common/femenu.c.o
`Draw__9tMenuItemiiib' referenced in section `.rodata' of build/asm/data/rdata_80010000.rodata.s.o: defined in discarded section `.text' of build/src/frontend/common/femenu.c.o
`TransitionOff__17tUserNameMenuItem' referenced in section `.rodata' of build/asm/data/rdata_80010000.rodata.s.o: defined in discarded section `.text' of build/src/frontend/common/femenuoptions.c.o
`TransitionOn__17tUserNameMenuItem' referenced in section `.rodata' of build/asm/data/rdata_80010000.rodata.s.o: defined in discarded section `.text' of build/src/frontend/common/femenuoptions.c.o
`TransitionIsFinished__17tUserNameMenuItem' referenced in section `.rodata' of build/asm/data/rdata_80010000.rodata.s.o: defined in discarded section `.text' of build/src/frontend/common/femenuoptions.c.o
`UpdateTransition__17tUserNameMenuItemb' referenced in section `.rodata' of build/asm/data/rdata_80010000.rodata.s.o: defined in discarded section `.text' of build/src/frontend/common/femenuoptions.c.o
`___22tInsideBoxTwoWaySlider' referenced in section `.rodata' of build/asm/data/rdata_80010000.rodata.s.o: defined in discarded section `.text' of build/src/frontend/common/femenuoptions.c.o
`DebounceKeys__24tMenuItemLeftRightSlider' referenced in section `.rodata' of build/asm/data/rdata_80010000.rodata.s.o: defined in discarded section `.text' of build/src/frontend/common/femenu.c.o
`ProcessInput__22tInsideBoxTwoWaySlider7tPlayerR13tInputKeyTypeR12tMenuCommand' referenced in section `.rodata' of build/asm/data/rdata_80010000.rodata.s.o: defined in discarded section `.text' of build/src/frontend/common/femenuoptions.c.o
`Draw__24tMenuItemLeftRightSliderb' referenced in section `.rodata' of build/asm/data/rdata_80010000.rodata.s.o: defined in discarded section `.text' of build/src/frontend/common/femenu.c.o
`Draw__9tMenuItemiib' referenced in section `.rodata' of build/asm/data/rdata_80010000.rodata.s.o: defined in discarded section `.text' of build/src/frontend/common/femenu.c.o
`Draw__22tInsideBoxTwoWaySlideriiib' referenced in section `.rodata' of build/asm/data/rdata_80010000.rodata.s.o: defined in discarded section `.text' of build/src/frontend/common/femenuoptions.c.o
`TransitionOff__9tMenuItem' referenced in section `.rodata' of build/asm/data/rdata_80010000.rodata.s.o: defined in discarded section `.text' of build/src/frontend/common/femenu.c.o
`TransitionOn__9tMenuItem' referenced in section `.rodata' of build/asm/data/rdata_80010000.rodata.s.o: defined in discarded section `.text' of build/src/frontend/common/femenu.c.o
`TransitionIsFinished__9tMenuItem' referenced in section `.rodata' of build/asm/data/rdata_80010000.rodata.s.o: defined in discarded section `.text' of build/src/frontend/common/femenu.c.o
`UpdateTransition__9tMenuItemb' referenced in section `.rodata' of build/asm/data/rdata_80010000.rodata.s.o: defined in discarded section `.text' of build/src/frontend/common/femenu.c.o
`___25tInsideBoxLeftRightSlider' referenced in section `.rodata' of build/asm/data/rdata_80010000.rodata.s.o: defined in discarded section `.text' of build/src/frontend/common/femenuoptions.c.o
`DebounceKeys__24tMenuItemLeftRightSlider' referenced in section `.rodata' of build/asm/data/rdata_80010000.rodata.s.o: defined in discarded section `.text' of build/src/frontend/common/femenu.c.o
`ProcessInput__24tMenuItemLeftRightSlider7tPlayerR13tInputKeyTypeR12tMenuCommand' referenced in section `.rodata' of build/asm/data/rdata_80010000.rodata.s.o: defined in discarded section `.text' of build/src/frontend/common/femenu.c.o
`Draw__24tMenuItemLeftRightSliderb' referenced in section `.rodata' of build/asm/data/rdata_80010000.rodata.s.o: defined in discarded section `.text' of build/src/frontend/common/femenu.c.o
`Draw__9tMenuItemiib' referenced in section `.rodata' of build/asm/data/rdata_80010000.rodata.s.o: defined in discarded section `.text' of build/src/frontend/common/femenu.c.o
`Draw__25tInsideBoxLeftRightSlideriiib' referenced in section `.rodata' of build/asm/data/rdata_80010000.rodata.s.o: defined in discarded section `.text' of build/src/frontend/common/femenuoptions.c.o
`TransitionOff__9tMenuItem' referenced in section `.rodata' of build/asm/data/rdata_80010000.rodata.s.o: defined in discarded section `.text' of build/src/frontend/common/femenu.c.o
`TransitionOn__9tMenuItem' referenced in section `.rodata' of build/asm/data/rdata_80010000.rodata.s.o: defined in discarded section `.text' of build/src/frontend/common/femenu.c.o
`TransitionIsFinished__9tMenuItem' referenced in section `.rodata' of build/asm/data/rdata_80010000.rodata.s.o: defined in discarded section `.text' of build/src/frontend/common/femenu.c.o
`UpdateTransition__9tMenuItemb' referenced in section `.rodata' of build/asm/data/rdata_80010000.rodata.s.o: defined in discarded section `.text' of build/src/frontend/common/femenu.c.o
`___34tMenuItemControllerLeftRightChoice' referenced in section `.rodata' of build/asm/data/rdata_80010000.rodata.s.o: defined in discarded section `.text' of build/src/frontend/common/femenuoptions.c.o
`DebounceKeys__9tMenuItem' referenced in section `.rodata' of build/asm/data/rdata_80010000.rodata.s.o: defined in discarded section `.text' of build/src/frontend/common/femenu.c.o
`ProcessInput__24tMenuItemLeftRightChoice7tPlayerR13tInputKeyTypeR12tMenuCommand' referenced in section `.rodata' of build/asm/data/rdata_80010000.rodata.s.o: defined in discarded section `.text' of build/src/frontend/common/femenu.c.o
`Draw__24tMenuItemLeftRightChoiceb' referenced in section `.rodata' of build/asm/data/rdata_80010000.rodata.s.o: defined in discarded section `.text' of build/src/frontend/common/femenu.c.o
`Draw__34tMenuItemControllerLeftRightChoiceiib' referenced in section `.rodata' of build/asm/data/rdata_80010000.rodata.s.o: defined in discarded section `.text' of build/src/frontend/common/femenuoptions.c.o
`Draw__9tMenuItemiiib' referenced in section `.rodata' of build/asm/data/rdata_80010000.rodata.s.o: defined in discarded section `.text' of build/src/frontend/common/femenu.c.o
`TransitionOff__22tMenuItemLeftRightFade' referenced in section `.rodata' of build/asm/data/rdata_80010000.rodata.s.o: defined in discarded section `.text' of build/src/frontend/common/femenuoptions.c.o
`TransitionOn__22tMenuItemLeftRightFade' referenced in section `.rodata' of build/asm/data/rdata_80010000.rodata.s.o: defined in discarded section `.text' of build/src/frontend/common/femenuoptions.c.o
`TransitionIsFinished__22tMenuItemLeftRightFade' referenced in section `.rodata' of build/asm/data/rdata_80010000.rodata.s.o: defined in discarded section `.text' of build/src/frontend/common/femenuoptions.c.o
`UpdateTransition__22tMenuItemLeftRightFadeb' referenced in section `.rodata' of build/asm/data/rdata_80010000.rodata.s.o: defined in discarded section `.text' of build/src/frontend/common/femenuoptions.c.o
`___18tInsideBoxSongMenu' referenced in section `.rodata' of build/asm/data/rdata_80010000.rodata.s.o: defined in discarded section `.text' of build/src/frontend/common/femenuoptions.c.o
`Initialize__5tMenu' referenced in section `.rodata' of build/asm/data/rdata_80010000.rodata.s.o: defined in discarded section `.text' of build/src/frontend/common/femenu.c.o
`ProcessInput__18tInsideBoxSongMenu7tPlayerR13tInputKeyTypeR12tMenuCommand' referenced in section `.rodata' of build/asm/data/rdata_80010000.rodata.s.o: defined in discarded section `.text' of build/src/frontend/common/femenuoptions.c.o
`DebounceKeys__18tInsideBoxSongMenu' referenced in section `.rodata' of build/asm/data/rdata_80010000.rodata.s.o: defined in discarded section `.text' of build/src/frontend/common/femenuoptions.c.o
`TransitionOff__5tMenu' referenced in section `.rodata' of build/asm/data/rdata_80010000.rodata.s.o: defined in discarded section `.text' of build/src/frontend/common/femenu.c.o
`TransitionOn__5tMenu' referenced in section `.rodata' of build/asm/data/rdata_80010000.rodata.s.o: defined in discarded section `.text' of build/src/frontend/common/femenu.c.o
`TransitionIsFinished__5tMenu' referenced in section `.rodata' of build/asm/data/rdata_80010000.rodata.s.o: defined in discarded section `.text' of build/src/frontend/common/femenu.c.o
`IsSubMenu__5tMenu' referenced in section `.rodata' of build/asm/data/rdata_80010000.rodata.s.o: defined in discarded section `.text' of build/src/frontend/common/femenu.c.o
`Draw__5tMenu' referenced in section `.rodata' of build/asm/data/rdata_80010000.rodata.s.o: defined in discarded section `.text' of build/src/frontend/common/femenu.c.o
`UpdateTransition__5tMenu' referenced in section `.rodata' of build/asm/data/rdata_80010000.rodata.s.o: defined in discarded section `.text' of build/src/frontend/common/femenu.c.o
`Draw__18tInsideBoxSongMenusssss' referenced in section `.rodata' of build/asm/data/rdata_80010000.rodata.s.o: defined in discarded section `.text' of build/src/frontend/common/femenuoptions.c.o
`DrawOneSong__18tInsideBoxSongMenussssss' referenced in section `.rodata' of build/asm/data/rdata_80010000.rodata.s.o: defined in discarded section `.text' of build/src/frontend/common/femenuoptions.c.o
`___29tMenuItemLeftRightAudioSlider' referenced in section `.rodata' of build/asm/data/rdata_80010000.rodata.s.o: defined in discarded section `.text' of build/src/frontend/common/femenuoptions.c.o
`DebounceKeys__24tMenuItemLeftRightSlider' referenced in section `.rodata' of build/asm/data/rdata_80010000.rodata.s.o: defined in discarded section `.text' of build/src/frontend/common/femenu.c.o
`ProcessInput__24tMenuItemLeftRightSlider7tPlayerR13tInputKeyTypeR12tMenuCommand' referenced in section `.rodata' of build/asm/data/rdata_80010000.rodata.s.o: defined in discarded section `.text' of build/src/frontend/common/femenu.c.o
`Draw__24tMenuItemLeftRightSliderb' referenced in section `.rodata' of build/asm/data/rdata_80010000.rodata.s.o: defined in discarded section `.text' of build/src/frontend/common/femenu.c.o
`Draw__29tMenuItemLeftRightAudioSlideriib' referenced in section `.rodata' of build/asm/data/rdata_80010000.rodata.s.o: defined in discarded section `.text' of build/src/frontend/common/femenuoptions.c.o
`Draw__9tMenuItemiiib' referenced in section `.rodata' of build/asm/data/rdata_80010000.rodata.s.o: defined in discarded section `.text' of build/src/frontend/common/femenu.c.o
`TransitionOff__29tMenuItemLeftRightAudioSlider' referenced in section `.rodata' of build/asm/data/rdata_80010000.rodata.s.o: defined in discarded section `.text' of build/src/frontend/common/femenuoptions.c.o
`TransitionOn__29tMenuItemLeftRightAudioSlider' referenced in section `.rodata' of build/asm/data/rdata_80010000.rodata.s.o: defined in discarded section `.text' of build/src/frontend/common/femenuoptions.c.o
`TransitionIsFinished__29tMenuItemLeftRightAudioSlider' referenced in section `.rodata' of build/asm/data/rdata_80010000.rodata.s.o: defined in discarded section `.text' of build/src/frontend/common/femenuoptions.c.o
`UpdateTransition__29tMenuItemLeftRightAudioSliderb' referenced in section `.rodata' of build/asm/data/rdata_80010000.rodata.s.o: defined in discarded section `.text' of build/src/frontend/common/femenuoptions.c.o
`___29tMenuItemOnOffLeftRightChoice' referenced in section `.rodata' of build/asm/data/rdata_80010000.rodata.s.o: defined in discarded section `.text' of build/src/frontend/common/femenuoptions.c.o
`DebounceKeys__9tMenuItem' referenced in section `.rodata' of build/asm/data/rdata_80010000.rodata.s.o: defined in discarded section `.text' of build/src/frontend/common/femenu.c.o
`ProcessInput__24tMenuItemLeftRightChoice7tPlayerR13tInputKeyTypeR12tMenuCommand' referenced in section `.rodata' of build/asm/data/rdata_80010000.rodata.s.o: defined in discarded section `.text' of build/src/frontend/common/femenu.c.o
`Draw__24tMenuItemLeftRightChoiceb' referenced in section `.rodata' of build/asm/data/rdata_80010000.rodata.s.o: defined in discarded section `.text' of build/src/frontend/common/femenu.c.o
`Draw__29tMenuItemOnOffLeftRightChoiceiib' referenced in section `.rodata' of build/asm/data/rdata_80010000.rodata.s.o: defined in discarded section `.text' of build/src/frontend/common/femenuoptions.c.o
`Draw__9tMenuItemiiib' referenced in section `.rodata' of build/asm/data/rdata_80010000.rodata.s.o: defined in discarded section `.text' of build/src/frontend/common/femenu.c.o
`TransitionOff__22tMenuItemLeftRightFade' referenced in section `.rodata' of build/asm/data/rdata_80010000.rodata.s.o: defined in discarded section `.text' of build/src/frontend/common/femenuoptions.c.o
`TransitionOn__29tMenuItemOnOffLeftRightChoice' referenced in section `.rodata' of build/asm/data/rdata_80010000.rodata.s.o: defined in discarded section `.text' of build/src/frontend/common/femenuoptions.c.o
`TransitionIsFinished__22tMenuItemLeftRightFade' referenced in section `.rodata' of build/asm/data/rdata_80010000.rodata.s.o: defined in discarded section `.text' of build/src/frontend/common/femenuoptions.c.o
`UpdateTransition__22tMenuItemLeftRightFadeb' referenced in section `.rodata' of build/asm/data/rdata_80010000.rodata.s.o: defined in discarded section `.text' of build/src/frontend/common/femenuoptions.c.o
`___31tMenuItemDisplayLeftRightChoice' referenced in section `.rodata' of build/asm/data/rdata_80010000.rodata.s.o: defined in discarded section `.text' of build/src/frontend/common/femenuoptions.c.o
`DebounceKeys__9tMenuItem' referenced in section `.rodata' of build/asm/data/rdata_80010000.rodata.s.o: defined in discarded section `.text' of build/src/frontend/common/femenu.c.o
`ProcessInput__24tMenuItemLeftRightChoice7tPlayerR13tInputKeyTypeR12tMenuCommand' referenced in section `.rodata' of build/asm/data/rdata_80010000.rodata.s.o: defined in discarded section `.text' of build/src/frontend/common/femenu.c.o
`Draw__24tMenuItemLeftRightChoiceb' referenced in section `.rodata' of build/asm/data/rdata_80010000.rodata.s.o: defined in discarded section `.text' of build/src/frontend/common/femenu.c.o
`Draw__31tMenuItemDisplayLeftRightChoiceiib' referenced in section `.rodata' of build/asm/data/rdata_80010000.rodata.s.o: defined in discarded section `.text' of build/src/frontend/common/femenuoptions.c.o
`Draw__9tMenuItemiiib' referenced in section `.rodata' of build/asm/data/rdata_80010000.rodata.s.o: defined in discarded section `.text' of build/src/frontend/common/femenu.c.o
`TransitionOff__22tMenuItemLeftRightFade' referenced in section `.rodata' of build/asm/data/rdata_80010000.rodata.s.o: defined in discarded section `.text' of build/src/frontend/common/femenuoptions.c.o
`TransitionOn__22tMenuItemLeftRightFade' referenced in section `.rodata' of build/asm/data/rdata_80010000.rodata.s.o: defined in discarded section `.text' of build/src/frontend/common/femenuoptions.c.o
`TransitionIsFinished__22tMenuItemLeftRightFade' referenced in section `.rodata' of build/asm/data/rdata_80010000.rodata.s.o: defined in discarded section `.text' of build/src/frontend/common/femenuoptions.c.o
`UpdateTransition__22tMenuItemLeftRightFadeb' referenced in section `.rodata' of build/asm/data/rdata_80010000.rodata.s.o: defined in discarded section `.text' of build/src/frontend/common/femenuoptions.c.o
`___25tMenuItemSlidingActivated' referenced in section `.rodata' of build/asm/data/rdata_80010000.rodata.s.o: defined in discarded section `.text' of build/src/frontend/common/femenuoptions.c.o
`DebounceKeys__20tMenuItemSlidingMenu' referenced in section `.rodata' of build/asm/data/rdata_80010000.rodata.s.o: defined in discarded section `.text' of build/src/frontend/common/femenuoptions.c.o
`ProcessInput__25tMenuItemSlidingActivated7tPlayerR13tInputKeyTypeR12tMenuCommand' referenced in section `.rodata' of build/asm/data/rdata_80010000.rodata.s.o: defined in discarded section `.text' of build/src/frontend/common/femenuoptions.c.o
`Draw__20tMenuItemSlidingMenub' referenced in section `.rodata' of build/asm/data/rdata_80010000.rodata.s.o: defined in discarded section `.text' of build/src/frontend/common/femenuoptions.c.o
`Draw__20tMenuItemSlidingMenuiib' referenced in section `.rodata' of build/asm/data/rdata_80010000.rodata.s.o: defined in discarded section `.text' of build/src/frontend/common/femenuoptions.c.o
`Draw__9tMenuItemiiib' referenced in section `.rodata' of build/asm/data/rdata_80010000.rodata.s.o: defined in discarded section `.text' of build/src/frontend/common/femenu.c.o
`TransitionOff__25tMenuItemSlidingActivated' referenced in section `.rodata' of build/asm/data/rdata_80010000.rodata.s.o: defined in discarded section `.text' of build/src/frontend/common/femenuoptions.c.o
`TransitionOn__25tMenuItemSlidingActivated' referenced in section `.rodata' of build/asm/data/rdata_80010000.rodata.s.o: defined in discarded section `.text' of build/src/frontend/common/femenuoptions.c.o
`TransitionIsFinished__25tMenuItemSlidingActivated' referenced in section `.rodata' of build/asm/data/rdata_80010000.rodata.s.o: defined in discarded section `.text' of build/src/frontend/common/femenuoptions.c.o
`UpdateTransition__25tMenuItemSlidingActivatedb' referenced in section `.rodata' of build/asm/data/rdata_80010000.rodata.s.o: defined in discarded section `.text' of build/src/frontend/common/femenuoptions.c.o
`UpdatefOpenHeight__25tMenuItemSlidingActivatedb' referenced in section `.rodata' of build/asm/data/rdata_80010000.rodata.s.o: defined in discarded section `.text' of build/src/frontend/common/femenuoptions.c.o
`___20tMenuItemSlidingMenu' referenced in section `.rodata' of build/asm/data/rdata_80010000.rodata.s.o: defined in discarded section `.text' of build/src/frontend/common/femenuoptions.c.o
`DebounceKeys__20tMenuItemSlidingMenu' referenced in section `.rodata' of build/asm/data/rdata_80010000.rodata.s.o: defined in discarded section `.text' of build/src/frontend/common/femenuoptions.c.o
`ProcessInput__20tMenuItemSlidingMenu7tPlayerR13tInputKeyTypeR12tMenuCommand' referenced in section `.rodata' of build/asm/data/rdata_80010000.rodata.s.o: defined in discarded section `.text' of build/src/frontend/common/femenuoptions.c.o
`Draw__20tMenuItemSlidingMenub' referenced in section `.rodata' of build/asm/data/rdata_80010000.rodata.s.o: defined in discarded section `.text' of build/src/frontend/common/femenuoptions.c.o
`Draw__20tMenuItemSlidingMenuiib' referenced in section `.rodata' of build/asm/data/rdata_80010000.rodata.s.o: defined in discarded section `.text' of build/src/frontend/common/femenuoptions.c.o
`Draw__9tMenuItemiiib' referenced in section `.rodata' of build/asm/data/rdata_80010000.rodata.s.o: defined in discarded section `.text' of build/src/frontend/common/femenu.c.o
`TransitionOff__20tMenuItemSlidingMenu' referenced in section `.rodata' of build/asm/data/rdata_80010000.rodata.s.o: defined in discarded section `.text' of build/src/frontend/common/femenuoptions.c.o
`TransitionOn__20tMenuItemSlidingMenu' referenced in section `.rodata' of build/asm/data/rdata_80010000.rodata.s.o: defined in discarded section `.text' of build/src/frontend/common/femenuoptions.c.o
`TransitionIsFinished__20tMenuItemSlidingMenu' referenced in section `.rodata' of build/asm/data/rdata_80010000.rodata.s.o: defined in discarded section `.text' of build/src/frontend/common/femenuoptions.c.o
`UpdateTransition__20tMenuItemSlidingMenub' referenced in section `.rodata' of build/asm/data/rdata_80010000.rodata.s.o: defined in discarded section `.text' of build/src/frontend/common/femenuoptions.c.o
`UpdatefOpenHeight__20tMenuItemSlidingMenub' referenced in section `.rodata' of build/asm/data/rdata_80010000.rodata.s.o: defined in discarded section `.text' of build/src/frontend/common/femenuoptions.c.o
`___14tInsideBoxMenu' referenced in section `.rodata' of build/asm/data/rdata_80010000.rodata.s.o: defined in discarded section `.text' of build/src/frontend/common/femenuoptions.c.o
`Initialize__5tMenu' referenced in section `.rodata' of build/asm/data/rdata_80010000.rodata.s.o: defined in discarded section `.text' of build/src/frontend/common/femenu.c.o
`ProcessInput__14tInsideBoxMenu7tPlayerR13tInputKeyTypeR12tMenuCommand' referenced in section `.rodata' of build/asm/data/rdata_80010000.rodata.s.o: defined in discarded section `.text' of build/src/frontend/common/femenuoptions.c.o
`DebounceKeys__5tMenu' referenced in section `.rodata' of build/asm/data/rdata_80010000.rodata.s.o: defined in discarded section `.text' of build/src/frontend/common/femenu.c.o
`TransitionOff__5tMenu' referenced in section `.rodata' of build/asm/data/rdata_80010000.rodata.s.o: defined in discarded section `.text' of build/src/frontend/common/femenu.c.o
`TransitionOn__5tMenu' referenced in section `.rodata' of build/asm/data/rdata_80010000.rodata.s.o: defined in discarded section `.text' of build/src/frontend/common/femenu.c.o
`TransitionIsFinished__5tMenu' referenced in section `.rodata' of build/asm/data/rdata_80010000.rodata.s.o: defined in discarded section `.text' of build/src/frontend/common/femenu.c.o
`IsSubMenu__5tMenu' referenced in section `.rodata' of build/asm/data/rdata_80010000.rodata.s.o: defined in discarded section `.text' of build/src/frontend/common/femenu.c.o
`Draw__5tMenu' referenced in section `.rodata' of build/asm/data/rdata_80010000.rodata.s.o: defined in discarded section `.text' of build/src/frontend/common/femenu.c.o
`UpdateTransition__5tMenu' referenced in section `.rodata' of build/asm/data/rdata_80010000.rodata.s.o: defined in discarded section `.text' of build/src/frontend/common/femenu.c.o
`Draw__14tInsideBoxMenusssss' referenced in section `.rodata' of build/asm/data/rdata_80010000.rodata.s.o: defined in discarded section `.text' of build/src/frontend/common/femenuoptions.c.o
`___12tOptionsMenu' referenced in section `.rodata' of build/asm/data/rdata_80010000.rodata.s.o: defined in discarded section `.text' of build/src/frontend/common/femenuoptions.c.o
`Initialize__5tMenu' referenced in section `.rodata' of build/asm/data/rdata_80010000.rodata.s.o: defined in discarded section `.text' of build/src/frontend/common/femenu.c.o
`ProcessInput__12tOptionsMenu7tPlayerR13tInputKeyTypeR12tMenuCommand' referenced in section `.rodata' of build/asm/data/rdata_80010000.rodata.s.o: defined in discarded section `.text' of build/src/frontend/common/femenuoptions.c.o
`DebounceKeys__12tOptionsMenu' referenced in section `.rodata' of build/asm/data/rdata_80010000.rodata.s.o: defined in discarded section `.text' of build/src/frontend/common/femenuoptions.c.o
`TransitionOff__12tOptionsMenu' referenced in section `.rodata' of build/asm/data/rdata_80010000.rodata.s.o: defined in discarded section `.text' of build/src/frontend/common/femenuoptions.c.o
`TransitionOn__12tOptionsMenu' referenced in section `.rodata' of build/asm/data/rdata_80010000.rodata.s.o: defined in discarded section `.text' of build/src/frontend/common/femenuoptions.c.o
`TransitionIsFinished__12tOptionsMenu' referenced in section `.rodata' of build/asm/data/rdata_80010000.rodata.s.o: defined in discarded section `.text' of build/src/frontend/common/femenuoptions.c.o
`IsSubMenu__5tMenu' referenced in section `.rodata' of build/asm/data/rdata_80010000.rodata.s.o: defined in discarded section `.text' of build/src/frontend/common/femenu.c.o
`Draw__12tOptionsMenu' referenced in section `.rodata' of build/asm/data/rdata_80010000.rodata.s.o: defined in discarded section `.text' of build/src/frontend/common/femenuoptions.c.o
`UpdateTransition__12tOptionsMenu' referenced in section `.rodata' of build/asm/data/rdata_80010000.rodata.s.o: defined in discarded section `.text' of build/src/frontend/common/femenuoptions.c.o
`___22tMenuItemLeftRightFade' referenced in section `.rodata' of build/asm/data/rdata_80010000.rodata.s.o: defined in discarded section `.text' of build/src/frontend/common/femenuoptions.c.o
`DebounceKeys__9tMenuItem' referenced in section `.rodata' of build/asm/data/rdata_80010000.rodata.s.o: defined in discarded section `.text' of build/src/frontend/common/femenu.c.o
`ProcessInput__24tMenuItemLeftRightChoice7tPlayerR13tInputKeyTypeR12tMenuCommand' referenced in section `.rodata' of build/asm/data/rdata_80010000.rodata.s.o: defined in discarded section `.text' of build/src/frontend/common/femenu.c.o
`Draw__24tMenuItemLeftRightChoiceb' referenced in section `.rodata' of build/asm/data/rdata_80010000.rodata.s.o: defined in discarded section `.text' of build/src/frontend/common/femenu.c.o
`Draw__9tMenuItemiib' referenced in section `.rodata' of build/asm/data/rdata_80010000.rodata.s.o: defined in discarded section `.text' of build/src/frontend/common/femenu.c.o
`Draw__9tMenuItemiiib' referenced in section `.rodata' of build/asm/data/rdata_80010000.rodata.s.o: defined in discarded section `.text' of build/src/frontend/common/femenu.c.o
`TransitionOff__22tMenuItemLeftRightFade' referenced in section `.rodata' of build/asm/data/rdata_80010000.rodata.s.o: defined in discarded section `.text' of build/src/frontend/common/femenuoptions.c.o
`TransitionOn__22tMenuItemLeftRightFade' referenced in section `.rodata' of build/asm/data/rdata_80010000.rodata.s.o: defined in discarded section `.text' of build/src/frontend/common/femenuoptions.c.o
`TransitionIsFinished__22tMenuItemLeftRightFade' referenced in section `.rodata' of build/asm/data/rdata_80010000.rodata.s.o: defined in discarded section `.text' of build/src/frontend/common/femenuoptions.c.o
`UpdateTransition__22tMenuItemLeftRightFadeb' referenced in section `.rodata' of build/asm/data/rdata_80010000.rodata.s.o: defined in discarded section `.text' of build/src/frontend/common/femenuoptions.c.o
`___18tListIteratorTrack' referenced in section `.rodata' of build/asm/data/rdata_80010000.rodata.s.o: defined in discarded section `.text' of build/src/frontend/common/fetracks.c.o
`Value__20tListIteratorIndexed7tPlayer' referenced in section `.rodata' of build/asm/data/rdata_80010000.rodata.s.o: defined in discarded section `.text' of build/src/frontend/common/femenu.c.o
`TextValue__18tListIteratorTrack7tPlayer' referenced in section `.rodata' of build/asm/data/rdata_80010000.rodata.s.o: defined in discarded section `.text' of build/src/frontend/common/fetracks.c.o
`Increment__18tListIteratorTrack7tPlayer' referenced in section `.rodata' of build/asm/data/rdata_80010000.rodata.s.o: defined in discarded section `.text' of build/src/frontend/common/fetracks.c.o
`Decrement__18tListIteratorTrack7tPlayer' referenced in section `.rodata' of build/asm/data/rdata_80010000.rodata.s.o: defined in discarded section `.text' of build/src/frontend/common/fetracks.c.o
`.L8002327C' referenced in section `.rodata' of build/asm/data/rdata_80010000.rodata.s.o: defined in discarded section `.text' of build/src/frontend/common/fecheats.c.o
`.L8002327C' referenced in section `.rodata' of build/asm/data/rdata_80010000.rodata.s.o: defined in discarded section `.text' of build/src/frontend/common/fecheats.c.o
`.L8002327C' referenced in section `.rodata' of build/asm/data/rdata_80010000.rodata.s.o: defined in discarded section `.text' of build/src/frontend/common/fecheats.c.o
`.L8002327C' referenced in section `.rodata' of build/asm/data/rdata_80010000.rodata.s.o: defined in discarded section `.text' of build/src/frontend/common/fecheats.c.o
`.L8002327C' referenced in section `.rodata' of build/asm/data/rdata_80010000.rodata.s.o: defined in discarded section `.text' of build/src/frontend/common/fecheats.c.o
`.L8002327C' referenced in section `.rodata' of build/asm/data/rdata_80010000.rodata.s.o: defined in discarded section `.text' of build/src/frontend/common/fecheats.c.o
`.L8002327C' referenced in section `.rodata' of build/asm/data/rdata_80010000.rodata.s.o: defined in discarded section `.text' of build/src/frontend/common/fecheats.c.o
`.L8002327C' referenced in section `.rodata' of build/asm/data/rdata_80010000.rodata.s.o: defined in discarded section `.text' of build/src/frontend/common/fecheats.c.o
`.L800233FC' referenced in section `.rodata' of build/asm/data/rdata_80010000.rodata.s.o: defined in discarded section `.text' of build/src/frontend/common/fecheats.c.o
`.L800233FC' referenced in section `.rodata' of build/asm/data/rdata_80010000.rodata.s.o: defined in discarded section `.text' of build/src/frontend/common/fecheats.c.o
`.L800233FC' referenced in section `.rodata' of build/asm/data/rdata_80010000.rodata.s.o: defined in discarded section `.text' of build/src/frontend/common/fecheats.c.o
`.L80023294' referenced in section `.rodata' of build/asm/data/rdata_80010000.rodata.s.o: defined in discarded section `.text' of build/src/frontend/common/fecheats.c.o
`.L800233FC' referenced in section `.rodata' of build/asm/data/rdata_80010000.rodata.s.o: defined in discarded section `.text' of build/src/frontend/common/fecheats.c.o
`.L800232C8' referenced in section `.rodata' of build/asm/data/rdata_80010000.rodata.s.o: defined in discarded section `.text' of build/src/frontend/common/fecheats.c.o
`.L80023328' referenced in section `.rodata' of build/asm/data/rdata_80010000.rodata.s.o: defined in discarded section `.text' of build/src/frontend/common/fecheats.c.o
`.L800233FC' referenced in section `.rodata' of build/asm/data/rdata_80010000.rodata.s.o: defined in discarded section `.text' of build/src/frontend/common/fecheats.c.o
`.L800233FC' referenced in section `.rodata' of build/asm/data/rdata_80010000.rodata.s.o: defined in discarded section `.text' of build/src/frontend/common/fecheats.c.o
`.L800233FC' referenced in section `.rodata' of build/asm/data/rdata_80010000.rodata.s.o: defined in discarded section `.text' of build/src/frontend/common/fecheats.c.o
`.L800233FC' referenced in section `.rodata' of build/asm/data/rdata_80010000.rodata.s.o: defined in discarded section `.text' of build/src/frontend/common/fecheats.c.o
`.L8002337C' referenced in section `.rodata' of build/asm/data/rdata_80010000.rodata.s.o: defined in discarded section `.text' of build/src/frontend/common/fecheats.c.o
`.L80023364' referenced in section `.rodata' of build/asm/data/rdata_80010000.rodata.s.o: defined in discarded section `.text' of build/src/frontend/common/fecheats.c.o
`.L800233FC' referenced in section `.rodata' of build/asm/data/rdata_80010000.rodata.s.o: defined in discarded section `.text' of build/src/frontend/common/fecheats.c.o
`.L80023328' referenced in section `.rodata' of build/asm/data/rdata_80010000.rodata.s.o: defined in discarded section `.text' of build/src/frontend/common/fecheats.c.o
`.L80023344' referenced in section `.rodata' of build/asm/data/rdata_80010000.rodata.s.o: defined in discarded section `.text' of build/src/frontend/common/fecheats.c.o
`.L800233FC' referenced in section `.rodata' of build/asm/data/rdata_80010000.rodata.s.o: defined in discarded section `.text' of build/src/frontend/common/fecheats.c.o
`.L800233FC' referenced in section `.rodata' of build/asm/data/rdata_80010000.rodata.s.o: defined in discarded section `.text' of build/src/frontend/common/fecheats.c.o
`.L800233FC' referenced in section `.rodata' of build/asm/data/rdata_80010000.rodata.s.o: defined in discarded section `.text' of build/src/frontend/common/fecheats.c.o
`.L800233CC' referenced in section `.rodata' of build/asm/data/rdata_80010000.rodata.s.o: defined in discarded section `.text' of build/src/frontend/common/fecheats.c.o
`.L800233CC' referenced in section `.rodata' of build/asm/data/rdata_80010000.rodata.s.o: defined in discarded section `.text' of build/src/frontend/common/fecheats.c.o
`.L800233CC' referenced in section `.rodata' of build/asm/data/rdata_80010000.rodata.s.o: defined in discarded section `.text' of build/src/frontend/common/fecheats.c.o
`.L800233CC' referenced in section `.rodata' of build/asm/data/rdata_80010000.rodata.s.o: defined in discarded section `.text' of build/src/frontend/common/fecheats.c.o
`___5tMenu' referenced in section `.rodata' of build/asm/data/rdata_80010000.rodata.s.o: defined in discarded section `.text' of build/src/frontend/common/femenu.c.o
`Initialize__5tMenu' referenced in section `.rodata' of build/asm/data/rdata_80010000.rodata.s.o: defined in discarded section `.text' of build/src/frontend/common/femenu.c.o
`ProcessInput__5tMenu7tPlayerR13tInputKeyTypeR12tMenuCommand' referenced in section `.rodata' of build/asm/data/rdata_80010000.rodata.s.o: defined in discarded section `.text' of build/src/frontend/common/femenu.c.o
`DebounceKeys__5tMenu' referenced in section `.rodata' of build/asm/data/rdata_80010000.rodata.s.o: defined in discarded section `.text' of build/src/frontend/common/femenu.c.o
`TransitionOff__5tMenu' referenced in section `.rodata' of build/asm/data/rdata_80010000.rodata.s.o: defined in discarded section `.text' of build/src/frontend/common/femenu.c.o
`TransitionOn__5tMenu' referenced in section `.rodata' of build/asm/data/rdata_80010000.rodata.s.o: defined in discarded section `.text' of build/src/frontend/common/femenu.c.o
`TransitionIsFinished__5tMenu' referenced in section `.rodata' of build/asm/data/rdata_80010000.rodata.s.o: defined in discarded section `.text' of build/src/frontend/common/femenu.c.o
`IsSubMenu__5tMenu' referenced in section `.rodata' of build/asm/data/rdata_80010000.rodata.s.o: defined in discarded section `.text' of build/src/frontend/common/femenu.c.o
`Draw__5tMenu' referenced in section `.rodata' of build/asm/data/rdata_80010000.rodata.s.o: defined in discarded section `.text' of build/src/frontend/common/femenu.c.o
`UpdateTransition__5tMenu' referenced in section `.rodata' of build/asm/data/rdata_80010000.rodata.s.o: defined in discarded section `.text' of build/src/frontend/common/femenu.c.o
`___23tMenuItemGoToMenuButton' referenced in section `.rodata' of build/asm/data/rdata_80010000.rodata.s.o: defined in discarded section `.text' of build/src/frontend/common/femenu.c.o
`DebounceKeys__9tMenuItem' referenced in section `.rodata' of build/asm/data/rdata_80010000.rodata.s.o: defined in discarded section `.text' of build/src/frontend/common/femenu.c.o
`ProcessInput__23tMenuItemGoToMenuButton7tPlayerR13tInputKeyTypeR12tMenuCommand' referenced in section `.rodata' of build/asm/data/rdata_80010000.rodata.s.o: defined in discarded section `.text' of build/src/frontend/common/femenu.c.o
`__pure_virtual' referenced in section `.rodata' of build/asm/data/rdata_80010000.rodata.s.o: defined in discarded section `.text' of build/src/syslib/psx/libsn/PUREV.c.o
`Draw__9tMenuItemiib' referenced in section `.rodata' of build/asm/data/rdata_80010000.rodata.s.o: defined in discarded section `.text' of build/src/frontend/common/femenu.c.o
`Draw__9tMenuItemiiib' referenced in section `.rodata' of build/asm/data/rdata_80010000.rodata.s.o: defined in discarded section `.text' of build/src/frontend/common/femenu.c.o
`TransitionOff__9tMenuItem' referenced in section `.rodata' of build/asm/data/rdata_80010000.rodata.s.o: defined in discarded section `.text' of build/src/frontend/common/femenu.c.o
`TransitionOn__9tMenuItem' referenced in section `.rodata' of build/asm/data/rdata_80010000.rodata.s.o: defined in discarded section `.text' of build/src/frontend/common/femenu.c.o
`TransitionIsFinished__9tMenuItem' referenced in section `.rodata' of build/asm/data/rdata_80010000.rodata.s.o: defined in discarded section `.text' of build/src/frontend/common/femenu.c.o
`UpdateTransition__9tMenuItemb' referenced in section `.rodata' of build/asm/data/rdata_80010000.rodata.s.o: defined in discarded section `.text' of build/src/frontend/common/femenu.c.o
`___24tMenuItemLeftRightSlider' referenced in section `.rodata' of build/asm/data/rdata_80010000.rodata.s.o: defined in discarded section `.text' of build/src/frontend/common/femenu.c.o
`DebounceKeys__24tMenuItemLeftRightSlider' referenced in section `.rodata' of build/asm/data/rdata_80010000.rodata.s.o: defined in discarded section `.text' of build/src/frontend/common/femenu.c.o
`ProcessInput__24tMenuItemLeftRightSlider7tPlayerR13tInputKeyTypeR12tMenuCommand' referenced in section `.rodata' of build/asm/data/rdata_80010000.rodata.s.o: defined in discarded section `.text' of build/src/frontend/common/femenu.c.o
`Draw__24tMenuItemLeftRightSliderb' referenced in section `.rodata' of build/asm/data/rdata_80010000.rodata.s.o: defined in discarded section `.text' of build/src/frontend/common/femenu.c.o
`Draw__9tMenuItemiib' referenced in section `.rodata' of build/asm/data/rdata_80010000.rodata.s.o: defined in discarded section `.text' of build/src/frontend/common/femenu.c.o
`Draw__9tMenuItemiiib' referenced in section `.rodata' of build/asm/data/rdata_80010000.rodata.s.o: defined in discarded section `.text' of build/src/frontend/common/femenu.c.o
`TransitionOff__9tMenuItem' referenced in section `.rodata' of build/asm/data/rdata_80010000.rodata.s.o: defined in discarded section `.text' of build/src/frontend/common/femenu.c.o
`TransitionOn__9tMenuItem' referenced in section `.rodata' of build/asm/data/rdata_80010000.rodata.s.o: defined in discarded section `.text' of build/src/frontend/common/femenu.c.o
`TransitionIsFinished__9tMenuItem' referenced in section `.rodata' of build/asm/data/rdata_80010000.rodata.s.o: defined in discarded section `.text' of build/src/frontend/common/femenu.c.o
`UpdateTransition__9tMenuItemb' referenced in section `.rodata' of build/asm/data/rdata_80010000.rodata.s.o: defined in discarded section `.text' of build/src/frontend/common/femenu.c.o
`___24tMenuItemLeftRightChoice' referenced in section `.rodata' of build/asm/data/rdata_80010000.rodata.s.o: defined in discarded section `.text' of build/src/frontend/common/femenu.c.o
`DebounceKeys__9tMenuItem' referenced in section `.rodata' of build/asm/data/rdata_80010000.rodata.s.o: defined in discarded section `.text' of build/src/frontend/common/femenu.c.o
`ProcessInput__24tMenuItemLeftRightChoice7tPlayerR13tInputKeyTypeR12tMenuCommand' referenced in section `.rodata' of build/asm/data/rdata_80010000.rodata.s.o: defined in discarded section `.text' of build/src/frontend/common/femenu.c.o
`Draw__24tMenuItemLeftRightChoiceb' referenced in section `.rodata' of build/asm/data/rdata_80010000.rodata.s.o: defined in discarded section `.text' of build/src/frontend/common/femenu.c.o
`Draw__9tMenuItemiib' referenced in section `.rodata' of build/asm/data/rdata_80010000.rodata.s.o: defined in discarded section `.text' of build/src/frontend/common/femenu.c.o
`Draw__9tMenuItemiiib' referenced in section `.rodata' of build/asm/data/rdata_80010000.rodata.s.o: defined in discarded section `.text' of build/src/frontend/common/femenu.c.o
`TransitionOff__9tMenuItem' referenced in section `.rodata' of build/asm/data/rdata_80010000.rodata.s.o: defined in discarded section `.text' of build/src/frontend/common/femenu.c.o
`TransitionOn__9tMenuItem' referenced in section `.rodata' of build/asm/data/rdata_80010000.rodata.s.o: defined in discarded section `.text' of build/src/frontend/common/femenu.c.o
`TransitionIsFinished__9tMenuItem' referenced in section `.rodata' of build/asm/data/rdata_80010000.rodata.s.o: defined in discarded section `.text' of build/src/frontend/common/femenu.c.o
`UpdateTransition__9tMenuItemb' referenced in section `.rodata' of build/asm/data/rdata_80010000.rodata.s.o: defined in discarded section `.text' of build/src/frontend/common/femenu.c.o
`___20tMenuItemInteractive' referenced in section `.rodata' of build/asm/data/rdata_80010000.rodata.s.o: defined in discarded section `.text' of build/src/frontend/common/femenu.c.o
`DebounceKeys__9tMenuItem' referenced in section `.rodata' of build/asm/data/rdata_80010000.rodata.s.o: defined in discarded section `.text' of build/src/frontend/common/femenu.c.o
`ProcessInput__9tMenuItem7tPlayerR13tInputKeyTypeR12tMenuCommand' referenced in section `.rodata' of build/asm/data/rdata_80010000.rodata.s.o: defined in discarded section `.text' of build/src/frontend/common/femenu.c.o
`__pure_virtual' referenced in section `.rodata' of build/asm/data/rdata_80010000.rodata.s.o: defined in discarded section `.text' of build/src/syslib/psx/libsn/PUREV.c.o
`Draw__9tMenuItemiib' referenced in section `.rodata' of build/asm/data/rdata_80010000.rodata.s.o: defined in discarded section `.text' of build/src/frontend/common/femenu.c.o
`Draw__9tMenuItemiiib' referenced in section `.rodata' of build/asm/data/rdata_80010000.rodata.s.o: defined in discarded section `.text' of build/src/frontend/common/femenu.c.o
`TransitionOff__9tMenuItem' referenced in section `.rodata' of build/asm/data/rdata_80010000.rodata.s.o: defined in discarded section `.text' of build/src/frontend/common/femenu.c.o
`TransitionOn__9tMenuItem' referenced in section `.rodata' of build/asm/data/rdata_80010000.rodata.s.o: defined in discarded section `.text' of build/src/frontend/common/femenu.c.o
`TransitionIsFinished__9tMenuItem' referenced in section `.rodata' of build/asm/data/rdata_80010000.rodata.s.o: defined in discarded section `.text' of build/src/frontend/common/femenu.c.o
`UpdateTransition__9tMenuItemb' referenced in section `.rodata' of build/asm/data/rdata_80010000.rodata.s.o: defined in discarded section `.text' of build/src/frontend/common/femenu.c.o
`___9tMenuItem' referenced in section `.rodata' of build/asm/data/rdata_80010000.rodata.s.o: defined in discarded section `.text' of build/src/frontend/common/femenu.c.o
`DebounceKeys__9tMenuItem' referenced in section `.rodata' of build/asm/data/rdata_80010000.rodata.s.o: defined in discarded section `.text' of build/src/frontend/common/femenu.c.o
`ProcessInput__9tMenuItem7tPlayerR13tInputKeyTypeR12tMenuCommand' referenced in section `.rodata' of build/asm/data/rdata_80010000.rodata.s.o: defined in discarded section `.text' of build/src/frontend/common/femenu.c.o
`__pure_virtual' referenced in section `.rodata' of build/asm/data/rdata_80010000.rodata.s.o: defined in discarded section `.text' of build/src/syslib/psx/libsn/PUREV.c.o
`Draw__9tMenuItemiib' referenced in section `.rodata' of build/asm/data/rdata_80010000.rodata.s.o: defined in discarded section `.text' of build/src/frontend/common/femenu.c.o
`Draw__9tMenuItemiiib' referenced in section `.rodata' of build/asm/data/rdata_80010000.rodata.s.o: defined in discarded section `.text' of build/src/frontend/common/femenu.c.o
`TransitionOff__9tMenuItem' referenced in section `.rodata' of build/asm/data/rdata_80010000.rodata.s.o: defined in discarded section `.text' of build/src/frontend/common/femenu.c.o
`TransitionOn__9tMenuItem' referenced in section `.rodata' of build/asm/data/rdata_80010000.rodata.s.o: defined in discarded section `.text' of build/src/frontend/common/femenu.c.o
`TransitionIsFinished__9tMenuItem' referenced in section `.rodata' of build/asm/data/rdata_80010000.rodata.s.o: defined in discarded section `.text' of build/src/frontend/common/femenu.c.o
`UpdateTransition__9tMenuItemb' referenced in section `.rodata' of build/asm/data/rdata_80010000.rodata.s.o: defined in discarded section `.text' of build/src/frontend/common/femenu.c.o
`___25tListIteratorRangeIndexed' referenced in section `.rodata' of build/asm/data/rdata_80010000.rodata.s.o: defined in discarded section `.text' of build/src/frontend/common/femenu.c.o
`Value__25tListIteratorRangeIndexed7tPlayer' referenced in section `.rodata' of build/asm/data/rdata_80010000.rodata.s.o: defined in discarded section `.text' of build/src/frontend/common/femenu.c.o
`TextValue__18tListIteratorRange7tPlayer' referenced in section `.rodata' of build/asm/data/rdata_80010000.rodata.s.o: defined in discarded section `.text' of build/src/frontend/common/femenu.c.o
`Increment__25tListIteratorRangeIndexed7tPlayer' referenced in section `.rodata' of build/asm/data/rdata_80010000.rodata.s.o: defined in discarded section `.text' of build/src/frontend/common/femenu.c.o
`Decrement__25tListIteratorRangeIndexed7tPlayer' referenced in section `.rodata' of build/asm/data/rdata_80010000.rodata.s.o: defined in discarded section `.text' of build/src/frontend/common/femenu.c.o
`___18tListIteratorRange' referenced in section `.rodata' of build/asm/data/rdata_80010000.rodata.s.o: defined in discarded section `.text' of build/src/frontend/common/femenu.c.o
`Value__18tListIteratorRange7tPlayer' referenced in section `.rodata' of build/asm/data/rdata_80010000.rodata.s.o: defined in discarded section `.text' of build/src/frontend/common/femenu.c.o
`TextValue__18tListIteratorRange7tPlayer' referenced in section `.rodata' of build/asm/data/rdata_80010000.rodata.s.o: defined in discarded section `.text' of build/src/frontend/common/femenu.c.o
`Increment__18tListIteratorRange7tPlayer' referenced in section `.rodata' of build/asm/data/rdata_80010000.rodata.s.o: defined in discarded section `.text' of build/src/frontend/common/femenu.c.o
`Decrement__18tListIteratorRange7tPlayer' referenced in section `.rodata' of build/asm/data/rdata_80010000.rodata.s.o: defined in discarded section `.text' of build/src/frontend/common/femenu.c.o
`___24tListIteratorMultiPlayer' referenced in section `.rodata' of build/asm/data/rdata_80010000.rodata.s.o: defined in discarded section `.text' of build/src/frontend/common/femenu.c.o
`Value__24tListIteratorMultiPlayer7tPlayer' referenced in section `.rodata' of build/asm/data/rdata_80010000.rodata.s.o: defined in discarded section `.text' of build/src/frontend/common/femenu.c.o
`TextValue__24tListIteratorMultiPlayer7tPlayer' referenced in section `.rodata' of build/asm/data/rdata_80010000.rodata.s.o: defined in discarded section `.text' of build/src/frontend/common/femenu.c.o
`Increment__24tListIteratorMultiPlayer7tPlayer' referenced in section `.rodata' of build/asm/data/rdata_80010000.rodata.s.o: defined in discarded section `.text' of build/src/frontend/common/femenu.c.o
`Decrement__24tListIteratorMultiPlayer7tPlayer' referenced in section `.rodata' of build/asm/data/rdata_80010000.rodata.s.o: defined in discarded section `.text' of build/src/frontend/common/femenu.c.o
`___26tListIteratorDoubleIndexed' referenced in section `.rodata' of build/asm/data/rdata_80010000.rodata.s.o: defined in discarded section `.text' of build/src/frontend/common/femenu.c.o
`Value__26tListIteratorDoubleIndexed7tPlayer' referenced in section `.rodata' of build/asm/data/rdata_80010000.rodata.s.o: defined in discarded section `.text' of build/src/frontend/common/femenu.c.o
`TextValue__26tListIteratorDoubleIndexed7tPlayer' referenced in section `.rodata' of build/asm/data/rdata_80010000.rodata.s.o: defined in discarded section `.text' of build/src/frontend/common/femenu.c.o
`Increment__26tListIteratorDoubleIndexed7tPlayer' referenced in section `.rodata' of build/asm/data/rdata_80010000.rodata.s.o: defined in discarded section `.text' of build/src/frontend/common/femenu.c.o
`Decrement__26tListIteratorDoubleIndexed7tPlayer' referenced in section `.rodata' of build/asm/data/rdata_80010000.rodata.s.o: defined in discarded section `.text' of build/src/frontend/common/femenu.c.o
`___20tListIteratorIndexed' referenced in section `.rodata' of build/asm/data/rdata_80010000.rodata.s.o: defined in discarded section `.text' of build/src/frontend/common/femenu.c.o
`Value__20tListIteratorIndexed7tPlayer' referenced in section `.rodata' of build/asm/data/rdata_80010000.rodata.s.o: defined in discarded section `.text' of build/src/frontend/common/femenu.c.o
`TextValue__20tListIteratorIndexed7tPlayer' referenced in section `.rodata' of build/asm/data/rdata_80010000.rodata.s.o: defined in discarded section `.text' of build/src/frontend/common/femenu.c.o
`Increment__20tListIteratorIndexed7tPlayer' referenced in section `.rodata' of build/asm/data/rdata_80010000.rodata.s.o: defined in discarded section `.text' of build/src/frontend/common/femenu.c.o
`Decrement__20tListIteratorIndexed7tPlayer' referenced in section `.rodata' of build/asm/data/rdata_80010000.rodata.s.o: defined in discarded section `.text' of build/src/frontend/common/femenu.c.o
`___13tListIterator' referenced in section `.rodata' of build/asm/data/rdata_80010000.rodata.s.o: defined in discarded section `.text' of build/src/frontend/common/femenu.c.o
`Value__13tListIterator7tPlayer' referenced in section `.rodata' of build/asm/data/rdata_80010000.rodata.s.o: defined in discarded section `.text' of build/src/frontend/common/femenu.c.o
`TextValue__13tListIterator7tPlayer' referenced in section `.rodata' of build/asm/data/rdata_80010000.rodata.s.o: defined in discarded section `.text' of build/src/frontend/common/femenu.c.o
`Increment__13tListIterator7tPlayer' referenced in section `.rodata' of build/asm/data/rdata_80010000.rodata.s.o: defined in discarded section `.text' of build/src/frontend/common/femenu.c.o
`Decrement__13tListIterator7tPlayer' referenced in section `.rodata' of build/asm/data/rdata_80010000.rodata.s.o: defined in discarded section `.text' of build/src/frontend/common/femenu.c.o
`GetShapeInfo__7tScreenRsT1PPcT3' referenced in section `.rodata' of build/asm/data/rdata_80010000.rodata.s.o: defined in discarded section `.text' of build/src/frontend/common/fescreen.c.o
`DrawBackground__7tScreen' referenced in section `.rodata' of build/asm/data/rdata_80010000.rodata.s.o: defined in discarded section `.text' of build/src/frontend/common/fescreen.c.o
`DrawForeground__7tScreen' referenced in section `.rodata' of build/asm/data/rdata_80010000.rodata.s.o: defined in discarded section `.text' of build/src/frontend/common/fescreen.c.o
`___7tScreen' referenced in section `.rodata' of build/asm/data/rdata_80010000.rodata.s.o: defined in discarded section `.text' of build/src/frontend/common/fescreen.c.o
`PreLoad__7tScreen' referenced in section `.rodata' of build/asm/data/rdata_80010000.rodata.s.o: defined in discarded section `.text' of build/src/frontend/common/fescreen.c.o
`Initialize__7tScreen' referenced in section `.rodata' of build/asm/data/rdata_80010000.rodata.s.o: defined in discarded section `.text' of build/src/frontend/common/fescreen.c.o
`Cleanup__7tScreen' referenced in section `.rodata' of build/asm/data/rdata_80010000.rodata.s.o: defined in discarded section `.text' of build/src/frontend/common/fescreen.c.o
`TransitionIsFinished__7tScreen' referenced in section `.rodata' of build/asm/data/rdata_80010000.rodata.s.o: defined in discarded section `.text' of build/src/frontend/common/fescreen.c.o
`ProcessInput__7tScreen7tPlayerR13tInputKeyTypeR12tMenuCommand' referenced in section `.rodata' of build/asm/data/rdata_80010000.rodata.s.o: defined in discarded section `.text' of build/src/frontend/common/fescreen.c.o
`___32tBlankMenuItemGoToMenuNFS4Button' referenced in section `.rodata' of build/asm/data/rdata_80010000.rodata.s.o: defined in discarded section `.text' of build/src/frontend/common/femenudefs.c.o
`DebounceKeys__9tMenuItem' referenced in section `.rodata' of build/asm/data/rdata_80010000.rodata.s.o: defined in discarded section `.text' of build/src/frontend/common/femenu.c.o
`ProcessInput__23tMenuItemGoToMenuButton7tPlayerR13tInputKeyTypeR12tMenuCommand' referenced in section `.rodata' of build/asm/data/rdata_80010000.rodata.s.o: defined in discarded section `.text' of build/src/frontend/common/femenu.c.o
`Draw__32tBlankMenuItemGoToMenuNFS4Buttonb' referenced in section `.rodata' of build/asm/data/rdata_80010000.rodata.s.o: defined in discarded section `.text' of build/src/frontend/common/femenudefs.c.o
`Draw__32tBlankMenuItemGoToMenuNFS4Buttoniib' referenced in section `.rodata' of build/asm/data/rdata_80010000.rodata.s.o: defined in discarded section `.text' of build/src/frontend/common/femenudefs.c.o
`Draw__9tMenuItemiiib' referenced in section `.rodata' of build/asm/data/rdata_80010000.rodata.s.o: defined in discarded section `.text' of build/src/frontend/common/femenu.c.o
`TransitionOff__27tMenuItemGoToMenuNFS4Button' referenced in section `.rodata' of build/asm/data/rdata_80010000.rodata.s.o: defined in discarded section `.text' of build/src/frontend/common/femenuextended.c.o
`TransitionOn__27tMenuItemGoToMenuNFS4Button' referenced in section `.rodata' of build/asm/data/rdata_80010000.rodata.s.o: defined in discarded section `.text' of build/src/frontend/common/femenuextended.c.o
`TransitionIsFinished__32tBlankMenuItemGoToMenuNFS4Button' referenced in section `.rodata' of build/asm/data/rdata_80010000.rodata.s.o: defined in discarded section `.text' of build/src/frontend/common/femenudefs.c.o
`UpdateTransition__27tMenuItemGoToMenuNFS4Buttonb' referenced in section `.rodata' of build/asm/data/rdata_80010000.rodata.s.o: defined in discarded section `.text' of build/src/frontend/common/femenuextended.c.o
`___33tBlankMenuItemNFS4LeftRightChoice' referenced in section `.rodata' of build/asm/data/rdata_80010000.rodata.s.o: defined in discarded section `.text' of build/src/frontend/common/femenudefs.c.o
`DebounceKeys__9tMenuItem' referenced in section `.rodata' of build/asm/data/rdata_80010000.rodata.s.o: defined in discarded section `.text' of build/src/frontend/common/femenu.c.o
`ProcessInput__24tMenuItemLeftRightChoice7tPlayerR13tInputKeyTypeR12tMenuCommand' referenced in section `.rodata' of build/asm/data/rdata_80010000.rodata.s.o: defined in discarded section `.text' of build/src/frontend/common/femenu.c.o
`Draw__24tMenuItemLeftRightChoiceb' referenced in section `.rodata' of build/asm/data/rdata_80010000.rodata.s.o: defined in discarded section `.text' of build/src/frontend/common/femenu.c.o
`Draw__33tBlankMenuItemNFS4LeftRightChoiceiib' referenced in section `.rodata' of build/asm/data/rdata_80010000.rodata.s.o: defined in discarded section `.text' of build/src/frontend/common/femenudefs.c.o
`Draw__9tMenuItemiiib' referenced in section `.rodata' of build/asm/data/rdata_80010000.rodata.s.o: defined in discarded section `.text' of build/src/frontend/common/femenu.c.o
`TransitionOff__28tMenuItemNFS4LeftRightChoice' referenced in section `.rodata' of build/asm/data/rdata_80010000.rodata.s.o: defined in discarded section `.text' of build/src/frontend/common/femenuextended.c.o
`TransitionOn__28tMenuItemNFS4LeftRightChoice' referenced in section `.rodata' of build/asm/data/rdata_80010000.rodata.s.o: defined in discarded section `.text' of build/src/frontend/common/femenuextended.c.o
`TransitionIsFinished__33tBlankMenuItemNFS4LeftRightChoice' referenced in section `.rodata' of build/asm/data/rdata_80010000.rodata.s.o: defined in discarded section `.text' of build/src/frontend/common/femenudefs.c.o
`UpdateTransition__28tMenuItemNFS4LeftRightChoiceb' referenced in section `.rodata' of build/asm/data/rdata_80010000.rodata.s.o: defined in discarded section `.text' of build/src/frontend/common/femenuextended.c.o
`___23tListIteratorTournament' referenced in section `.rodata' of build/asm/data/rdata_80010000.rodata.s.o: defined in discarded section `.text' of build/src/frontend/common/fetourn.c.o
`Value__23tListIteratorTournament7tPlayer' referenced in section `.rodata' of build/asm/data/rdata_80010000.rodata.s.o: defined in discarded section `.text' of build/src/frontend/common/fetourn.c.o
`TextValue__23tListIteratorTournament7tPlayer' referenced in section `.rodata' of build/asm/data/rdata_80010000.rodata.s.o: defined in discarded section `.text' of build/src/frontend/common/fetourn.c.o
`Increment__23tListIteratorTournament7tPlayer' referenced in section `.rodata' of build/asm/data/rdata_80010000.rodata.s.o: defined in discarded section `.text' of build/src/frontend/common/fetourn.c.o
`Decrement__23tListIteratorTournament7tPlayer' referenced in section `.rodata' of build/asm/data/rdata_80010000.rodata.s.o: defined in discarded section `.text' of build/src/frontend/common/fetourn.c.o
`.L80034CBC' referenced in section `.rodata' of build/asm/data/rdata_80010000.rodata.s.o: defined in discarded section `.text' of build/src/frontend/common/fememcard.c.o
`.L80034CBC' referenced in section `.rodata' of build/asm/data/rdata_80010000.rodata.s.o: defined in discarded section `.text' of build/src/frontend/common/fememcard.c.o
`.L80034C3C' referenced in section `.rodata' of build/asm/data/rdata_80010000.rodata.s.o: defined in discarded section `.text' of build/src/frontend/common/fememcard.c.o
`.L80034C3C' referenced in section `.rodata' of build/asm/data/rdata_80010000.rodata.s.o: defined in discarded section `.text' of build/src/frontend/common/fememcard.c.o
`.L80034C3C' referenced in section `.rodata' of build/asm/data/rdata_80010000.rodata.s.o: defined in discarded section `.text' of build/src/frontend/common/fememcard.c.o
`.L80034CBC' referenced in section `.rodata' of build/asm/data/rdata_80010000.rodata.s.o: defined in discarded section `.text' of build/src/frontend/common/fememcard.c.o
`.L80034C3C' referenced in section `.rodata' of build/asm/data/rdata_80010000.rodata.s.o: defined in discarded section `.text' of build/src/frontend/common/fememcard.c.o
`.L80034C3C' referenced in section `.rodata' of build/asm/data/rdata_80010000.rodata.s.o: defined in discarded section `.text' of build/src/frontend/common/fememcard.c.o
`.L80034CBC' referenced in section `.rodata' of build/asm/data/rdata_80010000.rodata.s.o: defined in discarded section `.text' of build/src/frontend/common/fememcard.c.o
`.L80034CBC' referenced in section `.rodata' of build/asm/data/rdata_80010000.rodata.s.o: defined in discarded section `.text' of build/src/frontend/common/fememcard.c.o
`.L80034CAC' referenced in section `.rodata' of build/asm/data/rdata_80010000.rodata.s.o: defined in discarded section `.text' of build/src/frontend/common/fememcard.c.o
`.L80034CBC' referenced in section `.rodata' of build/asm/data/rdata_80010000.rodata.s.o: defined in discarded section `.text' of build/src/frontend/common/fememcard.c.o
`.L80034C3C' referenced in section `.rodata' of build/asm/data/rdata_80010000.rodata.s.o: defined in discarded section `.text' of build/src/frontend/common/fememcard.c.o
`.L80034C3C' referenced in section `.rodata' of build/asm/data/rdata_80010000.rodata.s.o: defined in discarded section `.text' of build/src/frontend/common/fememcard.c.o
`.L80034C3C' referenced in section `.rodata' of build/asm/data/rdata_80010000.rodata.s.o: defined in discarded section `.text' of build/src/frontend/common/fememcard.c.o
`.L80034C3C' referenced in section `.rodata' of build/asm/data/rdata_80010000.rodata.s.o: defined in discarded section `.text' of build/src/frontend/common/fememcard.c.o
`.L80034C3C' referenced in section `.rodata' of build/asm/data/rdata_80010000.rodata.s.o: defined in discarded section `.text' of build/src/frontend/common/fememcard.c.o
`.L80034C3C' referenced in section `.rodata' of build/asm/data/rdata_80010000.rodata.s.o: defined in discarded section `.text' of build/src/frontend/common/fememcard.c.o
`.L80034C3C' referenced in section `.rodata' of build/asm/data/rdata_80010000.rodata.s.o: defined in discarded section `.text' of build/src/frontend/common/fememcard.c.o
`.L80034C3C' referenced in section `.rodata' of build/asm/data/rdata_80010000.rodata.s.o: defined in discarded section `.text' of build/src/frontend/common/fememcard.c.o
`.L80034C8C' referenced in section `.rodata' of build/asm/data/rdata_80010000.rodata.s.o: defined in discarded section `.text' of build/src/frontend/common/fememcard.c.o
`.L80034CBC' referenced in section `.rodata' of build/asm/data/rdata_80010000.rodata.s.o: defined in discarded section `.text' of build/src/frontend/common/fememcard.c.o
`.L800351DC' referenced in section `.rodata' of build/asm/data/rdata_80010000.rodata.s.o: defined in discarded section `.text' of build/src/frontend/common/fememcard.c.o
`.L800351DC' referenced in section `.rodata' of build/asm/data/rdata_80010000.rodata.s.o: defined in discarded section `.text' of build/src/frontend/common/fememcard.c.o
`.L8003500C' referenced in section `.rodata' of build/asm/data/rdata_80010000.rodata.s.o: defined in discarded section `.text' of build/src/frontend/common/fememcard.c.o
`.L8003500C' referenced in section `.rodata' of build/asm/data/rdata_80010000.rodata.s.o: defined in discarded section `.text' of build/src/frontend/common/fememcard.c.o
`.L8003500C' referenced in section `.rodata' of build/asm/data/rdata_80010000.rodata.s.o: defined in discarded section `.text' of build/src/frontend/common/fememcard.c.o
`.L800351DC' referenced in section `.rodata' of build/asm/data/rdata_80010000.rodata.s.o: defined in discarded section `.text' of build/src/frontend/common/fememcard.c.o
`.L8003500C' referenced in section `.rodata' of build/asm/data/rdata_80010000.rodata.s.o: defined in discarded section `.text' of build/src/frontend/common/fememcard.c.o
`.L8003500C' referenced in section `.rodata' of build/asm/data/rdata_80010000.rodata.s.o: defined in discarded section `.text' of build/src/frontend/common/fememcard.c.o
`.L800351DC' referenced in section `.rodata' of build/asm/data/rdata_80010000.rodata.s.o: defined in discarded section `.text' of build/src/frontend/common/fememcard.c.o
`.L800351DC' referenced in section `.rodata' of build/asm/data/rdata_80010000.rodata.s.o: defined in discarded section `.text' of build/src/frontend/common/fememcard.c.o
`.L8003500C' referenced in section `.rodata' of build/asm/data/rdata_80010000.rodata.s.o: defined in discarded section `.text' of build/src/frontend/common/fememcard.c.o
`.L8003500C' referenced in section `.rodata' of build/asm/data/rdata_80010000.rodata.s.o: defined in discarded section `.text' of build/src/frontend/common/fememcard.c.o
`.L8003500C' referenced in section `.rodata' of build/asm/data/rdata_80010000.rodata.s.o: defined in discarded section `.text' of build/src/frontend/common/fememcard.c.o
`.L80035074' referenced in section `.rodata' of build/asm/data/rdata_80010000.rodata.s.o: defined in discarded section `.text' of build/src/frontend/common/fememcard.c.o
`.L800351DC' referenced in section `.rodata' of build/asm/data/rdata_80010000.rodata.s.o: defined in discarded section `.text' of build/src/frontend/common/fememcard.c.o
`.L8003500C' referenced in section `.rodata' of build/asm/data/rdata_80010000.rodata.s.o: defined in discarded section `.text' of build/src/frontend/common/fememcard.c.o
`.L8003500C' referenced in section `.rodata' of build/asm/data/rdata_80010000.rodata.s.o: defined in discarded section `.text' of build/src/frontend/common/fememcard.c.o
`.L8003500C' referenced in section `.rodata' of build/asm/data/rdata_80010000.rodata.s.o: defined in discarded section `.text' of build/src/frontend/common/fememcard.c.o
`.L8003500C' referenced in section `.rodata' of build/asm/data/rdata_80010000.rodata.s.o: defined in discarded section `.text' of build/src/frontend/common/fememcard.c.o
`.L8003500C' referenced in section `.rodata' of build/asm/data/rdata_80010000.rodata.s.o: defined in discarded section `.text' of build/src/frontend/common/fememcard.c.o
`.L8003505C' referenced in section `.rodata' of build/asm/data/rdata_80010000.rodata.s.o: defined in discarded section `.text' of build/src/frontend/common/fememcard.c.o
`.L800351DC' referenced in section `.rodata' of build/asm/data/rdata_80010000.rodata.s.o: defined in discarded section `.text' of build/src/frontend/common/fememcard.c.o
`.L800356C0' referenced in section `.rodata' of build/asm/data/rdata_80010000.rodata.s.o: defined in discarded section `.text' of build/src/frontend/common/fememcard.c.o
`.L800356F4' referenced in section `.rodata' of build/asm/data/rdata_80010000.rodata.s.o: defined in discarded section `.text' of build/src/frontend/common/fememcard.c.o
`.L800354E8' referenced in section `.rodata' of build/asm/data/rdata_80010000.rodata.s.o: defined in discarded section `.text' of build/src/frontend/common/fememcard.c.o
`.L800354E8' referenced in section `.rodata' of build/asm/data/rdata_80010000.rodata.s.o: defined in discarded section `.text' of build/src/frontend/common/fememcard.c.o
`.L800354E8' referenced in section `.rodata' of build/asm/data/rdata_80010000.rodata.s.o: defined in discarded section `.text' of build/src/frontend/common/fememcard.c.o
`.L800356F4' referenced in section `.rodata' of build/asm/data/rdata_80010000.rodata.s.o: defined in discarded section `.text' of build/src/frontend/common/fememcard.c.o
`.L800354E8' referenced in section `.rodata' of build/asm/data/rdata_80010000.rodata.s.o: defined in discarded section `.text' of build/src/frontend/common/fememcard.c.o
`.L800354E8' referenced in section `.rodata' of build/asm/data/rdata_80010000.rodata.s.o: defined in discarded section `.text' of build/src/frontend/common/fememcard.c.o
`.L800356F4' referenced in section `.rodata' of build/asm/data/rdata_80010000.rodata.s.o: defined in discarded section `.text' of build/src/frontend/common/fememcard.c.o
`.L800356F4' referenced in section `.rodata' of build/asm/data/rdata_80010000.rodata.s.o: defined in discarded section `.text' of build/src/frontend/common/fememcard.c.o
`.L800354E8' referenced in section `.rodata' of build/asm/data/rdata_80010000.rodata.s.o: defined in discarded section `.text' of build/src/frontend/common/fememcard.c.o
`.L800354E8' referenced in section `.rodata' of build/asm/data/rdata_80010000.rodata.s.o: defined in discarded section `.text' of build/src/frontend/common/fememcard.c.o
`.L800354E8' referenced in section `.rodata' of build/asm/data/rdata_80010000.rodata.s.o: defined in discarded section `.text' of build/src/frontend/common/fememcard.c.o
`.L80035550' referenced in section `.rodata' of build/asm/data/rdata_80010000.rodata.s.o: defined in discarded section `.text' of build/src/frontend/common/fememcard.c.o
`.L800356C0' referenced in section `.rodata' of build/asm/data/rdata_80010000.rodata.s.o: defined in discarded section `.text' of build/src/frontend/common/fememcard.c.o
`.L800354E8' referenced in section `.rodata' of build/asm/data/rdata_80010000.rodata.s.o: defined in discarded section `.text' of build/src/frontend/common/fememcard.c.o
`.L800354E8' referenced in section `.rodata' of build/asm/data/rdata_80010000.rodata.s.o: defined in discarded section `.text' of build/src/frontend/common/fememcard.c.o
`.L800354E8' referenced in section `.rodata' of build/asm/data/rdata_80010000.rodata.s.o: defined in discarded section `.text' of build/src/frontend/common/fememcard.c.o
`.L800354E8' referenced in section `.rodata' of build/asm/data/rdata_80010000.rodata.s.o: defined in discarded section `.text' of build/src/frontend/common/fememcard.c.o
`.L800354E8' referenced in section `.rodata' of build/asm/data/rdata_80010000.rodata.s.o: defined in discarded section `.text' of build/src/frontend/common/fememcard.c.o
`.L80035538' referenced in section `.rodata' of build/asm/data/rdata_80010000.rodata.s.o: defined in discarded section `.text' of build/src/frontend/common/fememcard.c.o
`.L800356F4' referenced in section `.rodata' of build/asm/data/rdata_80010000.rodata.s.o: defined in discarded section `.text' of build/src/frontend/common/fememcard.c.o
`.L80035674' referenced in section `.rodata' of build/asm/data/rdata_80010000.rodata.s.o: defined in discarded section `.text' of build/src/frontend/common/fememcard.c.o
`.L80035674' referenced in section `.rodata' of build/asm/data/rdata_80010000.rodata.s.o: defined in discarded section `.text' of build/src/frontend/common/fememcard.c.o
`.L80035600' referenced in section `.rodata' of build/asm/data/rdata_80010000.rodata.s.o: defined in discarded section `.text' of build/src/frontend/common/fememcard.c.o
`.L80035600' referenced in section `.rodata' of build/asm/data/rdata_80010000.rodata.s.o: defined in discarded section `.text' of build/src/frontend/common/fememcard.c.o
`.L80035600' referenced in section `.rodata' of build/asm/data/rdata_80010000.rodata.s.o: defined in discarded section `.text' of build/src/frontend/common/fememcard.c.o
`.L80035674' referenced in section `.rodata' of build/asm/data/rdata_80010000.rodata.s.o: defined in discarded section `.text' of build/src/frontend/common/fememcard.c.o
`.L80035600' referenced in section `.rodata' of build/asm/data/rdata_80010000.rodata.s.o: defined in discarded section `.text' of build/src/frontend/common/fememcard.c.o
`.L80035600' referenced in section `.rodata' of build/asm/data/rdata_80010000.rodata.s.o: defined in discarded section `.text' of build/src/frontend/common/fememcard.c.o
`.L80035674' referenced in section `.rodata' of build/asm/data/rdata_80010000.rodata.s.o: defined in discarded section `.text' of build/src/frontend/common/fememcard.c.o
`.L80035674' referenced in section `.rodata' of build/asm/data/rdata_80010000.rodata.s.o: defined in discarded section `.text' of build/src/frontend/common/fememcard.c.o
`.L80035668' referenced in section `.rodata' of build/asm/data/rdata_80010000.rodata.s.o: defined in discarded section `.text' of build/src/frontend/common/fememcard.c.o
`.L80035674' referenced in section `.rodata' of build/asm/data/rdata_80010000.rodata.s.o: defined in discarded section `.text' of build/src/frontend/common/fememcard.c.o
`.L80035600' referenced in section `.rodata' of build/asm/data/rdata_80010000.rodata.s.o: defined in discarded section `.text' of build/src/frontend/common/fememcard.c.o
`.L80035600' referenced in section `.rodata' of build/asm/data/rdata_80010000.rodata.s.o: defined in discarded section `.text' of build/src/frontend/common/fememcard.c.o
`.L80035600' referenced in section `.rodata' of build/asm/data/rdata_80010000.rodata.s.o: defined in discarded section `.text' of build/src/frontend/common/fememcard.c.o
`.L80035600' referenced in section `.rodata' of build/asm/data/rdata_80010000.rodata.s.o: defined in discarded section `.text' of build/src/frontend/common/fememcard.c.o
`.L80035600' referenced in section `.rodata' of build/asm/data/rdata_80010000.rodata.s.o: defined in discarded section `.text' of build/src/frontend/common/fememcard.c.o
`.L80035600' referenced in section `.rodata' of build/asm/data/rdata_80010000.rodata.s.o: defined in discarded section `.text' of build/src/frontend/common/fememcard.c.o
`.L80035600' referenced in section `.rodata' of build/asm/data/rdata_80010000.rodata.s.o: defined in discarded section `.text' of build/src/frontend/common/fememcard.c.o
`.L80035600' referenced in section `.rodata' of build/asm/data/rdata_80010000.rodata.s.o: defined in discarded section `.text' of build/src/frontend/common/fememcard.c.o
`.L80035648' referenced in section `.rodata' of build/asm/data/rdata_80010000.rodata.s.o: defined in discarded section `.text' of build/src/frontend/common/fememcard.c.o
`.L80035674' referenced in section `.rodata' of build/asm/data/rdata_80010000.rodata.s.o: defined in discarded section `.text' of build/src/frontend/common/fememcard.c.o
`GetShapeInfo__11tScreenMainRsT1PPcT3' referenced in section `.rodata' of build/asm/data/rdata_80010000.rodata.s.o: defined in discarded section `.text' of build/src/frontend/common/screenmain.c.o
`DrawBackground__11tScreenMain' referenced in section `.rodata' of build/asm/data/rdata_80010000.rodata.s.o: defined in discarded section `.text' of build/src/frontend/common/screenmain.c.o
`DrawForeground__7tScreen' referenced in section `.rodata' of build/asm/data/rdata_80010000.rodata.s.o: defined in discarded section `.text' of build/src/frontend/common/fescreen.c.o
`___11tScreenMain' referenced in section `.rodata' of build/asm/data/rdata_80010000.rodata.s.o: defined in discarded section `.text' of build/src/frontend/common/screenmain.c.o
`PreLoad__11tScreenMain' referenced in section `.rodata' of build/asm/data/rdata_80010000.rodata.s.o: defined in discarded section `.text' of build/src/frontend/common/screenmain.c.o
`Initialize__11tScreenMain' referenced in section `.rodata' of build/asm/data/rdata_80010000.rodata.s.o: defined in discarded section `.text' of build/src/frontend/common/screenmain.c.o
`Cleanup__11tScreenMain' referenced in section `.rodata' of build/asm/data/rdata_80010000.rodata.s.o: defined in discarded section `.text' of build/src/frontend/common/screenmain.c.o
`TransitionIsFinished__7tScreen' referenced in section `.rodata' of build/asm/data/rdata_80010000.rodata.s.o: defined in discarded section `.text' of build/src/frontend/common/fescreen.c.o
`ProcessInput__11tScreenMain7tPlayerR13tInputKeyTypeR12tMenuCommand' referenced in section `.rodata' of build/asm/data/rdata_80010000.rodata.s.o: defined in discarded section `.text' of build/src/frontend/common/screenmain.c.o
`GetShapeInfo__16tScreenPinkSlipsRsT1PPcT3' referenced in section `.rodata' of build/asm/data/rdata_80010000.rodata.s.o: defined in discarded section `.text' of build/src/frontend/common/screenpinkslips.c.o
`DrawBackground__16tScreenPinkSlips' referenced in section `.rodata' of build/asm/data/rdata_80010000.rodata.s.o: defined in discarded section `.text' of build/src/frontend/common/screenpinkslips.c.o
`DrawForeground__7tScreen' referenced in section `.rodata' of build/asm/data/rdata_80010000.rodata.s.o: defined in discarded section `.text' of build/src/frontend/common/fescreen.c.o
`___16tScreenPinkSlips' referenced in section `.rodata' of build/asm/data/rdata_80010000.rodata.s.o: defined in discarded section `.text' of build/src/frontend/common/screenpinkslips.c.o
`PreLoad__7tScreen' referenced in section `.rodata' of build/asm/data/rdata_80010000.rodata.s.o: defined in discarded section `.text' of build/src/frontend/common/fescreen.c.o
`Initialize__16tScreenPinkSlips' referenced in section `.rodata' of build/asm/data/rdata_80010000.rodata.s.o: defined in discarded section `.text' of build/src/frontend/common/screenpinkslips.c.o
`Cleanup__16tScreenPinkSlips' referenced in section `.rodata' of build/asm/data/rdata_80010000.rodata.s.o: defined in discarded section `.text' of build/src/frontend/common/screenpinkslips.c.o
`TransitionIsFinished__7tScreen' referenced in section `.rodata' of build/asm/data/rdata_80010000.rodata.s.o: defined in discarded section `.text' of build/src/frontend/common/fescreen.c.o
`ProcessInput__16tScreenPinkSlips7tPlayerR13tInputKeyTypeR12tMenuCommand' referenced in section `.rodata' of build/asm/data/rdata_80010000.rodata.s.o: defined in discarded section `.text' of build/src/frontend/common/screenpinkslips.c.o
`GetShapeInfo__31tScreenTournamentStandings3itemRsT1PPcT3' referenced in section `.rodata' of build/asm/data/rdata_80010000.rodata.s.o: defined in discarded section `.text' of build/src/frontend/common/screenpost.c.o
`DrawBackground__24tScreenPinkSlipStandings' referenced in section `.rodata' of build/asm/data/rdata_80010000.rodata.s.o: defined in discarded section `.text' of build/src/frontend/common/screenpost.c.o
`DrawForeground__7tScreen' referenced in section `.rodata' of build/asm/data/rdata_80010000.rodata.s.o: defined in discarded section `.text' of build/src/frontend/common/fescreen.c.o
`___24tScreenPinkSlipStandings' referenced in section `.rodata' of build/asm/data/rdata_80010000.rodata.s.o: defined in discarded section `.text' of build/src/frontend/common/screenpost.c.o
`PreLoad__7tScreen' referenced in section `.rodata' of build/asm/data/rdata_80010000.rodata.s.o: defined in discarded section `.text' of build/src/frontend/common/fescreen.c.o
`Initialize__26tScreenTournamentStandings' referenced in section `.rodata' of build/asm/data/rdata_80010000.rodata.s.o: defined in discarded section `.text' of build/src/frontend/common/screenpost.c.o
`Cleanup__26tScreenTournamentStandings' referenced in section `.rodata' of build/asm/data/rdata_80010000.rodata.s.o: defined in discarded section `.text' of build/src/frontend/common/screenpost.c.o
`TransitionIsFinished__7tScreen' referenced in section `.rodata' of build/asm/data/rdata_80010000.rodata.s.o: defined in discarded section `.text' of build/src/frontend/common/fescreen.c.o
`ProcessInput__24tScreenPinkSlipStandings7tPlayerR13tInputKeyTypeR12tMenuCommand' referenced in section `.rodata' of build/asm/data/rdata_80010000.rodata.s.o: defined in discarded section `.text' of build/src/frontend/common/screenpost.c.o
`GetShapeInfo__31tScreenTournamentStandings3itemRsT1PPcT3' referenced in section `.rodata' of build/asm/data/rdata_80010000.rodata.s.o: defined in discarded section `.text' of build/src/frontend/common/screenpost.c.o
`DrawBackground__26tScreenTournamentStandings' referenced in section `.rodata' of build/asm/data/rdata_80010000.rodata.s.o: defined in discarded section `.text' of build/src/frontend/common/screenpost.c.o
`DrawForeground__7tScreen' referenced in section `.rodata' of build/asm/data/rdata_80010000.rodata.s.o: defined in discarded section `.text' of build/src/frontend/common/fescreen.c.o
`___31tScreenTournamentStandings3item' referenced in section `.rodata' of build/asm/data/rdata_80010000.rodata.s.o: defined in discarded section `.text' of build/src/frontend/common/screenpost.c.o
`PreLoad__7tScreen' referenced in section `.rodata' of build/asm/data/rdata_80010000.rodata.s.o: defined in discarded section `.text' of build/src/frontend/common/fescreen.c.o
`Initialize__26tScreenTournamentStandings' referenced in section `.rodata' of build/asm/data/rdata_80010000.rodata.s.o: defined in discarded section `.text' of build/src/frontend/common/screenpost.c.o
`Cleanup__26tScreenTournamentStandings' referenced in section `.rodata' of build/asm/data/rdata_80010000.rodata.s.o: defined in discarded section `.text' of build/src/frontend/common/screenpost.c.o
`TransitionIsFinished__7tScreen' referenced in section `.rodata' of build/asm/data/rdata_80010000.rodata.s.o: defined in discarded section `.text' of build/src/frontend/common/fescreen.c.o
`ProcessInput__26tScreenTournamentStandings7tPlayerR13tInputKeyTypeR12tMenuCommand' referenced in section `.rodata' of build/asm/data/rdata_80010000.rodata.s.o: defined in discarded section `.text' of build/src/frontend/common/screenpost.c.o
`GetShapeInfo__26tScreenTournamentStandingsRsT1PPcT3' referenced in section `.rodata' of build/asm/data/rdata_80010000.rodata.s.o: defined in discarded section `.text' of build/src/frontend/common/screenpost.c.o
`DrawBackground__26tScreenTournamentStandings' referenced in section `.rodata' of build/asm/data/rdata_80010000.rodata.s.o: defined in discarded section `.text' of build/src/frontend/common/screenpost.c.o
`DrawForeground__7tScreen' referenced in section `.rodata' of build/asm/data/rdata_80010000.rodata.s.o: defined in discarded section `.text' of build/src/frontend/common/fescreen.c.o
`___26tScreenTournamentStandings' referenced in section `.rodata' of build/asm/data/rdata_80010000.rodata.s.o: defined in discarded section `.text' of build/src/frontend/common/screenpost.c.o
`PreLoad__7tScreen' referenced in section `.rodata' of build/asm/data/rdata_80010000.rodata.s.o: defined in discarded section `.text' of build/src/frontend/common/fescreen.c.o
`Initialize__26tScreenTournamentStandings' referenced in section `.rodata' of build/asm/data/rdata_80010000.rodata.s.o: defined in discarded section `.text' of build/src/frontend/common/screenpost.c.o
`Cleanup__26tScreenTournamentStandings' referenced in section `.rodata' of build/asm/data/rdata_80010000.rodata.s.o: defined in discarded section `.text' of build/src/frontend/common/screenpost.c.o
`TransitionIsFinished__7tScreen' referenced in section `.rodata' of build/asm/data/rdata_80010000.rodata.s.o: defined in discarded section `.text' of build/src/frontend/common/fescreen.c.o
`ProcessInput__26tScreenTournamentStandings7tPlayerR13tInputKeyTypeR12tMenuCommand' referenced in section `.rodata' of build/asm/data/rdata_80010000.rodata.s.o: defined in discarded section `.text' of build/src/frontend/common/screenpost.c.o
`.L8003AED8' referenced in section `.rodata' of build/asm/data/rdata_80010000.rodata.s.o: defined in discarded section `.text' of build/src/frontend/common/screencarselect.c.o
`.L8003AEF8' referenced in section `.rodata' of build/asm/data/rdata_80010000.rodata.s.o: defined in discarded section `.text' of build/src/frontend/common/screencarselect.c.o
`.L8003AEF8' referenced in section `.rodata' of build/asm/data/rdata_80010000.rodata.s.o: defined in discarded section `.text' of build/src/frontend/common/screencarselect.c.o
`.L8003AEF8' referenced in section `.rodata' of build/asm/data/rdata_80010000.rodata.s.o: defined in discarded section `.text' of build/src/frontend/common/screencarselect.c.o
`.L8003B144' referenced in section `.rodata' of build/asm/data/rdata_80010000.rodata.s.o: defined in discarded section `.text' of build/src/frontend/common/screencarselect.c.o
`.L8003B220' referenced in section `.rodata' of build/asm/data/rdata_80010000.rodata.s.o: defined in discarded section `.text' of build/src/frontend/common/screencarselect.c.o
`.L8003B4D0' referenced in section `.rodata' of build/asm/data/rdata_80010000.rodata.s.o: defined in discarded section `.text' of build/src/frontend/common/screencarselect.c.o
`.L8003C270' referenced in section `.rodata' of build/asm/data/rdata_80010000.rodata.s.o: defined in discarded section `.text' of build/src/frontend/common/screencarselect.c.o
`.L8003C3B8' referenced in section `.rodata' of build/asm/data/rdata_80010000.rodata.s.o: defined in discarded section `.text' of build/src/frontend/common/screencarselect.c.o
`.L8003C2D4' referenced in section `.rodata' of build/asm/data/rdata_80010000.rodata.s.o: defined in discarded section `.text' of build/src/frontend/common/screencarselect.c.o
`.L8003C3B8' referenced in section `.rodata' of build/asm/data/rdata_80010000.rodata.s.o: defined in discarded section `.text' of build/src/frontend/common/screencarselect.c.o
`.L8003C3B8' referenced in section `.rodata' of build/asm/data/rdata_80010000.rodata.s.o: defined in discarded section `.text' of build/src/frontend/common/screencarselect.c.o
`.L8003C270' referenced in section `.rodata' of build/asm/data/rdata_80010000.rodata.s.o: defined in discarded section `.text' of build/src/frontend/common/screencarselect.c.o
`.L8003C2D4' referenced in section `.rodata' of build/asm/data/rdata_80010000.rodata.s.o: defined in discarded section `.text' of build/src/frontend/common/screencarselect.c.o
`.L8003C310' referenced in section `.rodata' of build/asm/data/rdata_80010000.rodata.s.o: defined in discarded section `.text' of build/src/frontend/common/screencarselect.c.o
`.L8003F45C' referenced in section `.rodata' of build/asm/data/rdata_80010000.rodata.s.o: defined in discarded section `.text' of build/src/frontend/common/screencarselect.c.o
`.L8003F51C' referenced in section `.rodata' of build/asm/data/rdata_80010000.rodata.s.o: defined in discarded section `.text' of build/src/frontend/common/screencarselect.c.o
`.L8003F50C' referenced in section `.rodata' of build/asm/data/rdata_80010000.rodata.s.o: defined in discarded section `.text' of build/src/frontend/common/screencarselect.c.o
`.L8003F514' referenced in section `.rodata' of build/asm/data/rdata_80010000.rodata.s.o: defined in discarded section `.text' of build/src/frontend/common/screencarselect.c.o
`.L8003F544' referenced in section `.rodata' of build/asm/data/rdata_80010000.rodata.s.o: defined in discarded section `.text' of build/src/frontend/common/screencarselect.c.o
`.L8003F54C' referenced in section `.rodata' of build/asm/data/rdata_80010000.rodata.s.o: defined in discarded section `.text' of build/src/frontend/common/screencarselect.c.o
`.L8003F3CC' referenced in section `.rodata' of build/asm/data/rdata_80010000.rodata.s.o: defined in discarded section `.text' of build/src/frontend/common/screencarselect.c.o
`.L8003F3BC' referenced in section `.rodata' of build/asm/data/rdata_80010000.rodata.s.o: defined in discarded section `.text' of build/src/frontend/common/screencarselect.c.o
`.L8003F554' referenced in section `.rodata' of build/asm/data/rdata_80010000.rodata.s.o: defined in discarded section `.text' of build/src/frontend/common/screencarselect.c.o
`GetShapeInfo__25tScreenPinkSlipsCarSelectRsT1PPcT3' referenced in section `.rodata' of build/asm/data/rdata_80010000.rodata.s.o: defined in discarded section `.text' of build/src/frontend/common/screencarselect.c.o
`DrawBackground__25tScreenPinkSlipsCarSelect' referenced in section `.rodata' of build/asm/data/rdata_80010000.rodata.s.o: defined in discarded section `.text' of build/src/frontend/common/screencarselect.c.o
`DrawForeground__25tScreenPinkSlipsCarSelect' referenced in section `.rodata' of build/asm/data/rdata_80010000.rodata.s.o: defined in discarded section `.text' of build/src/frontend/common/screencarselect.c.o
`___25tScreenPinkSlipsCarSelect' referenced in section `.rodata' of build/asm/data/rdata_80010000.rodata.s.o: defined in discarded section `.text' of build/src/frontend/common/screencarselect.c.o
`PreLoad__7tScreen' referenced in section `.rodata' of build/asm/data/rdata_80010000.rodata.s.o: defined in discarded section `.text' of build/src/frontend/common/fescreen.c.o
`Initialize__25tScreenPinkSlipsCarSelect' referenced in section `.rodata' of build/asm/data/rdata_80010000.rodata.s.o: defined in discarded section `.text' of build/src/frontend/common/screencarselect.c.o
`Cleanup__25tScreenPinkSlipsCarSelect' referenced in section `.rodata' of build/asm/data/rdata_80010000.rodata.s.o: defined in discarded section `.text' of build/src/frontend/common/screencarselect.c.o
`TransitionIsFinished__7tScreen' referenced in section `.rodata' of build/asm/data/rdata_80010000.rodata.s.o: defined in discarded section `.text' of build/src/frontend/common/fescreen.c.o
`ProcessInput__25tScreenPinkSlipsCarSelect7tPlayerR13tInputKeyTypeR12tMenuCommand' referenced in section `.rodata' of build/asm/data/rdata_80010000.rodata.s.o: defined in discarded section `.text' of build/src/frontend/common/screencarselect.c.o
`DrawVideoWall__25tScreenCarSelectTwoPlayers' referenced in section `.rodata' of build/asm/data/rdata_80010000.rodata.s.o: defined in discarded section `.text' of build/src/frontend/common/screencarselect.c.o
`InitializeVideoWall__25tScreenCarSelectTwoPlayer' referenced in section `.rodata' of build/asm/data/rdata_80010000.rodata.s.o: defined in discarded section `.text' of build/src/frontend/common/screencarselect.c.o
`UpdateVideoWall__25tScreenCarSelectTwoPlayerR8tCarInfo' referenced in section `.rodata' of build/asm/data/rdata_80010000.rodata.s.o: defined in discarded section `.text' of build/src/frontend/common/screencarselect.c.o
`GetCar__25tScreenPinkSlipsCarSelectR8tCarInfo' referenced in section `.rodata' of build/asm/data/rdata_80010000.rodata.s.o: defined in discarded section `.text' of build/src/frontend/common/screencarselect.c.o
`AllocateAsyncBuffer__25tScreenCarSelectTwoPlayer' referenced in section `.rodata' of build/asm/data/rdata_80010000.rodata.s.o: defined in discarded section `.text' of build/src/frontend/common/screencarselect.c.o
`FreeAsyncBuffer__16tScreenCarSelect' referenced in section `.rodata' of build/asm/data/rdata_80010000.rodata.s.o: defined in discarded section `.text' of build/src/frontend/common/screencarselect.c.o
`TurnOffVideoWall__25tScreenCarSelectTwoPlayer' referenced in section `.rodata' of build/asm/data/rdata_80010000.rodata.s.o: defined in discarded section `.text' of build/src/frontend/common/screencarselect.c.o
`SetDialog__25tScreenPinkSlipsCarSelect' referenced in section `.rodata' of build/asm/data/rdata_80010000.rodata.s.o: defined in discarded section `.text' of build/src/frontend/common/screencarselect.c.o
`GetShapeInfo__25tScreenCarSelectTwoPlayerRsT1PPcT3' referenced in section `.rodata' of build/asm/data/rdata_80010000.rodata.s.o: defined in discarded section `.text' of build/src/frontend/common/screencarselect.c.o
`DrawBackground__25tScreenCarSelectTwoPlayer' referenced in section `.rodata' of build/asm/data/rdata_80010000.rodata.s.o: defined in discarded section `.text' of build/src/frontend/common/screencarselect.c.o
`DrawForeground__25tScreenCarSelectTwoPlayer' referenced in section `.rodata' of build/asm/data/rdata_80010000.rodata.s.o: defined in discarded section `.text' of build/src/frontend/common/screencarselect.c.o
`___25tScreenCarSelectTwoPlayer' referenced in section `.rodata' of build/asm/data/rdata_80010000.rodata.s.o: defined in discarded section `.text' of build/src/frontend/common/screencarselect.c.o
`PreLoad__7tScreen' referenced in section `.rodata' of build/asm/data/rdata_80010000.rodata.s.o: defined in discarded section `.text' of build/src/frontend/common/fescreen.c.o
`Initialize__25tScreenCarSelectTwoPlayer' referenced in section `.rodata' of build/asm/data/rdata_80010000.rodata.s.o: defined in discarded section `.text' of build/src/frontend/common/screencarselect.c.o
`Cleanup__25tScreenCarSelectTwoPlayer' referenced in section `.rodata' of build/asm/data/rdata_80010000.rodata.s.o: defined in discarded section `.text' of build/src/frontend/common/screencarselect.c.o
`TransitionIsFinished__7tScreen' referenced in section `.rodata' of build/asm/data/rdata_80010000.rodata.s.o: defined in discarded section `.text' of build/src/frontend/common/fescreen.c.o
`ProcessInput__16tScreenCarSelect7tPlayerR13tInputKeyTypeR12tMenuCommand' referenced in section `.rodata' of build/asm/data/rdata_80010000.rodata.s.o: defined in discarded section `.text' of build/src/frontend/common/screencarselect.c.o
`DrawVideoWall__25tScreenCarSelectTwoPlayers' referenced in section `.rodata' of build/asm/data/rdata_80010000.rodata.s.o: defined in discarded section `.text' of build/src/frontend/common/screencarselect.c.o
`InitializeVideoWall__25tScreenCarSelectTwoPlayer' referenced in section `.rodata' of build/asm/data/rdata_80010000.rodata.s.o: defined in discarded section `.text' of build/src/frontend/common/screencarselect.c.o
`UpdateVideoWall__25tScreenCarSelectTwoPlayerR8tCarInfo' referenced in section `.rodata' of build/asm/data/rdata_80010000.rodata.s.o: defined in discarded section `.text' of build/src/frontend/common/screencarselect.c.o
`GetCar__25tScreenCarSelectTwoPlayerR8tCarInfo' referenced in section `.rodata' of build/asm/data/rdata_80010000.rodata.s.o: defined in discarded section `.text' of build/src/frontend/common/screencarselect.c.o
`AllocateAsyncBuffer__25tScreenCarSelectTwoPlayer' referenced in section `.rodata' of build/asm/data/rdata_80010000.rodata.s.o: defined in discarded section `.text' of build/src/frontend/common/screencarselect.c.o
`FreeAsyncBuffer__16tScreenCarSelect' referenced in section `.rodata' of build/asm/data/rdata_80010000.rodata.s.o: defined in discarded section `.text' of build/src/frontend/common/screencarselect.c.o
`TurnOffVideoWall__25tScreenCarSelectTwoPlayer' referenced in section `.rodata' of build/asm/data/rdata_80010000.rodata.s.o: defined in discarded section `.text' of build/src/frontend/common/screencarselect.c.o
`SetDialog__25tScreenCarSelectTwoPlayer' referenced in section `.rodata' of build/asm/data/rdata_80010000.rodata.s.o: defined in discarded section `.text' of build/src/frontend/common/screencarselect.c.o
`GetShapeInfo__20tScreenCarSelectDuelRsT1PPcT3' referenced in section `.rodata' of build/asm/data/rdata_80010000.rodata.s.o: defined in discarded section `.text' of build/src/frontend/common/screencarselect.c.o
`DrawBackground__20tScreenCarSelectDuel' referenced in section `.rodata' of build/asm/data/rdata_80010000.rodata.s.o: defined in discarded section `.text' of build/src/frontend/common/screencarselect.c.o
`DrawForeground__20tScreenCarSelectDuel' referenced in section `.rodata' of build/asm/data/rdata_80010000.rodata.s.o: defined in discarded section `.text' of build/src/frontend/common/screencarselect.c.o
`___20tScreenCarSelectDuel' referenced in section `.rodata' of build/asm/data/rdata_80010000.rodata.s.o: defined in discarded section `.text' of build/src/frontend/common/screencarselect.c.o
`PreLoad__20tScreenCarSelectDuel' referenced in section `.rodata' of build/asm/data/rdata_80010000.rodata.s.o: defined in discarded section `.text' of build/src/frontend/common/screencarselect.c.o
`Initialize__20tScreenCarSelectDuel' referenced in section `.rodata' of build/asm/data/rdata_80010000.rodata.s.o: defined in discarded section `.text' of build/src/frontend/common/screencarselect.c.o
`Cleanup__20tScreenCarSelectDuel' referenced in section `.rodata' of build/asm/data/rdata_80010000.rodata.s.o: defined in discarded section `.text' of build/src/frontend/common/screencarselect.c.o
`TransitionIsFinished__7tScreen' referenced in section `.rodata' of build/asm/data/rdata_80010000.rodata.s.o: defined in discarded section `.text' of build/src/frontend/common/fescreen.c.o
`ProcessInput__16tScreenCarSelect7tPlayerR13tInputKeyTypeR12tMenuCommand' referenced in section `.rodata' of build/asm/data/rdata_80010000.rodata.s.o: defined in discarded section `.text' of build/src/frontend/common/screencarselect.c.o
`DrawVideoWall__20tScreenCarSelectDuels' referenced in section `.rodata' of build/asm/data/rdata_80010000.rodata.s.o: defined in discarded section `.text' of build/src/frontend/common/screencarselect.c.o
`InitializeVideoWall__20tScreenCarSelectDuel' referenced in section `.rodata' of build/asm/data/rdata_80010000.rodata.s.o: defined in discarded section `.text' of build/src/frontend/common/screencarselect.c.o
`UpdateVideoWall__20tScreenCarSelectDuelR8tCarInfo' referenced in section `.rodata' of build/asm/data/rdata_80010000.rodata.s.o: defined in discarded section `.text' of build/src/frontend/common/screencarselect.c.o
`GetCar__16tScreenCarSelectR8tCarInfo' referenced in section `.rodata' of build/asm/data/rdata_80010000.rodata.s.o: defined in discarded section `.text' of build/src/frontend/common/screencarselect.c.o
`AllocateAsyncBuffer__20tScreenCarSelectDuel' referenced in section `.rodata' of build/asm/data/rdata_80010000.rodata.s.o: defined in discarded section `.text' of build/src/frontend/common/screencarselect.c.o
`FreeAsyncBuffer__20tScreenCarSelectDuel' referenced in section `.rodata' of build/asm/data/rdata_80010000.rodata.s.o: defined in discarded section `.text' of build/src/frontend/common/screencarselect.c.o
`DrawOpponentVideoWall__20tScreenCarSelectDuels' referenced in section `.rodata' of build/asm/data/rdata_80010000.rodata.s.o: defined in discarded section `.text' of build/src/frontend/common/screencarselect.c.o
`GetShapeInfo__16tScreenCarSelectRsT1PPcT3' referenced in section `.rodata' of build/asm/data/rdata_80010000.rodata.s.o: defined in discarded section `.text' of build/src/frontend/common/screencarselect.c.o
`DrawBackground__16tScreenCarSelect' referenced in section `.rodata' of build/asm/data/rdata_80010000.rodata.s.o: defined in discarded section `.text' of build/src/frontend/common/screencarselect.c.o
`DrawForeground__16tScreenCarSelect' referenced in section `.rodata' of build/asm/data/rdata_80010000.rodata.s.o: defined in discarded section `.text' of build/src/frontend/common/screencarselect.c.o
`___16tScreenCarSelect' referenced in section `.rodata' of build/asm/data/rdata_80010000.rodata.s.o: defined in discarded section `.text' of build/src/frontend/common/screencarselect.c.o
`PreLoad__7tScreen' referenced in section `.rodata' of build/asm/data/rdata_80010000.rodata.s.o: defined in discarded section `.text' of build/src/frontend/common/fescreen.c.o
`Initialize__16tScreenCarSelect' referenced in section `.rodata' of build/asm/data/rdata_80010000.rodata.s.o: defined in discarded section `.text' of build/src/frontend/common/screencarselect.c.o
`Cleanup__16tScreenCarSelect' referenced in section `.rodata' of build/asm/data/rdata_80010000.rodata.s.o: defined in discarded section `.text' of build/src/frontend/common/screencarselect.c.o
`TransitionIsFinished__7tScreen' referenced in section `.rodata' of build/asm/data/rdata_80010000.rodata.s.o: defined in discarded section `.text' of build/src/frontend/common/fescreen.c.o
`ProcessInput__16tScreenCarSelect7tPlayerR13tInputKeyTypeR12tMenuCommand' referenced in section `.rodata' of build/asm/data/rdata_80010000.rodata.s.o: defined in discarded section `.text' of build/src/frontend/common/screencarselect.c.o
`DrawVideoWall__16tScreenCarSelects' referenced in section `.rodata' of build/asm/data/rdata_80010000.rodata.s.o: defined in discarded section `.text' of build/src/frontend/common/screencarselect.c.o
`InitializeVideoWall__16tScreenCarSelect' referenced in section `.rodata' of build/asm/data/rdata_80010000.rodata.s.o: defined in discarded section `.text' of build/src/frontend/common/screencarselect.c.o
`UpdateVideoWall__16tScreenCarSelectR8tCarInfo' referenced in section `.rodata' of build/asm/data/rdata_80010000.rodata.s.o: defined in discarded section `.text' of build/src/frontend/common/screencarselect.c.o
`GetCar__16tScreenCarSelectR8tCarInfo' referenced in section `.rodata' of build/asm/data/rdata_80010000.rodata.s.o: defined in discarded section `.text' of build/src/frontend/common/screencarselect.c.o
`AllocateAsyncBuffer__16tScreenCarSelect' referenced in section `.rodata' of build/asm/data/rdata_80010000.rodata.s.o: defined in discarded section `.text' of build/src/frontend/common/screencarselect.c.o
`FreeAsyncBuffer__16tScreenCarSelect' referenced in section `.rodata' of build/asm/data/rdata_80010000.rodata.s.o: defined in discarded section `.text' of build/src/frontend/common/screencarselect.c.o
`GetShapeInfo__18tScreenTournSelectRsT1PPcT3' referenced in section `.rodata' of build/asm/data/rdata_80010000.rodata.s.o: defined in discarded section `.text' of build/src/frontend/common/screentournselect.c.o
`DrawBackground__18tScreenTournSelect' referenced in section `.rodata' of build/asm/data/rdata_80010000.rodata.s.o: defined in discarded section `.text' of build/src/frontend/common/screentournselect.c.o
`DrawForeground__18tScreenTournSelect' referenced in section `.rodata' of build/asm/data/rdata_80010000.rodata.s.o: defined in discarded section `.text' of build/src/frontend/common/screentournselect.c.o
`___18tScreenTournSelect' referenced in section `.rodata' of build/asm/data/rdata_80010000.rodata.s.o: defined in discarded section `.text' of build/src/frontend/common/screentournselect.c.o
`PreLoad__7tScreen' referenced in section `.rodata' of build/asm/data/rdata_80010000.rodata.s.o: defined in discarded section `.text' of build/src/frontend/common/fescreen.c.o
`Initialize__18tScreenTournSelect' referenced in section `.rodata' of build/asm/data/rdata_80010000.rodata.s.o: defined in discarded section `.text' of build/src/frontend/common/screentournselect.c.o
`Cleanup__18tScreenTournSelect' referenced in section `.rodata' of build/asm/data/rdata_80010000.rodata.s.o: defined in discarded section `.text' of build/src/frontend/common/screentournselect.c.o
`TransitionIsFinished__7tScreen' referenced in section `.rodata' of build/asm/data/rdata_80010000.rodata.s.o: defined in discarded section `.text' of build/src/frontend/common/fescreen.c.o
`ProcessInput__7tScreen7tPlayerR13tInputKeyTypeR12tMenuCommand' referenced in section `.rodata' of build/asm/data/rdata_80010000.rodata.s.o: defined in discarded section `.text' of build/src/frontend/common/fescreen.c.o
`GetShapeInfo__17tScreenTrophyRoomRsT1PPcT3' referenced in section `.rodata' of build/asm/data/rdata_80010000.rodata.s.o: defined in discarded section `.text' of build/src/frontend/common/screentrophyroom.c.o
`DrawBackground__17tScreenTrophyRoom' referenced in section `.rodata' of build/asm/data/rdata_80010000.rodata.s.o: defined in discarded section `.text' of build/src/frontend/common/screentrophyroom.c.o
`DrawForeground__7tScreen' referenced in section `.rodata' of build/asm/data/rdata_80010000.rodata.s.o: defined in discarded section `.text' of build/src/frontend/common/fescreen.c.o
`___17tScreenTrophyRoom' referenced in section `.rodata' of build/asm/data/rdata_80010000.rodata.s.o: defined in discarded section `.text' of build/src/frontend/common/screentrophyroom.c.o
`PreLoad__17tScreenTrophyRoom' referenced in section `.rodata' of build/asm/data/rdata_80010000.rodata.s.o: defined in discarded section `.text' of build/src/frontend/common/screentrophyroom.c.o
`Initialize__17tScreenTrophyRoom' referenced in section `.rodata' of build/asm/data/rdata_80010000.rodata.s.o: defined in discarded section `.text' of build/src/frontend/common/screentrophyroom.c.o
`Cleanup__17tScreenTrophyRoom' referenced in section `.rodata' of build/asm/data/rdata_80010000.rodata.s.o: defined in discarded section `.text' of build/src/frontend/common/screentrophyroom.c.o
`TransitionIsFinished__7tScreen' referenced in section `.rodata' of build/asm/data/rdata_80010000.rodata.s.o: defined in discarded section `.text' of build/src/frontend/common/fescreen.c.o
`ProcessInput__17tScreenTrophyRoom7tPlayerR13tInputKeyTypeR12tMenuCommand' referenced in section `.rodata' of build/asm/data/rdata_80010000.rodata.s.o: defined in discarded section `.text' of build/src/frontend/common/screentrophyroom.c.o
`GetShapeInfo__17tScreenTrophyInfoRsT1PPcT3' referenced in section `.rodata' of build/asm/data/rdata_80010000.rodata.s.o: defined in discarded section `.text' of build/src/frontend/common/screentrophyinfo.c.o
`DrawBackground__17tScreenTrophyInfo' referenced in section `.rodata' of build/asm/data/rdata_80010000.rodata.s.o: defined in discarded section `.text' of build/src/frontend/common/screentrophyinfo.c.o
`DrawForeground__7tScreen' referenced in section `.rodata' of build/asm/data/rdata_80010000.rodata.s.o: defined in discarded section `.text' of build/src/frontend/common/fescreen.c.o
`___17tScreenTrophyInfo' referenced in section `.rodata' of build/asm/data/rdata_80010000.rodata.s.o: defined in discarded section `.text' of build/src/frontend/common/screentrophyinfo.c.o
`PreLoad__7tScreen' referenced in section `.rodata' of build/asm/data/rdata_80010000.rodata.s.o: defined in discarded section `.text' of build/src/frontend/common/fescreen.c.o
`Initialize__7tScreen' referenced in section `.rodata' of build/asm/data/rdata_80010000.rodata.s.o: defined in discarded section `.text' of build/src/frontend/common/fescreen.c.o
`Cleanup__7tScreen' referenced in section `.rodata' of build/asm/data/rdata_80010000.rodata.s.o: defined in discarded section `.text' of build/src/frontend/common/fescreen.c.o
`TransitionIsFinished__7tScreen' referenced in section `.rodata' of build/asm/data/rdata_80010000.rodata.s.o: defined in discarded section `.text' of build/src/frontend/common/fescreen.c.o
`ProcessInput__7tScreen7tPlayerR13tInputKeyTypeR12tMenuCommand' referenced in section `.rodata' of build/asm/data/rdata_80010000.rodata.s.o: defined in discarded section `.text' of build/src/frontend/common/fescreen.c.o
`GetShapeInfo__18tScreenTrackSelectRsT1PPcT3' referenced in section `.rodata' of build/asm/data/rdata_80010000.rodata.s.o: defined in discarded section `.text' of build/src/frontend/common/screentracks.c.o
`DrawBackground__18tScreenTrackSelect' referenced in section `.rodata' of build/asm/data/rdata_80010000.rodata.s.o: defined in discarded section `.text' of build/src/frontend/common/screentracks.c.o
`DrawForeground__7tScreen' referenced in section `.rodata' of build/asm/data/rdata_80010000.rodata.s.o: defined in discarded section `.text' of build/src/frontend/common/fescreen.c.o
`___18tScreenTrackSelect' referenced in section `.rodata' of build/asm/data/rdata_80010000.rodata.s.o: defined in discarded section `.text' of build/src/frontend/common/screentracks.c.o
`PreLoad__7tScreen' referenced in section `.rodata' of build/asm/data/rdata_80010000.rodata.s.o: defined in discarded section `.text' of build/src/frontend/common/fescreen.c.o
`Initialize__18tScreenTrackSelect' referenced in section `.rodata' of build/asm/data/rdata_80010000.rodata.s.o: defined in discarded section `.text' of build/src/frontend/common/screentracks.c.o
`Cleanup__18tScreenTrackSelect' referenced in section `.rodata' of build/asm/data/rdata_80010000.rodata.s.o: defined in discarded section `.text' of build/src/frontend/common/screentracks.c.o
`TransitionIsFinished__7tScreen' referenced in section `.rodata' of build/asm/data/rdata_80010000.rodata.s.o: defined in discarded section `.text' of build/src/frontend/common/fescreen.c.o
`ProcessInput__18tScreenTrackSelect7tPlayerR13tInputKeyTypeR12tMenuCommand' referenced in section `.rodata' of build/asm/data/rdata_80010000.rodata.s.o: defined in discarded section `.text' of build/src/frontend/common/screentracks.c.o
`GetShapeInfo__16tScreenTrackInfoRsT1PPcT3' referenced in section `.rodata' of build/asm/data/rdata_80010000.rodata.s.o: defined in discarded section `.text' of build/src/frontend/common/screentrackinfo.c.o
`DrawBackground__16tScreenTrackInfo' referenced in section `.rodata' of build/asm/data/rdata_80010000.rodata.s.o: defined in discarded section `.text' of build/src/frontend/common/screentrackinfo.c.o
`DrawForeground__7tScreen' referenced in section `.rodata' of build/asm/data/rdata_80010000.rodata.s.o: defined in discarded section `.text' of build/src/frontend/common/fescreen.c.o
`___16tScreenTrackInfo' referenced in section `.rodata' of build/asm/data/rdata_80010000.rodata.s.o: defined in discarded section `.text' of build/src/frontend/common/screentrackinfo.c.o
`PreLoad__7tScreen' referenced in section `.rodata' of build/asm/data/rdata_80010000.rodata.s.o: defined in discarded section `.text' of build/src/frontend/common/fescreen.c.o
`Initialize__16tScreenTrackInfo' referenced in section `.rodata' of build/asm/data/rdata_80010000.rodata.s.o: defined in discarded section `.text' of build/src/frontend/common/screentrackinfo.c.o
`Cleanup__7tScreen' referenced in section `.rodata' of build/asm/data/rdata_80010000.rodata.s.o: defined in discarded section `.text' of build/src/frontend/common/fescreen.c.o
`TransitionIsFinished__7tScreen' referenced in section `.rodata' of build/asm/data/rdata_80010000.rodata.s.o: defined in discarded section `.text' of build/src/frontend/common/fescreen.c.o
`ProcessInput__16tScreenTrackInfo7tPlayerR13tInputKeyTypeR12tMenuCommand' referenced in section `.rodata' of build/asm/data/rdata_80010000.rodata.s.o: defined in discarded section `.text' of build/src/frontend/common/screentrackinfo.c.o
`GetShapeInfo__19tScreenTrackRecordsRsT1PPcT3' referenced in section `.rodata' of build/asm/data/rdata_80010000.rodata.s.o: defined in discarded section `.text' of build/src/frontend/common/screentrackrecords.c.o
`DrawBackground__19tScreenTrackRecords' referenced in section `.rodata' of build/asm/data/rdata_80010000.rodata.s.o: defined in discarded section `.text' of build/src/frontend/common/screentrackrecords.c.o
`DrawForeground__7tScreen' referenced in section `.rodata' of build/asm/data/rdata_80010000.rodata.s.o: defined in discarded section `.text' of build/src/frontend/common/fescreen.c.o
`___19tScreenTrackRecords' referenced in section `.rodata' of build/asm/data/rdata_80010000.rodata.s.o: defined in discarded section `.text' of build/src/frontend/common/screentrackrecords.c.o
`PreLoad__7tScreen' referenced in section `.rodata' of build/asm/data/rdata_80010000.rodata.s.o: defined in discarded section `.text' of build/src/frontend/common/fescreen.c.o
`Initialize__19tScreenTrackRecords' referenced in section `.rodata' of build/asm/data/rdata_80010000.rodata.s.o: defined in discarded section `.text' of build/src/frontend/common/screentrackrecords.c.o
`Cleanup__19tScreenTrackRecords' referenced in section `.rodata' of build/asm/data/rdata_80010000.rodata.s.o: defined in discarded section `.text' of build/src/frontend/common/screentrackrecords.c.o
`TransitionIsFinished__7tScreen' referenced in section `.rodata' of build/asm/data/rdata_80010000.rodata.s.o: defined in discarded section `.text' of build/src/frontend/common/fescreen.c.o
`ProcessInput__7tScreen7tPlayerR13tInputKeyTypeR12tMenuCommand' referenced in section `.rodata' of build/asm/data/rdata_80010000.rodata.s.o: defined in discarded section `.text' of build/src/frontend/common/fescreen.c.o
`GetShapeInfo__23tScreenControllerConfigRsT1PPcT3' referenced in section `.rodata' of build/asm/data/rdata_80010000.rodata.s.o: defined in discarded section `.text' of build/src/frontend/common/screencontroller.c.o
`DrawBackground__23tScreenControllerConfig' referenced in section `.rodata' of build/asm/data/rdata_80010000.rodata.s.o: defined in discarded section `.text' of build/src/frontend/common/screencontroller.c.o
`DrawForeground__23tScreenControllerConfig' referenced in section `.rodata' of build/asm/data/rdata_80010000.rodata.s.o: defined in discarded section `.text' of build/src/frontend/common/screencontroller.c.o
`___23tScreenControllerConfig' referenced in section `.rodata' of build/asm/data/rdata_80010000.rodata.s.o: defined in discarded section `.text' of build/src/frontend/common/screencontroller.c.o
`PreLoad__7tScreen' referenced in section `.rodata' of build/asm/data/rdata_80010000.rodata.s.o: defined in discarded section `.text' of build/src/frontend/common/fescreen.c.o
`Initialize__23tScreenControllerConfig' referenced in section `.rodata' of build/asm/data/rdata_80010000.rodata.s.o: defined in discarded section `.text' of build/src/frontend/common/screencontroller.c.o
`Cleanup__23tScreenControllerConfig' referenced in section `.rodata' of build/asm/data/rdata_80010000.rodata.s.o: defined in discarded section `.text' of build/src/frontend/common/screencontroller.c.o
`TransitionIsFinished__7tScreen' referenced in section `.rodata' of build/asm/data/rdata_80010000.rodata.s.o: defined in discarded section `.text' of build/src/frontend/common/fescreen.c.o
`ProcessInput__7tScreen7tPlayerR13tInputKeyTypeR12tMenuCommand' referenced in section `.rodata' of build/asm/data/rdata_80010000.rodata.s.o: defined in discarded section `.text' of build/src/frontend/common/fescreen.c.o
`GetShapeInfo__14tScreenDisplayRsT1PPcT3' referenced in section `.rodata' of build/asm/data/rdata_80010000.rodata.s.o: defined in discarded section `.text' of build/src/frontend/common/screendisplay.c.o
`DrawBackground__14tScreenDisplay' referenced in section `.rodata' of build/asm/data/rdata_80010000.rodata.s.o: defined in discarded section `.text' of build/src/frontend/common/screendisplay.c.o
`DrawForeground__7tScreen' referenced in section `.rodata' of build/asm/data/rdata_80010000.rodata.s.o: defined in discarded section `.text' of build/src/frontend/common/fescreen.c.o
`___14tScreenDisplay' referenced in section `.rodata' of build/asm/data/rdata_80010000.rodata.s.o: defined in discarded section `.text' of build/src/frontend/common/screendisplay.c.o
`PreLoad__7tScreen' referenced in section `.rodata' of build/asm/data/rdata_80010000.rodata.s.o: defined in discarded section `.text' of build/src/frontend/common/fescreen.c.o
`Initialize__7tScreen' referenced in section `.rodata' of build/asm/data/rdata_80010000.rodata.s.o: defined in discarded section `.text' of build/src/frontend/common/fescreen.c.o
`Cleanup__7tScreen' referenced in section `.rodata' of build/asm/data/rdata_80010000.rodata.s.o: defined in discarded section `.text' of build/src/frontend/common/fescreen.c.o
`TransitionIsFinished__7tScreen' referenced in section `.rodata' of build/asm/data/rdata_80010000.rodata.s.o: defined in discarded section `.text' of build/src/frontend/common/fescreen.c.o
`ProcessInput__7tScreen7tPlayerR13tInputKeyTypeR12tMenuCommand' referenced in section `.rodata' of build/asm/data/rdata_80010000.rodata.s.o: defined in discarded section `.text' of build/src/frontend/common/fescreen.c.o
`.L80045F60' referenced in section `.rodata' of build/asm/data/rdata_80010000.rodata.s.o: defined in discarded section `.text' of build/src/frontend/common/screenaudio.c.o
`.L80045F70' referenced in section `.rodata' of build/asm/data/rdata_80010000.rodata.s.o: defined in discarded section `.text' of build/src/frontend/common/screenaudio.c.o
`.L80045F80' referenced in section `.rodata' of build/asm/data/rdata_80010000.rodata.s.o: defined in discarded section `.text' of build/src/frontend/common/screenaudio.c.o
`.L80045F90' referenced in section `.rodata' of build/asm/data/rdata_80010000.rodata.s.o: defined in discarded section `.text' of build/src/frontend/common/screenaudio.c.o
`.L80045FA0' referenced in section `.rodata' of build/asm/data/rdata_80010000.rodata.s.o: defined in discarded section `.text' of build/src/frontend/common/screenaudio.c.o
`GetShapeInfo__12tScreenAudioRsT1PPcT3' referenced in section `.rodata' of build/asm/data/rdata_80010000.rodata.s.o: defined in discarded section `.text' of build/src/frontend/common/screenaudio.c.o
`DrawBackground__12tScreenAudio' referenced in section `.rodata' of build/asm/data/rdata_80010000.rodata.s.o: defined in discarded section `.text' of build/src/frontend/common/screenaudio.c.o
`DrawForeground__12tScreenAudio' referenced in section `.rodata' of build/asm/data/rdata_80010000.rodata.s.o: defined in discarded section `.text' of build/src/frontend/common/screenaudio.c.o
`___12tScreenAudio' referenced in section `.rodata' of build/asm/data/rdata_80010000.rodata.s.o: defined in discarded section `.text' of build/src/frontend/common/screenaudio.c.o
`PreLoad__7tScreen' referenced in section `.rodata' of build/asm/data/rdata_80010000.rodata.s.o: defined in discarded section `.text' of build/src/frontend/common/fescreen.c.o
`Initialize__12tScreenAudio' referenced in section `.rodata' of build/asm/data/rdata_80010000.rodata.s.o: defined in discarded section `.text' of build/src/frontend/common/screenaudio.c.o
`Cleanup__12tScreenAudio' referenced in section `.rodata' of build/asm/data/rdata_80010000.rodata.s.o: defined in discarded section `.text' of build/src/frontend/common/screenaudio.c.o
`TransitionIsFinished__7tScreen' referenced in section `.rodata' of build/asm/data/rdata_80010000.rodata.s.o: defined in discarded section `.text' of build/src/frontend/common/fescreen.c.o
`ProcessInput__7tScreen7tPlayerR13tInputKeyTypeR12tMenuCommand' referenced in section `.rodata' of build/asm/data/rdata_80010000.rodata.s.o: defined in discarded section `.text' of build/src/frontend/common/fescreen.c.o
`.L8004684C' referenced in section `.rodata' of build/asm/data/rdata_80010000.rodata.s.o: defined in discarded section `.text' of build/src/frontend/common/screenmemcard.c.o
`.L8004684C' referenced in section `.rodata' of build/asm/data/rdata_80010000.rodata.s.o: defined in discarded section `.text' of build/src/frontend/common/screenmemcard.c.o
`.L80046688' referenced in section `.rodata' of build/asm/data/rdata_80010000.rodata.s.o: defined in discarded section `.text' of build/src/frontend/common/screenmemcard.c.o
`.L80046688' referenced in section `.rodata' of build/asm/data/rdata_80010000.rodata.s.o: defined in discarded section `.text' of build/src/frontend/common/screenmemcard.c.o
`.L80046688' referenced in section `.rodata' of build/asm/data/rdata_80010000.rodata.s.o: defined in discarded section `.text' of build/src/frontend/common/screenmemcard.c.o
`.L8004684C' referenced in section `.rodata' of build/asm/data/rdata_80010000.rodata.s.o: defined in discarded section `.text' of build/src/frontend/common/screenmemcard.c.o
`.L80046688' referenced in section `.rodata' of build/asm/data/rdata_80010000.rodata.s.o: defined in discarded section `.text' of build/src/frontend/common/screenmemcard.c.o
`.L80046688' referenced in section `.rodata' of build/asm/data/rdata_80010000.rodata.s.o: defined in discarded section `.text' of build/src/frontend/common/screenmemcard.c.o
`.L8004684C' referenced in section `.rodata' of build/asm/data/rdata_80010000.rodata.s.o: defined in discarded section `.text' of build/src/frontend/common/screenmemcard.c.o
`.L8004684C' referenced in section `.rodata' of build/asm/data/rdata_80010000.rodata.s.o: defined in discarded section `.text' of build/src/frontend/common/screenmemcard.c.o
`.L80046688' referenced in section `.rodata' of build/asm/data/rdata_80010000.rodata.s.o: defined in discarded section `.text' of build/src/frontend/common/screenmemcard.c.o
`.L80046688' referenced in section `.rodata' of build/asm/data/rdata_80010000.rodata.s.o: defined in discarded section `.text' of build/src/frontend/common/screenmemcard.c.o
`.L80046688' referenced in section `.rodata' of build/asm/data/rdata_80010000.rodata.s.o: defined in discarded section `.text' of build/src/frontend/common/screenmemcard.c.o
`.L800466E8' referenced in section `.rodata' of build/asm/data/rdata_80010000.rodata.s.o: defined in discarded section `.text' of build/src/frontend/common/screenmemcard.c.o
`.L8004684C' referenced in section `.rodata' of build/asm/data/rdata_80010000.rodata.s.o: defined in discarded section `.text' of build/src/frontend/common/screenmemcard.c.o
`.L80046688' referenced in section `.rodata' of build/asm/data/rdata_80010000.rodata.s.o: defined in discarded section `.text' of build/src/frontend/common/screenmemcard.c.o
`.L80046688' referenced in section `.rodata' of build/asm/data/rdata_80010000.rodata.s.o: defined in discarded section `.text' of build/src/frontend/common/screenmemcard.c.o
`.L8004684C' referenced in section `.rodata' of build/asm/data/rdata_80010000.rodata.s.o: defined in discarded section `.text' of build/src/frontend/common/screenmemcard.c.o
`.L80046688' referenced in section `.rodata' of build/asm/data/rdata_80010000.rodata.s.o: defined in discarded section `.text' of build/src/frontend/common/screenmemcard.c.o
`.L80046688' referenced in section `.rodata' of build/asm/data/rdata_80010000.rodata.s.o: defined in discarded section `.text' of build/src/frontend/common/screenmemcard.c.o
`.L80046688' referenced in section `.rodata' of build/asm/data/rdata_80010000.rodata.s.o: defined in discarded section `.text' of build/src/frontend/common/screenmemcard.c.o
`.L8004684C' referenced in section `.rodata' of build/asm/data/rdata_80010000.rodata.s.o: defined in discarded section `.text' of build/src/frontend/common/screenmemcard.c.o
`GetShapeInfo__14tScreenMemcardRsT1PPcT3' referenced in section `.rodata' of build/asm/data/rdata_80010000.rodata.s.o: defined in discarded section `.text' of build/src/frontend/common/screenmemcard.c.o
`DrawBackground__14tScreenMemcard' referenced in section `.rodata' of build/asm/data/rdata_80010000.rodata.s.o: defined in discarded section `.text' of build/src/frontend/common/screenmemcard.c.o
`DrawForeground__14tScreenMemcard' referenced in section `.rodata' of build/asm/data/rdata_80010000.rodata.s.o: defined in discarded section `.text' of build/src/frontend/common/screenmemcard.c.o
`___14tScreenMemcard' referenced in section `.rodata' of build/asm/data/rdata_80010000.rodata.s.o: defined in discarded section `.text' of build/src/frontend/common/screenmemcard.c.o
`PreLoad__7tScreen' referenced in section `.rodata' of build/asm/data/rdata_80010000.rodata.s.o: defined in discarded section `.text' of build/src/frontend/common/fescreen.c.o
`Initialize__14tScreenMemcard' referenced in section `.rodata' of build/asm/data/rdata_80010000.rodata.s.o: defined in discarded section `.text' of build/src/frontend/common/screenmemcard.c.o
`Cleanup__14tScreenMemcard' referenced in section `.rodata' of build/asm/data/rdata_80010000.rodata.s.o: defined in discarded section `.text' of build/src/frontend/common/screenmemcard.c.o
`TransitionIsFinished__7tScreen' referenced in section `.rodata' of build/asm/data/rdata_80010000.rodata.s.o: defined in discarded section `.text' of build/src/frontend/common/fescreen.c.o
`ProcessInput__7tScreen7tPlayerR13tInputKeyTypeR12tMenuCommand' referenced in section `.rodata' of build/asm/data/rdata_80010000.rodata.s.o: defined in discarded section `.text' of build/src/frontend/common/fescreen.c.o
`GetShapeInfo__15tScreenCongratsRsT1PPcT3' referenced in section `.rodata' of build/asm/data/rdata_80010000.rodata.s.o: defined in discarded section `.text' of build/src/frontend/common/screencongrats.c.o
`DrawBackground__15tScreenCongrats' referenced in section `.rodata' of build/asm/data/rdata_80010000.rodata.s.o: defined in discarded section `.text' of build/src/frontend/common/screencongrats.c.o
`DrawForeground__15tScreenCongrats' referenced in section `.rodata' of build/asm/data/rdata_80010000.rodata.s.o: defined in discarded section `.text' of build/src/frontend/common/screencongrats.c.o
`___25tScreenTournamentCongrats' referenced in section `.rodata' of build/asm/data/rdata_80010000.rodata.s.o: defined in discarded section `.text' of build/src/frontend/common/screencongrats.c.o
`PreLoad__7tScreen' referenced in section `.rodata' of build/asm/data/rdata_80010000.rodata.s.o: defined in discarded section `.text' of build/src/frontend/common/fescreen.c.o
`Initialize__15tScreenCongrats' referenced in section `.rodata' of build/asm/data/rdata_80010000.rodata.s.o: defined in discarded section `.text' of build/src/frontend/common/screencongrats.c.o
`Cleanup__15tScreenCongrats' referenced in section `.rodata' of build/asm/data/rdata_80010000.rodata.s.o: defined in discarded section `.text' of build/src/frontend/common/screencongrats.c.o
`TransitionIsFinished__7tScreen' referenced in section `.rodata' of build/asm/data/rdata_80010000.rodata.s.o: defined in discarded section `.text' of build/src/frontend/common/fescreen.c.o
`ProcessInput__15tScreenCongrats7tPlayerR13tInputKeyTypeR12tMenuCommand' referenced in section `.rodata' of build/asm/data/rdata_80010000.rodata.s.o: defined in discarded section `.text' of build/src/frontend/common/screencongrats.c.o
`CalculatePrizes__25tScreenTournamentCongrats' referenced in section `.rodata' of build/asm/data/rdata_80010000.rodata.s.o: defined in discarded section `.text' of build/src/frontend/common/screencongrats.c.o
`DrawCongratsMessage__25tScreenTournamentCongrats' referenced in section `.rodata' of build/asm/data/rdata_80010000.rodata.s.o: defined in discarded section `.text' of build/src/frontend/common/screencongrats.c.o
`GetCar__25tScreenTournamentCongratsR8tCarInfo' referenced in section `.rodata' of build/asm/data/rdata_80010000.rodata.s.o: defined in discarded section `.text' of build/src/frontend/common/screencongrats.c.o
`GetShapeInfo__15tScreenCongratsRsT1PPcT3' referenced in section `.rodata' of build/asm/data/rdata_80010000.rodata.s.o: defined in discarded section `.text' of build/src/frontend/common/screencongrats.c.o
`DrawBackground__15tScreenCongrats' referenced in section `.rodata' of build/asm/data/rdata_80010000.rodata.s.o: defined in discarded section `.text' of build/src/frontend/common/screencongrats.c.o
`DrawForeground__15tScreenCongrats' referenced in section `.rodata' of build/asm/data/rdata_80010000.rodata.s.o: defined in discarded section `.text' of build/src/frontend/common/screencongrats.c.o
`___23tScreenBeTheCopCongrats' referenced in section `.rodata' of build/asm/data/rdata_80010000.rodata.s.o: defined in discarded section `.text' of build/src/frontend/common/screencongrats.c.o
`PreLoad__7tScreen' referenced in section `.rodata' of build/asm/data/rdata_80010000.rodata.s.o: defined in discarded section `.text' of build/src/frontend/common/fescreen.c.o
`Initialize__15tScreenCongrats' referenced in section `.rodata' of build/asm/data/rdata_80010000.rodata.s.o: defined in discarded section `.text' of build/src/frontend/common/screencongrats.c.o
`Cleanup__15tScreenCongrats' referenced in section `.rodata' of build/asm/data/rdata_80010000.rodata.s.o: defined in discarded section `.text' of build/src/frontend/common/screencongrats.c.o
`TransitionIsFinished__7tScreen' referenced in section `.rodata' of build/asm/data/rdata_80010000.rodata.s.o: defined in discarded section `.text' of build/src/frontend/common/fescreen.c.o
`ProcessInput__15tScreenCongrats7tPlayerR13tInputKeyTypeR12tMenuCommand' referenced in section `.rodata' of build/asm/data/rdata_80010000.rodata.s.o: defined in discarded section `.text' of build/src/frontend/common/screencongrats.c.o
`CalculatePrizes__23tScreenBeTheCopCongrats' referenced in section `.rodata' of build/asm/data/rdata_80010000.rodata.s.o: defined in discarded section `.text' of build/src/frontend/common/screencongrats.c.o
`DrawCongratsMessage__23tScreenBeTheCopCongrats' referenced in section `.rodata' of build/asm/data/rdata_80010000.rodata.s.o: defined in discarded section `.text' of build/src/frontend/common/screencongrats.c.o
`GetCar__23tScreenBeTheCopCongratsR8tCarInfo' referenced in section `.rodata' of build/asm/data/rdata_80010000.rodata.s.o: defined in discarded section `.text' of build/src/frontend/common/screencongrats.c.o
`GetShapeInfo__15tScreenCongratsRsT1PPcT3' referenced in section `.rodata' of build/asm/data/rdata_80010000.rodata.s.o: defined in discarded section `.text' of build/src/frontend/common/screencongrats.c.o
`DrawBackground__15tScreenCongrats' referenced in section `.rodata' of build/asm/data/rdata_80010000.rodata.s.o: defined in discarded section `.text' of build/src/frontend/common/screencongrats.c.o
`DrawForeground__15tScreenCongrats' referenced in section `.rodata' of build/asm/data/rdata_80010000.rodata.s.o: defined in discarded section `.text' of build/src/frontend/common/screencongrats.c.o
`___23tScreenPinkSlipCongrats' referenced in section `.rodata' of build/asm/data/rdata_80010000.rodata.s.o: defined in discarded section `.text' of build/src/frontend/common/screencongrats.c.o
`PreLoad__7tScreen' referenced in section `.rodata' of build/asm/data/rdata_80010000.rodata.s.o: defined in discarded section `.text' of build/src/frontend/common/fescreen.c.o
`Initialize__23tScreenPinkSlipCongrats' referenced in section `.rodata' of build/asm/data/rdata_80010000.rodata.s.o: defined in discarded section `.text' of build/src/frontend/common/screencongrats.c.o
`Cleanup__23tScreenPinkSlipCongrats' referenced in section `.rodata' of build/asm/data/rdata_80010000.rodata.s.o: defined in discarded section `.text' of build/src/frontend/common/screencongrats.c.o
`TransitionIsFinished__7tScreen' referenced in section `.rodata' of build/asm/data/rdata_80010000.rodata.s.o: defined in discarded section `.text' of build/src/frontend/common/fescreen.c.o
`ProcessInput__15tScreenCongrats7tPlayerR13tInputKeyTypeR12tMenuCommand' referenced in section `.rodata' of build/asm/data/rdata_80010000.rodata.s.o: defined in discarded section `.text' of build/src/frontend/common/screencongrats.c.o
`CalculatePrizes__23tScreenPinkSlipCongrats' referenced in section `.rodata' of build/asm/data/rdata_80010000.rodata.s.o: defined in discarded section `.text' of build/src/frontend/common/screencongrats.c.o
`DrawCongratsMessage__23tScreenPinkSlipCongrats' referenced in section `.rodata' of build/asm/data/rdata_80010000.rodata.s.o: defined in discarded section `.text' of build/src/frontend/common/screencongrats.c.o
`GetCar__23tScreenPinkSlipCongratsR8tCarInfo' referenced in section `.rodata' of build/asm/data/rdata_80010000.rodata.s.o: defined in discarded section `.text' of build/src/frontend/common/screencongrats.c.o
`GetShapeInfo__15tScreenCongratsRsT1PPcT3' referenced in section `.rodata' of build/asm/data/rdata_80010000.rodata.s.o: defined in discarded section `.text' of build/src/frontend/common/screencongrats.c.o
`DrawBackground__15tScreenCongrats' referenced in section `.rodata' of build/asm/data/rdata_80010000.rodata.s.o: defined in discarded section `.text' of build/src/frontend/common/screencongrats.c.o
`DrawForeground__15tScreenCongrats' referenced in section `.rodata' of build/asm/data/rdata_80010000.rodata.s.o: defined in discarded section `.text' of build/src/frontend/common/screencongrats.c.o
`___23tScreenTournamentTrophy' referenced in section `.rodata' of build/asm/data/rdata_80010000.rodata.s.o: defined in discarded section `.text' of build/src/frontend/common/screencongrats.c.o
`PreLoad__7tScreen' referenced in section `.rodata' of build/asm/data/rdata_80010000.rodata.s.o: defined in discarded section `.text' of build/src/frontend/common/fescreen.c.o
`Initialize__15tScreenCongrats' referenced in section `.rodata' of build/asm/data/rdata_80010000.rodata.s.o: defined in discarded section `.text' of build/src/frontend/common/screencongrats.c.o
`Cleanup__15tScreenCongrats' referenced in section `.rodata' of build/asm/data/rdata_80010000.rodata.s.o: defined in discarded section `.text' of build/src/frontend/common/screencongrats.c.o
`TransitionIsFinished__7tScreen' referenced in section `.rodata' of build/asm/data/rdata_80010000.rodata.s.o: defined in discarded section `.text' of build/src/frontend/common/fescreen.c.o
`ProcessInput__23tScreenTournamentTrophy7tPlayerR13tInputKeyTypeR12tMenuCommand' referenced in section `.rodata' of build/asm/data/rdata_80010000.rodata.s.o: defined in discarded section `.text' of build/src/frontend/common/screencongrats.c.o
`CalculatePrizes__23tScreenTournamentTrophy' referenced in section `.rodata' of build/asm/data/rdata_80010000.rodata.s.o: defined in discarded section `.text' of build/src/frontend/common/screencongrats.c.o
`DrawCongratsMessage__23tScreenTournamentTrophy' referenced in section `.rodata' of build/asm/data/rdata_80010000.rodata.s.o: defined in discarded section `.text' of build/src/frontend/common/screencongrats.c.o
`GetCar__23tScreenTournamentTrophyR8tCarInfo' referenced in section `.rodata' of build/asm/data/rdata_80010000.rodata.s.o: defined in discarded section `.text' of build/src/frontend/common/screencongrats.c.o
`GetShapeInfo__15tScreenCongratsRsT1PPcT3' referenced in section `.rodata' of build/asm/data/rdata_80010000.rodata.s.o: defined in discarded section `.text' of build/src/frontend/common/screencongrats.c.o
`DrawBackground__15tScreenCongrats' referenced in section `.rodata' of build/asm/data/rdata_80010000.rodata.s.o: defined in discarded section `.text' of build/src/frontend/common/screencongrats.c.o
`DrawForeground__15tScreenCongrats' referenced in section `.rodata' of build/asm/data/rdata_80010000.rodata.s.o: defined in discarded section `.text' of build/src/frontend/common/screencongrats.c.o
`___15tScreenCongrats' referenced in section `.rodata' of build/asm/data/rdata_80010000.rodata.s.o: defined in discarded section `.text' of build/src/frontend/common/screencongrats.c.o
`PreLoad__7tScreen' referenced in section `.rodata' of build/asm/data/rdata_80010000.rodata.s.o: defined in discarded section `.text' of build/src/frontend/common/fescreen.c.o
`Initialize__15tScreenCongrats' referenced in section `.rodata' of build/asm/data/rdata_80010000.rodata.s.o: defined in discarded section `.text' of build/src/frontend/common/screencongrats.c.o
`Cleanup__15tScreenCongrats' referenced in section `.rodata' of build/asm/data/rdata_80010000.rodata.s.o: defined in discarded section `.text' of build/src/frontend/common/screencongrats.c.o
`TransitionIsFinished__7tScreen' referenced in section `.rodata' of build/asm/data/rdata_80010000.rodata.s.o: defined in discarded section `.text' of build/src/frontend/common/fescreen.c.o
`ProcessInput__15tScreenCongrats7tPlayerR13tInputKeyTypeR12tMenuCommand' referenced in section `.rodata' of build/asm/data/rdata_80010000.rodata.s.o: defined in discarded section `.text' of build/src/frontend/common/screencongrats.c.o
`CalculatePrizes__15tScreenCongrats' referenced in section `.rodata' of build/asm/data/rdata_80010000.rodata.s.o: defined in discarded section `.text' of build/src/frontend/common/screencongrats.c.o
`__pure_virtual' referenced in section `.rodata' of build/asm/data/rdata_80010000.rodata.s.o: defined in discarded section `.text' of build/src/syslib/psx/libsn/PUREV.c.o
`GetCar__15tScreenCongratsR8tCarInfo' referenced in section `.rodata' of build/asm/data/rdata_80010000.rodata.s.o: defined in discarded section `.text' of build/src/frontend/common/screencongrats.c.o
`.L8004AB80' referenced in section `.rodata' of build/asm/data/rdata_80010000.rodata.s.o: defined in discarded section `.text' of build/src/frontend/common/stattool.c.o
`.L8004AB38' referenced in section `.rodata' of build/asm/data/rdata_80010000.rodata.s.o: defined in discarded section `.text' of build/src/frontend/common/stattool.c.o
`.L8004ABC8' referenced in section `.rodata' of build/asm/data/rdata_80010000.rodata.s.o: defined in discarded section `.text' of build/src/frontend/common/stattool.c.o
`.L8004ABC8' referenced in section `.rodata' of build/asm/data/rdata_80010000.rodata.s.o: defined in discarded section `.text' of build/src/frontend/common/stattool.c.o
`.L8004AB08' referenced in section `.rodata' of build/asm/data/rdata_80010000.rodata.s.o: defined in discarded section `.text' of build/src/frontend/common/stattool.c.o
`.L8004AB74' referenced in section `.rodata' of build/asm/data/rdata_80010000.rodata.s.o: defined in discarded section `.text' of build/src/frontend/common/stattool.c.o
`.L8004ABC8' referenced in section `.rodata' of build/asm/data/rdata_80010000.rodata.s.o: defined in discarded section `.text' of build/src/frontend/common/stattool.c.o
`.L8004ABC8' referenced in section `.rodata' of build/asm/data/rdata_80010000.rodata.s.o: defined in discarded section `.text' of build/src/frontend/common/stattool.c.o
`.L8004AB8C' referenced in section `.rodata' of build/asm/data/rdata_80010000.rodata.s.o: defined in discarded section `.text' of build/src/frontend/common/stattool.c.o
`.L8004AB2C' referenced in section `.rodata' of build/asm/data/rdata_80010000.rodata.s.o: defined in discarded section `.text' of build/src/frontend/common/stattool.c.o
`.L8004ABC8' referenced in section `.rodata' of build/asm/data/rdata_80010000.rodata.s.o: defined in discarded section `.text' of build/src/frontend/common/stattool.c.o
`.L8004ABC8' referenced in section `.rodata' of build/asm/data/rdata_80010000.rodata.s.o: defined in discarded section `.text' of build/src/frontend/common/stattool.c.o
`.L8004ABA8' referenced in section `.rodata' of build/asm/data/rdata_80010000.rodata.s.o: defined in discarded section `.text' of build/src/frontend/common/stattool.c.o
`.L8004AB44' referenced in section `.rodata' of build/asm/data/rdata_80010000.rodata.s.o: defined in discarded section `.text' of build/src/frontend/common/stattool.c.o
`.L8004ABC8' referenced in section `.rodata' of build/asm/data/rdata_80010000.rodata.s.o: defined in discarded section `.text' of build/src/frontend/common/stattool.c.o
`.L8004ABC8' referenced in section `.rodata' of build/asm/data/rdata_80010000.rodata.s.o: defined in discarded section `.text' of build/src/frontend/common/stattool.c.o
`.L8004ABC8' referenced in section `.rodata' of build/asm/data/rdata_80010000.rodata.s.o: defined in discarded section `.text' of build/src/frontend/common/stattool.c.o
`.L8004AB68' referenced in section `.rodata' of build/asm/data/rdata_80010000.rodata.s.o: defined in discarded section `.text' of build/src/frontend/common/stattool.c.o
`.L8004ABB4' referenced in section `.rodata' of build/asm/data/rdata_80010000.rodata.s.o: defined in discarded section `.text' of build/src/frontend/common/stattool.c.o
`.L8004AB50' referenced in section `.rodata' of build/asm/data/rdata_80010000.rodata.s.o: defined in discarded section `.text' of build/src/frontend/common/stattool.c.o
`.L8004ABC8' referenced in section `.rodata' of build/asm/data/rdata_80010000.rodata.s.o: defined in discarded section `.text' of build/src/frontend/common/stattool.c.o
`.L8004ABC8' referenced in section `.rodata' of build/asm/data/rdata_80010000.rodata.s.o: defined in discarded section `.text' of build/src/frontend/common/stattool.c.o
`.L8004AB14' referenced in section `.rodata' of build/asm/data/rdata_80010000.rodata.s.o: defined in discarded section `.text' of build/src/frontend/common/stattool.c.o
`.L8004ABC8' referenced in section `.rodata' of build/asm/data/rdata_80010000.rodata.s.o: defined in discarded section `.text' of build/src/frontend/common/stattool.c.o
`.L8004ABC8' referenced in section `.rodata' of build/asm/data/rdata_80010000.rodata.s.o: defined in discarded section `.text' of build/src/frontend/common/stattool.c.o
`.L8004ABC0' referenced in section `.rodata' of build/asm/data/rdata_80010000.rodata.s.o: defined in discarded section `.text' of build/src/frontend/common/stattool.c.o
`.L8004AB5C' referenced in section `.rodata' of build/asm/data/rdata_80010000.rodata.s.o: defined in discarded section `.text' of build/src/frontend/common/stattool.c.o
`.L8004ABC8' referenced in section `.rodata' of build/asm/data/rdata_80010000.rodata.s.o: defined in discarded section `.text' of build/src/frontend/common/stattool.c.o
`.L8004AB20' referenced in section `.rodata' of build/asm/data/rdata_80010000.rodata.s.o: defined in discarded section `.text' of build/src/frontend/common/stattool.c.o
`.L8004B3D4' referenced in section `.rodata' of build/asm/data/rdata_80010000.rodata.s.o: defined in discarded section `.text' of build/src/frontend/common/screenusername.c.o
`.L8004B5E0' referenced in section `.rodata' of build/asm/data/rdata_80010000.rodata.s.o: defined in discarded section `.text' of build/src/frontend/common/screenusername.c.o
`.L8004B468' referenced in section `.rodata' of build/asm/data/rdata_80010000.rodata.s.o: defined in discarded section `.text' of build/src/frontend/common/screenusername.c.o
`.L8004B470' referenced in section `.rodata' of build/asm/data/rdata_80010000.rodata.s.o: defined in discarded section `.text' of build/src/frontend/common/screenusername.c.o
`.L8004B5E0' referenced in section `.rodata' of build/asm/data/rdata_80010000.rodata.s.o: defined in discarded section `.text' of build/src/frontend/common/screenusername.c.o
`.L8004B4FC' referenced in section `.rodata' of build/asm/data/rdata_80010000.rodata.s.o: defined in discarded section `.text' of build/src/frontend/common/screenusername.c.o
`.L8004B5E0' referenced in section `.rodata' of build/asm/data/rdata_80010000.rodata.s.o: defined in discarded section `.text' of build/src/frontend/common/screenusername.c.o
`.L8004B5E0' referenced in section `.rodata' of build/asm/data/rdata_80010000.rodata.s.o: defined in discarded section `.text' of build/src/frontend/common/screenusername.c.o
`.L8004B5E0' referenced in section `.rodata' of build/asm/data/rdata_80010000.rodata.s.o: defined in discarded section `.text' of build/src/frontend/common/screenusername.c.o
`.L8004B5E0' referenced in section `.rodata' of build/asm/data/rdata_80010000.rodata.s.o: defined in discarded section `.text' of build/src/frontend/common/screenusername.c.o
`.L8004B5E0' referenced in section `.rodata' of build/asm/data/rdata_80010000.rodata.s.o: defined in discarded section `.text' of build/src/frontend/common/screenusername.c.o
`.L8004B5E0' referenced in section `.rodata' of build/asm/data/rdata_80010000.rodata.s.o: defined in discarded section `.text' of build/src/frontend/common/screenusername.c.o
`.L8004B604' referenced in section `.rodata' of build/asm/data/rdata_80010000.rodata.s.o: defined in discarded section `.text' of build/src/frontend/common/screenusername.c.o
`.L8004B5E0' referenced in section `.rodata' of build/asm/data/rdata_80010000.rodata.s.o: defined in discarded section `.text' of build/src/frontend/common/screenusername.c.o
`.L8004B5E0' referenced in section `.rodata' of build/asm/data/rdata_80010000.rodata.s.o: defined in discarded section `.text' of build/src/frontend/common/screenusername.c.o
`.L8004B5E0' referenced in section `.rodata' of build/asm/data/rdata_80010000.rodata.s.o: defined in discarded section `.text' of build/src/frontend/common/screenusername.c.o
`.L8004B5E0' referenced in section `.rodata' of build/asm/data/rdata_80010000.rodata.s.o: defined in discarded section `.text' of build/src/frontend/common/screenusername.c.o
`.L8004B5E0' referenced in section `.rodata' of build/asm/data/rdata_80010000.rodata.s.o: defined in discarded section `.text' of build/src/frontend/common/screenusername.c.o
`.L8004B5E0' referenced in section `.rodata' of build/asm/data/rdata_80010000.rodata.s.o: defined in discarded section `.text' of build/src/frontend/common/screenusername.c.o
`.L8004B5E0' referenced in section `.rodata' of build/asm/data/rdata_80010000.rodata.s.o: defined in discarded section `.text' of build/src/frontend/common/screenusername.c.o
`.L8004B5E0' referenced in section `.rodata' of build/asm/data/rdata_80010000.rodata.s.o: defined in discarded section `.text' of build/src/frontend/common/screenusername.c.o
`.L8004B5E0' referenced in section `.rodata' of build/asm/data/rdata_80010000.rodata.s.o: defined in discarded section `.text' of build/src/frontend/common/screenusername.c.o
`.L8004B5E0' referenced in section `.rodata' of build/asm/data/rdata_80010000.rodata.s.o: defined in discarded section `.text' of build/src/frontend/common/screenusername.c.o
`.L8004B5E0' referenced in section `.rodata' of build/asm/data/rdata_80010000.rodata.s.o: defined in discarded section `.text' of build/src/frontend/common/screenusername.c.o
`.L8004B5E0' referenced in section `.rodata' of build/asm/data/rdata_80010000.rodata.s.o: defined in discarded section `.text' of build/src/frontend/common/screenusername.c.o
`.L8004B5E0' referenced in section `.rodata' of build/asm/data/rdata_80010000.rodata.s.o: defined in discarded section `.text' of build/src/frontend/common/screenusername.c.o
`.L8004B5E0' referenced in section `.rodata' of build/asm/data/rdata_80010000.rodata.s.o: defined in discarded section `.text' of build/src/frontend/common/screenusername.c.o
`.L8004B5E0' referenced in section `.rodata' of build/asm/data/rdata_80010000.rodata.s.o: defined in discarded section `.text' of build/src/frontend/common/screenusername.c.o
`.L8004B5E0' referenced in section `.rodata' of build/asm/data/rdata_80010000.rodata.s.o: defined in discarded section `.text' of build/src/frontend/common/screenusername.c.o
`.L8004B5E0' referenced in section `.rodata' of build/asm/data/rdata_80010000.rodata.s.o: defined in discarded section `.text' of build/src/frontend/common/screenusername.c.o
`.L8004B5E0' referenced in section `.rodata' of build/asm/data/rdata_80010000.rodata.s.o: defined in discarded section `.text' of build/src/frontend/common/screenusername.c.o
`.L8004B3DC' referenced in section `.rodata' of build/asm/data/rdata_80010000.rodata.s.o: defined in discarded section `.text' of build/src/frontend/common/screenusername.c.o
`.L8004B5E0' referenced in section `.rodata' of build/asm/data/rdata_80010000.rodata.s.o: defined in discarded section `.text' of build/src/frontend/common/screenusername.c.o
`.L8004B5E0' referenced in section `.rodata' of build/asm/data/rdata_80010000.rodata.s.o: defined in discarded section `.text' of build/src/frontend/common/screenusername.c.o
`.L8004B5E0' referenced in section `.rodata' of build/asm/data/rdata_80010000.rodata.s.o: defined in discarded section `.text' of build/src/frontend/common/screenusername.c.o
`.L8004B5E0' referenced in section `.rodata' of build/asm/data/rdata_80010000.rodata.s.o: defined in discarded section `.text' of build/src/frontend/common/screenusername.c.o
`.L8004B5E0' referenced in section `.rodata' of build/asm/data/rdata_80010000.rodata.s.o: defined in discarded section `.text' of build/src/frontend/common/screenusername.c.o
`.L8004B5E0' referenced in section `.rodata' of build/asm/data/rdata_80010000.rodata.s.o: defined in discarded section `.text' of build/src/frontend/common/screenusername.c.o
`.L8004B5E0' referenced in section `.rodata' of build/asm/data/rdata_80010000.rodata.s.o: defined in discarded section `.text' of build/src/frontend/common/screenusername.c.o
`.L8004B5E0' referenced in section `.rodata' of build/asm/data/rdata_80010000.rodata.s.o: defined in discarded section `.text' of build/src/frontend/common/screenusername.c.o
`.L8004B5E0' referenced in section `.rodata' of build/asm/data/rdata_80010000.rodata.s.o: defined in discarded section `.text' of build/src/frontend/common/screenusername.c.o
`.L8004B5E0' referenced in section `.rodata' of build/asm/data/rdata_80010000.rodata.s.o: defined in discarded section `.text' of build/src/frontend/common/screenusername.c.o
`.L8004B5E0' referenced in section `.rodata' of build/asm/data/rdata_80010000.rodata.s.o: defined in discarded section `.text' of build/src/frontend/common/screenusername.c.o
`.L8004B5E0' referenced in section `.rodata' of build/asm/data/rdata_80010000.rodata.s.o: defined in discarded section `.text' of build/src/frontend/common/screenusername.c.o
`.L8004B5E0' referenced in section `.rodata' of build/asm/data/rdata_80010000.rodata.s.o: defined in discarded section `.text' of build/src/frontend/common/screenusername.c.o
`.L8004B5E0' referenced in section `.rodata' of build/asm/data/rdata_80010000.rodata.s.o: defined in discarded section `.text' of build/src/frontend/common/screenusername.c.o
`.L8004B5E0' referenced in section `.rodata' of build/asm/data/rdata_80010000.rodata.s.o: defined in discarded section `.text' of build/src/frontend/common/screenusername.c.o
`.L8004B5E0' referenced in section `.rodata' of build/asm/data/rdata_80010000.rodata.s.o: defined in discarded section `.text' of build/src/frontend/common/screenusername.c.o
`.L8004B5E0' referenced in section `.rodata' of build/asm/data/rdata_80010000.rodata.s.o: defined in discarded section `.text' of build/src/frontend/common/screenusername.c.o
`.L8004B5E0' referenced in section `.rodata' of build/asm/data/rdata_80010000.rodata.s.o: defined in discarded section `.text' of build/src/frontend/common/screenusername.c.o
`.L8004B5E0' referenced in section `.rodata' of build/asm/data/rdata_80010000.rodata.s.o: defined in discarded section `.text' of build/src/frontend/common/screenusername.c.o
`.L8004B5E0' referenced in section `.rodata' of build/asm/data/rdata_80010000.rodata.s.o: defined in discarded section `.text' of build/src/frontend/common/screenusername.c.o
`.L8004B5E0' referenced in section `.rodata' of build/asm/data/rdata_80010000.rodata.s.o: defined in discarded section `.text' of build/src/frontend/common/screenusername.c.o
`.L8004B5E0' referenced in section `.rodata' of build/asm/data/rdata_80010000.rodata.s.o: defined in discarded section `.text' of build/src/frontend/common/screenusername.c.o
`.L8004B5E0' referenced in section `.rodata' of build/asm/data/rdata_80010000.rodata.s.o: defined in discarded section `.text' of build/src/frontend/common/screenusername.c.o
`.L8004B5E0' referenced in section `.rodata' of build/asm/data/rdata_80010000.rodata.s.o: defined in discarded section `.text' of build/src/frontend/common/screenusername.c.o
`.L8004B5E0' referenced in section `.rodata' of build/asm/data/rdata_80010000.rodata.s.o: defined in discarded section `.text' of build/src/frontend/common/screenusername.c.o
`.L8004B5E0' referenced in section `.rodata' of build/asm/data/rdata_80010000.rodata.s.o: defined in discarded section `.text' of build/src/frontend/common/screenusername.c.o
`.L8004B5E0' referenced in section `.rodata' of build/asm/data/rdata_80010000.rodata.s.o: defined in discarded section `.text' of build/src/frontend/common/screenusername.c.o
`.L8004B5E0' referenced in section `.rodata' of build/asm/data/rdata_80010000.rodata.s.o: defined in discarded section `.text' of build/src/frontend/common/screenusername.c.o
`.L8004B5E0' referenced in section `.rodata' of build/asm/data/rdata_80010000.rodata.s.o: defined in discarded section `.text' of build/src/frontend/common/screenusername.c.o
`.L8004B554' referenced in section `.rodata' of build/asm/data/rdata_80010000.rodata.s.o: defined in discarded section `.text' of build/src/frontend/common/screenusername.c.o
`GetShapeInfo__15tScreenUserNameRsT1PPcT3' referenced in section `.rodata' of build/asm/data/rdata_80010000.rodata.s.o: defined in discarded section `.text' of build/src/frontend/common/screenusername.c.o
`DrawBackground__15tScreenUserName' referenced in section `.rodata' of build/asm/data/rdata_80010000.rodata.s.o: defined in discarded section `.text' of build/src/frontend/common/screenusername.c.o
`DrawForeground__7tScreen' referenced in section `.rodata' of build/asm/data/rdata_80010000.rodata.s.o: defined in discarded section `.text' of build/src/frontend/common/fescreen.c.o
`___15tScreenUserName' referenced in section `.rodata' of build/asm/data/rdata_80010000.rodata.s.o: defined in discarded section `.text' of build/src/frontend/common/screenusername.c.o
`PreLoad__7tScreen' referenced in section `.rodata' of build/asm/data/rdata_80010000.rodata.s.o: defined in discarded section `.text' of build/src/frontend/common/fescreen.c.o
`Initialize__15tScreenUserName' referenced in section `.rodata' of build/asm/data/rdata_80010000.rodata.s.o: defined in discarded section `.text' of build/src/frontend/common/screenusername.c.o
`Cleanup__7tScreen' referenced in section `.rodata' of build/asm/data/rdata_80010000.rodata.s.o: defined in discarded section `.text' of build/src/frontend/common/fescreen.c.o
`TransitionIsFinished__7tScreen' referenced in section `.rodata' of build/asm/data/rdata_80010000.rodata.s.o: defined in discarded section `.text' of build/src/frontend/common/fescreen.c.o
`ProcessInput__7tScreen7tPlayerR13tInputKeyTypeR12tMenuCommand' referenced in section `.rodata' of build/asm/data/rdata_80010000.rodata.s.o: defined in discarded section `.text' of build/src/frontend/common/fescreen.c.o
`.L8005000C' referenced in section `.rodata' of build/asm/data/rdata_80010000.rodata.s.o: defined in discarded section `.text' of build/src/frontend/psx/memcard.c.o
`.L80050028' referenced in section `.rodata' of build/asm/data/rdata_80010000.rodata.s.o: defined in discarded section `.text' of build/src/frontend/psx/memcard.c.o
`.L80050040' referenced in section `.rodata' of build/asm/data/rdata_80010000.rodata.s.o: defined in discarded section `.text' of build/src/frontend/psx/memcard.c.o
`.L8005000C' referenced in section `.rodata' of build/asm/data/rdata_80010000.rodata.s.o: defined in discarded section `.text' of build/src/frontend/psx/memcard.c.o
`.L80050050' referenced in section `.rodata' of build/asm/data/rdata_80010000.rodata.s.o: defined in discarded section `.text' of build/src/frontend/psx/memcard.c.o
`.L80050094' referenced in section `.rodata' of build/asm/data/rdata_80010000.rodata.s.o: defined in discarded section `.text' of build/src/frontend/psx/memcard.c.o
`.L800500E0' referenced in section `.rodata' of build/asm/data/rdata_80010000.rodata.s.o: defined in discarded section `.text' of build/src/frontend/psx/memcard.c.o
`.L80050114' referenced in section `.rodata' of build/asm/data/rdata_80010000.rodata.s.o: defined in discarded section `.text' of build/src/frontend/psx/memcard.c.o
`.L80050148' referenced in section `.rodata' of build/asm/data/rdata_80010000.rodata.s.o: defined in discarded section `.text' of build/src/frontend/psx/memcard.c.o
`.L8005017C' referenced in section `.rodata' of build/asm/data/rdata_80010000.rodata.s.o: defined in discarded section `.text' of build/src/frontend/psx/memcard.c.o
`.L800506C4' referenced in section `.rodata' of build/asm/data/rdata_80010000.rodata.s.o: defined in discarded section `.text' of build/src/frontend/psx/memcard.c.o
`.L8005057C' referenced in section `.rodata' of build/asm/data/rdata_80010000.rodata.s.o: defined in discarded section `.text' of build/src/frontend/psx/memcard.c.o
`.L8005058C' referenced in section `.rodata' of build/asm/data/rdata_80010000.rodata.s.o: defined in discarded section `.text' of build/src/frontend/psx/memcard.c.o
`.L8005059C' referenced in section `.rodata' of build/asm/data/rdata_80010000.rodata.s.o: defined in discarded section `.text' of build/src/frontend/psx/memcard.c.o
`.L800505CC' referenced in section `.rodata' of build/asm/data/rdata_80010000.rodata.s.o: defined in discarded section `.text' of build/src/frontend/psx/memcard.c.o
`.L80050654' referenced in section `.rodata' of build/asm/data/rdata_80010000.rodata.s.o: defined in discarded section `.text' of build/src/frontend/psx/memcard.c.o
`.L8005065C' referenced in section `.rodata' of build/asm/data/rdata_80010000.rodata.s.o: defined in discarded section `.text' of build/src/frontend/psx/memcard.c.o
`.L800506A8' referenced in section `.rodata' of build/asm/data/rdata_80010000.rodata.s.o: defined in discarded section `.text' of build/src/frontend/psx/memcard.c.o
`__pure_virtual' referenced in section `.rodata' of build/asm/data/rdata_80054548.rodata.s.o: defined in discarded section `.text' of build/src/syslib/psx/libsn/PUREV.c.o
`___15AIHigh_BTC_Perp' referenced in section `.rodata' of build/asm/data/rdata_80054548.rodata.s.o: defined in discarded section `.text' of build/src/game/common/aih_btcperp.c.o
`CheckForCrimes__16AIHigh_BasicPerp' referenced in section `.rodata' of build/asm/data/rdata_80054548.rodata.s.o: defined in discarded section `.text' of build/src/game/common/aih_basicperp.c.o
`HighExecute__11AIHigh_None' referenced in section `.rodata' of build/asm/data/rdata_80054548.rodata.s.o: defined in discarded section `.text' of build/src/game/common/aihigh.c.o
`___11AIHigh_None' referenced in section `.rodata' of build/asm/data/rdata_80054548.rodata.s.o: defined in discarded section `.text' of build/src/game/common/aihigh.c.o
`__pure_virtual' referenced in section `.rodata' of build/asm/data/rdata_80054548.rodata.s.o: defined in discarded section `.text' of build/src/syslib/psx/libsn/PUREV.c.o
`___11AIHigh_Base' referenced in section `.rodata' of build/asm/data/rdata_80054548.rodata.s.o: defined in discarded section `.text' of build/src/game/common/aihigh.c.o
`Execute__12AIState_None' referenced in section `.rodata' of build/asm/data/rdata_80054548.rodata.s.o: defined in discarded section `.text' of build/src/game/common/aihigh.c.o
`___12AIState_None' referenced in section `.rodata' of build/asm/data/rdata_80054548.rodata.s.o: defined in discarded section `.text' of build/src/game/common/aihigh.c.o
`TestForRelease__12AIState_Base' referenced in section `.rodata' of build/asm/data/rdata_80054548.rodata.s.o: defined in discarded section `.text' of build/src/game/common/aihigh.c.o
`__pure_virtual' referenced in section `.rodata' of build/asm/data/rdata_80054548.rodata.s.o: defined in discarded section `.text' of build/src/syslib/psx/libsn/PUREV.c.o
`___12AIState_Base' referenced in section `.rodata' of build/asm/data/rdata_80054548.rodata.s.o: defined in discarded section `.text' of build/src/game/common/aihigh.c.o
`TestForRelease__12AIState_Base' referenced in section `.rodata' of build/asm/data/rdata_80054548.rodata.s.o: defined in discarded section `.text' of build/src/game/common/aihigh.c.o
`__pure_virtual' referenced in section `.rodata' of build/asm/data/rdata_80054548.rodata.s.o: defined in discarded section `.text' of build/src/syslib/psx/libsn/PUREV.c.o
`___16AIHigh_BasicPerp' referenced in section `.rodata' of build/asm/data/rdata_80054548.rodata.s.o: defined in discarded section `.text' of build/src/game/common/aih_basicperp.c.o
`CheckForCrimes__16AIHigh_BasicPerp' referenced in section `.rodata' of build/asm/data/rdata_80054548.rodata.s.o: defined in discarded section `.text' of build/src/game/common/aih_basicperp.c.o
`__pure_virtual' referenced in section `.rodata' of build/asm/data/rdata_80054548.rodata.s.o: defined in discarded section `.text' of build/src/syslib/psx/libsn/PUREV.c.o
`___15AIHigh_BasicCop' referenced in section `.rodata' of build/asm/data/rdata_80054548.rodata.s.o: defined in discarded section `.text' of build/src/game/common/aih_basiccop.c.o
`HighExecute__18AIHigh_BTC_Wingman' referenced in section `.rodata' of build/asm/data/rdata_80054548.rodata.s.o: defined in discarded section `.text' of build/src/game/common/aih_btccop.c.o
`___18AIHigh_BTC_Wingman' referenced in section `.rodata' of build/asm/data/rdata_80054548.rodata.s.o: defined in discarded section `.text' of build/src/game/common/aih_btccop.c.o
`FreezeAndEndChase__14AIHigh_BTC_Cop' referenced in section `.rodata' of build/asm/data/rdata_80054548.rodata.s.o: defined in discarded section `.text' of build/src/game/common/aih_btccop.c.o
`HighExecute__19AIHigh_BTC_HumanCop' referenced in section `.rodata' of build/asm/data/rdata_80054548.rodata.s.o: defined in discarded section `.text' of build/src/game/common/aih_btccop.c.o
`___19AIHigh_BTC_HumanCop' referenced in section `.rodata' of build/asm/data/rdata_80054548.rodata.s.o: defined in discarded section `.text' of build/src/game/common/aih_btccop.c.o
`FreezeAndEndChase__19AIHigh_BTC_HumanCop' referenced in section `.rodata' of build/asm/data/rdata_80054548.rodata.s.o: defined in discarded section `.text' of build/src/game/common/aih_btccop.c.o
`__pure_virtual' referenced in section `.rodata' of build/asm/data/rdata_80054548.rodata.s.o: defined in discarded section `.text' of build/src/syslib/psx/libsn/PUREV.c.o
`___14AIHigh_BTC_Cop' referenced in section `.rodata' of build/asm/data/rdata_80054548.rodata.s.o: defined in discarded section `.text' of build/src/game/common/aih_btccop.c.o
`FreezeAndEndChase__14AIHigh_BTC_Cop' referenced in section `.rodata' of build/asm/data/rdata_80054548.rodata.s.o: defined in discarded section `.text' of build/src/game/common/aih_btccop.c.o
`Execute__17AIState_NonActive' referenced in section `.rodata' of build/asm/data/rdata_80054548.rodata.s.o: defined in discarded section `.text' of build/src/game/common/aih_btccop.c.o
`___17AIState_NonActive' referenced in section `.rodata' of build/asm/data/rdata_80054548.rodata.s.o: defined in discarded section `.text' of build/src/game/common/aih_btccop.c.o
`TestForRelease__12AIState_Base_8005F678' referenced in section `.rodata' of build/asm/data/rdata_80054548.rodata.s.o: defined in discarded section `.text' of build/src/game/common/aih_btccop.c.o
`__pure_virtual' referenced in section `.rodata' of build/asm/data/rdata_80054548.rodata.s.o: defined in discarded section `.text' of build/src/syslib/psx/libsn/PUREV.c.o
`___12AIState_Base_8005F680' referenced in section `.rodata' of build/asm/data/rdata_80054548.rodata.s.o: defined in discarded section `.text' of build/src/game/common/aih_btccop.c.o
`TestForRelease__12AIState_Base_8005F678' referenced in section `.rodata' of build/asm/data/rdata_80054548.rodata.s.o: defined in discarded section `.text' of build/src/game/common/aih_btccop.c.o
`.L8005E390' referenced in section `.rodata' of build/asm/data/rdata_80054548.rodata.s.o: defined in discarded section `.text' of build/src/game/common/aih_btccop.c.o
`.L8005EDA4' referenced in section `.rodata' of build/asm/data/rdata_80054548.rodata.s.o: defined in discarded section `.text' of build/src/game/common/aih_btccop.c.o
`.L8005E448' referenced in section `.rodata' of build/asm/data/rdata_80054548.rodata.s.o: defined in discarded section `.text' of build/src/game/common/aih_btccop.c.o
`.L8005E91C' referenced in section `.rodata' of build/asm/data/rdata_80054548.rodata.s.o: defined in discarded section `.text' of build/src/game/common/aih_btccop.c.o
`.L8005E650' referenced in section `.rodata' of build/asm/data/rdata_80054548.rodata.s.o: defined in discarded section `.text' of build/src/game/common/aih_btccop.c.o
`.L8005EDA4' referenced in section `.rodata' of build/asm/data/rdata_80054548.rodata.s.o: defined in discarded section `.text' of build/src/game/common/aih_btccop.c.o
`.L8005EDA4' referenced in section `.rodata' of build/asm/data/rdata_80054548.rodata.s.o: defined in discarded section `.text' of build/src/game/common/aih_btccop.c.o
`.L8005EC68' referenced in section `.rodata' of build/asm/data/rdata_80054548.rodata.s.o: defined in discarded section `.text' of build/src/game/common/aih_btccop.c.o
`.L8005EDA4' referenced in section `.rodata' of build/asm/data/rdata_80054548.rodata.s.o: defined in discarded section `.text' of build/src/game/common/aih_btccop.c.o
`.L8005ED34' referenced in section `.rodata' of build/asm/data/rdata_80054548.rodata.s.o: defined in discarded section `.text' of build/src/game/common/aih_btccop.c.o
`.L8005EDA4' referenced in section `.rodata' of build/asm/data/rdata_80054548.rodata.s.o: defined in discarded section `.text' of build/src/game/common/aih_btccop.c.o
`HighExecute__17AIHigh_BTC_AIPerp' referenced in section `.rodata' of build/asm/data/rdata_80054548.rodata.s.o: defined in discarded section `.text' of build/src/game/common/aih_btcperp.c.o
`___17AIHigh_BTC_AIPerp' referenced in section `.rodata' of build/asm/data/rdata_80054548.rodata.s.o: defined in discarded section `.text' of build/src/game/common/aih_btcperp.c.o
`CheckForCrimes__16AIHigh_BasicPerp' referenced in section `.rodata' of build/asm/data/rdata_80054548.rodata.s.o: defined in discarded section `.text' of build/src/game/common/aih_basicperp.c.o
`HighExecute__20AIHigh_BTC_HumanPerp' referenced in section `.rodata' of build/asm/data/rdata_80054548.rodata.s.o: defined in discarded section `.text' of build/src/game/common/aih_btcperp.c.o
`___20AIHigh_BTC_HumanPerp' referenced in section `.rodata' of build/asm/data/rdata_80054548.rodata.s.o: defined in discarded section `.text' of build/src/game/common/aih_btcperp.c.o
`CheckForCrimes__16AIHigh_BasicPerp' referenced in section `.rodata' of build/asm/data/rdata_80054548.rodata.s.o: defined in discarded section `.text' of build/src/game/common/aih_basicperp.c.o
`__pure_virtual' referenced in section `.rodata' of build/asm/data/rdata_80054548.rodata.s.o: defined in discarded section `.text' of build/src/syslib/psx/libsn/PUREV.c.o
`___15AIHigh_BTC_Perp' referenced in section `.rodata' of build/asm/data/rdata_80054548.rodata.s.o: defined in discarded section `.text' of build/src/game/common/aih_btcperp.c.o
`CheckForCrimes__16AIHigh_BasicPerp' referenced in section `.rodata' of build/asm/data/rdata_80054548.rodata.s.o: defined in discarded section `.text' of build/src/game/common/aih_basicperp.c.o
`Execute__17AIState_NonActive_80061370' referenced in section `.rodata' of build/asm/data/rdata_80054548.rodata.s.o: defined in discarded section `.text' of build/src/game/common/aih_btcperp.c.o
`___17AIState_NonActive_80061378' referenced in section `.rodata' of build/asm/data/rdata_80054548.rodata.s.o: defined in discarded section `.text' of build/src/game/common/aih_btcperp.c.o
`TestForRelease__12AIState_Base_800613C4' referenced in section `.rodata' of build/asm/data/rdata_80054548.rodata.s.o: defined in discarded section `.text' of build/src/game/common/aih_btcperp.c.o
`__pure_virtual' referenced in section `.rodata' of build/asm/data/rdata_80054548.rodata.s.o: defined in discarded section `.text' of build/src/syslib/psx/libsn/PUREV.c.o
`___12AIState_Base_800613CC' referenced in section `.rodata' of build/asm/data/rdata_80054548.rodata.s.o: defined in discarded section `.text' of build/src/game/common/aih_btcperp.c.o
`TestForRelease__12AIState_Base_800613C4' referenced in section `.rodata' of build/asm/data/rdata_80054548.rodata.s.o: defined in discarded section `.text' of build/src/game/common/aih_btcperp.c.o
`.L80060B70' referenced in section `.rodata' of build/asm/data/rdata_80054548.rodata.s.o: defined in discarded section `.text' of build/src/game/common/aih_btcperp.c.o
`.L80060D50' referenced in section `.rodata' of build/asm/data/rdata_80054548.rodata.s.o: defined in discarded section `.text' of build/src/game/common/aih_btcperp.c.o
`.L80060924' referenced in section `.rodata' of build/asm/data/rdata_80054548.rodata.s.o: defined in discarded section `.text' of build/src/game/common/aih_btcperp.c.o
`.L80060D50' referenced in section `.rodata' of build/asm/data/rdata_80054548.rodata.s.o: defined in discarded section `.text' of build/src/game/common/aih_btcperp.c.o
`.L80060D50' referenced in section `.rodata' of build/asm/data/rdata_80054548.rodata.s.o: defined in discarded section `.text' of build/src/game/common/aih_btcperp.c.o
`.L80060D50' referenced in section `.rodata' of build/asm/data/rdata_80054548.rodata.s.o: defined in discarded section `.text' of build/src/game/common/aih_btcperp.c.o
`.L80060D50' referenced in section `.rodata' of build/asm/data/rdata_80054548.rodata.s.o: defined in discarded section `.text' of build/src/game/common/aih_btcperp.c.o
`.L80060C1C' referenced in section `.rodata' of build/asm/data/rdata_80054548.rodata.s.o: defined in discarded section `.text' of build/src/game/common/aih_btcperp.c.o
`.L80060D50' referenced in section `.rodata' of build/asm/data/rdata_80054548.rodata.s.o: defined in discarded section `.text' of build/src/game/common/aih_btcperp.c.o
`.L80060D50' referenced in section `.rodata' of build/asm/data/rdata_80054548.rodata.s.o: defined in discarded section `.text' of build/src/game/common/aih_btcperp.c.o
`.L80060C48' referenced in section `.rodata' of build/asm/data/rdata_80054548.rodata.s.o: defined in discarded section `.text' of build/src/game/common/aih_btcperp.c.o
`.L80060B30' referenced in section `.rodata' of build/asm/data/rdata_80054548.rodata.s.o: defined in discarded section `.text' of build/src/game/common/aih_btcperp.c.o
`.L80060954' referenced in section `.rodata' of build/asm/data/rdata_80054548.rodata.s.o: defined in discarded section `.text' of build/src/game/common/aih_btcperp.c.o
`.L800609EC' referenced in section `.rodata' of build/asm/data/rdata_80054548.rodata.s.o: defined in discarded section `.text' of build/src/game/common/aih_btcperp.c.o
`.L80060B30' referenced in section `.rodata' of build/asm/data/rdata_80054548.rodata.s.o: defined in discarded section `.text' of build/src/game/common/aih_btcperp.c.o
`.L800609F8' referenced in section `.rodata' of build/asm/data/rdata_80054548.rodata.s.o: defined in discarded section `.text' of build/src/game/common/aih_btcperp.c.o
`.L80060B30' referenced in section `.rodata' of build/asm/data/rdata_80054548.rodata.s.o: defined in discarded section `.text' of build/src/game/common/aih_btcperp.c.o
`__pure_virtual' referenced in section `.rodata' of build/asm/data/rdata_80054548.rodata.s.o: defined in discarded section `.text' of build/src/syslib/psx/libsn/PUREV.c.o
`___13AIHigh_Player' referenced in section `.rodata' of build/asm/data/rdata_80054548.rodata.s.o: defined in discarded section `.text' of build/src/game/common/aih_play.c.o
`CheckForCrimes__16AIHigh_BasicPerp' referenced in section `.rodata' of build/asm/data/rdata_80054548.rodata.s.o: defined in discarded section `.text' of build/src/game/common/aih_basicperp.c.o
`HighExecute__12AIHigh_Human' referenced in section `.rodata' of build/asm/data/rdata_80054548.rodata.s.o: defined in discarded section `.text' of build/src/game/common/aih_hum.c.o
`___12AIHigh_Human' referenced in section `.rodata' of build/asm/data/rdata_80054548.rodata.s.o: defined in discarded section `.text' of build/src/game/common/aih_hum.c.o
`CheckForCrimes__16AIHigh_BasicPerp' referenced in section `.rodata' of build/asm/data/rdata_80054548.rodata.s.o: defined in discarded section `.text' of build/src/game/common/aih_basicperp.c.o
`HighExecute__15AIHigh_Opponent' referenced in section `.rodata' of build/asm/data/rdata_80054548.rodata.s.o: defined in discarded section `.text' of build/src/game/common/aih_opp.c.o
`___15AIHigh_Opponent' referenced in section `.rodata' of build/asm/data/rdata_80054548.rodata.s.o: defined in discarded section `.text' of build/src/game/common/aih_opp.c.o
`CheckForCrimes__16AIHigh_BasicPerp' referenced in section `.rodata' of build/asm/data/rdata_80054548.rodata.s.o: defined in discarded section `.text' of build/src/game/common/aih_basicperp.c.o
`.L80063808' referenced in section `.rodata' of build/asm/data/rdata_80054548.rodata.s.o: defined in discarded section `.text' of build/src/game/common/aih_opp.c.o
`.L80063AC0' referenced in section `.rodata' of build/asm/data/rdata_80054548.rodata.s.o: defined in discarded section `.text' of build/src/game/common/aih_opp.c.o
`.L80063858' referenced in section `.rodata' of build/asm/data/rdata_80054548.rodata.s.o: defined in discarded section `.text' of build/src/game/common/aih_opp.c.o
`.L80063AC0' referenced in section `.rodata' of build/asm/data/rdata_80054548.rodata.s.o: defined in discarded section `.text' of build/src/game/common/aih_opp.c.o
`.L80063988' referenced in section `.rodata' of build/asm/data/rdata_80054548.rodata.s.o: defined in discarded section `.text' of build/src/game/common/aih_opp.c.o
`.L80063AC0' referenced in section `.rodata' of build/asm/data/rdata_80054548.rodata.s.o: defined in discarded section `.text' of build/src/game/common/aih_opp.c.o
`.L80063AC0' referenced in section `.rodata' of build/asm/data/rdata_80054548.rodata.s.o: defined in discarded section `.text' of build/src/game/common/aih_opp.c.o
`.L80063AC0' referenced in section `.rodata' of build/asm/data/rdata_80054548.rodata.s.o: defined in discarded section `.text' of build/src/game/common/aih_opp.c.o
`.L80063AC0' referenced in section `.rodata' of build/asm/data/rdata_80054548.rodata.s.o: defined in discarded section `.text' of build/src/game/common/aih_opp.c.o
`.L80063AC0' referenced in section `.rodata' of build/asm/data/rdata_80054548.rodata.s.o: defined in discarded section `.text' of build/src/game/common/aih_opp.c.o
`.L80063AC0' referenced in section `.rodata' of build/asm/data/rdata_80054548.rodata.s.o: defined in discarded section `.text' of build/src/game/common/aih_opp.c.o
`HighExecute__10AIHigh_Cop' referenced in section `.rodata' of build/asm/data/rdata_80054548.rodata.s.o: defined in discarded section `.text' of build/src/game/common/aih_cop.c.o
`___10AIHigh_Cop' referenced in section `.rodata' of build/asm/data/rdata_80054548.rodata.s.o: defined in discarded section `.text' of build/src/game/common/aih_cop.c.o
`.L80063D38' referenced in section `.rodata' of build/asm/data/rdata_80054548.rodata.s.o: defined in discarded section `.text' of build/src/game/common/aih_cop.c.o
`.L80063E28' referenced in section `.rodata' of build/asm/data/rdata_80054548.rodata.s.o: defined in discarded section `.text' of build/src/game/common/aih_cop.c.o
`.L8006422C' referenced in section `.rodata' of build/asm/data/rdata_80054548.rodata.s.o: defined in discarded section `.text' of build/src/game/common/aih_cop.c.o
`.L800648D8' referenced in section `.rodata' of build/asm/data/rdata_80054548.rodata.s.o: defined in discarded section `.text' of build/src/game/common/aih_cop.c.o
`.L80064440' referenced in section `.rodata' of build/asm/data/rdata_80054548.rodata.s.o: defined in discarded section `.text' of build/src/game/common/aih_cop.c.o
`.L80065118' referenced in section `.rodata' of build/asm/data/rdata_80054548.rodata.s.o: defined in discarded section `.text' of build/src/game/common/aih_cop.c.o
`.L8006536C' referenced in section `.rodata' of build/asm/data/rdata_80054548.rodata.s.o: defined in discarded section `.text' of build/src/game/common/aih_cop.c.o
`.L8006536C' referenced in section `.rodata' of build/asm/data/rdata_80054548.rodata.s.o: defined in discarded section `.text' of build/src/game/common/aih_cop.c.o
`.L8006536C' referenced in section `.rodata' of build/asm/data/rdata_80054548.rodata.s.o: defined in discarded section `.text' of build/src/game/common/aih_cop.c.o
`.L800652FC' referenced in section `.rodata' of build/asm/data/rdata_80054548.rodata.s.o: defined in discarded section `.text' of build/src/game/common/aih_cop.c.o
`.L8006536C' referenced in section `.rodata' of build/asm/data/rdata_80054548.rodata.s.o: defined in discarded section `.text' of build/src/game/common/aih_cop.c.o
`HighExecute__14AIHigh_Traffic' referenced in section `.rodata' of build/asm/data/rdata_80054548.rodata.s.o: defined in discarded section `.text' of build/src/game/common/aih_traf.c.o
`___14AIHigh_Traffic' referenced in section `.rodata' of build/asm/data/rdata_80054548.rodata.s.o: defined in discarded section `.text' of build/src/game/common/aih_traf.c.o
`.L80065ED0' referenced in section `.rodata' of build/asm/data/rdata_80054548.rodata.s.o: defined in discarded section `.text' of build/src/game/common/aih_traf.c.o
`.L80065FD4' referenced in section `.rodata' of build/asm/data/rdata_80054548.rodata.s.o: defined in discarded section `.text' of build/src/game/common/aih_traf.c.o
`.L800661E0' referenced in section `.rodata' of build/asm/data/rdata_80054548.rodata.s.o: defined in discarded section `.text' of build/src/game/common/aih_traf.c.o
`.L80066514' referenced in section `.rodata' of build/asm/data/rdata_80054548.rodata.s.o: defined in discarded section `.text' of build/src/game/common/aih_traf.c.o
`.L800666D0' referenced in section `.rodata' of build/asm/data/rdata_80054548.rodata.s.o: defined in discarded section `.text' of build/src/game/common/aih_traf.c.o
`.L800666D0' referenced in section `.rodata' of build/asm/data/rdata_80054548.rodata.s.o: defined in discarded section `.text' of build/src/game/common/aih_traf.c.o
`.L800665A4' referenced in section `.rodata' of build/asm/data/rdata_80054548.rodata.s.o: defined in discarded section `.text' of build/src/game/common/aih_traf.c.o
`.L800666D0' referenced in section `.rodata' of build/asm/data/rdata_80054548.rodata.s.o: defined in discarded section `.text' of build/src/game/common/aih_traf.c.o
`.L800666D0' referenced in section `.rodata' of build/asm/data/rdata_80054548.rodata.s.o: defined in discarded section `.text' of build/src/game/common/aih_traf.c.o
`.L800666D0' referenced in section `.rodata' of build/asm/data/rdata_80054548.rodata.s.o: defined in discarded section `.text' of build/src/game/common/aih_traf.c.o
`.L800666D0' referenced in section `.rodata' of build/asm/data/rdata_80054548.rodata.s.o: defined in discarded section `.text' of build/src/game/common/aih_traf.c.o
`___26AIDataRecord_CarTracking_t' referenced in section `.rodata' of build/asm/data/rdata_80054548.rodata.s.o: defined in discarded section `.text' of build/src/aidatarecord.c.o
`Setup__14AIDataRecord_t' referenced in section `.rodata' of build/asm/data/rdata_80054548.rodata.s.o: defined in discarded section `.text' of build/src/aidatarecord.c.o
`Get__26AIDataRecord_CarTracking_ti' referenced in section `.rodata' of build/asm/data/rdata_80054548.rodata.s.o: defined in discarded section `.text' of build/src/aidatarecord.c.o
`___30AIDataRecord_CurveSpeedTable_t' referenced in section `.rodata' of build/asm/data/rdata_80054548.rodata.s.o: defined in discarded section `.text' of build/src/aidatarecord.c.o
`Setup__14AIDataRecord_t' referenced in section `.rodata' of build/asm/data/rdata_80054548.rodata.s.o: defined in discarded section `.text' of build/src/aidatarecord.c.o
`___25AIDataRecord_TrackCurve_t' referenced in section `.rodata' of build/asm/data/rdata_80054548.rodata.s.o: defined in discarded section `.text' of build/src/aidatarecord.c.o
`Setup__14AIDataRecord_t' referenced in section `.rodata' of build/asm/data/rdata_80054548.rodata.s.o: defined in discarded section `.text' of build/src/aidatarecord.c.o
`___23AIDataRecord_BestLine_t' referenced in section `.rodata' of build/asm/data/rdata_80054548.rodata.s.o: defined in discarded section `.text' of build/src/aidatarecord.c.o
`Setup__14AIDataRecord_t' referenced in section `.rodata' of build/asm/data/rdata_80054548.rodata.s.o: defined in discarded section `.text' of build/src/aidatarecord.c.o
`___23AIDataRecord_AccTable_t' referenced in section `.rodata' of build/asm/data/rdata_80054548.rodata.s.o: defined in discarded section `.text' of build/src/aidatarecord.c.o
`Setup__23AIDataRecord_AccTable_t' referenced in section `.rodata' of build/asm/data/rdata_80054548.rodata.s.o: defined in discarded section `.text' of build/src/aidatarecord.c.o
`___14AIDataRecord_t' referenced in section `.rodata' of build/asm/data/rdata_80054548.rodata.s.o: defined in discarded section `.text' of build/src/aidatarecord.c.o
`Setup__14AIDataRecord_t' referenced in section `.rodata' of build/asm/data/rdata_80054548.rodata.s.o: defined in discarded section `.text' of build/src/aidatarecord.c.o
`Execute__14AIState_Cruise' referenced in section `.rodata' of build/asm/data/rdata_80054548.rodata.s.o: defined in discarded section `.text' of build/src/game/common/aistate.c.o
`___14AIState_Cruise' referenced in section `.rodata' of build/asm/data/rdata_80054548.rodata.s.o: defined in discarded section `.text' of build/src/game/common/aistate.c.o
`TestForRelease__12AIState_Base_80072830' referenced in section `.rodata' of build/asm/data/rdata_80054548.rodata.s.o: defined in discarded section `.text' of build/src/game/common/aistate.c.o
`Execute__17AIState_GotoSlice' referenced in section `.rodata' of build/asm/data/rdata_80054548.rodata.s.o: defined in discarded section `.text' of build/src/game/common/aistate.c.o
`___17AIState_GotoSlice' referenced in section `.rodata' of build/asm/data/rdata_80054548.rodata.s.o: defined in discarded section `.text' of build/src/game/common/aistate.c.o
`TestForRelease__12AIState_Base_80072830' referenced in section `.rodata' of build/asm/data/rdata_80054548.rodata.s.o: defined in discarded section `.text' of build/src/game/common/aistate.c.o
`Execute__14AIState_Donuts' referenced in section `.rodata' of build/asm/data/rdata_80054548.rodata.s.o: defined in discarded section `.text' of build/src/game/common/aistate.c.o
`___14AIState_Donuts' referenced in section `.rodata' of build/asm/data/rdata_80054548.rodata.s.o: defined in discarded section `.text' of build/src/game/common/aistate.c.o
`TestForRelease__12AIState_Base_80072830' referenced in section `.rodata' of build/asm/data/rdata_80054548.rodata.s.o: defined in discarded section `.text' of build/src/game/common/aistate.c.o
`Execute__21AIState_RovingTraffic' referenced in section `.rodata' of build/asm/data/rdata_80054548.rodata.s.o: defined in discarded section `.text' of build/src/game/common/aistate.c.o
`___21AIState_RovingTraffic' referenced in section `.rodata' of build/asm/data/rdata_80054548.rodata.s.o: defined in discarded section `.text' of build/src/game/common/aistate.c.o
`TestForRelease__21AIState_RovingTraffic' referenced in section `.rodata' of build/asm/data/rdata_80054548.rodata.s.o: defined in discarded section `.text' of build/src/game/common/aistate.c.o
`Execute__17AIState_Purgatory' referenced in section `.rodata' of build/asm/data/rdata_80054548.rodata.s.o: defined in discarded section `.text' of build/src/game/common/aistate.c.o
`___17AIState_Purgatory' referenced in section `.rodata' of build/asm/data/rdata_80054548.rodata.s.o: defined in discarded section `.text' of build/src/game/common/aistate.c.o
`TestForRelease__17AIState_Purgatory' referenced in section `.rodata' of build/asm/data/rdata_80054548.rodata.s.o: defined in discarded section `.text' of build/src/game/common/aistate.c.o
`Execute__17AIState_NonActive_80072750' referenced in section `.rodata' of build/asm/data/rdata_80054548.rodata.s.o: defined in discarded section `.text' of build/src/game/common/aistate.c.o
`___17AIState_NonActive_80072758' referenced in section `.rodata' of build/asm/data/rdata_80054548.rodata.s.o: defined in discarded section `.text' of build/src/game/common/aistate.c.o
`TestForRelease__12AIState_Base_80072830' referenced in section `.rodata' of build/asm/data/rdata_80054548.rodata.s.o: defined in discarded section `.text' of build/src/game/common/aistate.c.o
`Execute__15AIState_Offroad' referenced in section `.rodata' of build/asm/data/rdata_80054548.rodata.s.o: defined in discarded section `.text' of build/src/game/common/aistate.c.o
`___15AIState_Offroad' referenced in section `.rodata' of build/asm/data/rdata_80054548.rodata.s.o: defined in discarded section `.text' of build/src/game/common/aistate.c.o
`TestForRelease__12AIState_Base_80072830' referenced in section `.rodata' of build/asm/data/rdata_80054548.rodata.s.o: defined in discarded section `.text' of build/src/game/common/aistate.c.o
`Execute__13AIState_Chase' referenced in section `.rodata' of build/asm/data/rdata_80054548.rodata.s.o: defined in discarded section `.text' of build/src/game/common/aistate.c.o
`___13AIState_Chase' referenced in section `.rodata' of build/asm/data/rdata_80054548.rodata.s.o: defined in discarded section `.text' of build/src/game/common/aistate.c.o
`TestForRelease__12AIState_Base_80072830' referenced in section `.rodata' of build/asm/data/rdata_80054548.rodata.s.o: defined in discarded section `.text' of build/src/game/common/aistate.c.o
`Execute__12AIState_Idle' referenced in section `.rodata' of build/asm/data/rdata_80054548.rodata.s.o: defined in discarded section `.text' of build/src/game/common/aistate.c.o
`___12AIState_Idle' referenced in section `.rodata' of build/asm/data/rdata_80054548.rodata.s.o: defined in discarded section `.text' of build/src/game/common/aistate.c.o
`TestForRelease__12AIState_Base_80072830' referenced in section `.rodata' of build/asm/data/rdata_80054548.rodata.s.o: defined in discarded section `.text' of build/src/game/common/aistate.c.o
`Execute__14AIState_Normal' referenced in section `.rodata' of build/asm/data/rdata_80054548.rodata.s.o: defined in discarded section `.text' of build/src/game/common/aistate.c.o
`___14AIState_Normal' referenced in section `.rodata' of build/asm/data/rdata_80054548.rodata.s.o: defined in discarded section `.text' of build/src/game/common/aistate.c.o
`TestForRelease__12AIState_Base_80072830' referenced in section `.rodata' of build/asm/data/rdata_80054548.rodata.s.o: defined in discarded section `.text' of build/src/game/common/aistate.c.o
`__pure_virtual' referenced in section `.rodata' of build/asm/data/rdata_80054548.rodata.s.o: defined in discarded section `.text' of build/src/syslib/psx/libsn/PUREV.c.o
`___12AIState_Base_80072838' referenced in section `.rodata' of build/asm/data/rdata_80054548.rodata.s.o: defined in discarded section `.text' of build/src/game/common/aistate.c.o
`TestForRelease__12AIState_Base_80072830' referenced in section `.rodata' of build/asm/data/rdata_80054548.rodata.s.o: defined in discarded section `.text' of build/src/game/common/aistate.c.o
`.L80078BAC' referenced in section `.rodata' of build/asm/data/rdata_80054548.rodata.s.o: defined in discarded section `.text' of build/src/game/common/audiocmn.c.o
`.L80078C84' referenced in section `.rodata' of build/asm/data/rdata_80054548.rodata.s.o: defined in discarded section `.text' of build/src/game/common/audiocmn.c.o
`.L80078BCC' referenced in section `.rodata' of build/asm/data/rdata_80054548.rodata.s.o: defined in discarded section `.text' of build/src/game/common/audiocmn.c.o
`.L80078C84' referenced in section `.rodata' of build/asm/data/rdata_80054548.rodata.s.o: defined in discarded section `.text' of build/src/game/common/audiocmn.c.o
`.L80078C84' referenced in section `.rodata' of build/asm/data/rdata_80054548.rodata.s.o: defined in discarded section `.text' of build/src/game/common/audiocmn.c.o
`.L80078BCC' referenced in section `.rodata' of build/asm/data/rdata_80054548.rodata.s.o: defined in discarded section `.text' of build/src/game/common/audiocmn.c.o
`.L80078C84' referenced in section `.rodata' of build/asm/data/rdata_80054548.rodata.s.o: defined in discarded section `.text' of build/src/game/common/audiocmn.c.o
`.L80078C84' referenced in section `.rodata' of build/asm/data/rdata_80054548.rodata.s.o: defined in discarded section `.text' of build/src/game/common/audiocmn.c.o
`.L80078BAC' referenced in section `.rodata' of build/asm/data/rdata_80054548.rodata.s.o: defined in discarded section `.text' of build/src/game/common/audiocmn.c.o
`.L80078BAC' referenced in section `.rodata' of build/asm/data/rdata_80054548.rodata.s.o: defined in discarded section `.text' of build/src/game/common/audiocmn.c.o
`.L80078BCC' referenced in section `.rodata' of build/asm/data/rdata_80054548.rodata.s.o: defined in discarded section `.text' of build/src/game/common/audiocmn.c.o
`.L80078BAC' referenced in section `.rodata' of build/asm/data/rdata_80054548.rodata.s.o: defined in discarded section `.text' of build/src/game/common/audiocmn.c.o
`.L80083710' referenced in section `.rodata' of build/asm/data/rdata_80054548.rodata.s.o: defined in discarded section `.text' of build/src/game/common/camera.c.o
`.L80083710' referenced in section `.rodata' of build/asm/data/rdata_80054548.rodata.s.o: defined in discarded section `.text' of build/src/game/common/camera.c.o
`.L80083720' referenced in section `.rodata' of build/asm/data/rdata_80054548.rodata.s.o: defined in discarded section `.text' of build/src/game/common/camera.c.o
`.L80083734' referenced in section `.rodata' of build/asm/data/rdata_80054548.rodata.s.o: defined in discarded section `.text' of build/src/game/common/camera.c.o
`.L80083748' referenced in section `.rodata' of build/asm/data/rdata_80054548.rodata.s.o: defined in discarded section `.text' of build/src/game/common/camera.c.o
`.L8008375C' referenced in section `.rodata' of build/asm/data/rdata_80054548.rodata.s.o: defined in discarded section `.text' of build/src/game/common/camera.c.o
`.L80083770' referenced in section `.rodata' of build/asm/data/rdata_80054548.rodata.s.o: defined in discarded section `.text' of build/src/game/common/camera.c.o
`.L80083784' referenced in section `.rodata' of build/asm/data/rdata_80054548.rodata.s.o: defined in discarded section `.text' of build/src/game/common/camera.c.o
`.L800837E8' referenced in section `.rodata' of build/asm/data/rdata_80054548.rodata.s.o: defined in discarded section `.text' of build/src/game/common/camera.c.o
`.L800837E8' referenced in section `.rodata' of build/asm/data/rdata_80054548.rodata.s.o: defined in discarded section `.text' of build/src/game/common/camera.c.o
`.L80083798' referenced in section `.rodata' of build/asm/data/rdata_80054548.rodata.s.o: defined in discarded section `.text' of build/src/game/common/camera.c.o
`.L800837A8' referenced in section `.rodata' of build/asm/data/rdata_80054548.rodata.s.o: defined in discarded section `.text' of build/src/game/common/camera.c.o
`.L800837B8' referenced in section `.rodata' of build/asm/data/rdata_80054548.rodata.s.o: defined in discarded section `.text' of build/src/game/common/camera.c.o
`.L800837C8' referenced in section `.rodata' of build/asm/data/rdata_80054548.rodata.s.o: defined in discarded section `.text' of build/src/game/common/camera.c.o
`.L800837D8' referenced in section `.rodata' of build/asm/data/rdata_80054548.rodata.s.o: defined in discarded section `.text' of build/src/game/common/camera.c.o
`.L800837E8' referenced in section `.rodata' of build/asm/data/rdata_80054548.rodata.s.o: defined in discarded section `.text' of build/src/game/common/camera.c.o
`.L800837F8' referenced in section `.rodata' of build/asm/data/rdata_80054548.rodata.s.o: defined in discarded section `.text' of build/src/game/common/camera.c.o
`.L80083808' referenced in section `.rodata' of build/asm/data/rdata_80054548.rodata.s.o: defined in discarded section `.text' of build/src/game/common/camera.c.o
`.L80083808' referenced in section `.rodata' of build/asm/data/rdata_80054548.rodata.s.o: defined in discarded section `.text' of build/src/game/common/camera.c.o
`.L80084F74' referenced in section `.rodata' of build/asm/data/rdata_80054548.rodata.s.o: defined in discarded section `.text' of build/src/game/common/camera.c.o
`.L80084F74' referenced in section `.rodata' of build/asm/data/rdata_80054548.rodata.s.o: defined in discarded section `.text' of build/src/game/common/camera.c.o
`.L80084F74' referenced in section `.rodata' of build/asm/data/rdata_80054548.rodata.s.o: defined in discarded section `.text' of build/src/game/common/camera.c.o
`.L80084F94' referenced in section `.rodata' of build/asm/data/rdata_80054548.rodata.s.o: defined in discarded section `.text' of build/src/game/common/camera.c.o
`.L80084F94' referenced in section `.rodata' of build/asm/data/rdata_80054548.rodata.s.o: defined in discarded section `.text' of build/src/game/common/camera.c.o
`.L80084F84' referenced in section `.rodata' of build/asm/data/rdata_80054548.rodata.s.o: defined in discarded section `.text' of build/src/game/common/camera.c.o
`.L8008552C' referenced in section `.rodata' of build/asm/data/rdata_80054548.rodata.s.o: defined in discarded section `.text' of build/src/game/common/camera.c.o
`.L8008552C' referenced in section `.rodata' of build/asm/data/rdata_80054548.rodata.s.o: defined in discarded section `.text' of build/src/game/common/camera.c.o
`.L8008552C' referenced in section `.rodata' of build/asm/data/rdata_80054548.rodata.s.o: defined in discarded section `.text' of build/src/game/common/camera.c.o
`.L8008552C' referenced in section `.rodata' of build/asm/data/rdata_80054548.rodata.s.o: defined in discarded section `.text' of build/src/game/common/camera.c.o
`.L8008552C' referenced in section `.rodata' of build/asm/data/rdata_80054548.rodata.s.o: defined in discarded section `.text' of build/src/game/common/camera.c.o
`.L8008552C' referenced in section `.rodata' of build/asm/data/rdata_80054548.rodata.s.o: defined in discarded section `.text' of build/src/game/common/camera.c.o
`.L8008552C' referenced in section `.rodata' of build/asm/data/rdata_80054548.rodata.s.o: defined in discarded section `.text' of build/src/game/common/camera.c.o
`.L8008552C' referenced in section `.rodata' of build/asm/data/rdata_80054548.rodata.s.o: defined in discarded section `.text' of build/src/game/common/camera.c.o
`.L8008552C' referenced in section `.rodata' of build/asm/data/rdata_80054548.rodata.s.o: defined in discarded section `.text' of build/src/game/common/camera.c.o
`.L8008552C' referenced in section `.rodata' of build/asm/data/rdata_80054548.rodata.s.o: defined in discarded section `.text' of build/src/game/common/camera.c.o
`.L8008552C' referenced in section `.rodata' of build/asm/data/rdata_80054548.rodata.s.o: defined in discarded section `.text' of build/src/game/common/camera.c.o
`.L8008552C' referenced in section `.rodata' of build/asm/data/rdata_80054548.rodata.s.o: defined in discarded section `.text' of build/src/game/common/camera.c.o
`.L80085524' referenced in section `.rodata' of build/asm/data/rdata_80054548.rodata.s.o: defined in discarded section `.text' of build/src/game/common/camera.c.o
`.L8008552C' referenced in section `.rodata' of build/asm/data/rdata_80054548.rodata.s.o: defined in discarded section `.text' of build/src/game/common/camera.c.o
`.L80085524' referenced in section `.rodata' of build/asm/data/rdata_80054548.rodata.s.o: defined in discarded section `.text' of build/src/game/common/camera.c.o
`.L8008552C' referenced in section `.rodata' of build/asm/data/rdata_80054548.rodata.s.o: defined in discarded section `.text' of build/src/game/common/camera.c.o
`.L8008552C' referenced in section `.rodata' of build/asm/data/rdata_80054548.rodata.s.o: defined in discarded section `.text' of build/src/game/common/camera.c.o
`.L8008552C' referenced in section `.rodata' of build/asm/data/rdata_80054548.rodata.s.o: defined in discarded section `.text' of build/src/game/common/camera.c.o
`.L8008552C' referenced in section `.rodata' of build/asm/data/rdata_80054548.rodata.s.o: defined in discarded section `.text' of build/src/game/common/camera.c.o
`.L800921A8' referenced in section `.rodata' of build/asm/data/rdata_80054548.rodata.s.o: defined in discarded section `.text' of build/src/game/common/control.c.o
`.L800921CC' referenced in section `.rodata' of build/asm/data/rdata_80054548.rodata.s.o: defined in discarded section `.text' of build/src/game/common/control.c.o
`.L800921F0' referenced in section `.rodata' of build/asm/data/rdata_80054548.rodata.s.o: defined in discarded section `.text' of build/src/game/common/control.c.o
`.L80092220' referenced in section `.rodata' of build/asm/data/rdata_80054548.rodata.s.o: defined in discarded section `.text' of build/src/game/common/control.c.o
`.L80092274' referenced in section `.rodata' of build/asm/data/rdata_80054548.rodata.s.o: defined in discarded section `.text' of build/src/game/common/control.c.o
`.L8009240C' referenced in section `.rodata' of build/asm/data/rdata_80054548.rodata.s.o: defined in discarded section `.text' of build/src/game/common/control.c.o
`.L8009240C' referenced in section `.rodata' of build/asm/data/rdata_80054548.rodata.s.o: defined in discarded section `.text' of build/src/game/common/control.c.o
`.L800922D8' referenced in section `.rodata' of build/asm/data/rdata_80054548.rodata.s.o: defined in discarded section `.text' of build/src/game/common/control.c.o
`.L8009236C' referenced in section `.rodata' of build/asm/data/rdata_80054548.rodata.s.o: defined in discarded section `.text' of build/src/game/common/control.c.o
`.L8009240C' referenced in section `.rodata' of build/asm/data/rdata_80054548.rodata.s.o: defined in discarded section `.text' of build/src/game/common/control.c.o
`.L800923BC' referenced in section `.rodata' of build/asm/data/rdata_80054548.rodata.s.o: defined in discarded section `.text' of build/src/game/common/control.c.o
`Report__Q26Speech13MobileSpeakerP8Car_tObj' referenced in section `.rodata' of build/asm/data/rdata_80054548.rodata.s.o: defined in discarded section `.text' of build/src/game/common/speech.c.o
`Status__Q26Speech13MobileSpeaker' referenced in section `.rodata' of build/asm/data/rdata_80054548.rodata.s.o: defined in discarded section `.text' of build/src/game/common/speech.c.o
`Deny__Q26Speech7Speaker' referenced in section `.rodata' of build/asm/data/rdata_80054548.rodata.s.o: defined in discarded section `.text' of build/src/game/common/speech.c.o
`Grant__Q26Speech7Speaker' referenced in section `.rodata' of build/asm/data/rdata_80054548.rodata.s.o: defined in discarded section `.text' of build/src/game/common/speech.c.o
`Ready__Q26Speech7SpeakerP8Car_tObj' referenced in section `.rodata' of build/asm/data/rdata_80054548.rodata.s.o: defined in discarded section `.text' of build/src/game/common/speech.c.o
`Engage__Q26Speech13MobileSpeakerP8Car_tObj' referenced in section `.rodata' of build/asm/data/rdata_80054548.rodata.s.o: defined in discarded section `.text' of build/src/game/common/speech.c.o
`Lose__Q26Speech13MobileSpeaker' referenced in section `.rodata' of build/asm/data/rdata_80054548.rodata.s.o: defined in discarded section `.text' of build/src/game/common/speech.c.o
`Accident__Q26Speech13MobileSpeakeri' referenced in section `.rodata' of build/asm/data/rdata_80054548.rodata.s.o: defined in discarded section `.text' of build/src/game/common/speech.c.o
`Catch__Q26Speech13MobileSpeakeri' referenced in section `.rodata' of build/asm/data/rdata_80054548.rodata.s.o: defined in discarded section `.text' of build/src/game/common/speech.c.o
`RoadBlock__Q26Speech13MobileSpeaker' referenced in section `.rodata' of build/asm/data/rdata_80054548.rodata.s.o: defined in discarded section `.text' of build/src/game/common/speech.c.o
`SpikeBelt__Q26Speech13MobileSpeaker' referenced in section `.rodata' of build/asm/data/rdata_80054548.rodata.s.o: defined in discarded section `.text' of build/src/game/common/speech.c.o
`Backup__Q26Speech13MobileSpeaker' referenced in section `.rodata' of build/asm/data/rdata_80054548.rodata.s.o: defined in discarded section `.text' of build/src/game/common/speech.c.o
`ReportBlockade__Q26Speech13MobileSpeaker' referenced in section `.rodata' of build/asm/data/rdata_80054548.rodata.s.o: defined in discarded section `.text' of build/src/game/common/speech.c.o
`Roger__Q26Speech13MobileSpeaker' referenced in section `.rodata' of build/asm/data/rdata_80054548.rodata.s.o: defined in discarded section `.text' of build/src/game/common/speech.c.o
`Bullhorn__Q26Speech13MobileSpeaker' referenced in section `.rodata' of build/asm/data/rdata_80054548.rodata.s.o: defined in discarded section `.text' of build/src/game/common/speech.c.o
`Purge__Q26Speech13MobileSpeaker' referenced in section `.rodata' of build/asm/data/rdata_80054548.rodata.s.o: defined in discarded section `.text' of build/src/game/common/speech.c.o
`Unit__Q26Speech13MobileSpeaker' referenced in section `.rodata' of build/asm/data/rdata_80054548.rodata.s.o: defined in discarded section `.text' of build/src/game/common/speech.c.o
`KnownPerp__Q26Speech7SpeakerP8Car_tObj' referenced in section `.rodata' of build/asm/data/rdata_80054548.rodata.s.o: defined in discarded section `.text' of build/src/game/common/speech.c.o
`ClearPerp__Q26Speech7SpeakerP8Car_tObj' referenced in section `.rodata' of build/asm/data/rdata_80054548.rodata.s.o: defined in discarded section `.text' of build/src/game/common/speech.c.o
`IsSuper__Q26Speech13MobileSpeaker' referenced in section `.rodata' of build/asm/data/rdata_80054548.rodata.s.o: defined in discarded section `.text' of build/src/game/common/speech.c.o
`StatusCount__Q26Speech7Speaker' referenced in section `.rodata' of build/asm/data/rdata_80054548.rodata.s.o: defined in discarded section `.text' of build/src/game/common/speech.c.o
`StatusSub__Q26Speech7Speaker' referenced in section `.rodata' of build/asm/data/rdata_80054548.rodata.s.o: defined in discarded section `.text' of build/src/game/common/speech.c.o
`PurgeStatusSub__Q26Speech7Speaker' referenced in section `.rodata' of build/asm/data/rdata_80054548.rodata.s.o: defined in discarded section `.text' of build/src/game/common/speech.c.o
`DistToPerp__Q26Speech13MobileSpeaker' referenced in section `.rodata' of build/asm/data/rdata_80054548.rodata.s.o: defined in discarded section `.text' of build/src/game/common/speech.c.o
`CarObj__Q26Speech13MobileSpeaker' referenced in section `.rodata' of build/asm/data/rdata_80054548.rodata.s.o: defined in discarded section `.text' of build/src/game/common/speech.c.o
`ReActivate__Q26Speech13MobileSpeaker' referenced in section `.rodata' of build/asm/data/rdata_80054548.rodata.s.o: defined in discarded section `.text' of build/src/game/common/speech.c.o
`Perp__Q26Speech13MobileSpeaker' referenced in section `.rodata' of build/asm/data/rdata_80054548.rodata.s.o: defined in discarded section `.text' of build/src/game/common/speech.c.o
`GetCarBank__Q26Speech13MobileSpeakeri' referenced in section `.rodata' of build/asm/data/rdata_80054548.rodata.s.o: defined in discarded section `.text' of build/src/game/common/speech.c.o
`FindClosestLocationTo__Q26Speech13MobileSpeakeri' referenced in section `.rodata' of build/asm/data/rdata_80054548.rodata.s.o: defined in discarded section `.text' of build/src/game/common/speech.c.o
`CallSign__Q26Speech13MobileSpeaker' referenced in section `.rodata' of build/asm/data/rdata_80054548.rodata.s.o: defined in discarded section `.text' of build/src/game/common/speech.c.o
`Report__Q26Speech15DispatchSpeakerP8Car_tObj' referenced in section `.rodata' of build/asm/data/rdata_80054548.rodata.s.o: defined in discarded section `.text' of build/src/game/common/speech.c.o
`Status__Q26Speech15DispatchSpeaker' referenced in section `.rodata' of build/asm/data/rdata_80054548.rodata.s.o: defined in discarded section `.text' of build/src/game/common/speech.c.o
`Deny__Q26Speech15DispatchSpeaker' referenced in section `.rodata' of build/asm/data/rdata_80054548.rodata.s.o: defined in discarded section `.text' of build/src/game/common/speech.c.o
`Grant__Q26Speech15DispatchSpeaker' referenced in section `.rodata' of build/asm/data/rdata_80054548.rodata.s.o: defined in discarded section `.text' of build/src/game/common/speech.c.o
`Ready__Q26Speech15DispatchSpeakerP8Car_tObj' referenced in section `.rodata' of build/asm/data/rdata_80054548.rodata.s.o: defined in discarded section `.text' of build/src/game/common/speech.c.o
`Engage__Q26Speech7SpeakerP8Car_tObj' referenced in section `.rodata' of build/asm/data/rdata_80054548.rodata.s.o: defined in discarded section `.text' of build/src/game/common/speech.c.o
`Lose__Q26Speech7Speaker' referenced in section `.rodata' of build/asm/data/rdata_80054548.rodata.s.o: defined in discarded section `.text' of build/src/game/common/speech.c.o
`Accident__Q26Speech15DispatchSpeakeri' referenced in section `.rodata' of build/asm/data/rdata_80054548.rodata.s.o: defined in discarded section `.text' of build/src/game/common/speech.c.o
`Catch__Q26Speech7Speakeri' referenced in section `.rodata' of build/asm/data/rdata_80054548.rodata.s.o: defined in discarded section `.text' of build/src/game/common/speech.c.o
`RoadBlock__Q26Speech7Speaker' referenced in section `.rodata' of build/asm/data/rdata_80054548.rodata.s.o: defined in discarded section `.text' of build/src/game/common/speech.c.o
`SpikeBelt__Q26Speech7Speaker' referenced in section `.rodata' of build/asm/data/rdata_80054548.rodata.s.o: defined in discarded section `.text' of build/src/game/common/speech.c.o
`Backup__Q26Speech7Speaker' referenced in section `.rodata' of build/asm/data/rdata_80054548.rodata.s.o: defined in discarded section `.text' of build/src/game/common/speech.c.o
`ReportBlockade__Q26Speech7Speaker' referenced in section `.rodata' of build/asm/data/rdata_80054548.rodata.s.o: defined in discarded section `.text' of build/src/game/common/speech.c.o
`Roger__Q26Speech15DispatchSpeaker' referenced in section `.rodata' of build/asm/data/rdata_80054548.rodata.s.o: defined in discarded section `.text' of build/src/game/common/speech.c.o
`Bullhorn__Q26Speech7Speaker' referenced in section `.rodata' of build/asm/data/rdata_80054548.rodata.s.o: defined in discarded section `.text' of build/src/game/common/speech.c.o
`Purge__Q26Speech7Speaker' referenced in section `.rodata' of build/asm/data/rdata_80054548.rodata.s.o: defined in discarded section `.text' of build/src/game/common/speech.c.o
`Unit__Q26Speech7Speaker' referenced in section `.rodata' of build/asm/data/rdata_80054548.rodata.s.o: defined in discarded section `.text' of build/src/game/common/speech.c.o
`KnownPerp__Q26Speech15DispatchSpeakerP8Car_tObj' referenced in section `.rodata' of build/asm/data/rdata_80054548.rodata.s.o: defined in discarded section `.text' of build/src/game/common/speech.c.o
`ClearPerp__Q26Speech15DispatchSpeakerP8Car_tObj' referenced in section `.rodata' of build/asm/data/rdata_80054548.rodata.s.o: defined in discarded section `.text' of build/src/game/common/speech.c.o
`IsSuper__Q26Speech7Speaker' referenced in section `.rodata' of build/asm/data/rdata_80054548.rodata.s.o: defined in discarded section `.text' of build/src/game/common/speech.c.o
`StatusCount__Q26Speech15DispatchSpeaker' referenced in section `.rodata' of build/asm/data/rdata_80054548.rodata.s.o: defined in discarded section `.text' of build/src/game/common/speech.c.o
`StatusSub__Q26Speech15DispatchSpeaker' referenced in section `.rodata' of build/asm/data/rdata_80054548.rodata.s.o: defined in discarded section `.text' of build/src/game/common/speech.c.o
`PurgeStatusSub__Q26Speech15DispatchSpeaker' referenced in section `.rodata' of build/asm/data/rdata_80054548.rodata.s.o: defined in discarded section `.text' of build/src/game/common/speech.c.o
`DistToPerp__Q26Speech7Speaker' referenced in section `.rodata' of build/asm/data/rdata_80054548.rodata.s.o: defined in discarded section `.text' of build/src/game/common/speech.c.o
`CarObj__Q26Speech7Speaker' referenced in section `.rodata' of build/asm/data/rdata_80054548.rodata.s.o: defined in discarded section `.text' of build/src/game/common/speech.c.o
`ReActivate__Q26Speech7Speaker' referenced in section `.rodata' of build/asm/data/rdata_80054548.rodata.s.o: defined in discarded section `.text' of build/src/game/common/speech.c.o
`Perp__Q26Speech7Speaker' referenced in section `.rodata' of build/asm/data/rdata_80054548.rodata.s.o: defined in discarded section `.text' of build/src/game/common/speech.c.o
`GetCarBank__Q26Speech15DispatchSpeakeri' referenced in section `.rodata' of build/asm/data/rdata_80054548.rodata.s.o: defined in discarded section `.text' of build/src/game/common/speech.c.o
`FindClosestLocationTo__Q26Speech15DispatchSpeakeri' referenced in section `.rodata' of build/asm/data/rdata_80054548.rodata.s.o: defined in discarded section `.text' of build/src/game/common/speech.c.o
`CallSign__Q26Speech15DispatchSpeaker' referenced in section `.rodata' of build/asm/data/rdata_80054548.rodata.s.o: defined in discarded section `.text' of build/src/game/common/speech.c.o
`Report__Q26Speech7SpeakerP8Car_tObj' referenced in section `.rodata' of build/asm/data/rdata_80054548.rodata.s.o: defined in discarded section `.text' of build/src/game/common/speech.c.o
`Status__Q26Speech7Speaker' referenced in section `.rodata' of build/asm/data/rdata_80054548.rodata.s.o: defined in discarded section `.text' of build/src/game/common/speech.c.o
`Deny__Q26Speech7Speaker' referenced in section `.rodata' of build/asm/data/rdata_80054548.rodata.s.o: defined in discarded section `.text' of build/src/game/common/speech.c.o
`Grant__Q26Speech7Speaker' referenced in section `.rodata' of build/asm/data/rdata_80054548.rodata.s.o: defined in discarded section `.text' of build/src/game/common/speech.c.o
`Ready__Q26Speech7SpeakerP8Car_tObj' referenced in section `.rodata' of build/asm/data/rdata_80054548.rodata.s.o: defined in discarded section `.text' of build/src/game/common/speech.c.o
`Engage__Q26Speech7SpeakerP8Car_tObj' referenced in section `.rodata' of build/asm/data/rdata_80054548.rodata.s.o: defined in discarded section `.text' of build/src/game/common/speech.c.o
`Lose__Q26Speech7Speaker' referenced in section `.rodata' of build/asm/data/rdata_80054548.rodata.s.o: defined in discarded section `.text' of build/src/game/common/speech.c.o
`Accident__Q26Speech7Speakeri' referenced in section `.rodata' of build/asm/data/rdata_80054548.rodata.s.o: defined in discarded section `.text' of build/src/game/common/speech.c.o
`Catch__Q26Speech7Speakeri' referenced in section `.rodata' of build/asm/data/rdata_80054548.rodata.s.o: defined in discarded section `.text' of build/src/game/common/speech.c.o
`RoadBlock__Q26Speech7Speaker' referenced in section `.rodata' of build/asm/data/rdata_80054548.rodata.s.o: defined in discarded section `.text' of build/src/game/common/speech.c.o
`SpikeBelt__Q26Speech7Speaker' referenced in section `.rodata' of build/asm/data/rdata_80054548.rodata.s.o: defined in discarded section `.text' of build/src/game/common/speech.c.o
`Backup__Q26Speech7Speaker' referenced in section `.rodata' of build/asm/data/rdata_80054548.rodata.s.o: defined in discarded section `.text' of build/src/game/common/speech.c.o
`ReportBlockade__Q26Speech7Speaker' referenced in section `.rodata' of build/asm/data/rdata_80054548.rodata.s.o: defined in discarded section `.text' of build/src/game/common/speech.c.o
`Roger__Q26Speech7Speaker' referenced in section `.rodata' of build/asm/data/rdata_80054548.rodata.s.o: defined in discarded section `.text' of build/src/game/common/speech.c.o
`Bullhorn__Q26Speech7Speaker' referenced in section `.rodata' of build/asm/data/rdata_80054548.rodata.s.o: defined in discarded section `.text' of build/src/game/common/speech.c.o
`Purge__Q26Speech7Speaker' referenced in section `.rodata' of build/asm/data/rdata_80054548.rodata.s.o: defined in discarded section `.text' of build/src/game/common/speech.c.o
`Unit__Q26Speech7Speaker' referenced in section `.rodata' of build/asm/data/rdata_80054548.rodata.s.o: defined in discarded section `.text' of build/src/game/common/speech.c.o
`KnownPerp__Q26Speech7SpeakerP8Car_tObj' referenced in section `.rodata' of build/asm/data/rdata_80054548.rodata.s.o: defined in discarded section `.text' of build/src/game/common/speech.c.o
`ClearPerp__Q26Speech7SpeakerP8Car_tObj' referenced in section `.rodata' of build/asm/data/rdata_80054548.rodata.s.o: defined in discarded section `.text' of build/src/game/common/speech.c.o
`IsSuper__Q26Speech7Speaker' referenced in section `.rodata' of build/asm/data/rdata_80054548.rodata.s.o: defined in discarded section `.text' of build/src/game/common/speech.c.o
`StatusCount__Q26Speech7Speaker' referenced in section `.rodata' of build/asm/data/rdata_80054548.rodata.s.o: defined in discarded section `.text' of build/src/game/common/speech.c.o
`StatusSub__Q26Speech7Speaker' referenced in section `.rodata' of build/asm/data/rdata_80054548.rodata.s.o: defined in discarded section `.text' of build/src/game/common/speech.c.o
`PurgeStatusSub__Q26Speech7Speaker' referenced in section `.rodata' of build/asm/data/rdata_80054548.rodata.s.o: defined in discarded section `.text' of build/src/game/common/speech.c.o
`DistToPerp__Q26Speech7Speaker' referenced in section `.rodata' of build/asm/data/rdata_80054548.rodata.s.o: defined in discarded section `.text' of build/src/game/common/speech.c.o
`CarObj__Q26Speech7Speaker' referenced in section `.rodata' of build/asm/data/rdata_80054548.rodata.s.o: defined in discarded section `.text' of build/src/game/common/speech.c.o
`ReActivate__Q26Speech7Speaker' referenced in section `.rodata' of build/asm/data/rdata_80054548.rodata.s.o: defined in discarded section `.text' of build/src/game/common/speech.c.o
`Perp__Q26Speech7Speaker' referenced in section `.rodata' of build/asm/data/rdata_80054548.rodata.s.o: defined in discarded section `.text' of build/src/game/common/speech.c.o
`GetCarBank__Q26Speech7Speakeri' referenced in section `.rodata' of build/asm/data/rdata_80054548.rodata.s.o: defined in discarded section `.text' of build/src/game/common/speech.c.o
`FindClosestLocationTo__Q26Speech7Speakeri' referenced in section `.rodata' of build/asm/data/rdata_80054548.rodata.s.o: defined in discarded section `.text' of build/src/game/common/speech.c.o
`CallSign__Q26Speech7Speaker' referenced in section `.rodata' of build/asm/data/rdata_80054548.rodata.s.o: defined in discarded section `.text' of build/src/game/common/speech.c.o
`___14ObjectSignAnim' referenced in section `.rodata' of build/asm/data/rdata_80054548.rodata.s.o: defined in discarded section `.text' of build/src/game/common/object.c.o
`Draw__14ObjectSignAnimP13DRender_tViewP11Draw_DCachei' referenced in section `.rodata' of build/asm/data/rdata_80054548.rodata.s.o: defined in discarded section `.text' of build/src/game/common/object.c.o
`___22ObjectFinishedSignAnim' referenced in section `.rodata' of build/asm/data/rdata_80054548.rodata.s.o: defined in discarded section `.text' of build/src/game/common/object.c.o
`Draw__22ObjectFinishedSignAnimP13DRender_tViewP11Draw_DCachei' referenced in section `.rodata' of build/asm/data/rdata_80054548.rodata.s.o: defined in discarded section `.text' of build/src/game/common/object.c.o
`___15ObjectMultiAnim' referenced in section `.rodata' of build/asm/data/rdata_80054548.rodata.s.o: defined in discarded section `.text' of build/src/game/common/object.c.o
`Draw__15ObjectMultiAnimP13DRender_tViewP11Draw_DCachei' referenced in section `.rodata' of build/asm/data/rdata_80054548.rodata.s.o: defined in discarded section `.text' of build/src/game/common/object.c.o
`___23ObjectFinishedMultiAnim' referenced in section `.rodata' of build/asm/data/rdata_80054548.rodata.s.o: defined in discarded section `.text' of build/src/game/common/object.c.o
`Draw__23ObjectFinishedMultiAnimP13DRender_tViewP11Draw_DCachei' referenced in section `.rodata' of build/asm/data/rdata_80054548.rodata.s.o: defined in discarded section `.text' of build/src/game/common/object.c.o
`___10ObjectAnim' referenced in section `.rodata' of build/asm/data/rdata_80054548.rodata.s.o: defined in discarded section `.text' of build/src/game/common/object.c.o
`__pure_virtual' referenced in section `.rodata' of build/asm/data/rdata_80054548.rodata.s.o: defined in discarded section `.text' of build/src/syslib/psx/libsn/PUREV.c.o
`___6tPMenu' referenced in section `.rodata' of build/asm/data/rdata_80054548.rodata.s.o: defined in discarded section `.text' of build/src/game/common/pausemenu.c.o
`Initialize__6tPMenu' referenced in section `.rodata' of build/asm/data/rdata_80054548.rodata.s.o: defined in discarded section `.text' of build/src/game/common/pausemenu.c.o
`ProcessInput__6tPMenuR13tInputKeyTypeR13tPMenuCommand' referenced in section `.rodata' of build/asm/data/rdata_80054548.rodata.s.o: defined in discarded section `.text' of build/src/game/common/pausemenu.c.o
`Draw__6tPMenu' referenced in section `.rodata' of build/asm/data/rdata_80054548.rodata.s.o: defined in discarded section `.text' of build/src/game/common/pausemenu.c.o
`___23tPMenuItemCommandButton' referenced in section `.rodata' of build/asm/data/rdata_80054548.rodata.s.o: defined in discarded section `.text' of build/src/game/common/pausemenu.c.o
`NextMenu__10tPMenuItem' referenced in section `.rodata' of build/asm/data/rdata_80054548.rodata.s.o: defined in discarded section `.text' of build/src/game/common/pausemenu.c.o
`Debounce__10tPMenuItem' referenced in section `.rodata' of build/asm/data/rdata_80054548.rodata.s.o: defined in discarded section `.text' of build/src/game/common/pausemenu.c.o
`ProcessInput__23tPMenuItemCommandButtonR13tInputKeyTypeR13tPMenuCommand' referenced in section `.rodata' of build/asm/data/rdata_80054548.rodata.s.o: defined in discarded section `.text' of build/src/game/common/pausemenu.c.o
`IsNavigable__21tPMenuItemInteractive' referenced in section `.rodata' of build/asm/data/rdata_80054548.rodata.s.o: defined in discarded section `.text' of build/src/game/common/pausemenu.c.o
`Draw__21tPMenuItemInteractiveb' referenced in section `.rodata' of build/asm/data/rdata_80054548.rodata.s.o: defined in discarded section `.text' of build/src/game/common/pausemenu.c.o
`___24tPMenuItemGoToMenuButton' referenced in section `.rodata' of build/asm/data/rdata_80054548.rodata.s.o: defined in discarded section `.text' of build/src/game/common/pausemenu.c.o
`NextMenu__24tPMenuItemGoToMenuButton' referenced in section `.rodata' of build/asm/data/rdata_80054548.rodata.s.o: defined in discarded section `.text' of build/src/game/common/pausemenu.c.o
`Debounce__10tPMenuItem' referenced in section `.rodata' of build/asm/data/rdata_80054548.rodata.s.o: defined in discarded section `.text' of build/src/game/common/pausemenu.c.o
`ProcessInput__24tPMenuItemGoToMenuButtonR13tInputKeyTypeR13tPMenuCommand' referenced in section `.rodata' of build/asm/data/rdata_80054548.rodata.s.o: defined in discarded section `.text' of build/src/game/common/pausemenu.c.o
`IsNavigable__21tPMenuItemInteractive' referenced in section `.rodata' of build/asm/data/rdata_80054548.rodata.s.o: defined in discarded section `.text' of build/src/game/common/pausemenu.c.o
`Draw__21tPMenuItemInteractiveb' referenced in section `.rodata' of build/asm/data/rdata_80054548.rodata.s.o: defined in discarded section `.text' of build/src/game/common/pausemenu.c.o
`___32tPMenuItemLeftRightSliderIndexed' referenced in section `.rodata' of build/asm/data/rdata_80054548.rodata.s.o: defined in discarded section `.text' of build/src/game/common/pausemenu.c.o
`NextMenu__10tPMenuItem' referenced in section `.rodata' of build/asm/data/rdata_80054548.rodata.s.o: defined in discarded section `.text' of build/src/game/common/pausemenu.c.o
`Debounce__25tPMenuItemLeftRightSlider' referenced in section `.rodata' of build/asm/data/rdata_80054548.rodata.s.o: defined in discarded section `.text' of build/src/game/common/pausemenu.c.o
`ProcessInput__32tPMenuItemLeftRightSliderIndexedR13tInputKeyTypeR13tPMenuCommand' referenced in section `.rodata' of build/asm/data/rdata_80054548.rodata.s.o: defined in discarded section `.text' of build/src/game/common/pausemenu.c.o
`IsNavigable__21tPMenuItemInteractive' referenced in section `.rodata' of build/asm/data/rdata_80054548.rodata.s.o: defined in discarded section `.text' of build/src/game/common/pausemenu.c.o
`Draw__32tPMenuItemLeftRightSliderIndexedb' referenced in section `.rodata' of build/asm/data/rdata_80054548.rodata.s.o: defined in discarded section `.text' of build/src/game/common/pausemenu.c.o
`___25tPMenuItemLeftRightSlider' referenced in section `.rodata' of build/asm/data/rdata_80054548.rodata.s.o: defined in discarded section `.text' of build/src/game/common/pausemenu.c.o
`NextMenu__10tPMenuItem' referenced in section `.rodata' of build/asm/data/rdata_80054548.rodata.s.o: defined in discarded section `.text' of build/src/game/common/pausemenu.c.o
`Debounce__25tPMenuItemLeftRightSlider' referenced in section `.rodata' of build/asm/data/rdata_80054548.rodata.s.o: defined in discarded section `.text' of build/src/game/common/pausemenu.c.o
`ProcessInput__25tPMenuItemLeftRightSliderR13tInputKeyTypeR13tPMenuCommand' referenced in section `.rodata' of build/asm/data/rdata_80054548.rodata.s.o: defined in discarded section `.text' of build/src/game/common/pausemenu.c.o
`IsNavigable__21tPMenuItemInteractive' referenced in section `.rodata' of build/asm/data/rdata_80054548.rodata.s.o: defined in discarded section `.text' of build/src/game/common/pausemenu.c.o
`Draw__25tPMenuItemLeftRightSliderb' referenced in section `.rodata' of build/asm/data/rdata_80054548.rodata.s.o: defined in discarded section `.text' of build/src/game/common/pausemenu.c.o
`___25tPMenuItemLeftRightChoice' referenced in section `.rodata' of build/asm/data/rdata_80054548.rodata.s.o: defined in discarded section `.text' of build/src/game/common/pausemenu.c.o
`NextMenu__10tPMenuItem' referenced in section `.rodata' of build/asm/data/rdata_80054548.rodata.s.o: defined in discarded section `.text' of build/src/game/common/pausemenu.c.o
`Debounce__10tPMenuItem' referenced in section `.rodata' of build/asm/data/rdata_80054548.rodata.s.o: defined in discarded section `.text' of build/src/game/common/pausemenu.c.o
`ProcessInput__25tPMenuItemLeftRightChoiceR13tInputKeyTypeR13tPMenuCommand' referenced in section `.rodata' of build/asm/data/rdata_80054548.rodata.s.o: defined in discarded section `.text' of build/src/game/common/pausemenu.c.o
`IsNavigable__21tPMenuItemInteractive' referenced in section `.rodata' of build/asm/data/rdata_80054548.rodata.s.o: defined in discarded section `.text' of build/src/game/common/pausemenu.c.o
`Draw__25tPMenuItemLeftRightChoiceb' referenced in section `.rodata' of build/asm/data/rdata_80054548.rodata.s.o: defined in discarded section `.text' of build/src/game/common/pausemenu.c.o
`___21tPMenuItemInteractive' referenced in section `.rodata' of build/asm/data/rdata_80054548.rodata.s.o: defined in discarded section `.text' of build/src/game/common/pausemenu.c.o
`NextMenu__10tPMenuItem' referenced in section `.rodata' of build/asm/data/rdata_80054548.rodata.s.o: defined in discarded section `.text' of build/src/game/common/pausemenu.c.o
`Debounce__10tPMenuItem' referenced in section `.rodata' of build/asm/data/rdata_80054548.rodata.s.o: defined in discarded section `.text' of build/src/game/common/pausemenu.c.o
`ProcessInput__10tPMenuItemR13tInputKeyTypeR13tPMenuCommand' referenced in section `.rodata' of build/asm/data/rdata_80054548.rodata.s.o: defined in discarded section `.text' of build/src/game/common/pausemenu.c.o
`IsNavigable__21tPMenuItemInteractive' referenced in section `.rodata' of build/asm/data/rdata_80054548.rodata.s.o: defined in discarded section `.text' of build/src/game/common/pausemenu.c.o
`Draw__21tPMenuItemInteractiveb' referenced in section `.rodata' of build/asm/data/rdata_80054548.rodata.s.o: defined in discarded section `.text' of build/src/game/common/pausemenu.c.o
`___28tPMenuItemNonInteractiveText' referenced in section `.rodata' of build/asm/data/rdata_80054548.rodata.s.o: defined in discarded section `.text' of build/src/game/common/pausemenu.c.o
`NextMenu__10tPMenuItem' referenced in section `.rodata' of build/asm/data/rdata_80054548.rodata.s.o: defined in discarded section `.text' of build/src/game/common/pausemenu.c.o
`Debounce__10tPMenuItem' referenced in section `.rodata' of build/asm/data/rdata_80054548.rodata.s.o: defined in discarded section `.text' of build/src/game/common/pausemenu.c.o
`ProcessInput__10tPMenuItemR13tInputKeyTypeR13tPMenuCommand' referenced in section `.rodata' of build/asm/data/rdata_80054548.rodata.s.o: defined in discarded section `.text' of build/src/game/common/pausemenu.c.o
`IsNavigable__28tPMenuItemNonInteractiveText' referenced in section `.rodata' of build/asm/data/rdata_80054548.rodata.s.o: defined in discarded section `.text' of build/src/game/common/pausemenu.c.o
`Draw__28tPMenuItemNonInteractiveTextb' referenced in section `.rodata' of build/asm/data/rdata_80054548.rodata.s.o: defined in discarded section `.text' of build/src/game/common/pausemenu.c.o
`___10tPMenuItem' referenced in section `.rodata' of build/asm/data/rdata_80054548.rodata.s.o: defined in discarded section `.text' of build/src/game/common/pausemenu.c.o
`NextMenu__10tPMenuItem' referenced in section `.rodata' of build/asm/data/rdata_80054548.rodata.s.o: defined in discarded section `.text' of build/src/game/common/pausemenu.c.o
`Debounce__10tPMenuItem' referenced in section `.rodata' of build/asm/data/rdata_80054548.rodata.s.o: defined in discarded section `.text' of build/src/game/common/pausemenu.c.o
`ProcessInput__10tPMenuItemR13tInputKeyTypeR13tPMenuCommand' referenced in section `.rodata' of build/asm/data/rdata_80054548.rodata.s.o: defined in discarded section `.text' of build/src/game/common/pausemenu.c.o
`__pure_virtual' referenced in section `.rodata' of build/asm/data/rdata_80054548.rodata.s.o: defined in discarded section `.text' of build/src/syslib/psx/libsn/PUREV.c.o
`__pure_virtual' referenced in section `.rodata' of build/asm/data/rdata_80054548.rodata.s.o: defined in discarded section `.text' of build/src/syslib/psx/libsn/PUREV.c.o
`___21tPListIteratorIndexed' referenced in section `.rodata' of build/asm/data/rdata_80054548.rodata.s.o: defined in discarded section `.text' of build/src/game/common/pausemenu.c.o
`Value__21tPListIteratorIndexed7tPlayer' referenced in section `.rodata' of build/asm/data/rdata_80054548.rodata.s.o: defined in discarded section `.text' of build/src/game/common/pausemenu.c.o
`TextValue__21tPListIteratorIndexed7tPlayer' referenced in section `.rodata' of build/asm/data/rdata_80054548.rodata.s.o: defined in discarded section `.text' of build/src/game/common/pausemenu.c.o
`Increment__21tPListIteratorIndexed7tPlayer' referenced in section `.rodata' of build/asm/data/rdata_80054548.rodata.s.o: defined in discarded section `.text' of build/src/game/common/pausemenu.c.o
`Decrement__21tPListIteratorIndexed7tPlayer' referenced in section `.rodata' of build/asm/data/rdata_80054548.rodata.s.o: defined in discarded section `.text' of build/src/game/common/pausemenu.c.o
`___14tPListIterator' referenced in section `.rodata' of build/asm/data/rdata_80054548.rodata.s.o: defined in discarded section `.text' of build/src/game/common/pausemenu.c.o
`Value__14tPListIterator7tPlayer' referenced in section `.rodata' of build/asm/data/rdata_80054548.rodata.s.o: defined in discarded section `.text' of build/src/game/common/pausemenu.c.o
`TextValue__14tPListIterator7tPlayer' referenced in section `.rodata' of build/asm/data/rdata_80054548.rodata.s.o: defined in discarded section `.text' of build/src/game/common/pausemenu.c.o
`Increment__14tPListIterator7tPlayer' referenced in section `.rodata' of build/asm/data/rdata_80054548.rodata.s.o: defined in discarded section `.text' of build/src/game/common/pausemenu.c.o
`Decrement__14tPListIterator7tPlayer' referenced in section `.rodata' of build/asm/data/rdata_80054548.rodata.s.o: defined in discarded section `.text' of build/src/game/common/pausemenu.c.o
`.L800B03F4' referenced in section `.rodata' of build/asm/data/rdata_80054548.rodata.s.o: defined in discarded section `.text' of build/src/game/common/r3dcar.c.o
`.L800B0400' referenced in section `.rodata' of build/asm/data/rdata_80054548.rodata.s.o: defined in discarded section `.text' of build/src/game/common/r3dcar.c.o
`.L800B0400' referenced in section `.rodata' of build/asm/data/rdata_80054548.rodata.s.o: defined in discarded section `.text' of build/src/game/common/r3dcar.c.o
`.L800B04AC' referenced in section `.rodata' of build/asm/data/rdata_80054548.rodata.s.o: defined in discarded section `.text' of build/src/game/common/r3dcar.c.o
`.L800B04B8' referenced in section `.rodata' of build/asm/data/rdata_80054548.rodata.s.o: defined in discarded section `.text' of build/src/game/common/r3dcar.c.o
`.L800B0440' referenced in section `.rodata' of build/asm/data/rdata_80054548.rodata.s.o: defined in discarded section `.text' of build/src/game/common/r3dcar.c.o
`.L800B044C' referenced in section `.rodata' of build/asm/data/rdata_80054548.rodata.s.o: defined in discarded section `.text' of build/src/game/common/r3dcar.c.o
`.L800B03F4' referenced in section `.rodata' of build/asm/data/rdata_80054548.rodata.s.o: defined in discarded section `.text' of build/src/game/common/r3dcar.c.o
`.L800B05D0' referenced in section `.rodata' of build/asm/data/rdata_80054548.rodata.s.o: defined in discarded section `.text' of build/src/game/common/r3dcar.c.o
`.L800B0418' referenced in section `.rodata' of build/asm/data/rdata_80054548.rodata.s.o: defined in discarded section `.text' of build/src/game/common/r3dcar.c.o
`.L800B0424' referenced in section `.rodata' of build/asm/data/rdata_80054548.rodata.s.o: defined in discarded section `.text' of build/src/game/common/r3dcar.c.o
`.L800B04A0' referenced in section `.rodata' of build/asm/data/rdata_80054548.rodata.s.o: defined in discarded section `.text' of build/src/game/common/r3dcar.c.o
`.L800B0484' referenced in section `.rodata' of build/asm/data/rdata_80054548.rodata.s.o: defined in discarded section `.text' of build/src/game/common/r3dcar.c.o
`.L800B05A0' referenced in section `.rodata' of build/asm/data/rdata_80054548.rodata.s.o: defined in discarded section `.text' of build/src/game/common/r3dcar.c.o
`.L800B05B0' referenced in section `.rodata' of build/asm/data/rdata_80054548.rodata.s.o: defined in discarded section `.text' of build/src/game/common/r3dcar.c.o
`.L800B05CC' referenced in section `.rodata' of build/asm/data/rdata_80054548.rodata.s.o: defined in discarded section `.text' of build/src/game/common/r3dcar.c.o
`.L800B04C4' referenced in section `.rodata' of build/asm/data/rdata_80054548.rodata.s.o: defined in discarded section `.text' of build/src/game/common/r3dcar.c.o
`.L800B04DC' referenced in section `.rodata' of build/asm/data/rdata_80054548.rodata.s.o: defined in discarded section `.text' of build/src/game/common/r3dcar.c.o
`.L800B0510' referenced in section `.rodata' of build/asm/data/rdata_80054548.rodata.s.o: defined in discarded section `.text' of build/src/game/common/r3dcar.c.o
`.L800B0534' referenced in section `.rodata' of build/asm/data/rdata_80054548.rodata.s.o: defined in discarded section `.text' of build/src/game/common/r3dcar.c.o
`.L800B0468' referenced in section `.rodata' of build/asm/data/rdata_80054548.rodata.s.o: defined in discarded section `.text' of build/src/game/common/r3dcar.c.o
`.L800B05F4' referenced in section `.rodata' of build/asm/data/rdata_80054548.rodata.s.o: defined in discarded section `.text' of build/src/game/common/r3dcar.c.o
`.L800B05F4' referenced in section `.rodata' of build/asm/data/rdata_80054548.rodata.s.o: defined in discarded section `.text' of build/src/game/common/r3dcar.c.o
`.L800B0600' referenced in section `.rodata' of build/asm/data/rdata_80054548.rodata.s.o: defined in discarded section `.text' of build/src/game/common/r3dcar.c.o
`.L800B0600' referenced in section `.rodata' of build/asm/data/rdata_80054548.rodata.s.o: defined in discarded section `.text' of build/src/game/common/r3dcar.c.o
`.L800B0648' referenced in section `.rodata' of build/asm/data/rdata_80054548.rodata.s.o: defined in discarded section `.text' of build/src/game/common/r3dcar.c.o
`.L800B0648' referenced in section `.rodata' of build/asm/data/rdata_80054548.rodata.s.o: defined in discarded section `.text' of build/src/game/common/r3dcar.c.o
`.L800B0AB8' referenced in section `.rodata' of build/asm/data/rdata_80054548.rodata.s.o: defined in discarded section `.text' of build/src/game/common/r3dcar.c.o
`.L800B0AB8' referenced in section `.rodata' of build/asm/data/rdata_80054548.rodata.s.o: defined in discarded section `.text' of build/src/game/common/r3dcar.c.o
`.L800B0AC4' referenced in section `.rodata' of build/asm/data/rdata_80054548.rodata.s.o: defined in discarded section `.text' of build/src/game/common/r3dcar.c.o
`.L800B0AF4' referenced in section `.rodata' of build/asm/data/rdata_80054548.rodata.s.o: defined in discarded section `.text' of build/src/game/common/r3dcar.c.o
`.L800B0B3C' referenced in section `.rodata' of build/asm/data/rdata_80054548.rodata.s.o: defined in discarded section `.text' of build/src/game/common/r3dcar.c.o
`.L800B0B3C' referenced in section `.rodata' of build/asm/data/rdata_80054548.rodata.s.o: defined in discarded section `.text' of build/src/game/common/r3dcar.c.o
`.L800B0BD0' referenced in section `.rodata' of build/asm/data/rdata_80054548.rodata.s.o: defined in discarded section `.text' of build/src/game/common/r3dcar.c.o
`.L800B0BD0' referenced in section `.rodata' of build/asm/data/rdata_80054548.rodata.s.o: defined in discarded section `.text' of build/src/game/common/r3dcar.c.o
`.L800B0BD0' referenced in section `.rodata' of build/asm/data/rdata_80054548.rodata.s.o: defined in discarded section `.text' of build/src/game/common/r3dcar.c.o
`.L800B0BD0' referenced in section `.rodata' of build/asm/data/rdata_80054548.rodata.s.o: defined in discarded section `.text' of build/src/game/common/r3dcar.c.o
`.L800B0BD0' referenced in section `.rodata' of build/asm/data/rdata_80054548.rodata.s.o: defined in discarded section `.text' of build/src/game/common/r3dcar.c.o
`.L800B0BD0' referenced in section `.rodata' of build/asm/data/rdata_80054548.rodata.s.o: defined in discarded section `.text' of build/src/game/common/r3dcar.c.o
`.L800B0A3C' referenced in section `.rodata' of build/asm/data/rdata_80054548.rodata.s.o: defined in discarded section `.text' of build/src/game/common/r3dcar.c.o
`.L800B0A64' referenced in section `.rodata' of build/asm/data/rdata_80054548.rodata.s.o: defined in discarded section `.text' of build/src/game/common/r3dcar.c.o
`.L800B0A64' referenced in section `.rodata' of build/asm/data/rdata_80054548.rodata.s.o: defined in discarded section `.text' of build/src/game/common/r3dcar.c.o
`.L800B0A64' referenced in section `.rodata' of build/asm/data/rdata_80054548.rodata.s.o: defined in discarded section `.text' of build/src/game/common/r3dcar.c.o
`.L800B0A64' referenced in section `.rodata' of build/asm/data/rdata_80054548.rodata.s.o: defined in discarded section `.text' of build/src/game/common/r3dcar.c.o
`.L800B0A64' referenced in section `.rodata' of build/asm/data/rdata_80054548.rodata.s.o: defined in discarded section `.text' of build/src/game/common/r3dcar.c.o
`.L800B0A70' referenced in section `.rodata' of build/asm/data/rdata_80054548.rodata.s.o: defined in discarded section `.text' of build/src/game/common/r3dcar.c.o
`.L800B0A88' referenced in section `.rodata' of build/asm/data/rdata_80054548.rodata.s.o: defined in discarded section `.text' of build/src/game/common/r3dcar.c.o
`.L800B0A94' referenced in section `.rodata' of build/asm/data/rdata_80054548.rodata.s.o: defined in discarded section `.text' of build/src/game/common/r3dcar.c.o
`.L800B0AAC' referenced in section `.rodata' of build/asm/data/rdata_80054548.rodata.s.o: defined in discarded section `.text' of build/src/game/common/r3dcar.c.o
`.L800B1B00' referenced in section `.rodata' of build/asm/data/rdata_80054548.rodata.s.o: defined in discarded section `.text' of build/src/game/common/r3dcar.c.o
`.L800B1B14' referenced in section `.rodata' of build/asm/data/rdata_80054548.rodata.s.o: defined in discarded section `.text' of build/src/game/common/r3dcar.c.o
`.L800B1C08' referenced in section `.rodata' of build/asm/data/rdata_80054548.rodata.s.o: defined in discarded section `.text' of build/src/game/common/r3dcar.c.o
`.L800B1C0C' referenced in section `.rodata' of build/asm/data/rdata_80054548.rodata.s.o: defined in discarded section `.text' of build/src/game/common/r3dcar.c.o
`.L800B1C0C' referenced in section `.rodata' of build/asm/data/rdata_80054548.rodata.s.o: defined in discarded section `.text' of build/src/game/common/r3dcar.c.o
`.L800B1B84' referenced in section `.rodata' of build/asm/data/rdata_80054548.rodata.s.o: defined in discarded section `.text' of build/src/game/common/r3dcar.c.o
`.L800B1BA0' referenced in section `.rodata' of build/asm/data/rdata_80054548.rodata.s.o: defined in discarded section `.text' of build/src/game/common/r3dcar.c.o
`.L800B1B30' referenced in section `.rodata' of build/asm/data/rdata_80054548.rodata.s.o: defined in discarded section `.text' of build/src/game/common/r3dcar.c.o
`.L800B1C08' referenced in section `.rodata' of build/asm/data/rdata_80054548.rodata.s.o: defined in discarded section `.text' of build/src/game/common/r3dcar.c.o
`.L800B1B4C' referenced in section `.rodata' of build/asm/data/rdata_80054548.rodata.s.o: defined in discarded section `.text' of build/src/game/common/r3dcar.c.o
`.L800B1B68' referenced in section `.rodata' of build/asm/data/rdata_80054548.rodata.s.o: defined in discarded section `.text' of build/src/game/common/r3dcar.c.o
`.L800B1BF4' referenced in section `.rodata' of build/asm/data/rdata_80054548.rodata.s.o: defined in discarded section `.text' of build/src/game/common/r3dcar.c.o
`.L800B1BD8' referenced in section `.rodata' of build/asm/data/rdata_80054548.rodata.s.o: defined in discarded section `.text' of build/src/game/common/r3dcar.c.o
`.L800B1C0C' referenced in section `.rodata' of build/asm/data/rdata_80054548.rodata.s.o: defined in discarded section `.text' of build/src/game/common/r3dcar.c.o
`.L800B1C00' referenced in section `.rodata' of build/asm/data/rdata_80054548.rodata.s.o: defined in discarded section `.text' of build/src/game/common/r3dcar.c.o
`.L800B1C0C' referenced in section `.rodata' of build/asm/data/rdata_80054548.rodata.s.o: defined in discarded section `.text' of build/src/game/common/r3dcar.c.o
`.L800B1C0C' referenced in section `.rodata' of build/asm/data/rdata_80054548.rodata.s.o: defined in discarded section `.text' of build/src/game/common/r3dcar.c.o
`.L800B1C00' referenced in section `.rodata' of build/asm/data/rdata_80054548.rodata.s.o: defined in discarded section `.text' of build/src/game/common/r3dcar.c.o
`.L800B1C0C' referenced in section `.rodata' of build/asm/data/rdata_80054548.rodata.s.o: defined in discarded section `.text' of build/src/game/common/r3dcar.c.o
`.L800B1C0C' referenced in section `.rodata' of build/asm/data/rdata_80054548.rodata.s.o: defined in discarded section `.text' of build/src/game/common/r3dcar.c.o
`.L800B1BBC' referenced in section `.rodata' of build/asm/data/rdata_80054548.rodata.s.o: defined in discarded section `.text' of build/src/game/common/r3dcar.c.o
`.L800B522C' referenced in section `.rodata' of build/asm/data/rdata_80054548.rodata.s.o: defined in discarded section `.text' of build/src/game/common/replay.c.o
`.L800B5244' referenced in section `.rodata' of build/asm/data/rdata_80054548.rodata.s.o: defined in discarded section `.text' of build/src/game/common/replay.c.o
`.L800B5254' referenced in section `.rodata' of build/asm/data/rdata_80054548.rodata.s.o: defined in discarded section `.text' of build/src/game/common/replay.c.o
`.L800B526C' referenced in section `.rodata' of build/asm/data/rdata_80054548.rodata.s.o: defined in discarded section `.text' of build/src/game/common/replay.c.o
`.L800B52EC' referenced in section `.rodata' of build/asm/data/rdata_80054548.rodata.s.o: defined in discarded section `.text' of build/src/game/common/replay.c.o
`.L800BA714' referenced in section `.rodata' of build/asm/data/rdata_80054548.rodata.s.o: defined in discarded section `.text' of build/src/game/common/track.c.o
`.L800BA7BC' referenced in section `.rodata' of build/asm/data/rdata_80054548.rodata.s.o: defined in discarded section `.text' of build/src/game/common/track.c.o
`.L800BA7BC' referenced in section `.rodata' of build/asm/data/rdata_80054548.rodata.s.o: defined in discarded section `.text' of build/src/game/common/track.c.o
`.L800BA7BC' referenced in section `.rodata' of build/asm/data/rdata_80054548.rodata.s.o: defined in discarded section `.text' of build/src/game/common/track.c.o
`.L800BA7BC' referenced in section `.rodata' of build/asm/data/rdata_80054548.rodata.s.o: defined in discarded section `.text' of build/src/game/common/track.c.o
`.L800BA770' referenced in section `.rodata' of build/asm/data/rdata_80054548.rodata.s.o: defined in discarded section `.text' of build/src/game/common/track.c.o
`.L800BA78C' referenced in section `.rodata' of build/asm/data/rdata_80054548.rodata.s.o: defined in discarded section `.text' of build/src/game/common/track.c.o
`.L800BA7BC' referenced in section `.rodata' of build/asm/data/rdata_80054548.rodata.s.o: defined in discarded section `.text' of build/src/game/common/track.c.o
`.L800BA7BC' referenced in section `.rodata' of build/asm/data/rdata_80054548.rodata.s.o: defined in discarded section `.text' of build/src/game/common/track.c.o
`.L800BA7BC' referenced in section `.rodata' of build/asm/data/rdata_80054548.rodata.s.o: defined in discarded section `.text' of build/src/game/common/track.c.o
`.L800BA7BC' referenced in section `.rodata' of build/asm/data/rdata_80054548.rodata.s.o: defined in discarded section `.text' of build/src/game/common/track.c.o
`.L800BA7BC' referenced in section `.rodata' of build/asm/data/rdata_80054548.rodata.s.o: defined in discarded section `.text' of build/src/game/common/track.c.o
`.L800BA7BC' referenced in section `.rodata' of build/asm/data/rdata_80054548.rodata.s.o: defined in discarded section `.text' of build/src/game/common/track.c.o
`.L800BA734' referenced in section `.rodata' of build/asm/data/rdata_80054548.rodata.s.o: defined in discarded section `.text' of build/src/game/common/track.c.o
`.L800BA7BC' referenced in section `.rodata' of build/asm/data/rdata_80054548.rodata.s.o: defined in discarded section `.text' of build/src/game/common/track.c.o
`.L800BA7BC' referenced in section `.rodata' of build/asm/data/rdata_80054548.rodata.s.o: defined in discarded section `.text' of build/src/game/common/track.c.o
`.L800BA7BC' referenced in section `.rodata' of build/asm/data/rdata_80054548.rodata.s.o: defined in discarded section `.text' of build/src/game/common/track.c.o
`.L800BA7BC' referenced in section `.rodata' of build/asm/data/rdata_80054548.rodata.s.o: defined in discarded section `.text' of build/src/game/common/track.c.o
`.L800BA7BC' referenced in section `.rodata' of build/asm/data/rdata_80054548.rodata.s.o: defined in discarded section `.text' of build/src/game/common/track.c.o
`.L800BA7BC' referenced in section `.rodata' of build/asm/data/rdata_80054548.rodata.s.o: defined in discarded section `.text' of build/src/game/common/track.c.o
`.L800BA7BC' referenced in section `.rodata' of build/asm/data/rdata_80054548.rodata.s.o: defined in discarded section `.text' of build/src/game/common/track.c.o
`.L800BA7BC' referenced in section `.rodata' of build/asm/data/rdata_80054548.rodata.s.o: defined in discarded section `.text' of build/src/game/common/track.c.o
`.L800BA7BC' referenced in section `.rodata' of build/asm/data/rdata_80054548.rodata.s.o: defined in discarded section `.text' of build/src/game/common/track.c.o
`.L800BA7BC' referenced in section `.rodata' of build/asm/data/rdata_80054548.rodata.s.o: defined in discarded section `.text' of build/src/game/common/track.c.o
`.L800BA7BC' referenced in section `.rodata' of build/asm/data/rdata_80054548.rodata.s.o: defined in discarded section `.text' of build/src/game/common/track.c.o
`.L800BA7BC' referenced in section `.rodata' of build/asm/data/rdata_80054548.rodata.s.o: defined in discarded section `.text' of build/src/game/common/track.c.o
`.L800BA7BC' referenced in section `.rodata' of build/asm/data/rdata_80054548.rodata.s.o: defined in discarded section `.text' of build/src/game/common/track.c.o
`.L800BA7BC' referenced in section `.rodata' of build/asm/data/rdata_80054548.rodata.s.o: defined in discarded section `.text' of build/src/game/common/track.c.o
`.L800BA7BC' referenced in section `.rodata' of build/asm/data/rdata_80054548.rodata.s.o: defined in discarded section `.text' of build/src/game/common/track.c.o
`.L800BA7BC' referenced in section `.rodata' of build/asm/data/rdata_80054548.rodata.s.o: defined in discarded section `.text' of build/src/game/common/track.c.o
`.L800BA7BC' referenced in section `.rodata' of build/asm/data/rdata_80054548.rodata.s.o: defined in discarded section `.text' of build/src/game/common/track.c.o
`.L800BA7BC' referenced in section `.rodata' of build/asm/data/rdata_80054548.rodata.s.o: defined in discarded section `.text' of build/src/game/common/track.c.o
`.L800BA7BC' referenced in section `.rodata' of build/asm/data/rdata_80054548.rodata.s.o: defined in discarded section `.text' of build/src/game/common/track.c.o
`.L800BA7BC' referenced in section `.rodata' of build/asm/data/rdata_80054548.rodata.s.o: defined in discarded section `.text' of build/src/game/common/track.c.o
`.L800BA754' referenced in section `.rodata' of build/asm/data/rdata_80054548.rodata.s.o: defined in discarded section `.text' of build/src/game/common/track.c.o
`.L800BA7BC' referenced in section `.rodata' of build/asm/data/rdata_80054548.rodata.s.o: defined in discarded section `.text' of build/src/game/common/track.c.o
`.L800BA7A8' referenced in section `.rodata' of build/asm/data/rdata_80054548.rodata.s.o: defined in discarded section `.text' of build/src/game/common/track.c.o
`.L800BC4A0' referenced in section `.rodata' of build/asm/data/rdata_80054548.rodata.s.o: defined in discarded section `.text' of build/src/game/psx/cario.c.o
`.L800BC4C4' referenced in section `.rodata' of build/asm/data/rdata_80054548.rodata.s.o: defined in discarded section `.text' of build/src/game/psx/cario.c.o
`.L800BC4C4' referenced in section `.rodata' of build/asm/data/rdata_80054548.rodata.s.o: defined in discarded section `.text' of build/src/game/psx/cario.c.o
`.L800BC4C4' referenced in section `.rodata' of build/asm/data/rdata_80054548.rodata.s.o: defined in discarded section `.text' of build/src/game/psx/cario.c.o
`.L800BC4A0' referenced in section `.rodata' of build/asm/data/rdata_80054548.rodata.s.o: defined in discarded section `.text' of build/src/game/psx/cario.c.o
`.L800BC4A0' referenced in section `.rodata' of build/asm/data/rdata_80054548.rodata.s.o: defined in discarded section `.text' of build/src/game/psx/cario.c.o
`.L800BC4C4' referenced in section `.rodata' of build/asm/data/rdata_80054548.rodata.s.o: defined in discarded section `.text' of build/src/game/psx/cario.c.o
`.L800BC4C4' referenced in section `.rodata' of build/asm/data/rdata_80054548.rodata.s.o: defined in discarded section `.text' of build/src/game/psx/cario.c.o
`.L800BC4A8' referenced in section `.rodata' of build/asm/data/rdata_80054548.rodata.s.o: defined in discarded section `.text' of build/src/game/psx/cario.c.o
`.L800BC4C4' referenced in section `.rodata' of build/asm/data/rdata_80054548.rodata.s.o: defined in discarded section `.text' of build/src/game/psx/cario.c.o
`.L800BC4C4' referenced in section `.rodata' of build/asm/data/rdata_80054548.rodata.s.o: defined in discarded section `.text' of build/src/game/psx/cario.c.o
`.L800BC4C4' referenced in section `.rodata' of build/asm/data/rdata_80054548.rodata.s.o: defined in discarded section `.text' of build/src/game/psx/cario.c.o
`.L800BC4B0' referenced in section `.rodata' of build/asm/data/rdata_80054548.rodata.s.o: defined in discarded section `.text' of build/src/game/psx/cario.c.o
`.L800BC4C4' referenced in section `.rodata' of build/asm/data/rdata_80054548.rodata.s.o: defined in discarded section `.text' of build/src/game/psx/cario.c.o
`.L800BC4C4' referenced in section `.rodata' of build/asm/data/rdata_80054548.rodata.s.o: defined in discarded section `.text' of build/src/game/psx/cario.c.o
`.L800BC4C4' referenced in section `.rodata' of build/asm/data/rdata_80054548.rodata.s.o: defined in discarded section `.text' of build/src/game/psx/cario.c.o
`.L800BC4C4' referenced in section `.rodata' of build/asm/data/rdata_80054548.rodata.s.o: defined in discarded section `.text' of build/src/game/psx/cario.c.o
`.L800BC498' referenced in section `.rodata' of build/asm/data/rdata_80054548.rodata.s.o: defined in discarded section `.text' of build/src/game/psx/cario.c.o
`.L800BC4B8' referenced in section `.rodata' of build/asm/data/rdata_80054548.rodata.s.o: defined in discarded section `.text' of build/src/game/psx/cario.c.o
`.L800BC4C4' referenced in section `.rodata' of build/asm/data/rdata_80054548.rodata.s.o: defined in discarded section `.text' of build/src/game/psx/cario.c.o
`.L800BC4C4' referenced in section `.rodata' of build/asm/data/rdata_80054548.rodata.s.o: defined in discarded section `.text' of build/src/game/psx/cario.c.o
`.L800BC4C4' referenced in section `.rodata' of build/asm/data/rdata_80054548.rodata.s.o: defined in discarded section `.text' of build/src/game/psx/cario.c.o
`.L800BC4B8' referenced in section `.rodata' of build/asm/data/rdata_80054548.rodata.s.o: defined in discarded section `.text' of build/src/game/psx/cario.c.o
`.L800BC4C4' referenced in section `.rodata' of build/asm/data/rdata_80054548.rodata.s.o: defined in discarded section `.text' of build/src/game/psx/cario.c.o
`.L800BC4C4' referenced in section `.rodata' of build/asm/data/rdata_80054548.rodata.s.o: defined in discarded section `.text' of build/src/game/psx/cario.c.o
`.L800BC4C0' referenced in section `.rodata' of build/asm/data/rdata_80054548.rodata.s.o: defined in discarded section `.text' of build/src/game/psx/cario.c.o
`.L800BC4C4' referenced in section `.rodata' of build/asm/data/rdata_80054548.rodata.s.o: defined in discarded section `.text' of build/src/game/psx/cario.c.o
`.L800BC4C4' referenced in section `.rodata' of build/asm/data/rdata_80054548.rodata.s.o: defined in discarded section `.text' of build/src/game/psx/cario.c.o
`.L800BC4C0' referenced in section `.rodata' of build/asm/data/rdata_80054548.rodata.s.o: defined in discarded section `.text' of build/src/game/psx/cario.c.o
`.L800CAD3C' referenced in section `.rodata' of build/asm/data/rdata_80054548.rodata.s.o: defined in discarded section `.text' of build/src/game/psx/force.c.o
`.L800CAD3C' referenced in section `.rodata' of build/asm/data/rdata_80054548.rodata.s.o: defined in discarded section `.text' of build/src/game/psx/force.c.o
`.L800CAD3C' referenced in section `.rodata' of build/asm/data/rdata_80054548.rodata.s.o: defined in discarded section `.text' of build/src/game/psx/force.c.o
`.L800CAD3C' referenced in section `.rodata' of build/asm/data/rdata_80054548.rodata.s.o: defined in discarded section `.text' of build/src/game/psx/force.c.o
`.L800CAD3C' referenced in section `.rodata' of build/asm/data/rdata_80054548.rodata.s.o: defined in discarded section `.text' of build/src/game/psx/force.c.o
`.L800CAD3C' referenced in section `.rodata' of build/asm/data/rdata_80054548.rodata.s.o: defined in discarded section `.text' of build/src/game/psx/force.c.o
`.L800CAD3C' referenced in section `.rodata' of build/asm/data/rdata_80054548.rodata.s.o: defined in discarded section `.text' of build/src/game/psx/force.c.o
`.L800CAD3C' referenced in section `.rodata' of build/asm/data/rdata_80054548.rodata.s.o: defined in discarded section `.text' of build/src/game/psx/force.c.o
`.L800CAD78' referenced in section `.rodata' of build/asm/data/rdata_80054548.rodata.s.o: defined in discarded section `.text' of build/src/game/psx/force.c.o
`.L800CAD78' referenced in section `.rodata' of build/asm/data/rdata_80054548.rodata.s.o: defined in discarded section `.text' of build/src/game/psx/force.c.o
`.L800CAD78' referenced in section `.rodata' of build/asm/data/rdata_80054548.rodata.s.o: defined in discarded section `.text' of build/src/game/psx/force.c.o
`.L800CAD78' referenced in section `.rodata' of build/asm/data/rdata_80054548.rodata.s.o: defined in discarded section `.text' of build/src/game/psx/force.c.o
`.L800CADB0' referenced in section `.rodata' of build/asm/data/rdata_80054548.rodata.s.o: defined in discarded section `.text' of build/src/game/psx/force.c.o
`.L800CAD78' referenced in section `.rodata' of build/asm/data/rdata_80054548.rodata.s.o: defined in discarded section `.text' of build/src/game/psx/force.c.o
`.L800CF0C8' referenced in section `.rodata' of build/asm/data/rdata_80054548.rodata.s.o: defined in discarded section `.text' of build/src/game/psx/flare.c.o
`.L800CF0C8' referenced in section `.rodata' of build/asm/data/rdata_80054548.rodata.s.o: defined in discarded section `.text' of build/src/game/psx/flare.c.o
`.L800CF0E8' referenced in section `.rodata' of build/asm/data/rdata_80054548.rodata.s.o: defined in discarded section `.text' of build/src/game/psx/flare.c.o
`.L800CF100' referenced in section `.rodata' of build/asm/data/rdata_80054548.rodata.s.o: defined in discarded section `.text' of build/src/game/psx/flare.c.o
`.L800CF118' referenced in section `.rodata' of build/asm/data/rdata_80054548.rodata.s.o: defined in discarded section `.text' of build/src/game/psx/flare.c.o
`.L800DD7E8' referenced in section `.rodata' of build/asm/data/rdata_80054548.rodata.s.o: defined in discarded section `.text' of build/src/game/psx/sfx.c.o
`.L800DD804' referenced in section `.rodata' of build/asm/data/rdata_80054548.rodata.s.o: defined in discarded section `.text' of build/src/game/psx/sfx.c.o
`.L800DD850' referenced in section `.rodata' of build/asm/data/rdata_80054548.rodata.s.o: defined in discarded section `.text' of build/src/game/psx/sfx.c.o
`.L800DD874' referenced in section `.rodata' of build/asm/data/rdata_80054548.rodata.s.o: defined in discarded section `.text' of build/src/game/psx/sfx.c.o
`.L800DE61C' referenced in section `.rodata' of build/asm/data/rdata_80054548.rodata.s.o: defined in discarded section `.text' of build/src/game/psx/sfx.c.o
`.L800DDD0C' referenced in section `.rodata' of build/asm/data/rdata_80054548.rodata.s.o: defined in discarded section `.text' of build/src/game/psx/sfx.c.o
`.L800DDDEC' referenced in section `.rodata' of build/asm/data/rdata_80054548.rodata.s.o: defined in discarded section `.text' of build/src/game/psx/sfx.c.o
`.L800DE130' referenced in section `.rodata' of build/asm/data/rdata_80054548.rodata.s.o: defined in discarded section `.text' of build/src/game/psx/sfx.c.o
`.L800DDEF4' referenced in section `.rodata' of build/asm/data/rdata_80054548.rodata.s.o: defined in discarded section `.text' of build/src/game/psx/sfx.c.o
`.L800DDA74' referenced in section `.rodata' of build/asm/data/rdata_80054548.rodata.s.o: defined in discarded section `.text' of build/src/game/psx/sfx.c.o
`.L800DDFFC' referenced in section `.rodata' of build/asm/data/rdata_80054548.rodata.s.o: defined in discarded section `.text' of build/src/game/psx/sfx.c.o
`.L800DE61C' referenced in section `.rodata' of build/asm/data/rdata_80054548.rodata.s.o: defined in discarded section `.text' of build/src/game/psx/sfx.c.o
`.L800DE3C8' referenced in section `.rodata' of build/asm/data/rdata_80054548.rodata.s.o: defined in discarded section `.text' of build/src/game/psx/sfx.c.o
`.L800DE3C8' referenced in section `.rodata' of build/asm/data/rdata_80054548.rodata.s.o: defined in discarded section `.text' of build/src/game/psx/sfx.c.o
`.L800DE67C' referenced in section `.rodata' of build/asm/data/rdata_80054548.rodata.s.o: defined in discarded section `.text' of build/src/game/psx/sfx.c.o
`.L800DE67C' referenced in section `.rodata' of build/asm/data/rdata_80054548.rodata.s.o: defined in discarded section `.text' of build/src/game/psx/sfx.c.o
`.L800DE67C' referenced in section `.rodata' of build/asm/data/rdata_80054548.rodata.s.o: defined in discarded section `.text' of build/src/game/psx/sfx.c.o
`.L800DE6B8' referenced in section `.rodata' of build/asm/data/rdata_80054548.rodata.s.o: defined in discarded section `.text' of build/src/game/psx/sfx.c.o
`.L800DE6E4' referenced in section `.rodata' of build/asm/data/rdata_80054548.rodata.s.o: defined in discarded section `.text' of build/src/game/psx/sfx.c.o
`.L800DE684' referenced in section `.rodata' of build/asm/data/rdata_80054548.rodata.s.o: defined in discarded section `.text' of build/src/game/psx/sfx.c.o
`.L800DE684' referenced in section `.rodata' of build/asm/data/rdata_80054548.rodata.s.o: defined in discarded section `.text' of build/src/game/psx/sfx.c.o
`.L800DE6B8' referenced in section `.rodata' of build/asm/data/rdata_80054548.rodata.s.o: defined in discarded section `.text' of build/src/game/psx/sfx.c.o
`.L800DE684' referenced in section `.rodata' of build/asm/data/rdata_80054548.rodata.s.o: defined in discarded section `.text' of build/src/game/psx/sfx.c.o
`.L800DE6B8' referenced in section `.rodata' of build/asm/data/rdata_80054548.rodata.s.o: defined in discarded section `.text' of build/src/game/psx/sfx.c.o
`.L800DE69C' referenced in section `.rodata' of build/asm/data/rdata_80054548.rodata.s.o: defined in discarded section `.text' of build/src/game/psx/sfx.c.o
`.L800DE6E4' referenced in section `.rodata' of build/asm/data/rdata_80054548.rodata.s.o: defined in discarded section `.text' of build/src/game/psx/sfx.c.o
`.L800DE6C4' referenced in section `.rodata' of build/asm/data/rdata_80054548.rodata.s.o: defined in discarded section `.text' of build/src/game/psx/sfx.c.o
`.L800E03C0' referenced in section `.rodata' of build/asm/data/rdata_80054548.rodata.s.o: defined in discarded section `.text' of build/src/game/psx/texture.c.o
`.L800E03F0' referenced in section `.rodata' of build/asm/data/rdata_80054548.rodata.s.o: defined in discarded section `.text' of build/src/game/psx/texture.c.o
`.L800E0420' referenced in section `.rodata' of build/asm/data/rdata_80054548.rodata.s.o: defined in discarded section `.text' of build/src/game/psx/texture.c.o
`.L800E0450' referenced in section `.rodata' of build/asm/data/rdata_80054548.rodata.s.o: defined in discarded section `.text' of build/src/game/psx/texture.c.o
`.L800E0480' referenced in section `.rodata' of build/asm/data/rdata_80054548.rodata.s.o: defined in discarded section `.text' of build/src/game/psx/texture.c.o
`.L800E4798' referenced in section `.rodata' of build/asm/data/rdata_80054548.rodata.s.o: defined in discarded section `.text' of build/src/syslib/psx/libc/SPRINTF.c.o
`.L800E4C44' referenced in section `.rodata' of build/asm/data/rdata_80054548.rodata.s.o: defined in discarded section `.text' of build/src/syslib/psx/libc/SPRINTF.c.o
`.L800E4C44' referenced in section `.rodata' of build/asm/data/rdata_80054548.rodata.s.o: defined in discarded section `.text' of build/src/syslib/psx/libc/SPRINTF.c.o
`.L800E4C44' referenced in section `.rodata' of build/asm/data/rdata_80054548.rodata.s.o: defined in discarded section `.text' of build/src/syslib/psx/libc/SPRINTF.c.o
`.L800E4C44' referenced in section `.rodata' of build/asm/data/rdata_80054548.rodata.s.o: defined in discarded section `.text' of build/src/syslib/psx/libc/SPRINTF.c.o
`.L800E4C44' referenced in section `.rodata' of build/asm/data/rdata_80054548.rodata.s.o: defined in discarded section `.text' of build/src/syslib/psx/libc/SPRINTF.c.o
`.L800E4C44' referenced in section `.rodata' of build/asm/data/rdata_80054548.rodata.s.o: defined in discarded section `.text' of build/src/syslib/psx/libc/SPRINTF.c.o
`.L800E4C44' referenced in section `.rodata' of build/asm/data/rdata_80054548.rodata.s.o: defined in discarded section `.text' of build/src/syslib/psx/libc/SPRINTF.c.o
`.L800E4C44' referenced in section `.rodata' of build/asm/data/rdata_80054548.rodata.s.o: defined in discarded section `.text' of build/src/syslib/psx/libc/SPRINTF.c.o
`.L800E4C44' referenced in section `.rodata' of build/asm/data/rdata_80054548.rodata.s.o: defined in discarded section `.text' of build/src/syslib/psx/libc/SPRINTF.c.o
`.L800E4C44' referenced in section `.rodata' of build/asm/data/rdata_80054548.rodata.s.o: defined in discarded section `.text' of build/src/syslib/psx/libc/SPRINTF.c.o
`.L800E4C44' referenced in section `.rodata' of build/asm/data/rdata_80054548.rodata.s.o: defined in discarded section `.text' of build/src/syslib/psx/libc/SPRINTF.c.o
`.L800E4A50' referenced in section `.rodata' of build/asm/data/rdata_80054548.rodata.s.o: defined in discarded section `.text' of build/src/syslib/psx/libc/SPRINTF.c.o
`.L800E4C44' referenced in section `.rodata' of build/asm/data/rdata_80054548.rodata.s.o: defined in discarded section `.text' of build/src/syslib/psx/libc/SPRINTF.c.o
`.L800E4C44' referenced in section `.rodata' of build/asm/data/rdata_80054548.rodata.s.o: defined in discarded section `.text' of build/src/syslib/psx/libc/SPRINTF.c.o
`.L800E4C44' referenced in section `.rodata' of build/asm/data/rdata_80054548.rodata.s.o: defined in discarded section `.text' of build/src/syslib/psx/libc/SPRINTF.c.o
`.L800E4C44' referenced in section `.rodata' of build/asm/data/rdata_80054548.rodata.s.o: defined in discarded section `.text' of build/src/syslib/psx/libc/SPRINTF.c.o
`.L800E4C44' referenced in section `.rodata' of build/asm/data/rdata_80054548.rodata.s.o: defined in discarded section `.text' of build/src/syslib/psx/libc/SPRINTF.c.o
`.L800E4C44' referenced in section `.rodata' of build/asm/data/rdata_80054548.rodata.s.o: defined in discarded section `.text' of build/src/syslib/psx/libc/SPRINTF.c.o
`.L800E4C44' referenced in section `.rodata' of build/asm/data/rdata_80054548.rodata.s.o: defined in discarded section `.text' of build/src/syslib/psx/libc/SPRINTF.c.o
`.L800E4C44' referenced in section `.rodata' of build/asm/data/rdata_80054548.rodata.s.o: defined in discarded section `.text' of build/src/syslib/psx/libc/SPRINTF.c.o
`.L800E4C44' referenced in section `.rodata' of build/asm/data/rdata_80054548.rodata.s.o: defined in discarded section `.text' of build/src/syslib/psx/libc/SPRINTF.c.o
`.L800E4C44' referenced in section `.rodata' of build/asm/data/rdata_80054548.rodata.s.o: defined in discarded section `.text' of build/src/syslib/psx/libc/SPRINTF.c.o
`.L800E4B64' referenced in section `.rodata' of build/asm/data/rdata_80054548.rodata.s.o: defined in discarded section `.text' of build/src/syslib/psx/libc/SPRINTF.c.o
`.L800E47C4' referenced in section `.rodata' of build/asm/data/rdata_80054548.rodata.s.o: defined in discarded section `.text' of build/src/syslib/psx/libc/SPRINTF.c.o
`.L800E4C44' referenced in section `.rodata' of build/asm/data/rdata_80054548.rodata.s.o: defined in discarded section `.text' of build/src/syslib/psx/libc/SPRINTF.c.o
`.L800E4C44' referenced in section `.rodata' of build/asm/data/rdata_80054548.rodata.s.o: defined in discarded section `.text' of build/src/syslib/psx/libc/SPRINTF.c.o
`.L800E4C44' referenced in section `.rodata' of build/asm/data/rdata_80054548.rodata.s.o: defined in discarded section `.text' of build/src/syslib/psx/libc/SPRINTF.c.o
`.L800E4780' referenced in section `.rodata' of build/asm/data/rdata_80054548.rodata.s.o: defined in discarded section `.text' of build/src/syslib/psx/libc/SPRINTF.c.o
`.L800E47C4' referenced in section `.rodata' of build/asm/data/rdata_80054548.rodata.s.o: defined in discarded section `.text' of build/src/syslib/psx/libc/SPRINTF.c.o
`.L800E4C44' referenced in section `.rodata' of build/asm/data/rdata_80054548.rodata.s.o: defined in discarded section `.text' of build/src/syslib/psx/libc/SPRINTF.c.o
`.L800E4C44' referenced in section `.rodata' of build/asm/data/rdata_80054548.rodata.s.o: defined in discarded section `.text' of build/src/syslib/psx/libc/SPRINTF.c.o
`.L800E478C' referenced in section `.rodata' of build/asm/data/rdata_80054548.rodata.s.o: defined in discarded section `.text' of build/src/syslib/psx/libc/SPRINTF.c.o
`.L800E4C44' referenced in section `.rodata' of build/asm/data/rdata_80054548.rodata.s.o: defined in discarded section `.text' of build/src/syslib/psx/libc/SPRINTF.c.o
`.L800E4C10' referenced in section `.rodata' of build/asm/data/rdata_80054548.rodata.s.o: defined in discarded section `.text' of build/src/syslib/psx/libc/SPRINTF.c.o
`.L800E493C' referenced in section `.rodata' of build/asm/data/rdata_80054548.rodata.s.o: defined in discarded section `.text' of build/src/syslib/psx/libc/SPRINTF.c.o
`.L800E4A3C' referenced in section `.rodata' of build/asm/data/rdata_80054548.rodata.s.o: defined in discarded section `.text' of build/src/syslib/psx/libc/SPRINTF.c.o
`.L800E4C44' referenced in section `.rodata' of build/asm/data/rdata_80054548.rodata.s.o: defined in discarded section `.text' of build/src/syslib/psx/libc/SPRINTF.c.o
`.L800E4C44' referenced in section `.rodata' of build/asm/data/rdata_80054548.rodata.s.o: defined in discarded section `.text' of build/src/syslib/psx/libc/SPRINTF.c.o
`.L800E4B84' referenced in section `.rodata' of build/asm/data/rdata_80054548.rodata.s.o: defined in discarded section `.text' of build/src/syslib/psx/libc/SPRINTF.c.o
`.L800E4C44' referenced in section `.rodata' of build/asm/data/rdata_80054548.rodata.s.o: defined in discarded section `.text' of build/src/syslib/psx/libc/SPRINTF.c.o
`.L800E481C' referenced in section `.rodata' of build/asm/data/rdata_80054548.rodata.s.o: defined in discarded section `.text' of build/src/syslib/psx/libc/SPRINTF.c.o
`.L800E4C44' referenced in section `.rodata' of build/asm/data/rdata_80054548.rodata.s.o: defined in discarded section `.text' of build/src/syslib/psx/libc/SPRINTF.c.o
`.L800E4C44' referenced in section `.rodata' of build/asm/data/rdata_80054548.rodata.s.o: defined in discarded section `.text' of build/src/syslib/psx/libc/SPRINTF.c.o
`.L800E4A5C' referenced in section `.rodata' of build/asm/data/rdata_80054548.rodata.s.o: defined in discarded section `.text' of build/src/syslib/psx/libc/SPRINTF.c.o
`.L800EC328' referenced in section `.rodata' of build/asm/data/rdata_80054548.rodata.s.o: defined in discarded section `.text' of build/src/eaclib/psx/eacpsxz/nfile.c.o
`.L800EC334' referenced in section `.rodata' of build/asm/data/rdata_80054548.rodata.s.o: defined in discarded section `.text' of build/src/eaclib/psx/eacpsxz/nfile.c.o
`.L800EC34C' referenced in section `.rodata' of build/asm/data/rdata_80054548.rodata.s.o: defined in discarded section `.text' of build/src/eaclib/psx/eacpsxz/nfile.c.o
`.L800EC34C' referenced in section `.rodata' of build/asm/data/rdata_80054548.rodata.s.o: defined in discarded section `.text' of build/src/eaclib/psx/eacpsxz/nfile.c.o
`.L800EC340' referenced in section `.rodata' of build/asm/data/rdata_80054548.rodata.s.o: defined in discarded section `.text' of build/src/eaclib/psx/eacpsxz/nfile.c.o
`.L800EC334' referenced in section `.rodata' of build/asm/data/rdata_80054548.rodata.s.o: defined in discarded section `.text' of build/src/eaclib/psx/eacpsxz/nfile.c.o
`.L800EC340' referenced in section `.rodata' of build/asm/data/rdata_80054548.rodata.s.o: defined in discarded section `.text' of build/src/eaclib/psx/eacpsxz/nfile.c.o
`.L800EC328' referenced in section `.rodata' of build/asm/data/rdata_80054548.rodata.s.o: defined in discarded section `.text' of build/src/eaclib/psx/eacpsxz/nfile.c.o
`.L800EC334' referenced in section `.rodata' of build/asm/data/rdata_80054548.rodata.s.o: defined in discarded section `.text' of build/src/eaclib/psx/eacpsxz/nfile.c.o
`.L800ECD04' referenced in section `.rodata' of build/asm/data/rdata_80054548.rodata.s.o: defined in discarded section `.text' of build/src/eaclib/psx/eacpsxz/nfile.c.o
`.L800ECF08' referenced in section `.rodata' of build/asm/data/rdata_80054548.rodata.s.o: defined in discarded section `.text' of build/src/eaclib/psx/eacpsxz/nfile.c.o
`.L800ECF4C' referenced in section `.rodata' of build/asm/data/rdata_80054548.rodata.s.o: defined in discarded section `.text' of build/src/eaclib/psx/eacpsxz/nfile.c.o
`.L800ECFB4' referenced in section `.rodata' of build/asm/data/rdata_80054548.rodata.s.o: defined in discarded section `.text' of build/src/eaclib/psx/eacpsxz/nfile.c.o
`.L800ECFD8' referenced in section `.rodata' of build/asm/data/rdata_80054548.rodata.s.o: defined in discarded section `.text' of build/src/eaclib/psx/eacpsxz/nfile.c.o
`.L800ECFF0' referenced in section `.rodata' of build/asm/data/rdata_80054548.rodata.s.o: defined in discarded section `.text' of build/src/eaclib/psx/eacpsxz/nfile.c.o
`.L800ECD04' referenced in section `.rodata' of build/asm/data/rdata_80054548.rodata.s.o: defined in discarded section `.text' of build/src/eaclib/psx/eacpsxz/nfile.c.o
`.L800ECFF0' referenced in section `.rodata' of build/asm/data/rdata_80054548.rodata.s.o: defined in discarded section `.text' of build/src/eaclib/psx/eacpsxz/nfile.c.o
`.L800ECFF0' referenced in section `.rodata' of build/asm/data/rdata_80054548.rodata.s.o: defined in discarded section `.text' of build/src/eaclib/psx/eacpsxz/nfile.c.o
`.L800ED658' referenced in section `.rodata' of build/asm/data/rdata_80054548.rodata.s.o: defined in discarded section `.text' of build/src/eaclib/psx/eacpsxz/fixdatan.c.o
`.L800ED610' referenced in section `.rodata' of build/asm/data/rdata_80054548.rodata.s.o: defined in discarded section `.text' of build/src/eaclib/psx/eacpsxz/fixdatan.c.o
`.L800ED61C' referenced in section `.rodata' of build/asm/data/rdata_80054548.rodata.s.o: defined in discarded section `.text' of build/src/eaclib/psx/eacpsxz/fixdatan.c.o
`.L800ED628' referenced in section `.rodata' of build/asm/data/rdata_80054548.rodata.s.o: defined in discarded section `.text' of build/src/eaclib/psx/eacpsxz/fixdatan.c.o
`.L800ED630' referenced in section `.rodata' of build/asm/data/rdata_80054548.rodata.s.o: defined in discarded section `.text' of build/src/eaclib/psx/eacpsxz/fixdatan.c.o
`.L800ED638' referenced in section `.rodata' of build/asm/data/rdata_80054548.rodata.s.o: defined in discarded section `.text' of build/src/eaclib/psx/eacpsxz/fixdatan.c.o
`.L800ED640' referenced in section `.rodata' of build/asm/data/rdata_80054548.rodata.s.o: defined in discarded section `.text' of build/src/eaclib/psx/eacpsxz/fixdatan.c.o
`.L800ED64C' referenced in section `.rodata' of build/asm/data/rdata_80054548.rodata.s.o: defined in discarded section `.text' of build/src/eaclib/psx/eacpsxz/fixdatan.c.o
`.L800F00D8' referenced in section `.rodata' of build/asm/data/rdata_80054548.rodata.s.o: defined in discarded section `.text' of build/src/syslib/psx/libpad/PADENTRY.c.o
`.L800F00E4' referenced in section `.rodata' of build/asm/data/rdata_80054548.rodata.s.o: defined in discarded section `.text' of build/src/syslib/psx/libpad/PADENTRY.c.o
`.L800F00F0' referenced in section `.rodata' of build/asm/data/rdata_80054548.rodata.s.o: defined in discarded section `.text' of build/src/syslib/psx/libpad/PADENTRY.c.o
`.L800F00FC' referenced in section `.rodata' of build/asm/data/rdata_80054548.rodata.s.o: defined in discarded section `.text' of build/src/syslib/psx/libpad/PADENTRY.c.o
`.L800F0108' referenced in section `.rodata' of build/asm/data/rdata_80054548.rodata.s.o: defined in discarded section `.text' of build/src/syslib/psx/libpad/PADENTRY.c.o
`.L800F3D94' referenced in section `.rodata' of build/asm/data/rdata_80054548.rodata.s.o: defined in discarded section `.text' of build/src/eaclib/psx/eacpsxz/fileroot.c.o
`.L800F3DAC' referenced in section `.rodata' of build/asm/data/rdata_80054548.rodata.s.o: defined in discarded section `.text' of build/src/eaclib/psx/eacpsxz/fileroot.c.o
`.L800F3DC4' referenced in section `.rodata' of build/asm/data/rdata_80054548.rodata.s.o: defined in discarded section `.text' of build/src/eaclib/psx/eacpsxz/fileroot.c.o
`.L800F3E38' referenced in section `.rodata' of build/asm/data/rdata_80054548.rodata.s.o: defined in discarded section `.text' of build/src/eaclib/psx/eacpsxz/fileroot.c.o
`.L800F3DF0' referenced in section `.rodata' of build/asm/data/rdata_80054548.rodata.s.o: defined in discarded section `.text' of build/src/eaclib/psx/eacpsxz/fileroot.c.o
`.L800F3E38' referenced in section `.rodata' of build/asm/data/rdata_80054548.rodata.s.o: defined in discarded section `.text' of build/src/eaclib/psx/eacpsxz/fileroot.c.o
`.L800F3E24' referenced in section `.rodata' of build/asm/data/rdata_80054548.rodata.s.o: defined in discarded section `.text' of build/src/eaclib/psx/eacpsxz/fileroot.c.o
`.L800F6AC8' referenced in section `.rodata' of build/asm/data/rdata_80054548.rodata.s.o: defined in discarded section `.text' of build/src/eaclib/psx/eacpsxz/vramfxya.c.o
`.L800F6ABC' referenced in section `.rodata' of build/asm/data/rdata_80054548.rodata.s.o: defined in discarded section `.text' of build/src/eaclib/psx/eacpsxz/vramfxya.c.o
`.L800F6B34' referenced in section `.rodata' of build/asm/data/rdata_80054548.rodata.s.o: defined in discarded section `.text' of build/src/eaclib/psx/eacpsxz/vramfxya.c.o
`.L800F6BE0' referenced in section `.rodata' of build/asm/data/rdata_80054548.rodata.s.o: defined in discarded section `.text' of build/src/eaclib/psx/eacpsxz/vramfxya.c.o
`.L800F6BE0' referenced in section `.rodata' of build/asm/data/rdata_80054548.rodata.s.o: defined in discarded section `.text' of build/src/eaclib/psx/eacpsxz/vramfxya.c.o
`.L800F6BE0' referenced in section `.rodata' of build/asm/data/rdata_80054548.rodata.s.o: defined in discarded section `.text' of build/src/eaclib/psx/eacpsxz/vramfxya.c.o
`.L800F6BE0' referenced in section `.rodata' of build/asm/data/rdata_80054548.rodata.s.o: defined in discarded section `.text' of build/src/eaclib/psx/eacpsxz/vramfxya.c.o
`.L800F6BE0' referenced in section `.rodata' of build/asm/data/rdata_80054548.rodata.s.o: defined in discarded section `.text' of build/src/eaclib/psx/eacpsxz/vramfxya.c.o
`.L800F6BE0' referenced in section `.rodata' of build/asm/data/rdata_80054548.rodata.s.o: defined in discarded section `.text' of build/src/eaclib/psx/eacpsxz/vramfxya.c.o
`.L800F6BE0' referenced in section `.rodata' of build/asm/data/rdata_80054548.rodata.s.o: defined in discarded section `.text' of build/src/eaclib/psx/eacpsxz/vramfxya.c.o
`.L800F6BE0' referenced in section `.rodata' of build/asm/data/rdata_80054548.rodata.s.o: defined in discarded section `.text' of build/src/eaclib/psx/eacpsxz/vramfxya.c.o
`.L800F6BE0' referenced in section `.rodata' of build/asm/data/rdata_80054548.rodata.s.o: defined in discarded section `.text' of build/src/eaclib/psx/eacpsxz/vramfxya.c.o
`.L800F6BE0' referenced in section `.rodata' of build/asm/data/rdata_80054548.rodata.s.o: defined in discarded section `.text' of build/src/eaclib/psx/eacpsxz/vramfxya.c.o
`.L800F6BE0' referenced in section `.rodata' of build/asm/data/rdata_80054548.rodata.s.o: defined in discarded section `.text' of build/src/eaclib/psx/eacpsxz/vramfxya.c.o
`.L800F6BE0' referenced in section `.rodata' of build/asm/data/rdata_80054548.rodata.s.o: defined in discarded section `.text' of build/src/eaclib/psx/eacpsxz/vramfxya.c.o
`.L800F6BE0' referenced in section `.rodata' of build/asm/data/rdata_80054548.rodata.s.o: defined in discarded section `.text' of build/src/eaclib/psx/eacpsxz/vramfxya.c.o
`.L800F6BE0' referenced in section `.rodata' of build/asm/data/rdata_80054548.rodata.s.o: defined in discarded section `.text' of build/src/eaclib/psx/eacpsxz/vramfxya.c.o
`.L800F6BE0' referenced in section `.rodata' of build/asm/data/rdata_80054548.rodata.s.o: defined in discarded section `.text' of build/src/eaclib/psx/eacpsxz/vramfxya.c.o
`.L800F6BE0' referenced in section `.rodata' of build/asm/data/rdata_80054548.rodata.s.o: defined in discarded section `.text' of build/src/eaclib/psx/eacpsxz/vramfxya.c.o
`.L800F6BE0' referenced in section `.rodata' of build/asm/data/rdata_80054548.rodata.s.o: defined in discarded section `.text' of build/src/eaclib/psx/eacpsxz/vramfxya.c.o
`.L800F6BE0' referenced in section `.rodata' of build/asm/data/rdata_80054548.rodata.s.o: defined in discarded section `.text' of build/src/eaclib/psx/eacpsxz/vramfxya.c.o
`.L800F6BE0' referenced in section `.rodata' of build/asm/data/rdata_80054548.rodata.s.o: defined in discarded section `.text' of build/src/eaclib/psx/eacpsxz/vramfxya.c.o
`.L800F6BE0' referenced in section `.rodata' of build/asm/data/rdata_80054548.rodata.s.o: defined in discarded section `.text' of build/src/eaclib/psx/eacpsxz/vramfxya.c.o
`.L800F6BE0' referenced in section `.rodata' of build/asm/data/rdata_80054548.rodata.s.o: defined in discarded section `.text' of build/src/eaclib/psx/eacpsxz/vramfxya.c.o
`.L800F6BE0' referenced in section `.rodata' of build/asm/data/rdata_80054548.rodata.s.o: defined in discarded section `.text' of build/src/eaclib/psx/eacpsxz/vramfxya.c.o
`.L800F6BE0' referenced in section `.rodata' of build/asm/data/rdata_80054548.rodata.s.o: defined in discarded section `.text' of build/src/eaclib/psx/eacpsxz/vramfxya.c.o
`.L800F6BE0' referenced in section `.rodata' of build/asm/data/rdata_80054548.rodata.s.o: defined in discarded section `.text' of build/src/eaclib/psx/eacpsxz/vramfxya.c.o
`.L800F6BE0' referenced in section `.rodata' of build/asm/data/rdata_80054548.rodata.s.o: defined in discarded section `.text' of build/src/eaclib/psx/eacpsxz/vramfxya.c.o
`.L800F6BE0' referenced in section `.rodata' of build/asm/data/rdata_80054548.rodata.s.o: defined in discarded section `.text' of build/src/eaclib/psx/eacpsxz/vramfxya.c.o
`.L800F6BE0' referenced in section `.rodata' of build/asm/data/rdata_80054548.rodata.s.o: defined in discarded section `.text' of build/src/eaclib/psx/eacpsxz/vramfxya.c.o
`.L800F6A44' referenced in section `.rodata' of build/asm/data/rdata_80054548.rodata.s.o: defined in discarded section `.text' of build/src/eaclib/psx/eacpsxz/vramfxya.c.o
`.L800F6A44' referenced in section `.rodata' of build/asm/data/rdata_80054548.rodata.s.o: defined in discarded section `.text' of build/src/eaclib/psx/eacpsxz/vramfxya.c.o
`.L800F6A44' referenced in section `.rodata' of build/asm/data/rdata_80054548.rodata.s.o: defined in discarded section `.text' of build/src/eaclib/psx/eacpsxz/vramfxya.c.o
`.L800F6A44' referenced in section `.rodata' of build/asm/data/rdata_80054548.rodata.s.o: defined in discarded section `.text' of build/src/eaclib/psx/eacpsxz/vramfxya.c.o
`.L800F725C' referenced in section `.rodata' of build/asm/data/rdata_80054548.rodata.s.o: defined in discarded section `.text' of build/src/syslib/psx/libgpu/FONT.c.o
`.L800F7314' referenced in section `.rodata' of build/asm/data/rdata_80054548.rodata.s.o: defined in discarded section `.text' of build/src/syslib/psx/libgpu/FONT.c.o
`.L800F7314' referenced in section `.rodata' of build/asm/data/rdata_80054548.rodata.s.o: defined in discarded section `.text' of build/src/syslib/psx/libgpu/FONT.c.o
`.L800F7314' referenced in section `.rodata' of build/asm/data/rdata_80054548.rodata.s.o: defined in discarded section `.text' of build/src/syslib/psx/libgpu/FONT.c.o
`.L800F7314' referenced in section `.rodata' of build/asm/data/rdata_80054548.rodata.s.o: defined in discarded section `.text' of build/src/syslib/psx/libgpu/FONT.c.o
`.L800F7314' referenced in section `.rodata' of build/asm/data/rdata_80054548.rodata.s.o: defined in discarded section `.text' of build/src/syslib/psx/libgpu/FONT.c.o
`.L800F7314' referenced in section `.rodata' of build/asm/data/rdata_80054548.rodata.s.o: defined in discarded section `.text' of build/src/syslib/psx/libgpu/FONT.c.o
`.L800F7314' referenced in section `.rodata' of build/asm/data/rdata_80054548.rodata.s.o: defined in discarded section `.text' of build/src/syslib/psx/libgpu/FONT.c.o
`.L800F7314' referenced in section `.rodata' of build/asm/data/rdata_80054548.rodata.s.o: defined in discarded section `.text' of build/src/syslib/psx/libgpu/FONT.c.o
`.L800F7314' referenced in section `.rodata' of build/asm/data/rdata_80054548.rodata.s.o: defined in discarded section `.text' of build/src/syslib/psx/libgpu/FONT.c.o
`.L800F7314' referenced in section `.rodata' of build/asm/data/rdata_80054548.rodata.s.o: defined in discarded section `.text' of build/src/syslib/psx/libgpu/FONT.c.o
`.L800F72D4' referenced in section `.rodata' of build/asm/data/rdata_80054548.rodata.s.o: defined in discarded section `.text' of build/src/syslib/psx/libgpu/FONT.c.o
`.L800F71DC' referenced in section `.rodata' of build/asm/data/rdata_80054548.rodata.s.o: defined in discarded section `.text' of build/src/syslib/psx/libgpu/FONT.c.o
`.L800F7314' referenced in section `.rodata' of build/asm/data/rdata_80054548.rodata.s.o: defined in discarded section `.text' of build/src/syslib/psx/libgpu/FONT.c.o
`.L800F7314' referenced in section `.rodata' of build/asm/data/rdata_80054548.rodata.s.o: defined in discarded section `.text' of build/src/syslib/psx/libgpu/FONT.c.o
`.L800F7314' referenced in section `.rodata' of build/asm/data/rdata_80054548.rodata.s.o: defined in discarded section `.text' of build/src/syslib/psx/libgpu/FONT.c.o
`.L800F7314' referenced in section `.rodata' of build/asm/data/rdata_80054548.rodata.s.o: defined in discarded section `.text' of build/src/syslib/psx/libgpu/FONT.c.o
`.L800F7314' referenced in section `.rodata' of build/asm/data/rdata_80054548.rodata.s.o: defined in discarded section `.text' of build/src/syslib/psx/libgpu/FONT.c.o
`.L800F7314' referenced in section `.rodata' of build/asm/data/rdata_80054548.rodata.s.o: defined in discarded section `.text' of build/src/syslib/psx/libgpu/FONT.c.o
`.L800F7314' referenced in section `.rodata' of build/asm/data/rdata_80054548.rodata.s.o: defined in discarded section `.text' of build/src/syslib/psx/libgpu/FONT.c.o
`.L800F7314' referenced in section `.rodata' of build/asm/data/rdata_80054548.rodata.s.o: defined in discarded section `.text' of build/src/syslib/psx/libgpu/FONT.c.o
`.L800F7314' referenced in section `.rodata' of build/asm/data/rdata_80054548.rodata.s.o: defined in discarded section `.text' of build/src/syslib/psx/libgpu/FONT.c.o
`.L800F7314' referenced in section `.rodata' of build/asm/data/rdata_80054548.rodata.s.o: defined in discarded section `.text' of build/src/syslib/psx/libgpu/FONT.c.o
`.L800F7314' referenced in section `.rodata' of build/asm/data/rdata_80054548.rodata.s.o: defined in discarded section `.text' of build/src/syslib/psx/libgpu/FONT.c.o
`.L800F7314' referenced in section `.rodata' of build/asm/data/rdata_80054548.rodata.s.o: defined in discarded section `.text' of build/src/syslib/psx/libgpu/FONT.c.o
`.L800F7314' referenced in section `.rodata' of build/asm/data/rdata_80054548.rodata.s.o: defined in discarded section `.text' of build/src/syslib/psx/libgpu/FONT.c.o
`.L800F7314' referenced in section `.rodata' of build/asm/data/rdata_80054548.rodata.s.o: defined in discarded section `.text' of build/src/syslib/psx/libgpu/FONT.c.o
`.L800F72F4' referenced in section `.rodata' of build/asm/data/rdata_80054548.rodata.s.o: defined in discarded section `.text' of build/src/syslib/psx/libgpu/FONT.c.o
`.L800F7314' referenced in section `.rodata' of build/asm/data/rdata_80054548.rodata.s.o: defined in discarded section `.text' of build/src/syslib/psx/libgpu/FONT.c.o
`.L800F7314' referenced in section `.rodata' of build/asm/data/rdata_80054548.rodata.s.o: defined in discarded section `.text' of build/src/syslib/psx/libgpu/FONT.c.o
`.L800F7314' referenced in section `.rodata' of build/asm/data/rdata_80054548.rodata.s.o: defined in discarded section `.text' of build/src/syslib/psx/libgpu/FONT.c.o
`.L800F7314' referenced in section `.rodata' of build/asm/data/rdata_80054548.rodata.s.o: defined in discarded section `.text' of build/src/syslib/psx/libgpu/FONT.c.o
`.L800F725C' referenced in section `.rodata' of build/asm/data/rdata_80054548.rodata.s.o: defined in discarded section `.text' of build/src/syslib/psx/libgpu/FONT.c.o
`.L800FAE6C' referenced in section `.rodata' of build/asm/data/rdata_80054548.rodata.s.o: defined in discarded section `.text' of build/src/syslib/psx/libmcrd/LIBMCRD.c.o
`.L800FB048' referenced in section `.rodata' of build/asm/data/rdata_80054548.rodata.s.o: defined in discarded section `.text' of build/src/syslib/psx/libmcrd/LIBMCRD.c.o
`.L800FB048' referenced in section `.rodata' of build/asm/data/rdata_80054548.rodata.s.o: defined in discarded section `.text' of build/src/syslib/psx/libmcrd/LIBMCRD.c.o
`.L800FB048' referenced in section `.rodata' of build/asm/data/rdata_80054548.rodata.s.o: defined in discarded section `.text' of build/src/syslib/psx/libmcrd/LIBMCRD.c.o
`.L800FB048' referenced in section `.rodata' of build/asm/data/rdata_80054548.rodata.s.o: defined in discarded section `.text' of build/src/syslib/psx/libmcrd/LIBMCRD.c.o
`.L800FB048' referenced in section `.rodata' of build/asm/data/rdata_80054548.rodata.s.o: defined in discarded section `.text' of build/src/syslib/psx/libmcrd/LIBMCRD.c.o
`.L800FB048' referenced in section `.rodata' of build/asm/data/rdata_80054548.rodata.s.o: defined in discarded section `.text' of build/src/syslib/psx/libmcrd/LIBMCRD.c.o
`.L800FB048' referenced in section `.rodata' of build/asm/data/rdata_80054548.rodata.s.o: defined in discarded section `.text' of build/src/syslib/psx/libmcrd/LIBMCRD.c.o
`.L800FB048' referenced in section `.rodata' of build/asm/data/rdata_80054548.rodata.s.o: defined in discarded section `.text' of build/src/syslib/psx/libmcrd/LIBMCRD.c.o
`.L800FB048' referenced in section `.rodata' of build/asm/data/rdata_80054548.rodata.s.o: defined in discarded section `.text' of build/src/syslib/psx/libmcrd/LIBMCRD.c.o
`.L800FAE9C' referenced in section `.rodata' of build/asm/data/rdata_80054548.rodata.s.o: defined in discarded section `.text' of build/src/syslib/psx/libmcrd/LIBMCRD.c.o
`.L800FB048' referenced in section `.rodata' of build/asm/data/rdata_80054548.rodata.s.o: defined in discarded section `.text' of build/src/syslib/psx/libmcrd/LIBMCRD.c.o
`.L800FB048' referenced in section `.rodata' of build/asm/data/rdata_80054548.rodata.s.o: defined in discarded section `.text' of build/src/syslib/psx/libmcrd/LIBMCRD.c.o
`.L800FB048' referenced in section `.rodata' of build/asm/data/rdata_80054548.rodata.s.o: defined in discarded section `.text' of build/src/syslib/psx/libmcrd/LIBMCRD.c.o
`.L800FB048' referenced in section `.rodata' of build/asm/data/rdata_80054548.rodata.s.o: defined in discarded section `.text' of build/src/syslib/psx/libmcrd/LIBMCRD.c.o
`.L800FB048' referenced in section `.rodata' of build/asm/data/rdata_80054548.rodata.s.o: defined in discarded section `.text' of build/src/syslib/psx/libmcrd/LIBMCRD.c.o
`.L800FB048' referenced in section `.rodata' of build/asm/data/rdata_80054548.rodata.s.o: defined in discarded section `.text' of build/src/syslib/psx/libmcrd/LIBMCRD.c.o
`.L800FB048' referenced in section `.rodata' of build/asm/data/rdata_80054548.rodata.s.o: defined in discarded section `.text' of build/src/syslib/psx/libmcrd/LIBMCRD.c.o
`.L800FB048' referenced in section `.rodata' of build/asm/data/rdata_80054548.rodata.s.o: defined in discarded section `.text' of build/src/syslib/psx/libmcrd/LIBMCRD.c.o
`.L800FB048' referenced in section `.rodata' of build/asm/data/rdata_80054548.rodata.s.o: defined in discarded section `.text' of build/src/syslib/psx/libmcrd/LIBMCRD.c.o
`.L800FB048' referenced in section `.rodata' of build/asm/data/rdata_80054548.rodata.s.o: defined in discarded section `.text' of build/src/syslib/psx/libmcrd/LIBMCRD.c.o
`.L800FAF00' referenced in section `.rodata' of build/asm/data/rdata_80054548.rodata.s.o: defined in discarded section `.text' of build/src/syslib/psx/libmcrd/LIBMCRD.c.o
`.L800FB048' referenced in section `.rodata' of build/asm/data/rdata_80054548.rodata.s.o: defined in discarded section `.text' of build/src/syslib/psx/libmcrd/LIBMCRD.c.o
`.L800FB048' referenced in section `.rodata' of build/asm/data/rdata_80054548.rodata.s.o: defined in discarded section `.text' of build/src/syslib/psx/libmcrd/LIBMCRD.c.o
`.L800FB048' referenced in section `.rodata' of build/asm/data/rdata_80054548.rodata.s.o: defined in discarded section `.text' of build/src/syslib/psx/libmcrd/LIBMCRD.c.o
`.L800FB048' referenced in section `.rodata' of build/asm/data/rdata_80054548.rodata.s.o: defined in discarded section `.text' of build/src/syslib/psx/libmcrd/LIBMCRD.c.o
`.L800FB048' referenced in section `.rodata' of build/asm/data/rdata_80054548.rodata.s.o: defined in discarded section `.text' of build/src/syslib/psx/libmcrd/LIBMCRD.c.o
`.L800FB048' referenced in section `.rodata' of build/asm/data/rdata_80054548.rodata.s.o: defined in discarded section `.text' of build/src/syslib/psx/libmcrd/LIBMCRD.c.o
`.L800FB048' referenced in section `.rodata' of build/asm/data/rdata_80054548.rodata.s.o: defined in discarded section `.text' of build/src/syslib/psx/libmcrd/LIBMCRD.c.o
`.L800FB048' referenced in section `.rodata' of build/asm/data/rdata_80054548.rodata.s.o: defined in discarded section `.text' of build/src/syslib/psx/libmcrd/LIBMCRD.c.o
`.L800FAF20' referenced in section `.rodata' of build/asm/data/rdata_80054548.rodata.s.o: defined in discarded section `.text' of build/src/syslib/psx/libmcrd/LIBMCRD.c.o
`.L800FAF4C' referenced in section `.rodata' of build/asm/data/rdata_80054548.rodata.s.o: defined in discarded section `.text' of build/src/syslib/psx/libmcrd/LIBMCRD.c.o
`.L800FC280' referenced in section `.rodata' of build/asm/data/rdata_80054548.rodata.s.o: defined in discarded section `.text' of build/src/eaclib/psx/eacpsxz/cluttype.c.o
`.L800FC280' referenced in section `.rodata' of build/asm/data/rdata_80054548.rodata.s.o: defined in discarded section `.text' of build/src/eaclib/psx/eacpsxz/cluttype.c.o
`.L800FC28C' referenced in section `.rodata' of build/asm/data/rdata_80054548.rodata.s.o: defined in discarded section `.text' of build/src/eaclib/psx/eacpsxz/cluttype.c.o
`.L800FC288' referenced in section `.rodata' of build/asm/data/rdata_80054548.rodata.s.o: defined in discarded section `.text' of build/src/eaclib/psx/eacpsxz/cluttype.c.o
`.L800FC28C' referenced in section `.rodata' of build/asm/data/rdata_80054548.rodata.s.o: defined in discarded section `.text' of build/src/eaclib/psx/eacpsxz/cluttype.c.o
`.L800FC28C' referenced in section `.rodata' of build/asm/data/rdata_80054548.rodata.s.o: defined in discarded section `.text' of build/src/eaclib/psx/eacpsxz/cluttype.c.o
`.L800FC28C' referenced in section `.rodata' of build/asm/data/rdata_80054548.rodata.s.o: defined in discarded section `.text' of build/src/eaclib/psx/eacpsxz/cluttype.c.o
`.L800FC28C' referenced in section `.rodata' of build/asm/data/rdata_80054548.rodata.s.o: defined in discarded section `.text' of build/src/eaclib/psx/eacpsxz/cluttype.c.o
`.L800FC28C' referenced in section `.rodata' of build/asm/data/rdata_80054548.rodata.s.o: defined in discarded section `.text' of build/src/eaclib/psx/eacpsxz/cluttype.c.o
`.L800FC288' referenced in section `.rodata' of build/asm/data/rdata_80054548.rodata.s.o: defined in discarded section `.text' of build/src/eaclib/psx/eacpsxz/cluttype.c.o
`.L800FC28C' referenced in section `.rodata' of build/asm/data/rdata_80054548.rodata.s.o: defined in discarded section `.text' of build/src/eaclib/psx/eacpsxz/cluttype.c.o
`.L800FC28C' referenced in section `.rodata' of build/asm/data/rdata_80054548.rodata.s.o: defined in discarded section `.text' of build/src/eaclib/psx/eacpsxz/cluttype.c.o
`.L800FC28C' referenced in section `.rodata' of build/asm/data/rdata_80054548.rodata.s.o: defined in discarded section `.text' of build/src/eaclib/psx/eacpsxz/cluttype.c.o
`.L800FC28C' referenced in section `.rodata' of build/asm/data/rdata_80054548.rodata.s.o: defined in discarded section `.text' of build/src/eaclib/psx/eacpsxz/cluttype.c.o
`.L800FC28C' referenced in section `.rodata' of build/asm/data/rdata_80054548.rodata.s.o: defined in discarded section `.text' of build/src/eaclib/psx/eacpsxz/cluttype.c.o
`.L800FC28C' referenced in section `.rodata' of build/asm/data/rdata_80054548.rodata.s.o: defined in discarded section `.text' of build/src/eaclib/psx/eacpsxz/cluttype.c.o
`.L800FC28C' referenced in section `.rodata' of build/asm/data/rdata_80054548.rodata.s.o: defined in discarded section `.text' of build/src/eaclib/psx/eacpsxz/cluttype.c.o
`.L800FC288' referenced in section `.rodata' of build/asm/data/rdata_80054548.rodata.s.o: defined in discarded section `.text' of build/src/eaclib/psx/eacpsxz/cluttype.c.o
`.L800FC2C4' referenced in section `.rodata' of build/asm/data/rdata_80054548.rodata.s.o: defined in discarded section `.text' of build/src/eaclib/psx/eacpsxz/shptype.c.o
`.L800FC2F0' referenced in section `.rodata' of build/asm/data/rdata_80054548.rodata.s.o: defined in discarded section `.text' of build/src/eaclib/psx/eacpsxz/shptype.c.o
`.L800FC2F0' referenced in section `.rodata' of build/asm/data/rdata_80054548.rodata.s.o: defined in discarded section `.text' of build/src/eaclib/psx/eacpsxz/shptype.c.o
`.L800FC2CC' referenced in section `.rodata' of build/asm/data/rdata_80054548.rodata.s.o: defined in discarded section `.text' of build/src/eaclib/psx/eacpsxz/shptype.c.o
`.L800FC2F0' referenced in section `.rodata' of build/asm/data/rdata_80054548.rodata.s.o: defined in discarded section `.text' of build/src/eaclib/psx/eacpsxz/shptype.c.o
`.L800FC2F0' referenced in section `.rodata' of build/asm/data/rdata_80054548.rodata.s.o: defined in discarded section `.text' of build/src/eaclib/psx/eacpsxz/shptype.c.o
`.L800FC2F0' referenced in section `.rodata' of build/asm/data/rdata_80054548.rodata.s.o: defined in discarded section `.text' of build/src/eaclib/psx/eacpsxz/shptype.c.o
`.L800FC2D4' referenced in section `.rodata' of build/asm/data/rdata_80054548.rodata.s.o: defined in discarded section `.text' of build/src/eaclib/psx/eacpsxz/shptype.c.o
`.L800FC2F0' referenced in section `.rodata' of build/asm/data/rdata_80054548.rodata.s.o: defined in discarded section `.text' of build/src/eaclib/psx/eacpsxz/shptype.c.o
`.L800FC2F0' referenced in section `.rodata' of build/asm/data/rdata_80054548.rodata.s.o: defined in discarded section `.text' of build/src/eaclib/psx/eacpsxz/shptype.c.o
`.L800FC2F0' referenced in section `.rodata' of build/asm/data/rdata_80054548.rodata.s.o: defined in discarded section `.text' of build/src/eaclib/psx/eacpsxz/shptype.c.o
`.L800FC2F0' referenced in section `.rodata' of build/asm/data/rdata_80054548.rodata.s.o: defined in discarded section `.text' of build/src/eaclib/psx/eacpsxz/shptype.c.o
`.L800FC2F0' referenced in section `.rodata' of build/asm/data/rdata_80054548.rodata.s.o: defined in discarded section `.text' of build/src/eaclib/psx/eacpsxz/shptype.c.o
`.L800FC2F0' referenced in section `.rodata' of build/asm/data/rdata_80054548.rodata.s.o: defined in discarded section `.text' of build/src/eaclib/psx/eacpsxz/shptype.c.o
`.L800FC2DC' referenced in section `.rodata' of build/asm/data/rdata_80054548.rodata.s.o: defined in discarded section `.text' of build/src/eaclib/psx/eacpsxz/shptype.c.o
`.L800FC2DC' referenced in section `.rodata' of build/asm/data/rdata_80054548.rodata.s.o: defined in discarded section `.text' of build/src/eaclib/psx/eacpsxz/shptype.c.o
`.L800FC2F0' referenced in section `.rodata' of build/asm/data/rdata_80054548.rodata.s.o: defined in discarded section `.text' of build/src/eaclib/psx/eacpsxz/shptype.c.o
`.L800FC2F0' referenced in section `.rodata' of build/asm/data/rdata_80054548.rodata.s.o: defined in discarded section `.text' of build/src/eaclib/psx/eacpsxz/shptype.c.o
`.L800FC2F0' referenced in section `.rodata' of build/asm/data/rdata_80054548.rodata.s.o: defined in discarded section `.text' of build/src/eaclib/psx/eacpsxz/shptype.c.o
`.L800FC2F0' referenced in section `.rodata' of build/asm/data/rdata_80054548.rodata.s.o: defined in discarded section `.text' of build/src/eaclib/psx/eacpsxz/shptype.c.o
`.L800FC2F0' referenced in section `.rodata' of build/asm/data/rdata_80054548.rodata.s.o: defined in discarded section `.text' of build/src/eaclib/psx/eacpsxz/shptype.c.o
`.L800FC2F0' referenced in section `.rodata' of build/asm/data/rdata_80054548.rodata.s.o: defined in discarded section `.text' of build/src/eaclib/psx/eacpsxz/shptype.c.o
`.L800FC2F0' referenced in section `.rodata' of build/asm/data/rdata_80054548.rodata.s.o: defined in discarded section `.text' of build/src/eaclib/psx/eacpsxz/shptype.c.o
`.L800FC2E4' referenced in section `.rodata' of build/asm/data/rdata_80054548.rodata.s.o: defined in discarded section `.text' of build/src/eaclib/psx/eacpsxz/shptype.c.o
`.L800FC2F0' referenced in section `.rodata' of build/asm/data/rdata_80054548.rodata.s.o: defined in discarded section `.text' of build/src/eaclib/psx/eacpsxz/shptype.c.o
`.L800FC2F0' referenced in section `.rodata' of build/asm/data/rdata_80054548.rodata.s.o: defined in discarded section `.text' of build/src/eaclib/psx/eacpsxz/shptype.c.o
`.L800FC2F0' referenced in section `.rodata' of build/asm/data/rdata_80054548.rodata.s.o: defined in discarded section `.text' of build/src/eaclib/psx/eacpsxz/shptype.c.o
`.L800FC2F0' referenced in section `.rodata' of build/asm/data/rdata_80054548.rodata.s.o: defined in discarded section `.text' of build/src/eaclib/psx/eacpsxz/shptype.c.o
`.L800FC2F0' referenced in section `.rodata' of build/asm/data/rdata_80054548.rodata.s.o: defined in discarded section `.text' of build/src/eaclib/psx/eacpsxz/shptype.c.o
`.L800FC2F0' referenced in section `.rodata' of build/asm/data/rdata_80054548.rodata.s.o: defined in discarded section `.text' of build/src/eaclib/psx/eacpsxz/shptype.c.o
`.L800FC2F0' referenced in section `.rodata' of build/asm/data/rdata_80054548.rodata.s.o: defined in discarded section `.text' of build/src/eaclib/psx/eacpsxz/shptype.c.o
`.L800FC2EC' referenced in section `.rodata' of build/asm/data/rdata_80054548.rodata.s.o: defined in discarded section `.text' of build/src/eaclib/psx/eacpsxz/shptype.c.o
`.L80107428' referenced in section `.rodata' of build/asm/data/rdata_80054548.rodata.s.o: defined in discarded section `.text' of build/src/syslib/psx/libcd/drv.c.o
`.L801073DC' referenced in section `.rodata' of build/asm/data/rdata_80054548.rodata.s.o: defined in discarded section `.text' of build/src/syslib/psx/libcd/drv.c.o
`.L801072DC' referenced in section `.rodata' of build/asm/data/rdata_80054548.rodata.s.o: defined in discarded section `.text' of build/src/syslib/psx/libcd/drv.c.o
`.L801074A8' referenced in section `.rodata' of build/asm/data/rdata_80054548.rodata.s.o: defined in discarded section `.text' of build/src/syslib/psx/libcd/drv.c.o
`.L80107528' referenced in section `.rodata' of build/asm/data/rdata_80054548.rodata.s.o: defined in discarded section `.text' of build/src/syslib/psx/libcd/drv.c.o
`.L8010B358' referenced in section `.rodata' of build/asm/data/rdata_80054548.rodata.s.o: defined in discarded section `.text' of build/src/eaclib/psx/spchpsxz/spchrule.c.o
`.L8010B38C' referenced in section `.rodata' of build/asm/data/rdata_80054548.rodata.s.o: defined in discarded section `.text' of build/src/eaclib/psx/spchpsxz/spchrule.c.o
`.L8010B38C' referenced in section `.rodata' of build/asm/data/rdata_80054548.rodata.s.o: defined in discarded section `.text' of build/src/eaclib/psx/spchpsxz/spchrule.c.o
`.L8010B358' referenced in section `.rodata' of build/asm/data/rdata_80054548.rodata.s.o: defined in discarded section `.text' of build/src/eaclib/psx/spchpsxz/spchrule.c.o
`.L8010B38C' referenced in section `.rodata' of build/asm/data/rdata_80054548.rodata.s.o: defined in discarded section `.text' of build/src/eaclib/psx/spchpsxz/spchrule.c.o
`Device_Null__FUl' referenced in section `.data' of build/asm/data/data_8010CCD4_r13.data.s.o: defined in discarded section `.text' of build/src/game/psx/device.c.o
`Device_Analog__FUl' referenced in section `.data' of build/asm/data/data_8010CCD4_r13.data.s.o: defined in discarded section `.text' of build/src/game/psx/device.c.o
`Device_PSXPad__FUl' referenced in section `.data' of build/asm/data/data_8010CCD4_r13.data.s.o: defined in discarded section `.text' of build/src/game/psx/device.c.o
`Device_PSXPadMulti__FUl' referenced in section `.data' of build/asm/data/data_8010CCD4_r13.data.s.o: defined in discarded section `.text' of build/src/game/psx/device.c.o
`_que_ref' referenced in section `.data' of build/asm/data/data_8010CCD4_r15.data.s.o: defined in discarded section `.text' of build/src/syslib/psx/libgpu/SYS.c.o
`_gpu_que_push' referenced in section `.data' of build/asm/data/data_8010CCD4_r15.data.s.o: defined in discarded section `.text' of build/src/syslib/psx/libgpu/SYS.c.o
`_BlitClear' referenced in section `.data' of build/asm/data/data_8010CCD4_r15.data.s.o: defined in discarded section `.text' of build/src/syslib/psx/libgpu/SYS.c.o
`_send_gp1' referenced in section `.data' of build/asm/data/data_8010CCD4_r15.data.s.o: defined in discarded section `.text' of build/src/syslib/psx/libgpu/SYS.c.o
`_send_gp0' referenced in section `.data' of build/asm/data/data_8010CCD4_r15.data.s.o: defined in discarded section `.text' of build/src/syslib/psx/libgpu/SYS.c.o
`_gpu_dma_chain' referenced in section `.data' of build/asm/data/data_8010CCD4_r15.data.s.o: defined in discarded section `.text' of build/src/syslib/psx/libgpu/SYS.c.o
`_drs' referenced in section `.data' of build/asm/data/data_8010CCD4_r15.data.s.o: defined in discarded section `.text' of build/src/syslib/psx/libgpu/SYS.c.o
`_dws' referenced in section `.data' of build/asm/data/data_8010CCD4_r15.data.s.o: defined in discarded section `.text' of build/src/syslib/psx/libgpu/SYS.c.o
`_gpu_que_drain' referenced in section `.data' of build/asm/data/data_8010CCD4_r15.data.s.o: defined in discarded section `.text' of build/src/syslib/psx/libgpu/SYS.c.o
`_get_gp1' referenced in section `.data' of build/asm/data/data_8010CCD4_r15.data.s.o: defined in discarded section `.text' of build/src/syslib/psx/libgpu/SYS.c.o
`_clearOTagR_dma' referenced in section `.data' of build/asm/data/data_8010CCD4_r15.data.s.o: defined in discarded section `.text' of build/src/syslib/psx/libgpu/SYS.c.o
`_get_gpuinfo' referenced in section `.data' of build/asm/data/data_8010CCD4_r15.data.s.o: defined in discarded section `.text' of build/src/syslib/psx/libgpu/SYS.c.o
`_reset' referenced in section `.data' of build/asm/data/data_8010CCD4_r15.data.s.o: defined in discarded section `.text' of build/src/syslib/psx/libgpu/SYS.c.o
`_get_status' referenced in section `.data' of build/asm/data/data_8010CCD4_r15.data.s.o: defined in discarded section `.text' of build/src/syslib/psx/libgpu/SYS.c.o
`_sync' referenced in section `.data' of build/asm/data/data_8010CCD4_r15.data.s.o: defined in discarded section `.text' of build/src/syslib/psx/libgpu/SYS.c.o
`printf' referenced in section `.data' of build/asm/data/data_8010CCD4_r15.data.s.o: defined in discarded section `.text' of build/src/syslib/psx/libc/C63.c.o
`_set_intr_callback' referenced in section `.data' of build/asm/data/data_8010CCD4_r16.data.s.o: defined in discarded section `.text' of build/src/syslib/psx/libetc/INTR.c.o
`_initIntr' referenced in section `.data' of build/asm/data/data_8010CCD4_r16.data.s.o: defined in discarded section `.text' of build/src/syslib/psx/libetc/INTR.c.o
`StopCallback' referenced in section `.data' of build/asm/data/data_8010CCD4_r16.data.s.o: defined in discarded section `.text' of build/src/syslib/psx/libetc/INTR.c.o
`RestartCallback' referenced in section `.data' of build/asm/data/data_8010CCD4_r16.data.s.o: defined in discarded section `.text' of build/src/syslib/psx/libetc/INTR.c.o
`_padIntInit' referenced in section `.data' of build/asm/data/data_8010CCD4_r19.data.s.o: defined in discarded section `.text' of build/src/syslib/psx/libpad/MCXMAIN.c.o
`_padIntQuery' referenced in section `.data' of build/asm/data/data_8010CCD4_r19.data.s.o: defined in discarded section `.text' of build/src/syslib/psx/libpad/MCXMAIN.c.o
`_padIntRecvId' referenced in section `.data' of build/asm/data/data_8010CCD4_r19.data.s.o: defined in discarded section `.text' of build/src/syslib/psx/libpad/MCXMAIN.c.o
`_padIntRecvHdr' referenced in section `.data' of build/asm/data/data_8010CCD4_r19.data.s.o: defined in discarded section `.text' of build/src/syslib/psx/libpad/MCXMAIN.c.o
`_padIntRecvData' referenced in section `.data' of build/asm/data/data_8010CCD4_r19.data.s.o: defined in discarded section `.text' of build/src/syslib/psx/libpad/MCXMAIN.c.o
