C:\Tools\mips-ps1\mips\bin\mipsel-none-elf-ld.exe: build/src/syslib/psx/libetc/INTR_DMA.c.o: in function `_bzero_w':
(.text+0x278): multiple definition of `_bzero_w'; build/src/syslib/psx/libetc/INTR.c.o:(.text+0x624): first defined here
C:\Tools\mips-ps1\mips\bin\mipsel-none-elf-ld.exe: build/asm/data/rdata_80010000_j00.rodata.s.o: in function `jtbl_80010078':
(.rodata+0x0): undefined reference to `.L80014C3C'
C:\Tools\mips-ps1\mips\bin\mipsel-none-elf-ld.exe: (.rodata+0x4): undefined reference to `.L80014C94'
C:\Tools\mips-ps1\mips\bin\mipsel-none-elf-ld.exe: (.rodata+0x8): undefined reference to `.L80014CD4'
C:\Tools\mips-ps1\mips\bin\mipsel-none-elf-ld.exe: (.rodata+0xc): undefined reference to `.L80014D64'
C:\Tools\mips-ps1\mips\bin\mipsel-none-elf-ld.exe: (.rodata+0x10): undefined reference to `.L80015274'
C:\Tools\mips-ps1\mips\bin\mipsel-none-elf-ld.exe: (.rodata+0x14): undefined reference to `.L800150D0'
C:\Tools\mips-ps1\mips\bin\mipsel-none-elf-ld.exe: (.rodata+0x18): undefined reference to `.L80015274'
C:\Tools\mips-ps1\mips\bin\mipsel-none-elf-ld.exe: (.rodata+0x1c): undefined reference to `.L8001537C'
C:\Tools\mips-ps1\mips\bin\mipsel-none-elf-ld.exe: build/asm/data/rdata_80010000_r01.rodata.s.o: in function `D_80010098':
(.rodata+0xc): undefined reference to `GetShapeInfo__7tScreenRsT1PPcT3'
C:\Tools\mips-ps1\mips\bin\mipsel-none-elf-ld.exe: (.rodata+0x14): undefined reference to `DrawBackground__7tScreen'
C:\Tools\mips-ps1\mips\bin\mipsel-none-elf-ld.exe: (.rodata+0x1c): undefined reference to `DrawForeground__7tScreen'
C:\Tools\mips-ps1\mips\bin\mipsel-none-elf-ld.exe: (.rodata+0x24): undefined reference to `___31tDialogMessageStringWithTimeout'
C:\Tools\mips-ps1\mips\bin\mipsel-none-elf-ld.exe: (.rodata+0x2c): undefined reference to `PreLoad__7tScreen'
C:\Tools\mips-ps1\mips\bin\mipsel-none-elf-ld.exe: (.rodata+0x34): undefined reference to `Initialize__7tScreen'
C:\Tools\mips-ps1\mips\bin\mipsel-none-elf-ld.exe: (.rodata+0x3c): undefined reference to `Cleanup__7tScreen'
C:\Tools\mips-ps1\mips\bin\mipsel-none-elf-ld.exe: (.rodata+0x44): undefined reference to `TransitionIsFinished__7tScreen'
C:\Tools\mips-ps1\mips\bin\mipsel-none-elf-ld.exe: (.rodata+0x4c): undefined reference to `ProcessInput__11tDialogBase7tPlayerR13tInputKeyTypeR12tMenuCommand'
C:\Tools\mips-ps1\mips\bin\mipsel-none-elf-ld.exe: (.rodata+0x54): undefined reference to `CalculateDimensions__20tDialogMessageString'
C:\Tools\mips-ps1\mips\bin\mipsel-none-elf-ld.exe: (.rodata+0x5c): undefined reference to `Draw__20tDialogMessageString'
C:\Tools\mips-ps1\mips\bin\mipsel-none-elf-ld.exe: build/asm/data/rdata_80010000_r01.rodata.s.o: in function `_vt_21tListIteratorCarColor':
(.rodata+0x14c): undefined reference to `___21tListIteratorCarColor'
C:\Tools\mips-ps1\mips\bin\mipsel-none-elf-ld.exe: (.rodata+0x154): undefined reference to `Value__21tListIteratorCarColor7tPlayer'
C:\Tools\mips-ps1\mips\bin\mipsel-none-elf-ld.exe: (.rodata+0x15c): undefined reference to `TextValue__21tListIteratorCarColor7tPlayer'
C:\Tools\mips-ps1\mips\bin\mipsel-none-elf-ld.exe: (.rodata+0x164): undefined reference to `Increment__21tListIteratorCarColor7tPlayer'
C:\Tools\mips-ps1\mips\bin\mipsel-none-elf-ld.exe: (.rodata+0x16c): undefined reference to `Decrement__21tListIteratorCarColor7tPlayer'
C:\Tools\mips-ps1\mips\bin\mipsel-none-elf-ld.exe: build/asm/data/rdata_80010000_r01.rodata.s.o: in function `_vt_16tListIteratorCar':
(.rodata+0x17c): undefined reference to `___16tListIteratorCar'
C:\Tools\mips-ps1\mips\bin\mipsel-none-elf-ld.exe: (.rodata+0x184): undefined reference to `Value__16tListIteratorCar7tPlayer'
C:\Tools\mips-ps1\mips\bin\mipsel-none-elf-ld.exe: (.rodata+0x18c): undefined reference to `TextValue__16tListIteratorCar7tPlayer'
C:\Tools\mips-ps1\mips\bin\mipsel-none-elf-ld.exe: (.rodata+0x194): undefined reference to `Increment__16tListIteratorCar7tPlayer'
C:\Tools\mips-ps1\mips\bin\mipsel-none-elf-ld.exe: (.rodata+0x19c): undefined reference to `Decrement__16tListIteratorCar7tPlayer'
C:\Tools\mips-ps1\mips\bin\mipsel-none-elf-ld.exe: build/asm/data/rdata_80010000_j01.rodata.s.o: in function `jtbl_80010258':
(.rodata+0x0): undefined reference to `.L80019E10'
C:\Tools\mips-ps1\mips\bin\mipsel-none-elf-ld.exe: (.rodata+0x4): undefined reference to `.L80019E10'
C:\Tools\mips-ps1\mips\bin\mipsel-none-elf-ld.exe: (.rodata+0x8): undefined reference to `.L80019E14'
C:\Tools\mips-ps1\mips\bin\mipsel-none-elf-ld.exe: (.rodata+0xc): undefined reference to `.L80019E14'
C:\Tools\mips-ps1\mips\bin\mipsel-none-elf-ld.exe: (.rodata+0x10): undefined reference to `.L80019E14'
C:\Tools\mips-ps1\mips\bin\mipsel-none-elf-ld.exe: (.rodata+0x14): undefined reference to `.L80019E10'
C:\Tools\mips-ps1\mips\bin\mipsel-none-elf-ld.exe: (.rodata+0x18): undefined reference to `.L80019E14'
C:\Tools\mips-ps1\mips\bin\mipsel-none-elf-ld.exe: (.rodata+0x1c): undefined reference to `.L80019E14'
C:\Tools\mips-ps1\mips\bin\mipsel-none-elf-ld.exe: (.rodata+0x20): undefined reference to `.L80019E10'
C:\Tools\mips-ps1\mips\bin\mipsel-none-elf-ld.exe: (.rodata+0x24): undefined reference to `.L80019E10'
C:\Tools\mips-ps1\mips\bin\mipsel-none-elf-ld.exe: (.rodata+0x28): undefined reference to `.L80019E14'
C:\Tools\mips-ps1\mips\bin\mipsel-none-elf-ld.exe: (.rodata+0x2c): undefined reference to `.L80019E14'
C:\Tools\mips-ps1\mips\bin\mipsel-none-elf-ld.exe: (.rodata+0x30): undefined reference to `.L80019E14'
C:\Tools\mips-ps1\mips\bin\mipsel-none-elf-ld.exe: (.rodata+0x34): undefined reference to `.L80019E14'
C:\Tools\mips-ps1\mips\bin\mipsel-none-elf-ld.exe: (.rodata+0x38): undefined reference to `.L80019E10'
C:\Tools\mips-ps1\mips\bin\mipsel-none-elf-ld.exe: (.rodata+0x3c): undefined reference to `.L80019E14'
C:\Tools\mips-ps1\mips\bin\mipsel-none-elf-ld.exe: (.rodata+0x40): undefined reference to `.L80019E14'
C:\Tools\mips-ps1\mips\bin\mipsel-none-elf-ld.exe: (.rodata+0x44): undefined reference to `.L80019E10'
C:\Tools\mips-ps1\mips\bin\mipsel-none-elf-ld.exe: (.rodata+0x48): undefined reference to `.L80019E14'
C:\Tools\mips-ps1\mips\bin\mipsel-none-elf-ld.exe: (.rodata+0x4c): undefined reference to `.L80019E14'
C:\Tools\mips-ps1\mips\bin\mipsel-none-elf-ld.exe: (.rodata+0x50): undefined reference to `.L80019E14'
C:\Tools\mips-ps1\mips\bin\mipsel-none-elf-ld.exe: (.rodata+0x54): undefined reference to `.L80019E10'
C:\Tools\mips-ps1\mips\bin\mipsel-none-elf-ld.exe: build/asm/data/rdata_80010000_r02.rodata.s.o: in function `_vt_15tDialogYesNoTri':
(.rodata+0xc): undefined reference to `GetShapeInfo__7tScreenRsT1PPcT3'
C:\Tools\mips-ps1\mips\bin\mipsel-none-elf-ld.exe: (.rodata+0x14): undefined reference to `DrawBackground__7tScreen'
C:\Tools\mips-ps1\mips\bin\mipsel-none-elf-ld.exe: (.rodata+0x1c): undefined reference to `DrawForeground__7tScreen'
C:\Tools\mips-ps1\mips\bin\mipsel-none-elf-ld.exe: (.rodata+0x24): undefined reference to `___15tDialogYesNoTri'
C:\Tools\mips-ps1\mips\bin\mipsel-none-elf-ld.exe: (.rodata+0x2c): undefined reference to `PreLoad__7tScreen'
C:\Tools\mips-ps1\mips\bin\mipsel-none-elf-ld.exe: (.rodata+0x34): undefined reference to `Initialize__7tScreen'
C:\Tools\mips-ps1\mips\bin\mipsel-none-elf-ld.exe: (.rodata+0x3c): undefined reference to `Cleanup__7tScreen'
C:\Tools\mips-ps1\mips\bin\mipsel-none-elf-ld.exe: (.rodata+0x44): undefined reference to `TransitionIsFinished__7tScreen'
C:\Tools\mips-ps1\mips\bin\mipsel-none-elf-ld.exe: (.rodata+0x4c): undefined reference to `ProcessInput__15tDialogYesNoTri7tPlayerR13tInputKeyTypeR12tMenuCommand'
C:\Tools\mips-ps1\mips\bin\mipsel-none-elf-ld.exe: (.rodata+0x54): undefined reference to `CalculateDimensions__12tDialogYesNo'
C:\Tools\mips-ps1\mips\bin\mipsel-none-elf-ld.exe: (.rodata+0x5c): undefined reference to `Draw__12tDialogYesNo'
C:\Tools\mips-ps1\mips\bin\mipsel-none-elf-ld.exe: build/asm/data/rdata_80010000_r02.rodata.s.o: in function `_vt_15tDialogYesNoMem':
(.rodata+0x6c): undefined reference to `GetShapeInfo__7tScreenRsT1PPcT3'
C:\Tools\mips-ps1\mips\bin\mipsel-none-elf-ld.exe: (.rodata+0x74): undefined reference to `DrawBackground__7tScreen'
C:\Tools\mips-ps1\mips\bin\mipsel-none-elf-ld.exe: (.rodata+0x7c): undefined reference to `DrawForeground__7tScreen'
C:\Tools\mips-ps1\mips\bin\mipsel-none-elf-ld.exe: (.rodata+0x84): undefined reference to `___15tDialogYesNoMem'
C:\Tools\mips-ps1\mips\bin\mipsel-none-elf-ld.exe: (.rodata+0x8c): undefined reference to `PreLoad__7tScreen'
C:\Tools\mips-ps1\mips\bin\mipsel-none-elf-ld.exe: (.rodata+0x94): undefined reference to `Initialize__7tScreen'
C:\Tools\mips-ps1\mips\bin\mipsel-none-elf-ld.exe: (.rodata+0x9c): undefined reference to `Cleanup__7tScreen'
C:\Tools\mips-ps1\mips\bin\mipsel-none-elf-ld.exe: (.rodata+0xa4): undefined reference to `TransitionIsFinished__7tScreen'
C:\Tools\mips-ps1\mips\bin\mipsel-none-elf-ld.exe: (.rodata+0xac): undefined reference to `ProcessInput__15tDialogYesNoMem7tPlayerR13tInputKeyTypeR12tMenuCommand'
C:\Tools\mips-ps1\mips\bin\mipsel-none-elf-ld.exe: (.rodata+0xb4): undefined reference to `CalculateDimensions__12tDialogYesNo'
C:\Tools\mips-ps1\mips\bin\mipsel-none-elf-ld.exe: (.rodata+0xbc): undefined reference to `Draw__12tDialogYesNo'
C:\Tools\mips-ps1\mips\bin\mipsel-none-elf-ld.exe: build/asm/data/rdata_80010000_r02.rodata.s.o: in function `_vt_12tDialogYesNo':
(.rodata+0xcc): undefined reference to `GetShapeInfo__7tScreenRsT1PPcT3'
C:\Tools\mips-ps1\mips\bin\mipsel-none-elf-ld.exe: (.rodata+0xd4): undefined reference to `DrawBackground__7tScreen'
C:\Tools\mips-ps1\mips\bin\mipsel-none-elf-ld.exe: (.rodata+0xdc): undefined reference to `DrawForeground__7tScreen'
C:\Tools\mips-ps1\mips\bin\mipsel-none-elf-ld.exe: (.rodata+0xe4): undefined reference to `___12tDialogYesNo'
C:\Tools\mips-ps1\mips\bin\mipsel-none-elf-ld.exe: (.rodata+0xec): undefined reference to `PreLoad__7tScreen'
C:\Tools\mips-ps1\mips\bin\mipsel-none-elf-ld.exe: (.rodata+0xf4): undefined reference to `Initialize__7tScreen'
C:\Tools\mips-ps1\mips\bin\mipsel-none-elf-ld.exe: (.rodata+0xfc): undefined reference to `Cleanup__7tScreen'
C:\Tools\mips-ps1\mips\bin\mipsel-none-elf-ld.exe: (.rodata+0x104): undefined reference to `TransitionIsFinished__7tScreen'
C:\Tools\mips-ps1\mips\bin\mipsel-none-elf-ld.exe: (.rodata+0x10c): undefined reference to `ProcessInput__12tDialogYesNo7tPlayerR13tInputKeyTypeR12tMenuCommand'
C:\Tools\mips-ps1\mips\bin\mipsel-none-elf-ld.exe: (.rodata+0x114): undefined reference to `CalculateDimensions__12tDialogYesNo'
C:\Tools\mips-ps1\mips\bin\mipsel-none-elf-ld.exe: (.rodata+0x11c): undefined reference to `Draw__12tDialogYesNo'
C:\Tools\mips-ps1\mips\bin\mipsel-none-elf-ld.exe: build/asm/data/rdata_80010000_r02.rodata.s.o: in function `D_800103D0':
(.rodata+0x12c): undefined reference to `GetShapeInfo__7tScreenRsT1PPcT3'
C:\Tools\mips-ps1\mips\bin\mipsel-none-elf-ld.exe: (.rodata+0x134): undefined reference to `DrawBackground__7tScreen'
C:\Tools\mips-ps1\mips\bin\mipsel-none-elf-ld.exe: (.rodata+0x13c): undefined reference to `DrawForeground__7tScreen'
C:\Tools\mips-ps1\mips\bin\mipsel-none-elf-ld.exe: (.rodata+0x144): undefined reference to `___18tDialogInteractive'
C:\Tools\mips-ps1\mips\bin\mipsel-none-elf-ld.exe: (.rodata+0x14c): undefined reference to `PreLoad__7tScreen'
C:\Tools\mips-ps1\mips\bin\mipsel-none-elf-ld.exe: (.rodata+0x154): undefined reference to `Initialize__7tScreen'
C:\Tools\mips-ps1\mips\bin\mipsel-none-elf-ld.exe: (.rodata+0x15c): undefined reference to `Cleanup__7tScreen'
C:\Tools\mips-ps1\mips\bin\mipsel-none-elf-ld.exe: (.rodata+0x164): undefined reference to `TransitionIsFinished__7tScreen'
C:\Tools\mips-ps1\mips\bin\mipsel-none-elf-ld.exe: (.rodata+0x16c): undefined reference to `ProcessInput__11tDialogBase7tPlayerR13tInputKeyTypeR12tMenuCommand'
C:\Tools\mips-ps1\mips\bin\mipsel-none-elf-ld.exe: (.rodata+0x174): undefined reference to `CalculateDimensions__20tDialogMessageString'
C:\Tools\mips-ps1\mips\bin\mipsel-none-elf-ld.exe: (.rodata+0x17c): undefined reference to `Draw__20tDialogMessageString'
C:\Tools\mips-ps1\mips\bin\mipsel-none-elf-ld.exe: build/asm/data/rdata_80010000_r02.rodata.s.o: in function `_vt_21tDialogNoInputMessage':
(.rodata+0x18c): undefined reference to `GetShapeInfo__7tScreenRsT1PPcT3'
C:\Tools\mips-ps1\mips\bin\mipsel-none-elf-ld.exe: (.rodata+0x194): undefined reference to `DrawBackground__7tScreen'
C:\Tools\mips-ps1\mips\bin\mipsel-none-elf-ld.exe: (.rodata+0x19c): undefined reference to `DrawForeground__7tScreen'
C:\Tools\mips-ps1\mips\bin\mipsel-none-elf-ld.exe: (.rodata+0x1a4): undefined reference to `___21tDialogNoInputMessage'
C:\Tools\mips-ps1\mips\bin\mipsel-none-elf-ld.exe: (.rodata+0x1ac): undefined reference to `PreLoad__7tScreen'
C:\Tools\mips-ps1\mips\bin\mipsel-none-elf-ld.exe: (.rodata+0x1b4): undefined reference to `Initialize__7tScreen'
C:\Tools\mips-ps1\mips\bin\mipsel-none-elf-ld.exe: (.rodata+0x1bc): undefined reference to `Cleanup__7tScreen'
C:\Tools\mips-ps1\mips\bin\mipsel-none-elf-ld.exe: (.rodata+0x1c4): undefined reference to `TransitionIsFinished__7tScreen'
C:\Tools\mips-ps1\mips\bin\mipsel-none-elf-ld.exe: (.rodata+0x1cc): undefined reference to `ProcessInput__21tDialogNoInputMessage7tPlayerR13tInputKeyTypeR12tMenuCommand'
C:\Tools\mips-ps1\mips\bin\mipsel-none-elf-ld.exe: (.rodata+0x1d4): undefined reference to `CalculateDimensions__20tDialogMessageString'
C:\Tools\mips-ps1\mips\bin\mipsel-none-elf-ld.exe: (.rodata+0x1dc): undefined reference to `Draw__20tDialogMessageString'
C:\Tools\mips-ps1\mips\bin\mipsel-none-elf-ld.exe: build/asm/data/rdata_80010000_r02.rodata.s.o: in function `_vt_17tDialogBackUpOnly':
(.rodata+0x1ec): undefined reference to `GetShapeInfo__7tScreenRsT1PPcT3'
C:\Tools\mips-ps1\mips\bin\mipsel-none-elf-ld.exe: (.rodata+0x1f4): undefined reference to `DrawBackground__7tScreen'
C:\Tools\mips-ps1\mips\bin\mipsel-none-elf-ld.exe: (.rodata+0x1fc): undefined reference to `DrawForeground__7tScreen'
C:\Tools\mips-ps1\mips\bin\mipsel-none-elf-ld.exe: (.rodata+0x204): undefined reference to `___17tDialogBackUpOnly'
C:\Tools\mips-ps1\mips\bin\mipsel-none-elf-ld.exe: (.rodata+0x20c): undefined reference to `PreLoad__7tScreen'
C:\Tools\mips-ps1\mips\bin\mipsel-none-elf-ld.exe: (.rodata+0x214): undefined reference to `Initialize__7tScreen'
C:\Tools\mips-ps1\mips\bin\mipsel-none-elf-ld.exe: (.rodata+0x21c): undefined reference to `Cleanup__7tScreen'
C:\Tools\mips-ps1\mips\bin\mipsel-none-elf-ld.exe: (.rodata+0x224): undefined reference to `TransitionIsFinished__7tScreen'
C:\Tools\mips-ps1\mips\bin\mipsel-none-elf-ld.exe: (.rodata+0x22c): undefined reference to `ProcessInput__17tDialogBackUpOnly7tPlayerR13tInputKeyTypeR12tMenuCommand'
C:\Tools\mips-ps1\mips\bin\mipsel-none-elf-ld.exe: (.rodata+0x234): undefined reference to `CalculateDimensions__20tDialogMessageString'
C:\Tools\mips-ps1\mips\bin\mipsel-none-elf-ld.exe: (.rodata+0x23c): undefined reference to `Draw__20tDialogMessageString'
C:\Tools\mips-ps1\mips\bin\mipsel-none-elf-ld.exe: build/asm/data/rdata_80010000_r02.rodata.s.o: in function `_vt_20tDialogMessageString':
(.rodata+0x24c): undefined reference to `GetShapeInfo__7tScreenRsT1PPcT3'
C:\Tools\mips-ps1\mips\bin\mipsel-none-elf-ld.exe: (.rodata+0x254): undefined reference to `DrawBackground__7tScreen'
C:\Tools\mips-ps1\mips\bin\mipsel-none-elf-ld.exe: (.rodata+0x25c): undefined reference to `DrawForeground__7tScreen'
C:\Tools\mips-ps1\mips\bin\mipsel-none-elf-ld.exe: (.rodata+0x264): undefined reference to `___20tDialogMessageString'
C:\Tools\mips-ps1\mips\bin\mipsel-none-elf-ld.exe: (.rodata+0x26c): undefined reference to `PreLoad__7tScreen'
C:\Tools\mips-ps1\mips\bin\mipsel-none-elf-ld.exe: (.rodata+0x274): undefined reference to `Initialize__7tScreen'
C:\Tools\mips-ps1\mips\bin\mipsel-none-elf-ld.exe: (.rodata+0x27c): undefined reference to `Cleanup__7tScreen'
C:\Tools\mips-ps1\mips\bin\mipsel-none-elf-ld.exe: (.rodata+0x284): undefined reference to `TransitionIsFinished__7tScreen'
C:\Tools\mips-ps1\mips\bin\mipsel-none-elf-ld.exe: (.rodata+0x28c): undefined reference to `ProcessInput__11tDialogBase7tPlayerR13tInputKeyTypeR12tMenuCommand'
C:\Tools\mips-ps1\mips\bin\mipsel-none-elf-ld.exe: (.rodata+0x294): undefined reference to `CalculateDimensions__20tDialogMessageString'
C:\Tools\mips-ps1\mips\bin\mipsel-none-elf-ld.exe: (.rodata+0x29c): undefined reference to `Draw__20tDialogMessageString'
C:\Tools\mips-ps1\mips\bin\mipsel-none-elf-ld.exe: build/asm/data/rdata_80010000_r02.rodata.s.o: in function `_vt_11tDialogHelp':
(.rodata+0x2ac): undefined reference to `GetShapeInfo__7tScreenRsT1PPcT3'
C:\Tools\mips-ps1\mips\bin\mipsel-none-elf-ld.exe: (.rodata+0x2b4): undefined reference to `DrawBackground__7tScreen'
C:\Tools\mips-ps1\mips\bin\mipsel-none-elf-ld.exe: (.rodata+0x2bc): undefined reference to `DrawForeground__7tScreen'
C:\Tools\mips-ps1\mips\bin\mipsel-none-elf-ld.exe: (.rodata+0x2c4): undefined reference to `___11tDialogHelp'
C:\Tools\mips-ps1\mips\bin\mipsel-none-elf-ld.exe: (.rodata+0x2cc): undefined reference to `PreLoad__7tScreen'
C:\Tools\mips-ps1\mips\bin\mipsel-none-elf-ld.exe: (.rodata+0x2d4): undefined reference to `Initialize__7tScreen'
C:\Tools\mips-ps1\mips\bin\mipsel-none-elf-ld.exe: (.rodata+0x2dc): undefined reference to `Cleanup__7tScreen'
C:\Tools\mips-ps1\mips\bin\mipsel-none-elf-ld.exe: (.rodata+0x2e4): undefined reference to `TransitionIsFinished__7tScreen'
C:\Tools\mips-ps1\mips\bin\mipsel-none-elf-ld.exe: (.rodata+0x2ec): undefined reference to `ProcessInput__11tDialogBase7tPlayerR13tInputKeyTypeR12tMenuCommand'
C:\Tools\mips-ps1\mips\bin\mipsel-none-elf-ld.exe: (.rodata+0x2f4): undefined reference to `CalculateDimensions__11tDialogHelp'
C:\Tools\mips-ps1\mips\bin\mipsel-none-elf-ld.exe: (.rodata+0x2fc): undefined reference to `Draw__11tDialogHelp'
C:\Tools\mips-ps1\mips\bin\mipsel-none-elf-ld.exe: build/asm/data/rdata_80010000_r02.rodata.s.o: in function `_vt_11tDialogBase':
(.rodata+0x30c): undefined reference to `GetShapeInfo__7tScreenRsT1PPcT3'
C:\Tools\mips-ps1\mips\bin\mipsel-none-elf-ld.exe: (.rodata+0x314): undefined reference to `DrawBackground__7tScreen'
C:\Tools\mips-ps1\mips\bin\mipsel-none-elf-ld.exe: (.rodata+0x31c): undefined reference to `DrawForeground__7tScreen'
C:\Tools\mips-ps1\mips\bin\mipsel-none-elf-ld.exe: (.rodata+0x324): undefined reference to `___11tDialogBase'
C:\Tools\mips-ps1\mips\bin\mipsel-none-elf-ld.exe: (.rodata+0x32c): undefined reference to `PreLoad__7tScreen'
C:\Tools\mips-ps1\mips\bin\mipsel-none-elf-ld.exe: (.rodata+0x334): undefined reference to `Initialize__7tScreen'
C:\Tools\mips-ps1\mips\bin\mipsel-none-elf-ld.exe: (.rodata+0x33c): undefined reference to `Cleanup__7tScreen'
C:\Tools\mips-ps1\mips\bin\mipsel-none-elf-ld.exe: (.rodata+0x344): undefined reference to `TransitionIsFinished__7tScreen'
C:\Tools\mips-ps1\mips\bin\mipsel-none-elf-ld.exe: (.rodata+0x34c): undefined reference to `ProcessInput__11tDialogBase7tPlayerR13tInputKeyTypeR12tMenuCommand'
C:\Tools\mips-ps1\mips\bin\mipsel-none-elf-ld.exe: (.rodata+0x35c): undefined reference to `Draw__11tDialogBase'
C:\Tools\mips-ps1\mips\bin\mipsel-none-elf-ld.exe: build/asm/data/rdata_80010000_r02.rodata.s.o: in function `_vt_12tMenuOptions':
(.rodata+0x37c): undefined reference to `___12tMenuOptions'
C:\Tools\mips-ps1\mips\bin\mipsel-none-elf-ld.exe: (.rodata+0x384): undefined reference to `Initialize__9tMenuNFS4'
C:\Tools\mips-ps1\mips\bin\mipsel-none-elf-ld.exe: (.rodata+0x38c): undefined reference to `ProcessInput__12tMenuOptions7tPlayerR13tInputKeyTypeR12tMenuCommand'
C:\Tools\mips-ps1\mips\bin\mipsel-none-elf-ld.exe: (.rodata+0x394): undefined reference to `DebounceKeys__5tMenu'
C:\Tools\mips-ps1\mips\bin\mipsel-none-elf-ld.exe: (.rodata+0x39c): undefined reference to `TransitionOff__12tMenuOptions'
C:\Tools\mips-ps1\mips\bin\mipsel-none-elf-ld.exe: (.rodata+0x3a4): undefined reference to `TransitionOn__12tMenuOptions'
C:\Tools\mips-ps1\mips\bin\mipsel-none-elf-ld.exe: (.rodata+0x3ac): undefined reference to `TransitionIsFinished__12tMenuOptions'
C:\Tools\mips-ps1\mips\bin\mipsel-none-elf-ld.exe: (.rodata+0x3b4): undefined reference to `IsSubMenu__12tMenuOptions'
C:\Tools\mips-ps1\mips\bin\mipsel-none-elf-ld.exe: (.rodata+0x3bc): undefined reference to `Draw__12tMenuOptions'
C:\Tools\mips-ps1\mips\bin\mipsel-none-elf-ld.exe: (.rodata+0x3c4): undefined reference to `UpdateTransition__9tMenuNFS4'
C:\Tools\mips-ps1\mips\bin\mipsel-none-elf-ld.exe: (.rodata+0x3cc): undefined reference to `DrawItem__9tMenuNFS4i'
C:\Tools\mips-ps1\mips\bin\mipsel-none-elf-ld.exe: build/asm/data/rdata_80010000_r02.rodata.s.o: in function `_vt_10tMenuBlank':
(.rodata+0x3dc): undefined reference to `___10tMenuBlank'
C:\Tools\mips-ps1\mips\bin\mipsel-none-elf-ld.exe: (.rodata+0x3e4): undefined reference to `Initialize__10tMenuBlank'
C:\Tools\mips-ps1\mips\bin\mipsel-none-elf-ld.exe: (.rodata+0x3ec): undefined reference to `ProcessInput__10tMenuBlank7tPlayerR13tInputKeyTypeR12tMenuCommand'
C:\Tools\mips-ps1\mips\bin\mipsel-none-elf-ld.exe: (.rodata+0x3f4): undefined reference to `DebounceKeys__10tMenuBlank'
C:\Tools\mips-ps1\mips\bin\mipsel-none-elf-ld.exe: (.rodata+0x3fc): undefined reference to `TransitionOff__10tMenuBlank'
C:\Tools\mips-ps1\mips\bin\mipsel-none-elf-ld.exe: (.rodata+0x404): undefined reference to `TransitionOn__10tMenuBlank'
C:\Tools\mips-ps1\mips\bin\mipsel-none-elf-ld.exe: (.rodata+0x40c): undefined reference to `TransitionIsFinished__10tMenuBlank'
C:\Tools\mips-ps1\mips\bin\mipsel-none-elf-ld.exe: (.rodata+0x414): undefined reference to `IsSubMenu__5tMenu'
C:\Tools\mips-ps1\mips\bin\mipsel-none-elf-ld.exe: (.rodata+0x41c): undefined reference to `Draw__10tMenuBlank'
C:\Tools\mips-ps1\mips\bin\mipsel-none-elf-ld.exe: (.rodata+0x424): undefined reference to `UpdateTransition__10tMenuBlank'
C:\Tools\mips-ps1\mips\bin\mipsel-none-elf-ld.exe: (.rodata+0x42c): undefined reference to `DrawItem__9tMenuNFS4i'
C:\Tools\mips-ps1\mips\bin\mipsel-none-elf-ld.exe: build/asm/data/rdata_80010000_r02.rodata.s.o: in function `_vt_15tMenuNFS4Bottom':
(.rodata+0x43c): undefined reference to `___15tMenuNFS4Bottom'
C:\Tools\mips-ps1\mips\bin\mipsel-none-elf-ld.exe: (.rodata+0x444): undefined reference to `Initialize__9tMenuNFS4'
C:\Tools\mips-ps1\mips\bin\mipsel-none-elf-ld.exe: (.rodata+0x44c): undefined reference to `ProcessInput__9tMenuNFS47tPlayerR13tInputKeyTypeR12tMenuCommand'
C:\Tools\mips-ps1\mips\bin\mipsel-none-elf-ld.exe: (.rodata+0x454): undefined reference to `DebounceKeys__5tMenu'
C:\Tools\mips-ps1\mips\bin\mipsel-none-elf-ld.exe: (.rodata+0x45c): undefined reference to `TransitionOff__9tMenuNFS4'
C:\Tools\mips-ps1\mips\bin\mipsel-none-elf-ld.exe: (.rodata+0x464): undefined reference to `TransitionOn__9tMenuNFS4'
C:\Tools\mips-ps1\mips\bin\mipsel-none-elf-ld.exe: (.rodata+0x46c): undefined reference to `TransitionIsFinished__9tMenuNFS4'
C:\Tools\mips-ps1\mips\bin\mipsel-none-elf-ld.exe: (.rodata+0x474): undefined reference to `IsSubMenu__5tMenu'
C:\Tools\mips-ps1\mips\bin\mipsel-none-elf-ld.exe: (.rodata+0x47c): undefined reference to `Draw__15tMenuNFS4Bottom'
C:\Tools\mips-ps1\mips\bin\mipsel-none-elf-ld.exe: (.rodata+0x484): undefined reference to `UpdateTransition__9tMenuNFS4'
C:\Tools\mips-ps1\mips\bin\mipsel-none-elf-ld.exe: (.rodata+0x48c): undefined reference to `DrawItem__9tMenuNFS4i'
C:\Tools\mips-ps1\mips\bin\mipsel-none-elf-ld.exe: build/asm/data/rdata_80010000_r02.rodata.s.o: in function `_vt_18tMenuNFS4TwoPlayer':
(.rodata+0x49c): undefined reference to `___18tMenuNFS4TwoPlayer'
C:\Tools\mips-ps1\mips\bin\mipsel-none-elf-ld.exe: (.rodata+0x4a4): undefined reference to `Initialize__9tMenuNFS4'
C:\Tools\mips-ps1\mips\bin\mipsel-none-elf-ld.exe: (.rodata+0x4ac): undefined reference to `ProcessInput__9tMenuNFS47tPlayerR13tInputKeyTypeR12tMenuCommand'
C:\Tools\mips-ps1\mips\bin\mipsel-none-elf-ld.exe: (.rodata+0x4b4): undefined reference to `DebounceKeys__5tMenu'
C:\Tools\mips-ps1\mips\bin\mipsel-none-elf-ld.exe: (.rodata+0x4bc): undefined reference to `TransitionOff__9tMenuNFS4'
C:\Tools\mips-ps1\mips\bin\mipsel-none-elf-ld.exe: (.rodata+0x4c4): undefined reference to `TransitionOn__9tMenuNFS4'
C:\Tools\mips-ps1\mips\bin\mipsel-none-elf-ld.exe: (.rodata+0x4cc): undefined reference to `TransitionIsFinished__9tMenuNFS4'
C:\Tools\mips-ps1\mips\bin\mipsel-none-elf-ld.exe: (.rodata+0x4d4): undefined reference to `IsSubMenu__5tMenu'
C:\Tools\mips-ps1\mips\bin\mipsel-none-elf-ld.exe: (.rodata+0x4dc): undefined reference to `Draw__9tMenuNFS4'
C:\Tools\mips-ps1\mips\bin\mipsel-none-elf-ld.exe: (.rodata+0x4e4): undefined reference to `UpdateTransition__9tMenuNFS4'
C:\Tools\mips-ps1\mips\bin\mipsel-none-elf-ld.exe: (.rodata+0x4ec): undefined reference to `DrawItem__18tMenuNFS4TwoPlayeri'
C:\Tools\mips-ps1\mips\bin\mipsel-none-elf-ld.exe: build/asm/data/rdata_80010000_r02.rodata.s.o: in function `_vt_9tMenuNFS4':
(.rodata+0x4fc): undefined reference to `___9tMenuNFS4'
C:\Tools\mips-ps1\mips\bin\mipsel-none-elf-ld.exe: (.rodata+0x504): undefined reference to `Initialize__9tMenuNFS4'
C:\Tools\mips-ps1\mips\bin\mipsel-none-elf-ld.exe: (.rodata+0x50c): undefined reference to `ProcessInput__9tMenuNFS47tPlayerR13tInputKeyTypeR12tMenuCommand'
C:\Tools\mips-ps1\mips\bin\mipsel-none-elf-ld.exe: (.rodata+0x514): undefined reference to `DebounceKeys__5tMenu'
C:\Tools\mips-ps1\mips\bin\mipsel-none-elf-ld.exe: (.rodata+0x51c): undefined reference to `TransitionOff__9tMenuNFS4'
C:\Tools\mips-ps1\mips\bin\mipsel-none-elf-ld.exe: (.rodata+0x524): undefined reference to `TransitionOn__9tMenuNFS4'
C:\Tools\mips-ps1\mips\bin\mipsel-none-elf-ld.exe: (.rodata+0x52c): undefined reference to `TransitionIsFinished__9tMenuNFS4'
C:\Tools\mips-ps1\mips\bin\mipsel-none-elf-ld.exe: (.rodata+0x534): undefined reference to `IsSubMenu__5tMenu'
C:\Tools\mips-ps1\mips\bin\mipsel-none-elf-ld.exe: (.rodata+0x53c): undefined reference to `Draw__9tMenuNFS4'
C:\Tools\mips-ps1\mips\bin\mipsel-none-elf-ld.exe: (.rodata+0x544): undefined reference to `UpdateTransition__9tMenuNFS4'
C:\Tools\mips-ps1\mips\bin\mipsel-none-elf-ld.exe: (.rodata+0x54c): undefined reference to `DrawItem__9tMenuNFS4i'
C:\Tools\mips-ps1\mips\bin\mipsel-none-elf-ld.exe: build/asm/data/rdata_80010000_r02.rodata.s.o: in function `_vt_29tMenuItemOptionsTwoItemChoice':
(.rodata+0x55c): undefined reference to `___29tMenuItemOptionsTwoItemChoice'
C:\Tools\mips-ps1\mips\bin\mipsel-none-elf-ld.exe: (.rodata+0x564): undefined reference to `DebounceKeys__9tMenuItem'
C:\Tools\mips-ps1\mips\bin\mipsel-none-elf-ld.exe: (.rodata+0x56c): undefined reference to `ProcessInput__24tMenuItemLeftRightChoice7tPlayerR13tInputKeyTypeR12tMenuCommand'
C:\Tools\mips-ps1\mips\bin\mipsel-none-elf-ld.exe: (.rodata+0x574): undefined reference to `Draw__24tMenuItemLeftRightChoiceb'
C:\Tools\mips-ps1\mips\bin\mipsel-none-elf-ld.exe: (.rodata+0x57c): undefined reference to `Draw__29tMenuItemOptionsTwoItemChoiceiib'
C:\Tools\mips-ps1\mips\bin\mipsel-none-elf-ld.exe: (.rodata+0x584): undefined reference to `Draw__9tMenuItemiiib'
C:\Tools\mips-ps1\mips\bin\mipsel-none-elf-ld.exe: (.rodata+0x58c): undefined reference to `TransitionOff__9tMenuItem'
C:\Tools\mips-ps1\mips\bin\mipsel-none-elf-ld.exe: (.rodata+0x594): undefined reference to `TransitionOn__29tMenuItemOptionsTwoItemChoice'
C:\Tools\mips-ps1\mips\bin\mipsel-none-elf-ld.exe: (.rodata+0x59c): undefined reference to `TransitionIsFinished__9tMenuItem'
C:\Tools\mips-ps1\mips\bin\mipsel-none-elf-ld.exe: (.rodata+0x5a4): undefined reference to `UpdateTransition__9tMenuItemb'
C:\Tools\mips-ps1\mips\bin\mipsel-none-elf-ld.exe: build/asm/data/rdata_80010000_r02.rodata.s.o: in function `_vt_31tMenuItemOptionsLeftRightChoice':
(.rodata+0x5b4): undefined reference to `___31tMenuItemOptionsLeftRightChoice'
C:\Tools\mips-ps1\mips\bin\mipsel-none-elf-ld.exe: (.rodata+0x5bc): undefined reference to `DebounceKeys__9tMenuItem'
C:\Tools\mips-ps1\mips\bin\mipsel-none-elf-ld.exe: (.rodata+0x5c4): undefined reference to `ProcessInput__24tMenuItemLeftRightChoice7tPlayerR13tInputKeyTypeR12tMenuCommand'
C:\Tools\mips-ps1\mips\bin\mipsel-none-elf-ld.exe: (.rodata+0x5cc): undefined reference to `Draw__24tMenuItemLeftRightChoiceb'
C:\Tools\mips-ps1\mips\bin\mipsel-none-elf-ld.exe: (.rodata+0x5d4): undefined reference to `Draw__31tMenuItemOptionsLeftRightChoiceiib'
C:\Tools\mips-ps1\mips\bin\mipsel-none-elf-ld.exe: (.rodata+0x5dc): undefined reference to `Draw__9tMenuItemiiib'
C:\Tools\mips-ps1\mips\bin\mipsel-none-elf-ld.exe: (.rodata+0x5e4): undefined reference to `TransitionOff__9tMenuItem'
C:\Tools\mips-ps1\mips\bin\mipsel-none-elf-ld.exe: (.rodata+0x5ec): undefined reference to `TransitionOn__9tMenuItem'
C:\Tools\mips-ps1\mips\bin\mipsel-none-elf-ld.exe: (.rodata+0x5f4): undefined reference to `TransitionIsFinished__9tMenuItem'
C:\Tools\mips-ps1\mips\bin\mipsel-none-elf-ld.exe: (.rodata+0x5fc): undefined reference to `UpdateTransition__9tMenuItemb'
C:\Tools\mips-ps1\mips\bin\mipsel-none-elf-ld.exe: build/asm/data/rdata_80010000_r02.rodata.s.o: in function `_vt_28tMenuItemNFS4LeftRightChoice':
(.rodata+0x60c): undefined reference to `___28tMenuItemNFS4LeftRightChoice'
C:\Tools\mips-ps1\mips\bin\mipsel-none-elf-ld.exe: (.rodata+0x614): undefined reference to `DebounceKeys__9tMenuItem'
C:\Tools\mips-ps1\mips\bin\mipsel-none-elf-ld.exe: (.rodata+0x61c): undefined reference to `ProcessInput__24tMenuItemLeftRightChoice7tPlayerR13tInputKeyTypeR12tMenuCommand'
C:\Tools\mips-ps1\mips\bin\mipsel-none-elf-ld.exe: (.rodata+0x624): undefined reference to `Draw__24tMenuItemLeftRightChoiceb'
C:\Tools\mips-ps1\mips\bin\mipsel-none-elf-ld.exe: (.rodata+0x62c): undefined reference to `Draw__28tMenuItemNFS4LeftRightChoiceiib'
C:\Tools\mips-ps1\mips\bin\mipsel-none-elf-ld.exe: (.rodata+0x634): undefined reference to `Draw__9tMenuItemiiib'
C:\Tools\mips-ps1\mips\bin\mipsel-none-elf-ld.exe: (.rodata+0x63c): undefined reference to `TransitionOff__28tMenuItemNFS4LeftRightChoice'
C:\Tools\mips-ps1\mips\bin\mipsel-none-elf-ld.exe: (.rodata+0x644): undefined reference to `TransitionOn__28tMenuItemNFS4LeftRightChoice'
C:\Tools\mips-ps1\mips\bin\mipsel-none-elf-ld.exe: (.rodata+0x64c): undefined reference to `TransitionIsFinished__28tMenuItemNFS4LeftRightChoice'
C:\Tools\mips-ps1\mips\bin\mipsel-none-elf-ld.exe: (.rodata+0x654): undefined reference to `UpdateTransition__28tMenuItemNFS4LeftRightChoiceb'
C:\Tools\mips-ps1\mips\bin\mipsel-none-elf-ld.exe: build/asm/data/rdata_80010000_r02.rodata.s.o: in function `_vt_27tMenuItemGoToMenuNFS4Button':
(.rodata+0x664): undefined reference to `___27tMenuItemGoToMenuNFS4Button'
C:\Tools\mips-ps1\mips\bin\mipsel-none-elf-ld.exe: (.rodata+0x66c): undefined reference to `DebounceKeys__9tMenuItem'
C:\Tools\mips-ps1\mips\bin\mipsel-none-elf-ld.exe: (.rodata+0x674): undefined reference to `ProcessInput__23tMenuItemGoToMenuButton7tPlayerR13tInputKeyTypeR12tMenuCommand'
C:\Tools\mips-ps1\mips\bin\mipsel-none-elf-ld.exe: (.rodata+0x67c): undefined reference to `Draw__27tMenuItemGoToMenuNFS4Buttonb'
C:\Tools\mips-ps1\mips\bin\mipsel-none-elf-ld.exe: (.rodata+0x684): undefined reference to `Draw__27tMenuItemGoToMenuNFS4Buttoniib'
C:\Tools\mips-ps1\mips\bin\mipsel-none-elf-ld.exe: (.rodata+0x68c): undefined reference to `Draw__9tMenuItemiiib'
C:\Tools\mips-ps1\mips\bin\mipsel-none-elf-ld.exe: (.rodata+0x694): undefined reference to `TransitionOff__27tMenuItemGoToMenuNFS4Button'
C:\Tools\mips-ps1\mips\bin\mipsel-none-elf-ld.exe: (.rodata+0x69c): undefined reference to `TransitionOn__27tMenuItemGoToMenuNFS4Button'
C:\Tools\mips-ps1\mips\bin\mipsel-none-elf-ld.exe: (.rodata+0x6a4): undefined reference to `TransitionIsFinished__27tMenuItemGoToMenuNFS4Button'
C:\Tools\mips-ps1\mips\bin\mipsel-none-elf-ld.exe: (.rodata+0x6ac): undefined reference to `UpdateTransition__27tMenuItemGoToMenuNFS4Buttonb'
C:\Tools\mips-ps1\mips\bin\mipsel-none-elf-ld.exe: build/asm/data/rdata_80010000_j02.rodata.s.o: in function `jtbl_80010990':
(.rodata+0x0): undefined reference to `.L80020148'
C:\Tools\mips-ps1\mips\bin\mipsel-none-elf-ld.exe: (.rodata+0x4): undefined reference to `.L80020174'
C:\Tools\mips-ps1\mips\bin\mipsel-none-elf-ld.exe: (.rodata+0x8): undefined reference to `.L80020174'
C:\Tools\mips-ps1\mips\bin\mipsel-none-elf-ld.exe: (.rodata+0xc): undefined reference to `.L80020120'
C:\Tools\mips-ps1\mips\bin\mipsel-none-elf-ld.exe: (.rodata+0x10): undefined reference to `.L80020170'
C:\Tools\mips-ps1\mips\bin\mipsel-none-elf-ld.exe: (.rodata+0x14): undefined reference to `.L80020174'
C:\Tools\mips-ps1\mips\bin\mipsel-none-elf-ld.exe: (.rodata+0x18): undefined reference to `.L80020174'
C:\Tools\mips-ps1\mips\bin\mipsel-none-elf-ld.exe: (.rodata+0x1c): undefined reference to `.L80020140'
C:\Tools\mips-ps1\mips\bin\mipsel-none-elf-ld.exe: (.rodata+0x20): undefined reference to `.L80020138'
C:\Tools\mips-ps1\mips\bin\mipsel-none-elf-ld.exe: (.rodata+0x24): undefined reference to `.L80020174'
C:\Tools\mips-ps1\mips\bin\mipsel-none-elf-ld.exe: (.rodata+0x28): undefined reference to `.L80020174'
C:\Tools\mips-ps1\mips\bin\mipsel-none-elf-ld.exe: (.rodata+0x2c): undefined reference to `.L80020174'
C:\Tools\mips-ps1\mips\bin\mipsel-none-elf-ld.exe: (.rodata+0x30): undefined reference to `.L80020150'
C:\Tools\mips-ps1\mips\bin\mipsel-none-elf-ld.exe: (.rodata+0x34): undefined reference to `.L80020174'
C:\Tools\mips-ps1\mips\bin\mipsel-none-elf-ld.exe: (.rodata+0x38): undefined reference to `.L80020174'
C:\Tools\mips-ps1\mips\bin\mipsel-none-elf-ld.exe: (.rodata+0x3c): undefined reference to `.L80020174'
C:\Tools\mips-ps1\mips\bin\mipsel-none-elf-ld.exe: (.rodata+0x40): undefined reference to `.L80020168'
C:\Tools\mips-ps1\mips\bin\mipsel-none-elf-ld.exe: (.rodata+0x44): undefined reference to `.L80020174'
C:\Tools\mips-ps1\mips\bin\mipsel-none-elf-ld.exe: (.rodata+0x48): undefined reference to `.L80020158'
C:\Tools\mips-ps1\mips\bin\mipsel-none-elf-ld.exe: (.rodata+0x4c): undefined reference to `.L80020174'
C:\Tools\mips-ps1\mips\bin\mipsel-none-elf-ld.exe: (.rodata+0x50): undefined reference to `.L80020174'
C:\Tools\mips-ps1\mips\bin\mipsel-none-elf-ld.exe: (.rodata+0x54): undefined reference to `.L80020128'
C:\Tools\mips-ps1\mips\bin\mipsel-none-elf-ld.exe: (.rodata+0x58): undefined reference to `.L80020174'
C:\Tools\mips-ps1\mips\bin\mipsel-none-elf-ld.exe: (.rodata+0x5c): undefined reference to `.L80020174'
C:\Tools\mips-ps1\mips\bin\mipsel-none-elf-ld.exe: (.rodata+0x60): undefined reference to `.L80020174'
C:\Tools\mips-ps1\mips\bin\mipsel-none-elf-ld.exe: (.rodata+0x64): undefined reference to `.L80020160'
C:\Tools\mips-ps1\mips\bin\mipsel-none-elf-ld.exe: (.rodata+0x68): undefined reference to `.L80020174'
C:\Tools\mips-ps1\mips\bin\mipsel-none-elf-ld.exe: (.rodata+0x6c): undefined reference to `.L80020130'
C:\Tools\mips-ps1\mips\bin\mipsel-none-elf-ld.exe: build/asm/data/rdata_80010000_r03.rodata.s.o: in function `_vt_35tInsideBoxControllerLeftRightSlider':
(.rodata+0x1c): undefined reference to `___35tInsideBoxControllerLeftRightSlider'
C:\Tools\mips-ps1\mips\bin\mipsel-none-elf-ld.exe: (.rodata+0x24): undefined reference to `DebounceKeys__24tMenuItemLeftRightSlider'
C:\Tools\mips-ps1\mips\bin\mipsel-none-elf-ld.exe: (.rodata+0x2c): undefined reference to `ProcessInput__35tInsideBoxControllerLeftRightSlider7tPlayerR13tInputKeyTypeR12tMenuCommand'
C:\Tools\mips-ps1\mips\bin\mipsel-none-elf-ld.exe: (.rodata+0x34): undefined reference to `Draw__24tMenuItemLeftRightSliderb'
C:\Tools\mips-ps1\mips\bin\mipsel-none-elf-ld.exe: (.rodata+0x3c): undefined reference to `Draw__9tMenuItemiib'
C:\Tools\mips-ps1\mips\bin\mipsel-none-elf-ld.exe: (.rodata+0x44): undefined reference to `Draw__25tInsideBoxLeftRightSlideriiib'
C:\Tools\mips-ps1\mips\bin\mipsel-none-elf-ld.exe: (.rodata+0x4c): undefined reference to `TransitionOff__9tMenuItem'
C:\Tools\mips-ps1\mips\bin\mipsel-none-elf-ld.exe: (.rodata+0x54): undefined reference to `TransitionOn__9tMenuItem'
C:\Tools\mips-ps1\mips\bin\mipsel-none-elf-ld.exe: (.rodata+0x5c): undefined reference to `TransitionIsFinished__9tMenuItem'
C:\Tools\mips-ps1\mips\bin\mipsel-none-elf-ld.exe: (.rodata+0x64): undefined reference to `UpdateTransition__9tMenuItemb'
C:\Tools\mips-ps1\mips\bin\mipsel-none-elf-ld.exe: build/asm/data/rdata_80010000_r03.rodata.s.o: in function `_vt_19tMemoryCardMenuItem':
(.rodata+0x74): undefined reference to `___19tMemoryCardMenuItem'
C:\Tools\mips-ps1\mips\bin\mipsel-none-elf-ld.exe: (.rodata+0x7c): undefined reference to `DebounceKeys__9tMenuItem'
C:\Tools\mips-ps1\mips\bin\mipsel-none-elf-ld.exe: (.rodata+0x84): undefined reference to `ProcessInput__23tMenuItemGoToMenuButton7tPlayerR13tInputKeyTypeR12tMenuCommand'
C:\Tools\mips-ps1\mips\bin\mipsel-none-elf-ld.exe: (.rodata+0x8c): undefined reference to `Draw__19tMemoryCardMenuItemb'
C:\Tools\mips-ps1\mips\bin\mipsel-none-elf-ld.exe: (.rodata+0x94): undefined reference to `Draw__9tMenuItemiib'
C:\Tools\mips-ps1\mips\bin\mipsel-none-elf-ld.exe: (.rodata+0x9c): undefined reference to `Draw__9tMenuItemiiib'
C:\Tools\mips-ps1\mips\bin\mipsel-none-elf-ld.exe: (.rodata+0xa4): undefined reference to `TransitionOff__27tMenuItemGoToMenuButtonFade'
C:\Tools\mips-ps1\mips\bin\mipsel-none-elf-ld.exe: (.rodata+0xac): undefined reference to `TransitionOn__27tMenuItemGoToMenuButtonFade'
C:\Tools\mips-ps1\mips\bin\mipsel-none-elf-ld.exe: (.rodata+0xb4): undefined reference to `TransitionIsFinished__27tMenuItemGoToMenuButtonFade'
C:\Tools\mips-ps1\mips\bin\mipsel-none-elf-ld.exe: (.rodata+0xbc): undefined reference to `UpdateTransition__27tMenuItemGoToMenuButtonFadeb'
C:\Tools\mips-ps1\mips\bin\mipsel-none-elf-ld.exe: build/asm/data/rdata_80010000_r03.rodata.s.o: in function `_vt_27tMenuItemGoToMenuButtonFade':
(.rodata+0xcc): undefined reference to `___27tMenuItemGoToMenuButtonFade'
C:\Tools\mips-ps1\mips\bin\mipsel-none-elf-ld.exe: (.rodata+0xd4): undefined reference to `DebounceKeys__9tMenuItem'
C:\Tools\mips-ps1\mips\bin\mipsel-none-elf-ld.exe: (.rodata+0xdc): undefined reference to `ProcessInput__23tMenuItemGoToMenuButton7tPlayerR13tInputKeyTypeR12tMenuCommand'
C:\Tools\mips-ps1\mips\bin\mipsel-none-elf-ld.exe: (.rodata+0xec): undefined reference to `Draw__9tMenuItemiib'
C:\Tools\mips-ps1\mips\bin\mipsel-none-elf-ld.exe: (.rodata+0xf4): undefined reference to `Draw__9tMenuItemiiib'
C:\Tools\mips-ps1\mips\bin\mipsel-none-elf-ld.exe: (.rodata+0xfc): undefined reference to `TransitionOff__27tMenuItemGoToMenuButtonFade'
C:\Tools\mips-ps1\mips\bin\mipsel-none-elf-ld.exe: (.rodata+0x104): undefined reference to `TransitionOn__27tMenuItemGoToMenuButtonFade'
C:\Tools\mips-ps1\mips\bin\mipsel-none-elf-ld.exe: (.rodata+0x10c): undefined reference to `TransitionIsFinished__27tMenuItemGoToMenuButtonFade'
C:\Tools\mips-ps1\mips\bin\mipsel-none-elf-ld.exe: (.rodata+0x114): undefined reference to `UpdateTransition__27tMenuItemGoToMenuButtonFadeb'
C:\Tools\mips-ps1\mips\bin\mipsel-none-elf-ld.exe: build/asm/data/rdata_80010000_r03.rodata.s.o: in function `_vt_17tUserNameMenuItem':
(.rodata+0x124): undefined reference to `___17tUserNameMenuItem'
C:\Tools\mips-ps1\mips\bin\mipsel-none-elf-ld.exe: (.rodata+0x12c): undefined reference to `DebounceKeys__9tMenuItem'
C:\Tools\mips-ps1\mips\bin\mipsel-none-elf-ld.exe: (.rodata+0x134): undefined reference to `ProcessInput__17tUserNameMenuItem7tPlayerR13tInputKeyTypeR12tMenuCommand'
C:\Tools\mips-ps1\mips\bin\mipsel-none-elf-ld.exe: (.rodata+0x13c): undefined reference to `Draw__17tUserNameMenuItemb'
C:\Tools\mips-ps1\mips\bin\mipsel-none-elf-ld.exe: (.rodata+0x144): undefined reference to `Draw__9tMenuItemiib'
C:\Tools\mips-ps1\mips\bin\mipsel-none-elf-ld.exe: (.rodata+0x14c): undefined reference to `Draw__9tMenuItemiiib'
C:\Tools\mips-ps1\mips\bin\mipsel-none-elf-ld.exe: (.rodata+0x154): undefined reference to `TransitionOff__17tUserNameMenuItem'
C:\Tools\mips-ps1\mips\bin\mipsel-none-elf-ld.exe: (.rodata+0x15c): undefined reference to `TransitionOn__17tUserNameMenuItem'
C:\Tools\mips-ps1\mips\bin\mipsel-none-elf-ld.exe: (.rodata+0x164): undefined reference to `TransitionIsFinished__17tUserNameMenuItem'
C:\Tools\mips-ps1\mips\bin\mipsel-none-elf-ld.exe: (.rodata+0x16c): undefined reference to `UpdateTransition__17tUserNameMenuItemb'
C:\Tools\mips-ps1\mips\bin\mipsel-none-elf-ld.exe: build/asm/data/rdata_80010000_r03.rodata.s.o: in function `_vt_22tInsideBoxTwoWaySlider':
(.rodata+0x17c): undefined reference to `___22tInsideBoxTwoWaySlider'
C:\Tools\mips-ps1\mips\bin\mipsel-none-elf-ld.exe: (.rodata+0x184): undefined reference to `DebounceKeys__24tMenuItemLeftRightSlider'
C:\Tools\mips-ps1\mips\bin\mipsel-none-elf-ld.exe: (.rodata+0x18c): undefined reference to `ProcessInput__22tInsideBoxTwoWaySlider7tPlayerR13tInputKeyTypeR12tMenuCommand'
C:\Tools\mips-ps1\mips\bin\mipsel-none-elf-ld.exe: (.rodata+0x194): undefined reference to `Draw__24tMenuItemLeftRightSliderb'
C:\Tools\mips-ps1\mips\bin\mipsel-none-elf-ld.exe: (.rodata+0x19c): undefined reference to `Draw__9tMenuItemiib'
C:\Tools\mips-ps1\mips\bin\mipsel-none-elf-ld.exe: (.rodata+0x1a4): undefined reference to `Draw__22tInsideBoxTwoWaySlideriiib'
C:\Tools\mips-ps1\mips\bin\mipsel-none-elf-ld.exe: (.rodata+0x1ac): undefined reference to `TransitionOff__9tMenuItem'
C:\Tools\mips-ps1\mips\bin\mipsel-none-elf-ld.exe: (.rodata+0x1b4): undefined reference to `TransitionOn__9tMenuItem'
C:\Tools\mips-ps1\mips\bin\mipsel-none-elf-ld.exe: (.rodata+0x1bc): undefined reference to `TransitionIsFinished__9tMenuItem'
C:\Tools\mips-ps1\mips\bin\mipsel-none-elf-ld.exe: (.rodata+0x1c4): undefined reference to `UpdateTransition__9tMenuItemb'
C:\Tools\mips-ps1\mips\bin\mipsel-none-elf-ld.exe: build/asm/data/rdata_80010000_r03.rodata.s.o: in function `_vt_25tInsideBoxLeftRightSlider':
(.rodata+0x1d4): undefined reference to `___25tInsideBoxLeftRightSlider'
C:\Tools\mips-ps1\mips\bin\mipsel-none-elf-ld.exe: (.rodata+0x1dc): undefined reference to `DebounceKeys__24tMenuItemLeftRightSlider'
C:\Tools\mips-ps1\mips\bin\mipsel-none-elf-ld.exe: (.rodata+0x1e4): undefined reference to `ProcessInput__24tMenuItemLeftRightSlider7tPlayerR13tInputKeyTypeR12tMenuCommand'
C:\Tools\mips-ps1\mips\bin\mipsel-none-elf-ld.exe: (.rodata+0x1ec): undefined reference to `Draw__24tMenuItemLeftRightSliderb'
C:\Tools\mips-ps1\mips\bin\mipsel-none-elf-ld.exe: (.rodata+0x1f4): undefined reference to `Draw__9tMenuItemiib'
C:\Tools\mips-ps1\mips\bin\mipsel-none-elf-ld.exe: (.rodata+0x1fc): undefined reference to `Draw__25tInsideBoxLeftRightSlideriiib'
C:\Tools\mips-ps1\mips\bin\mipsel-none-elf-ld.exe: (.rodata+0x204): undefined reference to `TransitionOff__9tMenuItem'
C:\Tools\mips-ps1\mips\bin\mipsel-none-elf-ld.exe: (.rodata+0x20c): undefined reference to `TransitionOn__9tMenuItem'
C:\Tools\mips-ps1\mips\bin\mipsel-none-elf-ld.exe: (.rodata+0x214): undefined reference to `TransitionIsFinished__9tMenuItem'
C:\Tools\mips-ps1\mips\bin\mipsel-none-elf-ld.exe: (.rodata+0x21c): undefined reference to `UpdateTransition__9tMenuItemb'
C:\Tools\mips-ps1\mips\bin\mipsel-none-elf-ld.exe: build/asm/data/rdata_80010000_r03.rodata.s.o: in function `_vt_34tMenuItemControllerLeftRightChoice':
(.rodata+0x22c): undefined reference to `___34tMenuItemControllerLeftRightChoice'
C:\Tools\mips-ps1\mips\bin\mipsel-none-elf-ld.exe: (.rodata+0x234): undefined reference to `DebounceKeys__9tMenuItem'
C:\Tools\mips-ps1\mips\bin\mipsel-none-elf-ld.exe: (.rodata+0x23c): undefined reference to `ProcessInput__24tMenuItemLeftRightChoice7tPlayerR13tInputKeyTypeR12tMenuCommand'
C:\Tools\mips-ps1\mips\bin\mipsel-none-elf-ld.exe: (.rodata+0x244): undefined reference to `Draw__24tMenuItemLeftRightChoiceb'
C:\Tools\mips-ps1\mips\bin\mipsel-none-elf-ld.exe: (.rodata+0x24c): undefined reference to `Draw__34tMenuItemControllerLeftRightChoiceiib'
C:\Tools\mips-ps1\mips\bin\mipsel-none-elf-ld.exe: (.rodata+0x254): undefined reference to `Draw__9tMenuItemiiib'
C:\Tools\mips-ps1\mips\bin\mipsel-none-elf-ld.exe: (.rodata+0x25c): undefined reference to `TransitionOff__22tMenuItemLeftRightFade'
C:\Tools\mips-ps1\mips\bin\mipsel-none-elf-ld.exe: (.rodata+0x264): undefined reference to `TransitionOn__22tMenuItemLeftRightFade'
C:\Tools\mips-ps1\mips\bin\mipsel-none-elf-ld.exe: (.rodata+0x26c): undefined reference to `TransitionIsFinished__22tMenuItemLeftRightFade'
C:\Tools\mips-ps1\mips\bin\mipsel-none-elf-ld.exe: (.rodata+0x274): undefined reference to `UpdateTransition__22tMenuItemLeftRightFadeb'
C:\Tools\mips-ps1\mips\bin\mipsel-none-elf-ld.exe: build/asm/data/rdata_80010000_r03.rodata.s.o: in function `_vt_18tInsideBoxSongMenu':
(.rodata+0x284): undefined reference to `___18tInsideBoxSongMenu'
C:\Tools\mips-ps1\mips\bin\mipsel-none-elf-ld.exe: (.rodata+0x28c): undefined reference to `Initialize__5tMenu'
C:\Tools\mips-ps1\mips\bin\mipsel-none-elf-ld.exe: (.rodata+0x294): undefined reference to `ProcessInput__18tInsideBoxSongMenu7tPlayerR13tInputKeyTypeR12tMenuCommand'
C:\Tools\mips-ps1\mips\bin\mipsel-none-elf-ld.exe: (.rodata+0x29c): undefined reference to `DebounceKeys__18tInsideBoxSongMenu'
C:\Tools\mips-ps1\mips\bin\mipsel-none-elf-ld.exe: (.rodata+0x2a4): undefined reference to `TransitionOff__5tMenu'
C:\Tools\mips-ps1\mips\bin\mipsel-none-elf-ld.exe: (.rodata+0x2ac): undefined reference to `TransitionOn__5tMenu'
C:\Tools\mips-ps1\mips\bin\mipsel-none-elf-ld.exe: (.rodata+0x2b4): undefined reference to `TransitionIsFinished__5tMenu'
C:\Tools\mips-ps1\mips\bin\mipsel-none-elf-ld.exe: (.rodata+0x2bc): undefined reference to `IsSubMenu__5tMenu'
C:\Tools\mips-ps1\mips\bin\mipsel-none-elf-ld.exe: (.rodata+0x2c4): undefined reference to `Draw__5tMenu'
C:\Tools\mips-ps1\mips\bin\mipsel-none-elf-ld.exe: (.rodata+0x2cc): undefined reference to `UpdateTransition__5tMenu'
C:\Tools\mips-ps1\mips\bin\mipsel-none-elf-ld.exe: (.rodata+0x2d4): undefined reference to `Draw__18tInsideBoxSongMenusssss'
C:\Tools\mips-ps1\mips\bin\mipsel-none-elf-ld.exe: (.rodata+0x2dc): undefined reference to `DrawOneSong__18tInsideBoxSongMenussssss'
C:\Tools\mips-ps1\mips\bin\mipsel-none-elf-ld.exe: build/asm/data/rdata_80010000_r03.rodata.s.o: in function `_vt_29tMenuItemLeftRightAudioSlider':
(.rodata+0x2ec): undefined reference to `___29tMenuItemLeftRightAudioSlider'
C:\Tools\mips-ps1\mips\bin\mipsel-none-elf-ld.exe: (.rodata+0x2f4): undefined reference to `DebounceKeys__24tMenuItemLeftRightSlider'
C:\Tools\mips-ps1\mips\bin\mipsel-none-elf-ld.exe: (.rodata+0x2fc): undefined reference to `ProcessInput__24tMenuItemLeftRightSlider7tPlayerR13tInputKeyTypeR12tMenuCommand'
C:\Tools\mips-ps1\mips\bin\mipsel-none-elf-ld.exe: (.rodata+0x304): undefined reference to `Draw__24tMenuItemLeftRightSliderb'
C:\Tools\mips-ps1\mips\bin\mipsel-none-elf-ld.exe: (.rodata+0x30c): undefined reference to `Draw__29tMenuItemLeftRightAudioSlideriib'
C:\Tools\mips-ps1\mips\bin\mipsel-none-elf-ld.exe: (.rodata+0x314): undefined reference to `Draw__9tMenuItemiiib'
C:\Tools\mips-ps1\mips\bin\mipsel-none-elf-ld.exe: (.rodata+0x31c): undefined reference to `TransitionOff__29tMenuItemLeftRightAudioSlider'
C:\Tools\mips-ps1\mips\bin\mipsel-none-elf-ld.exe: (.rodata+0x324): undefined reference to `TransitionOn__29tMenuItemLeftRightAudioSlider'
C:\Tools\mips-ps1\mips\bin\mipsel-none-elf-ld.exe: (.rodata+0x32c): undefined reference to `TransitionIsFinished__29tMenuItemLeftRightAudioSlider'
C:\Tools\mips-ps1\mips\bin\mipsel-none-elf-ld.exe: (.rodata+0x334): undefined reference to `UpdateTransition__29tMenuItemLeftRightAudioSliderb'
C:\Tools\mips-ps1\mips\bin\mipsel-none-elf-ld.exe: build/asm/data/rdata_80010000_r03.rodata.s.o: in function `_vt_29tMenuItemOnOffLeftRightChoice':
(.rodata+0x344): undefined reference to `___29tMenuItemOnOffLeftRightChoice'
C:\Tools\mips-ps1\mips\bin\mipsel-none-elf-ld.exe: (.rodata+0x34c): undefined reference to `DebounceKeys__9tMenuItem'
C:\Tools\mips-ps1\mips\bin\mipsel-none-elf-ld.exe: (.rodata+0x354): undefined reference to `ProcessInput__24tMenuItemLeftRightChoice7tPlayerR13tInputKeyTypeR12tMenuCommand'
C:\Tools\mips-ps1\mips\bin\mipsel-none-elf-ld.exe: (.rodata+0x35c): undefined reference to `Draw__24tMenuItemLeftRightChoiceb'
C:\Tools\mips-ps1\mips\bin\mipsel-none-elf-ld.exe: (.rodata+0x364): undefined reference to `Draw__29tMenuItemOnOffLeftRightChoiceiib'
C:\Tools\mips-ps1\mips\bin\mipsel-none-elf-ld.exe: (.rodata+0x36c): undefined reference to `Draw__9tMenuItemiiib'
C:\Tools\mips-ps1\mips\bin\mipsel-none-elf-ld.exe: (.rodata+0x374): undefined reference to `TransitionOff__22tMenuItemLeftRightFade'
C:\Tools\mips-ps1\mips\bin\mipsel-none-elf-ld.exe: (.rodata+0x37c): undefined reference to `TransitionOn__29tMenuItemOnOffLeftRightChoice'
C:\Tools\mips-ps1\mips\bin\mipsel-none-elf-ld.exe: (.rodata+0x384): undefined reference to `TransitionIsFinished__22tMenuItemLeftRightFade'
C:\Tools\mips-ps1\mips\bin\mipsel-none-elf-ld.exe: (.rodata+0x38c): undefined reference to `UpdateTransition__22tMenuItemLeftRightFadeb'
C:\Tools\mips-ps1\mips\bin\mipsel-none-elf-ld.exe: build/asm/data/rdata_80010000_r03.rodata.s.o: in function `_vt_31tMenuItemDisplayLeftRightChoice':
(.rodata+0x39c): undefined reference to `___31tMenuItemDisplayLeftRightChoice'
C:\Tools\mips-ps1\mips\bin\mipsel-none-elf-ld.exe: (.rodata+0x3a4): undefined reference to `DebounceKeys__9tMenuItem'
C:\Tools\mips-ps1\mips\bin\mipsel-none-elf-ld.exe: (.rodata+0x3ac): undefined reference to `ProcessInput__24tMenuItemLeftRightChoice7tPlayerR13tInputKeyTypeR12tMenuCommand'
C:\Tools\mips-ps1\mips\bin\mipsel-none-elf-ld.exe: (.rodata+0x3b4): undefined reference to `Draw__24tMenuItemLeftRightChoiceb'
C:\Tools\mips-ps1\mips\bin\mipsel-none-elf-ld.exe: (.rodata+0x3bc): undefined reference to `Draw__31tMenuItemDisplayLeftRightChoiceiib'
C:\Tools\mips-ps1\mips\bin\mipsel-none-elf-ld.exe: (.rodata+0x3c4): undefined reference to `Draw__9tMenuItemiiib'
C:\Tools\mips-ps1\mips\bin\mipsel-none-elf-ld.exe: (.rodata+0x3cc): undefined reference to `TransitionOff__22tMenuItemLeftRightFade'
C:\Tools\mips-ps1\mips\bin\mipsel-none-elf-ld.exe: (.rodata+0x3d4): undefined reference to `TransitionOn__22tMenuItemLeftRightFade'
C:\Tools\mips-ps1\mips\bin\mipsel-none-elf-ld.exe: (.rodata+0x3dc): undefined reference to `TransitionIsFinished__22tMenuItemLeftRightFade'
C:\Tools\mips-ps1\mips\bin\mipsel-none-elf-ld.exe: (.rodata+0x3e4): undefined reference to `UpdateTransition__22tMenuItemLeftRightFadeb'
C:\Tools\mips-ps1\mips\bin\mipsel-none-elf-ld.exe: build/asm/data/rdata_80010000_r03.rodata.s.o: in function `_vt_25tMenuItemSlidingActivated':
(.rodata+0x3f4): undefined reference to `___25tMenuItemSlidingActivated'
C:\Tools\mips-ps1\mips\bin\mipsel-none-elf-ld.exe: (.rodata+0x3fc): undefined reference to `DebounceKeys__20tMenuItemSlidingMenu'
C:\Tools\mips-ps1\mips\bin\mipsel-none-elf-ld.exe: (.rodata+0x404): undefined reference to `ProcessInput__25tMenuItemSlidingActivated7tPlayerR13tInputKeyTypeR12tMenuCommand'
C:\Tools\mips-ps1\mips\bin\mipsel-none-elf-ld.exe: (.rodata+0x40c): undefined reference to `Draw__20tMenuItemSlidingMenub'
C:\Tools\mips-ps1\mips\bin\mipsel-none-elf-ld.exe: (.rodata+0x414): undefined reference to `Draw__20tMenuItemSlidingMenuiib'
C:\Tools\mips-ps1\mips\bin\mipsel-none-elf-ld.exe: (.rodata+0x41c): undefined reference to `Draw__9tMenuItemiiib'
C:\Tools\mips-ps1\mips\bin\mipsel-none-elf-ld.exe: (.rodata+0x424): undefined reference to `TransitionOff__25tMenuItemSlidingActivated'
C:\Tools\mips-ps1\mips\bin\mipsel-none-elf-ld.exe: (.rodata+0x42c): undefined reference to `TransitionOn__25tMenuItemSlidingActivated'
C:\Tools\mips-ps1\mips\bin\mipsel-none-elf-ld.exe: (.rodata+0x434): undefined reference to `TransitionIsFinished__25tMenuItemSlidingActivated'
C:\Tools\mips-ps1\mips\bin\mipsel-none-elf-ld.exe: (.rodata+0x43c): undefined reference to `UpdateTransition__25tMenuItemSlidingActivatedb'
C:\Tools\mips-ps1\mips\bin\mipsel-none-elf-ld.exe: (.rodata+0x444): undefined reference to `UpdatefOpenHeight__25tMenuItemSlidingActivatedb'
C:\Tools\mips-ps1\mips\bin\mipsel-none-elf-ld.exe: build/asm/data/rdata_80010000_r03.rodata.s.o: in function `_vt_20tMenuItemSlidingMenu':
(.rodata+0x454): undefined reference to `___20tMenuItemSlidingMenu'
C:\Tools\mips-ps1\mips\bin\mipsel-none-elf-ld.exe: (.rodata+0x45c): undefined reference to `DebounceKeys__20tMenuItemSlidingMenu'
C:\Tools\mips-ps1\mips\bin\mipsel-none-elf-ld.exe: (.rodata+0x464): undefined reference to `ProcessInput__20tMenuItemSlidingMenu7tPlayerR13tInputKeyTypeR12tMenuCommand'
C:\Tools\mips-ps1\mips\bin\mipsel-none-elf-ld.exe: (.rodata+0x46c): undefined reference to `Draw__20tMenuItemSlidingMenub'
C:\Tools\mips-ps1\mips\bin\mipsel-none-elf-ld.exe: (.rodata+0x474): undefined reference to `Draw__20tMenuItemSlidingMenuiib'
C:\Tools\mips-ps1\mips\bin\mipsel-none-elf-ld.exe: (.rodata+0x47c): undefined reference to `Draw__9tMenuItemiiib'
C:\Tools\mips-ps1\mips\bin\mipsel-none-elf-ld.exe: (.rodata+0x484): undefined reference to `TransitionOff__20tMenuItemSlidingMenu'
C:\Tools\mips-ps1\mips\bin\mipsel-none-elf-ld.exe: (.rodata+0x48c): undefined reference to `TransitionOn__20tMenuItemSlidingMenu'
C:\Tools\mips-ps1\mips\bin\mipsel-none-elf-ld.exe: (.rodata+0x494): undefined reference to `TransitionIsFinished__20tMenuItemSlidingMenu'
C:\Tools\mips-ps1\mips\bin\mipsel-none-elf-ld.exe: (.rodata+0x49c): undefined reference to `UpdateTransition__20tMenuItemSlidingMenub'
C:\Tools\mips-ps1\mips\bin\mipsel-none-elf-ld.exe: (.rodata+0x4a4): undefined reference to `UpdatefOpenHeight__20tMenuItemSlidingMenub'
C:\Tools\mips-ps1\mips\bin\mipsel-none-elf-ld.exe: build/asm/data/rdata_80010000_r03.rodata.s.o: in function `_vt_14tInsideBoxMenu':
(.rodata+0x4b4): undefined reference to `___14tInsideBoxMenu'
C:\Tools\mips-ps1\mips\bin\mipsel-none-elf-ld.exe: (.rodata+0x4bc): undefined reference to `Initialize__5tMenu'
C:\Tools\mips-ps1\mips\bin\mipsel-none-elf-ld.exe: (.rodata+0x4c4): undefined reference to `ProcessInput__14tInsideBoxMenu7tPlayerR13tInputKeyTypeR12tMenuCommand'
C:\Tools\mips-ps1\mips\bin\mipsel-none-elf-ld.exe: (.rodata+0x4cc): undefined reference to `DebounceKeys__5tMenu'
C:\Tools\mips-ps1\mips\bin\mipsel-none-elf-ld.exe: (.rodata+0x4d4): undefined reference to `TransitionOff__5tMenu'
C:\Tools\mips-ps1\mips\bin\mipsel-none-elf-ld.exe: (.rodata+0x4dc): undefined reference to `TransitionOn__5tMenu'
C:\Tools\mips-ps1\mips\bin\mipsel-none-elf-ld.exe: (.rodata+0x4e4): undefined reference to `TransitionIsFinished__5tMenu'
C:\Tools\mips-ps1\mips\bin\mipsel-none-elf-ld.exe: (.rodata+0x4ec): undefined reference to `IsSubMenu__5tMenu'
C:\Tools\mips-ps1\mips\bin\mipsel-none-elf-ld.exe: (.rodata+0x4f4): undefined reference to `Draw__5tMenu'
C:\Tools\mips-ps1\mips\bin\mipsel-none-elf-ld.exe: (.rodata+0x4fc): undefined reference to `UpdateTransition__5tMenu'
C:\Tools\mips-ps1\mips\bin\mipsel-none-elf-ld.exe: (.rodata+0x504): undefined reference to `Draw__14tInsideBoxMenusssss'
C:\Tools\mips-ps1\mips\bin\mipsel-none-elf-ld.exe: build/asm/data/rdata_80010000_r03.rodata.s.o: in function `_vt_12tOptionsMenu':
(.rodata+0x514): undefined reference to `___12tOptionsMenu'
C:\Tools\mips-ps1\mips\bin\mipsel-none-elf-ld.exe: (.rodata+0x51c): undefined reference to `Initialize__5tMenu'
C:\Tools\mips-ps1\mips\bin\mipsel-none-elf-ld.exe: (.rodata+0x524): undefined reference to `ProcessInput__12tOptionsMenu7tPlayerR13tInputKeyTypeR12tMenuCommand'
C:\Tools\mips-ps1\mips\bin\mipsel-none-elf-ld.exe: (.rodata+0x52c): undefined reference to `DebounceKeys__12tOptionsMenu'
C:\Tools\mips-ps1\mips\bin\mipsel-none-elf-ld.exe: (.rodata+0x534): undefined reference to `TransitionOff__12tOptionsMenu'
C:\Tools\mips-ps1\mips\bin\mipsel-none-elf-ld.exe: (.rodata+0x53c): undefined reference to `TransitionOn__12tOptionsMenu'
C:\Tools\mips-ps1\mips\bin\mipsel-none-elf-ld.exe: (.rodata+0x544): undefined reference to `TransitionIsFinished__12tOptionsMenu'
C:\Tools\mips-ps1\mips\bin\mipsel-none-elf-ld.exe: (.rodata+0x54c): undefined reference to `IsSubMenu__5tMenu'
C:\Tools\mips-ps1\mips\bin\mipsel-none-elf-ld.exe: (.rodata+0x554): undefined reference to `Draw__12tOptionsMenu'
C:\Tools\mips-ps1\mips\bin\mipsel-none-elf-ld.exe: (.rodata+0x55c): undefined reference to `UpdateTransition__12tOptionsMenu'
C:\Tools\mips-ps1\mips\bin\mipsel-none-elf-ld.exe: build/asm/data/rdata_80010000_r03.rodata.s.o: in function `_vt_22tMenuItemLeftRightFade':
(.rodata+0x56c): undefined reference to `___22tMenuItemLeftRightFade'
C:\Tools\mips-ps1\mips\bin\mipsel-none-elf-ld.exe: (.rodata+0x574): undefined reference to `DebounceKeys__9tMenuItem'
C:\Tools\mips-ps1\mips\bin\mipsel-none-elf-ld.exe: (.rodata+0x57c): undefined reference to `ProcessInput__24tMenuItemLeftRightChoice7tPlayerR13tInputKeyTypeR12tMenuCommand'
C:\Tools\mips-ps1\mips\bin\mipsel-none-elf-ld.exe: (.rodata+0x584): undefined reference to `Draw__24tMenuItemLeftRightChoiceb'
C:\Tools\mips-ps1\mips\bin\mipsel-none-elf-ld.exe: (.rodata+0x58c): undefined reference to `Draw__9tMenuItemiib'
C:\Tools\mips-ps1\mips\bin\mipsel-none-elf-ld.exe: (.rodata+0x594): undefined reference to `Draw__9tMenuItemiiib'
C:\Tools\mips-ps1\mips\bin\mipsel-none-elf-ld.exe: (.rodata+0x59c): undefined reference to `TransitionOff__22tMenuItemLeftRightFade'
C:\Tools\mips-ps1\mips\bin\mipsel-none-elf-ld.exe: (.rodata+0x5a4): undefined reference to `TransitionOn__22tMenuItemLeftRightFade'
C:\Tools\mips-ps1\mips\bin\mipsel-none-elf-ld.exe: (.rodata+0x5ac): undefined reference to `TransitionIsFinished__22tMenuItemLeftRightFade'
C:\Tools\mips-ps1\mips\bin\mipsel-none-elf-ld.exe: (.rodata+0x5b4): undefined reference to `UpdateTransition__22tMenuItemLeftRightFadeb'
C:\Tools\mips-ps1\mips\bin\mipsel-none-elf-ld.exe: build/asm/data/rdata_80010000_r03.rodata.s.o: in function `_vt_18tListIteratorTrack':
(.rodata+0x5f4): undefined reference to `___18tListIteratorTrack'
C:\Tools\mips-ps1\mips\bin\mipsel-none-elf-ld.exe: (.rodata+0x5fc): undefined reference to `Value__20tListIteratorIndexed7tPlayer'
C:\Tools\mips-ps1\mips\bin\mipsel-none-elf-ld.exe: (.rodata+0x604): undefined reference to `TextValue__18tListIteratorTrack7tPlayer'
C:\Tools\mips-ps1\mips\bin\mipsel-none-elf-ld.exe: (.rodata+0x60c): undefined reference to `Increment__18tListIteratorTrack7tPlayer'
C:\Tools\mips-ps1\mips\bin\mipsel-none-elf-ld.exe: (.rodata+0x614): undefined reference to `Decrement__18tListIteratorTrack7tPlayer'
C:\Tools\mips-ps1\mips\bin\mipsel-none-elf-ld.exe: build/asm/data/rdata_80010000_j03.rodata.s.o: in function `jtbl_80011028':
(.rodata+0x0): undefined reference to `.L8002327C'
C:\Tools\mips-ps1\mips\bin\mipsel-none-elf-ld.exe: (.rodata+0x4): undefined reference to `.L8002327C'
C:\Tools\mips-ps1\mips\bin\mipsel-none-elf-ld.exe: (.rodata+0x8): undefined reference to `.L8002327C'
C:\Tools\mips-ps1\mips\bin\mipsel-none-elf-ld.exe: (.rodata+0xc): undefined reference to `.L8002327C'
C:\Tools\mips-ps1\mips\bin\mipsel-none-elf-ld.exe: (.rodata+0x10): undefined reference to `.L8002327C'
C:\Tools\mips-ps1\mips\bin\mipsel-none-elf-ld.exe: build/asm/data/rdata_80010000_j03.rodata.s.o:(.rodata+0x14): more undefined references to `.L8002327C' follow
C:\Tools\mips-ps1\mips\bin\mipsel-none-elf-ld.exe: build/asm/data/rdata_80010000_j03.rodata.s.o: in function `jtbl_80011028':
(.rodata+0x20): undefined reference to `.L800233FC'
C:\Tools\mips-ps1\mips\bin\mipsel-none-elf-ld.exe: (.rodata+0x24): undefined reference to `.L800233FC'
C:\Tools\mips-ps1\mips\bin\mipsel-none-elf-ld.exe: (.rodata+0x28): undefined reference to `.L800233FC'
C:\Tools\mips-ps1\mips\bin\mipsel-none-elf-ld.exe: (.rodata+0x2c): undefined reference to `.L80023294'
C:\Tools\mips-ps1\mips\bin\mipsel-none-elf-ld.exe: (.rodata+0x30): undefined reference to `.L800233FC'
C:\Tools\mips-ps1\mips\bin\mipsel-none-elf-ld.exe: (.rodata+0x34): undefined reference to `.L800232C8'
C:\Tools\mips-ps1\mips\bin\mipsel-none-elf-ld.exe: (.rodata+0x38): undefined reference to `.L80023328'
C:\Tools\mips-ps1\mips\bin\mipsel-none-elf-ld.exe: (.rodata+0x3c): undefined reference to `.L800233FC'
C:\Tools\mips-ps1\mips\bin\mipsel-none-elf-ld.exe: (.rodata+0x40): undefined reference to `.L800233FC'
C:\Tools\mips-ps1\mips\bin\mipsel-none-elf-ld.exe: (.rodata+0x44): undefined reference to `.L800233FC'
C:\Tools\mips-ps1\mips\bin\mipsel-none-elf-ld.exe: (.rodata+0x48): undefined reference to `.L800233FC'
C:\Tools\mips-ps1\mips\bin\mipsel-none-elf-ld.exe: (.rodata+0x4c): undefined reference to `.L8002337C'
C:\Tools\mips-ps1\mips\bin\mipsel-none-elf-ld.exe: (.rodata+0x50): undefined reference to `.L80023364'
C:\Tools\mips-ps1\mips\bin\mipsel-none-elf-ld.exe: (.rodata+0x54): undefined reference to `.L800233FC'
C:\Tools\mips-ps1\mips\bin\mipsel-none-elf-ld.exe: (.rodata+0x58): undefined reference to `.L80023328'
C:\Tools\mips-ps1\mips\bin\mipsel-none-elf-ld.exe: (.rodata+0x5c): undefined reference to `.L80023344'
C:\Tools\mips-ps1\mips\bin\mipsel-none-elf-ld.exe: (.rodata+0x60): undefined reference to `.L800233FC'
C:\Tools\mips-ps1\mips\bin\mipsel-none-elf-ld.exe: (.rodata+0x64): undefined reference to `.L800233FC'
C:\Tools\mips-ps1\mips\bin\mipsel-none-elf-ld.exe: (.rodata+0x68): undefined reference to `.L800233FC'
C:\Tools\mips-ps1\mips\bin\mipsel-none-elf-ld.exe: (.rodata+0x6c): undefined reference to `.L800233CC'
C:\Tools\mips-ps1\mips\bin\mipsel-none-elf-ld.exe: (.rodata+0x70): undefined reference to `.L800233CC'
C:\Tools\mips-ps1\mips\bin\mipsel-none-elf-ld.exe: (.rodata+0x74): undefined reference to `.L800233CC'
C:\Tools\mips-ps1\mips\bin\mipsel-none-elf-ld.exe: (.rodata+0x78): undefined reference to `.L800233CC'
C:\Tools\mips-ps1\mips\bin\mipsel-none-elf-ld.exe: build/asm/data/rdata_80010000_r04.rodata.s.o: in function `_vt_5tMenu':
(.rodata+0x2c): undefined reference to `___5tMenu'
C:\Tools\mips-ps1\mips\bin\mipsel-none-elf-ld.exe: (.rodata+0x34): undefined reference to `Initialize__5tMenu'
C:\Tools\mips-ps1\mips\bin\mipsel-none-elf-ld.exe: (.rodata+0x3c): undefined reference to `ProcessInput__5tMenu7tPlayerR13tInputKeyTypeR12tMenuCommand'
C:\Tools\mips-ps1\mips\bin\mipsel-none-elf-ld.exe: (.rodata+0x44): undefined reference to `DebounceKeys__5tMenu'
C:\Tools\mips-ps1\mips\bin\mipsel-none-elf-ld.exe: (.rodata+0x4c): undefined reference to `TransitionOff__5tMenu'
C:\Tools\mips-ps1\mips\bin\mipsel-none-elf-ld.exe: (.rodata+0x54): undefined reference to `TransitionOn__5tMenu'
C:\Tools\mips-ps1\mips\bin\mipsel-none-elf-ld.exe: (.rodata+0x5c): undefined reference to `TransitionIsFinished__5tMenu'
C:\Tools\mips-ps1\mips\bin\mipsel-none-elf-ld.exe: (.rodata+0x64): undefined reference to `IsSubMenu__5tMenu'
C:\Tools\mips-ps1\mips\bin\mipsel-none-elf-ld.exe: (.rodata+0x6c): undefined reference to `Draw__5tMenu'
C:\Tools\mips-ps1\mips\bin\mipsel-none-elf-ld.exe: (.rodata+0x74): undefined reference to `UpdateTransition__5tMenu'
C:\Tools\mips-ps1\mips\bin\mipsel-none-elf-ld.exe: build/asm/data/rdata_80010000_r04.rodata.s.o: in function `_vt_23tMenuItemGoToMenuButton':
(.rodata+0x84): undefined reference to `___23tMenuItemGoToMenuButton'
C:\Tools\mips-ps1\mips\bin\mipsel-none-elf-ld.exe: (.rodata+0x8c): undefined reference to `DebounceKeys__9tMenuItem'
C:\Tools\mips-ps1\mips\bin\mipsel-none-elf-ld.exe: (.rodata+0x94): undefined reference to `ProcessInput__23tMenuItemGoToMenuButton7tPlayerR13tInputKeyTypeR12tMenuCommand'
C:\Tools\mips-ps1\mips\bin\mipsel-none-elf-ld.exe: (.rodata+0xa4): undefined reference to `Draw__9tMenuItemiib'
C:\Tools\mips-ps1\mips\bin\mipsel-none-elf-ld.exe: (.rodata+0xac): undefined reference to `Draw__9tMenuItemiiib'
C:\Tools\mips-ps1\mips\bin\mipsel-none-elf-ld.exe: (.rodata+0xb4): undefined reference to `TransitionOff__9tMenuItem'
C:\Tools\mips-ps1\mips\bin\mipsel-none-elf-ld.exe: (.rodata+0xbc): undefined reference to `TransitionOn__9tMenuItem'
C:\Tools\mips-ps1\mips\bin\mipsel-none-elf-ld.exe: (.rodata+0xc4): undefined reference to `TransitionIsFinished__9tMenuItem'
C:\Tools\mips-ps1\mips\bin\mipsel-none-elf-ld.exe: (.rodata+0xcc): undefined reference to `UpdateTransition__9tMenuItemb'
C:\Tools\mips-ps1\mips\bin\mipsel-none-elf-ld.exe: build/asm/data/rdata_80010000_r04.rodata.s.o: in function `_vt_24tMenuItemLeftRightSlider':
(.rodata+0xdc): undefined reference to `___24tMenuItemLeftRightSlider'
C:\Tools\mips-ps1\mips\bin\mipsel-none-elf-ld.exe: (.rodata+0xe4): undefined reference to `DebounceKeys__24tMenuItemLeftRightSlider'
C:\Tools\mips-ps1\mips\bin\mipsel-none-elf-ld.exe: (.rodata+0xec): undefined reference to `ProcessInput__24tMenuItemLeftRightSlider7tPlayerR13tInputKeyTypeR12tMenuCommand'
C:\Tools\mips-ps1\mips\bin\mipsel-none-elf-ld.exe: (.rodata+0xf4): undefined reference to `Draw__24tMenuItemLeftRightSliderb'
C:\Tools\mips-ps1\mips\bin\mipsel-none-elf-ld.exe: (.rodata+0xfc): undefined reference to `Draw__9tMenuItemiib'
C:\Tools\mips-ps1\mips\bin\mipsel-none-elf-ld.exe: (.rodata+0x104): undefined reference to `Draw__9tMenuItemiiib'
C:\Tools\mips-ps1\mips\bin\mipsel-none-elf-ld.exe: (.rodata+0x10c): undefined reference to `TransitionOff__9tMenuItem'
C:\Tools\mips-ps1\mips\bin\mipsel-none-elf-ld.exe: (.rodata+0x114): undefined reference to `TransitionOn__9tMenuItem'
C:\Tools\mips-ps1\mips\bin\mipsel-none-elf-ld.exe: (.rodata+0x11c): undefined reference to `TransitionIsFinished__9tMenuItem'
C:\Tools\mips-ps1\mips\bin\mipsel-none-elf-ld.exe: (.rodata+0x124): undefined reference to `UpdateTransition__9tMenuItemb'
C:\Tools\mips-ps1\mips\bin\mipsel-none-elf-ld.exe: build/asm/data/rdata_80010000_r04.rodata.s.o: in function `_vt_24tMenuItemLeftRightChoice':
(.rodata+0x134): undefined reference to `___24tMenuItemLeftRightChoice'
C:\Tools\mips-ps1\mips\bin\mipsel-none-elf-ld.exe: (.rodata+0x13c): undefined reference to `DebounceKeys__9tMenuItem'
C:\Tools\mips-ps1\mips\bin\mipsel-none-elf-ld.exe: (.rodata+0x144): undefined reference to `ProcessInput__24tMenuItemLeftRightChoice7tPlayerR13tInputKeyTypeR12tMenuCommand'
C:\Tools\mips-ps1\mips\bin\mipsel-none-elf-ld.exe: (.rodata+0x14c): undefined reference to `Draw__24tMenuItemLeftRightChoiceb'
C:\Tools\mips-ps1\mips\bin\mipsel-none-elf-ld.exe: (.rodata+0x154): undefined reference to `Draw__9tMenuItemiib'
C:\Tools\mips-ps1\mips\bin\mipsel-none-elf-ld.exe: (.rodata+0x15c): undefined reference to `Draw__9tMenuItemiiib'
C:\Tools\mips-ps1\mips\bin\mipsel-none-elf-ld.exe: (.rodata+0x164): undefined reference to `TransitionOff__9tMenuItem'
C:\Tools\mips-ps1\mips\bin\mipsel-none-elf-ld.exe: (.rodata+0x16c): undefined reference to `TransitionOn__9tMenuItem'
C:\Tools\mips-ps1\mips\bin\mipsel-none-elf-ld.exe: (.rodata+0x174): undefined reference to `TransitionIsFinished__9tMenuItem'
C:\Tools\mips-ps1\mips\bin\mipsel-none-elf-ld.exe: (.rodata+0x17c): undefined reference to `UpdateTransition__9tMenuItemb'
C:\Tools\mips-ps1\mips\bin\mipsel-none-elf-ld.exe: build/asm/data/rdata_80010000_r04.rodata.s.o: in function `_vt_20tMenuItemInteractive':
(.rodata+0x18c): undefined reference to `___20tMenuItemInteractive'
C:\Tools\mips-ps1\mips\bin\mipsel-none-elf-ld.exe: (.rodata+0x194): undefined reference to `DebounceKeys__9tMenuItem'
C:\Tools\mips-ps1\mips\bin\mipsel-none-elf-ld.exe: (.rodata+0x19c): undefined reference to `ProcessInput__9tMenuItem7tPlayerR13tInputKeyTypeR12tMenuCommand'
C:\Tools\mips-ps1\mips\bin\mipsel-none-elf-ld.exe: (.rodata+0x1ac): undefined reference to `Draw__9tMenuItemiib'
C:\Tools\mips-ps1\mips\bin\mipsel-none-elf-ld.exe: (.rodata+0x1b4): undefined reference to `Draw__9tMenuItemiiib'
C:\Tools\mips-ps1\mips\bin\mipsel-none-elf-ld.exe: (.rodata+0x1bc): undefined reference to `TransitionOff__9tMenuItem'
C:\Tools\mips-ps1\mips\bin\mipsel-none-elf-ld.exe: (.rodata+0x1c4): undefined reference to `TransitionOn__9tMenuItem'
C:\Tools\mips-ps1\mips\bin\mipsel-none-elf-ld.exe: (.rodata+0x1cc): undefined reference to `TransitionIsFinished__9tMenuItem'
C:\Tools\mips-ps1\mips\bin\mipsel-none-elf-ld.exe: (.rodata+0x1d4): undefined reference to `UpdateTransition__9tMenuItemb'
C:\Tools\mips-ps1\mips\bin\mipsel-none-elf-ld.exe: build/asm/data/rdata_80010000_r04.rodata.s.o: in function `_vt_9tMenuItem':
(.rodata+0x1e4): undefined reference to `___9tMenuItem'
C:\Tools\mips-ps1\mips\bin\mipsel-none-elf-ld.exe: (.rodata+0x1ec): undefined reference to `DebounceKeys__9tMenuItem'
C:\Tools\mips-ps1\mips\bin\mipsel-none-elf-ld.exe: (.rodata+0x1f4): undefined reference to `ProcessInput__9tMenuItem7tPlayerR13tInputKeyTypeR12tMenuCommand'
C:\Tools\mips-ps1\mips\bin\mipsel-none-elf-ld.exe: (.rodata+0x204): undefined reference to `Draw__9tMenuItemiib'
C:\Tools\mips-ps1\mips\bin\mipsel-none-elf-ld.exe: (.rodata+0x20c): undefined reference to `Draw__9tMenuItemiiib'
C:\Tools\mips-ps1\mips\bin\mipsel-none-elf-ld.exe: (.rodata+0x214): undefined reference to `TransitionOff__9tMenuItem'
C:\Tools\mips-ps1\mips\bin\mipsel-none-elf-ld.exe: (.rodata+0x21c): undefined reference to `TransitionOn__9tMenuItem'
C:\Tools\mips-ps1\mips\bin\mipsel-none-elf-ld.exe: (.rodata+0x224): undefined reference to `TransitionIsFinished__9tMenuItem'
C:\Tools\mips-ps1\mips\bin\mipsel-none-elf-ld.exe: (.rodata+0x22c): undefined reference to `UpdateTransition__9tMenuItemb'
C:\Tools\mips-ps1\mips\bin\mipsel-none-elf-ld.exe: build/asm/data/rdata_80010000_r04.rodata.s.o: in function `_vt_25tListIteratorRangeIndexed':
(.rodata+0x23c): undefined reference to `___25tListIteratorRangeIndexed'
C:\Tools\mips-ps1\mips\bin\mipsel-none-elf-ld.exe: (.rodata+0x244): undefined reference to `Value__25tListIteratorRangeIndexed7tPlayer'
C:\Tools\mips-ps1\mips\bin\mipsel-none-elf-ld.exe: (.rodata+0x24c): undefined reference to `TextValue__18tListIteratorRange7tPlayer'
C:\Tools\mips-ps1\mips\bin\mipsel-none-elf-ld.exe: (.rodata+0x254): undefined reference to `Increment__25tListIteratorRangeIndexed7tPlayer'
C:\Tools\mips-ps1\mips\bin\mipsel-none-elf-ld.exe: (.rodata+0x25c): undefined reference to `Decrement__25tListIteratorRangeIndexed7tPlayer'
C:\Tools\mips-ps1\mips\bin\mipsel-none-elf-ld.exe: build/asm/data/rdata_80010000_r04.rodata.s.o: in function `_vt_18tListIteratorRange':
(.rodata+0x26c): undefined reference to `___18tListIteratorRange'
C:\Tools\mips-ps1\mips\bin\mipsel-none-elf-ld.exe: (.rodata+0x274): undefined reference to `Value__18tListIteratorRange7tPlayer'
C:\Tools\mips-ps1\mips\bin\mipsel-none-elf-ld.exe: (.rodata+0x27c): undefined reference to `TextValue__18tListIteratorRange7tPlayer'
C:\Tools\mips-ps1\mips\bin\mipsel-none-elf-ld.exe: (.rodata+0x284): undefined reference to `Increment__18tListIteratorRange7tPlayer'
C:\Tools\mips-ps1\mips\bin\mipsel-none-elf-ld.exe: (.rodata+0x28c): undefined reference to `Decrement__18tListIteratorRange7tPlayer'
C:\Tools\mips-ps1\mips\bin\mipsel-none-elf-ld.exe: build/asm/data/rdata_80010000_r04.rodata.s.o: in function `_vt_24tListIteratorMultiPlayer':
(.rodata+0x29c): undefined reference to `___24tListIteratorMultiPlayer'
C:\Tools\mips-ps1\mips\bin\mipsel-none-elf-ld.exe: (.rodata+0x2a4): undefined reference to `Value__24tListIteratorMultiPlayer7tPlayer'
C:\Tools\mips-ps1\mips\bin\mipsel-none-elf-ld.exe: (.rodata+0x2ac): undefined reference to `TextValue__24tListIteratorMultiPlayer7tPlayer'
C:\Tools\mips-ps1\mips\bin\mipsel-none-elf-ld.exe: (.rodata+0x2b4): undefined reference to `Increment__24tListIteratorMultiPlayer7tPlayer'
C:\Tools\mips-ps1\mips\bin\mipsel-none-elf-ld.exe: (.rodata+0x2bc): undefined reference to `Decrement__24tListIteratorMultiPlayer7tPlayer'
C:\Tools\mips-ps1\mips\bin\mipsel-none-elf-ld.exe: build/asm/data/rdata_80010000_r04.rodata.s.o: in function `_vt_26tListIteratorDoubleIndexed':
(.rodata+0x2cc): undefined reference to `___26tListIteratorDoubleIndexed'
C:\Tools\mips-ps1\mips\bin\mipsel-none-elf-ld.exe: (.rodata+0x2d4): undefined reference to `Value__26tListIteratorDoubleIndexed7tPlayer'
C:\Tools\mips-ps1\mips\bin\mipsel-none-elf-ld.exe: (.rodata+0x2dc): undefined reference to `TextValue__26tListIteratorDoubleIndexed7tPlayer'
C:\Tools\mips-ps1\mips\bin\mipsel-none-elf-ld.exe: (.rodata+0x2e4): undefined reference to `Increment__26tListIteratorDoubleIndexed7tPlayer'
C:\Tools\mips-ps1\mips\bin\mipsel-none-elf-ld.exe: (.rodata+0x2ec): undefined reference to `Decrement__26tListIteratorDoubleIndexed7tPlayer'
C:\Tools\mips-ps1\mips\bin\mipsel-none-elf-ld.exe: build/asm/data/rdata_80010000_r04.rodata.s.o: in function `_vt_20tListIteratorIndexed':
(.rodata+0x2fc): undefined reference to `___20tListIteratorIndexed'
C:\Tools\mips-ps1\mips\bin\mipsel-none-elf-ld.exe: (.rodata+0x304): undefined reference to `Value__20tListIteratorIndexed7tPlayer'
C:\Tools\mips-ps1\mips\bin\mipsel-none-elf-ld.exe: (.rodata+0x30c): undefined reference to `TextValue__20tListIteratorIndexed7tPlayer'
C:\Tools\mips-ps1\mips\bin\mipsel-none-elf-ld.exe: (.rodata+0x314): undefined reference to `Increment__20tListIteratorIndexed7tPlayer'
C:\Tools\mips-ps1\mips\bin\mipsel-none-elf-ld.exe: (.rodata+0x31c): undefined reference to `Decrement__20tListIteratorIndexed7tPlayer'
C:\Tools\mips-ps1\mips\bin\mipsel-none-elf-ld.exe: build/asm/data/rdata_80010000_r04.rodata.s.o: in function `_vt_13tListIterator':
(.rodata+0x32c): undefined reference to `___13tListIterator'
C:\Tools\mips-ps1\mips\bin\mipsel-none-elf-ld.exe: (.rodata+0x334): undefined reference to `Value__13tListIterator7tPlayer'
C:\Tools\mips-ps1\mips\bin\mipsel-none-elf-ld.exe: (.rodata+0x33c): undefined reference to `TextValue__13tListIterator7tPlayer'
C:\Tools\mips-ps1\mips\bin\mipsel-none-elf-ld.exe: (.rodata+0x344): undefined reference to `Increment__13tListIterator7tPlayer'
C:\Tools\mips-ps1\mips\bin\mipsel-none-elf-ld.exe: (.rodata+0x34c): undefined reference to `Decrement__13tListIterator7tPlayer'
C:\Tools\mips-ps1\mips\bin\mipsel-none-elf-ld.exe: build/asm/data/rdata_80010000_r04.rodata.s.o: in function `_vt_7tScreen':
(.rodata+0x37c): undefined reference to `GetShapeInfo__7tScreenRsT1PPcT3'
C:\Tools\mips-ps1\mips\bin\mipsel-none-elf-ld.exe: (.rodata+0x384): undefined reference to `DrawBackground__7tScreen'
C:\Tools\mips-ps1\mips\bin\mipsel-none-elf-ld.exe: (.rodata+0x38c): undefined reference to `DrawForeground__7tScreen'
C:\Tools\mips-ps1\mips\bin\mipsel-none-elf-ld.exe: (.rodata+0x394): undefined reference to `___7tScreen'
C:\Tools\mips-ps1\mips\bin\mipsel-none-elf-ld.exe: (.rodata+0x39c): undefined reference to `PreLoad__7tScreen'
C:\Tools\mips-ps1\mips\bin\mipsel-none-elf-ld.exe: (.rodata+0x3a4): undefined reference to `Initialize__7tScreen'
C:\Tools\mips-ps1\mips\bin\mipsel-none-elf-ld.exe: (.rodata+0x3ac): undefined reference to `Cleanup__7tScreen'
C:\Tools\mips-ps1\mips\bin\mipsel-none-elf-ld.exe: (.rodata+0x3b4): undefined reference to `TransitionIsFinished__7tScreen'
C:\Tools\mips-ps1\mips\bin\mipsel-none-elf-ld.exe: (.rodata+0x3bc): undefined reference to `ProcessInput__7tScreen7tPlayerR13tInputKeyTypeR12tMenuCommand'
C:\Tools\mips-ps1\mips\bin\mipsel-none-elf-ld.exe: build/asm/data/rdata_80010000_r04.rodata.s.o: in function `D_800114D8':
(.rodata+0x43c): undefined reference to `___32tBlankMenuItemGoToMenuNFS4Button'
C:\Tools\mips-ps1\mips\bin\mipsel-none-elf-ld.exe: (.rodata+0x444): undefined reference to `DebounceKeys__9tMenuItem'
C:\Tools\mips-ps1\mips\bin\mipsel-none-elf-ld.exe: (.rodata+0x44c): undefined reference to `ProcessInput__23tMenuItemGoToMenuButton7tPlayerR13tInputKeyTypeR12tMenuCommand'
C:\Tools\mips-ps1\mips\bin\mipsel-none-elf-ld.exe: (.rodata+0x454): undefined reference to `Draw__32tBlankMenuItemGoToMenuNFS4Buttonb'
C:\Tools\mips-ps1\mips\bin\mipsel-none-elf-ld.exe: (.rodata+0x45c): undefined reference to `Draw__32tBlankMenuItemGoToMenuNFS4Buttoniib'
C:\Tools\mips-ps1\mips\bin\mipsel-none-elf-ld.exe: (.rodata+0x464): undefined reference to `Draw__9tMenuItemiiib'
C:\Tools\mips-ps1\mips\bin\mipsel-none-elf-ld.exe: (.rodata+0x46c): undefined reference to `TransitionOff__27tMenuItemGoToMenuNFS4Button'
C:\Tools\mips-ps1\mips\bin\mipsel-none-elf-ld.exe: (.rodata+0x474): undefined reference to `TransitionOn__27tMenuItemGoToMenuNFS4Button'
C:\Tools\mips-ps1\mips\bin\mipsel-none-elf-ld.exe: (.rodata+0x47c): undefined reference to `TransitionIsFinished__32tBlankMenuItemGoToMenuNFS4Button'
C:\Tools\mips-ps1\mips\bin\mipsel-none-elf-ld.exe: (.rodata+0x484): undefined reference to `UpdateTransition__27tMenuItemGoToMenuNFS4Buttonb'
C:\Tools\mips-ps1\mips\bin\mipsel-none-elf-ld.exe: build/asm/data/rdata_80010000_r04.rodata.s.o: in function `D_80011530':
(.rodata+0x494): undefined reference to `___33tBlankMenuItemNFS4LeftRightChoice'
C:\Tools\mips-ps1\mips\bin\mipsel-none-elf-ld.exe: (.rodata+0x49c): undefined reference to `DebounceKeys__9tMenuItem'
C:\Tools\mips-ps1\mips\bin\mipsel-none-elf-ld.exe: (.rodata+0x4a4): undefined reference to `ProcessInput__24tMenuItemLeftRightChoice7tPlayerR13tInputKeyTypeR12tMenuCommand'
C:\Tools\mips-ps1\mips\bin\mipsel-none-elf-ld.exe: (.rodata+0x4ac): undefined reference to `Draw__24tMenuItemLeftRightChoiceb'
C:\Tools\mips-ps1\mips\bin\mipsel-none-elf-ld.exe: (.rodata+0x4b4): undefined reference to `Draw__33tBlankMenuItemNFS4LeftRightChoiceiib'
C:\Tools\mips-ps1\mips\bin\mipsel-none-elf-ld.exe: (.rodata+0x4bc): undefined reference to `Draw__9tMenuItemiiib'
C:\Tools\mips-ps1\mips\bin\mipsel-none-elf-ld.exe: (.rodata+0x4c4): undefined reference to `TransitionOff__28tMenuItemNFS4LeftRightChoice'
C:\Tools\mips-ps1\mips\bin\mipsel-none-elf-ld.exe: (.rodata+0x4cc): undefined reference to `TransitionOn__28tMenuItemNFS4LeftRightChoice'
C:\Tools\mips-ps1\mips\bin\mipsel-none-elf-ld.exe: (.rodata+0x4d4): undefined reference to `TransitionIsFinished__33tBlankMenuItemNFS4LeftRightChoice'
C:\Tools\mips-ps1\mips\bin\mipsel-none-elf-ld.exe: (.rodata+0x4dc): undefined reference to `UpdateTransition__28tMenuItemNFS4LeftRightChoiceb'
C:\Tools\mips-ps1\mips\bin\mipsel-none-elf-ld.exe: build/asm/data/rdata_80010000_r04.rodata.s.o: in function `_vt_23tListIteratorTournament':
(.rodata+0x5d4): undefined reference to `___23tListIteratorTournament'
C:\Tools\mips-ps1\mips\bin\mipsel-none-elf-ld.exe: (.rodata+0x5dc): undefined reference to `Value__23tListIteratorTournament7tPlayer'
C:\Tools\mips-ps1\mips\bin\mipsel-none-elf-ld.exe: (.rodata+0x5e4): undefined reference to `TextValue__23tListIteratorTournament7tPlayer'
C:\Tools\mips-ps1\mips\bin\mipsel-none-elf-ld.exe: (.rodata+0x5ec): undefined reference to `Increment__23tListIteratorTournament7tPlayer'
C:\Tools\mips-ps1\mips\bin\mipsel-none-elf-ld.exe: (.rodata+0x5f4): undefined reference to `Decrement__23tListIteratorTournament7tPlayer'
C:\Tools\mips-ps1\mips\bin\mipsel-none-elf-ld.exe: build/asm/data/rdata_80010000_j04.rodata.s.o: in function `jtbl_800116F8':
(.rodata+0x0): undefined reference to `.L80034CBC'
C:\Tools\mips-ps1\mips\bin\mipsel-none-elf-ld.exe: (.rodata+0x4): undefined reference to `.L80034CBC'
C:\Tools\mips-ps1\mips\bin\mipsel-none-elf-ld.exe: (.rodata+0x8): undefined reference to `.L80034C3C'
C:\Tools\mips-ps1\mips\bin\mipsel-none-elf-ld.exe: (.rodata+0xc): undefined reference to `.L80034C3C'
C:\Tools\mips-ps1\mips\bin\mipsel-none-elf-ld.exe: (.rodata+0x10): undefined reference to `.L80034C3C'
C:\Tools\mips-ps1\mips\bin\mipsel-none-elf-ld.exe: (.rodata+0x14): undefined reference to `.L80034CBC'
C:\Tools\mips-ps1\mips\bin\mipsel-none-elf-ld.exe: (.rodata+0x18): undefined reference to `.L80034C3C'
C:\Tools\mips-ps1\mips\bin\mipsel-none-elf-ld.exe: (.rodata+0x1c): undefined reference to `.L80034C3C'
C:\Tools\mips-ps1\mips\bin\mipsel-none-elf-ld.exe: (.rodata+0x20): undefined reference to `.L80034CBC'
C:\Tools\mips-ps1\mips\bin\mipsel-none-elf-ld.exe: (.rodata+0x24): undefined reference to `.L80034CBC'
C:\Tools\mips-ps1\mips\bin\mipsel-none-elf-ld.exe: (.rodata+0x28): undefined reference to `.L80034CAC'
C:\Tools\mips-ps1\mips\bin\mipsel-none-elf-ld.exe: (.rodata+0x2c): undefined reference to `.L80034CBC'
C:\Tools\mips-ps1\mips\bin\mipsel-none-elf-ld.exe: (.rodata+0x30): undefined reference to `.L80034C3C'
C:\Tools\mips-ps1\mips\bin\mipsel-none-elf-ld.exe: (.rodata+0x34): undefined reference to `.L80034C3C'
C:\Tools\mips-ps1\mips\bin\mipsel-none-elf-ld.exe: (.rodata+0x38): undefined reference to `.L80034C3C'
C:\Tools\mips-ps1\mips\bin\mipsel-none-elf-ld.exe: (.rodata+0x3c): undefined reference to `.L80034C3C'
C:\Tools\mips-ps1\mips\bin\mipsel-none-elf-ld.exe: (.rodata+0x40): undefined reference to `.L80034C3C'
C:\Tools\mips-ps1\mips\bin\mipsel-none-elf-ld.exe: build/asm/data/rdata_80010000_j04.rodata.s.o:(.rodata+0x44): more undefined references to `.L80034C3C' follow
C:\Tools\mips-ps1\mips\bin\mipsel-none-elf-ld.exe: build/asm/data/rdata_80010000_j04.rodata.s.o: in function `jtbl_800116F8':
(.rodata+0x50): undefined reference to `.L80034C8C'
C:\Tools\mips-ps1\mips\bin\mipsel-none-elf-ld.exe: (.rodata+0x54): undefined reference to `.L80034CBC'
C:\Tools\mips-ps1\mips\bin\mipsel-none-elf-ld.exe: build/asm/data/rdata_80010000_j05.rodata.s.o: in function `jtbl_80011750':
(.rodata+0x0): undefined reference to `.L800351DC'
C:\Tools\mips-ps1\mips\bin\mipsel-none-elf-ld.exe: (.rodata+0x4): undefined reference to `.L800351DC'
C:\Tools\mips-ps1\mips\bin\mipsel-none-elf-ld.exe: (.rodata+0x8): undefined reference to `.L8003500C'
C:\Tools\mips-ps1\mips\bin\mipsel-none-elf-ld.exe: (.rodata+0xc): undefined reference to `.L8003500C'
C:\Tools\mips-ps1\mips\bin\mipsel-none-elf-ld.exe: (.rodata+0x10): undefined reference to `.L8003500C'
C:\Tools\mips-ps1\mips\bin\mipsel-none-elf-ld.exe: (.rodata+0x14): undefined reference to `.L800351DC'
C:\Tools\mips-ps1\mips\bin\mipsel-none-elf-ld.exe: (.rodata+0x18): undefined reference to `.L8003500C'
C:\Tools\mips-ps1\mips\bin\mipsel-none-elf-ld.exe: (.rodata+0x1c): undefined reference to `.L8003500C'
C:\Tools\mips-ps1\mips\bin\mipsel-none-elf-ld.exe: (.rodata+0x20): undefined reference to `.L800351DC'
C:\Tools\mips-ps1\mips\bin\mipsel-none-elf-ld.exe: (.rodata+0x24): undefined reference to `.L800351DC'
C:\Tools\mips-ps1\mips\bin\mipsel-none-elf-ld.exe: (.rodata+0x28): undefined reference to `.L8003500C'
C:\Tools\mips-ps1\mips\bin\mipsel-none-elf-ld.exe: (.rodata+0x2c): undefined reference to `.L8003500C'
C:\Tools\mips-ps1\mips\bin\mipsel-none-elf-ld.exe: (.rodata+0x30): undefined reference to `.L8003500C'
C:\Tools\mips-ps1\mips\bin\mipsel-none-elf-ld.exe: (.rodata+0x34): undefined reference to `.L80035074'
C:\Tools\mips-ps1\mips\bin\mipsel-none-elf-ld.exe: (.rodata+0x38): undefined reference to `.L800351DC'
C:\Tools\mips-ps1\mips\bin\mipsel-none-elf-ld.exe: (.rodata+0x3c): undefined reference to `.L8003500C'
C:\Tools\mips-ps1\mips\bin\mipsel-none-elf-ld.exe: (.rodata+0x40): undefined reference to `.L8003500C'
C:\Tools\mips-ps1\mips\bin\mipsel-none-elf-ld.exe: (.rodata+0x44): undefined reference to `.L8003500C'
C:\Tools\mips-ps1\mips\bin\mipsel-none-elf-ld.exe: (.rodata+0x48): undefined reference to `.L8003500C'
C:\Tools\mips-ps1\mips\bin\mipsel-none-elf-ld.exe: (.rodata+0x4c): undefined reference to `.L8003500C'
C:\Tools\mips-ps1\mips\bin\mipsel-none-elf-ld.exe: (.rodata+0x50): undefined reference to `.L8003505C'
C:\Tools\mips-ps1\mips\bin\mipsel-none-elf-ld.exe: (.rodata+0x54): undefined reference to `.L800351DC'
C:\Tools\mips-ps1\mips\bin\mipsel-none-elf-ld.exe: build/asm/data/rdata_80010000_j06.rodata.s.o: in function `jtbl_800117A8':
(.rodata+0x0): undefined reference to `.L800356C0'
C:\Tools\mips-ps1\mips\bin\mipsel-none-elf-ld.exe: (.rodata+0x4): undefined reference to `.L800356F4'
C:\Tools\mips-ps1\mips\bin\mipsel-none-elf-ld.exe: (.rodata+0x8): undefined reference to `.L800354E8'
C:\Tools\mips-ps1\mips\bin\mipsel-none-elf-ld.exe: (.rodata+0xc): undefined reference to `.L800354E8'
C:\Tools\mips-ps1\mips\bin\mipsel-none-elf-ld.exe: (.rodata+0x10): undefined reference to `.L800354E8'
C:\Tools\mips-ps1\mips\bin\mipsel-none-elf-ld.exe: (.rodata+0x14): undefined reference to `.L800356F4'
C:\Tools\mips-ps1\mips\bin\mipsel-none-elf-ld.exe: (.rodata+0x18): undefined reference to `.L800354E8'
C:\Tools\mips-ps1\mips\bin\mipsel-none-elf-ld.exe: (.rodata+0x1c): undefined reference to `.L800354E8'
C:\Tools\mips-ps1\mips\bin\mipsel-none-elf-ld.exe: (.rodata+0x20): undefined reference to `.L800356F4'
C:\Tools\mips-ps1\mips\bin\mipsel-none-elf-ld.exe: (.rodata+0x24): undefined reference to `.L800356F4'
C:\Tools\mips-ps1\mips\bin\mipsel-none-elf-ld.exe: (.rodata+0x28): undefined reference to `.L800354E8'
C:\Tools\mips-ps1\mips\bin\mipsel-none-elf-ld.exe: (.rodata+0x2c): undefined reference to `.L800354E8'
C:\Tools\mips-ps1\mips\bin\mipsel-none-elf-ld.exe: (.rodata+0x30): undefined reference to `.L800354E8'
C:\Tools\mips-ps1\mips\bin\mipsel-none-elf-ld.exe: (.rodata+0x34): undefined reference to `.L80035550'
C:\Tools\mips-ps1\mips\bin\mipsel-none-elf-ld.exe: (.rodata+0x38): undefined reference to `.L800356C0'
C:\Tools\mips-ps1\mips\bin\mipsel-none-elf-ld.exe: (.rodata+0x3c): undefined reference to `.L800354E8'
C:\Tools\mips-ps1\mips\bin\mipsel-none-elf-ld.exe: (.rodata+0x40): undefined reference to `.L800354E8'
C:\Tools\mips-ps1\mips\bin\mipsel-none-elf-ld.exe: (.rodata+0x44): undefined reference to `.L800354E8'
C:\Tools\mips-ps1\mips\bin\mipsel-none-elf-ld.exe: (.rodata+0x48): undefined reference to `.L800354E8'
C:\Tools\mips-ps1\mips\bin\mipsel-none-elf-ld.exe: (.rodata+0x4c): undefined reference to `.L800354E8'
C:\Tools\mips-ps1\mips\bin\mipsel-none-elf-ld.exe: (.rodata+0x50): undefined reference to `.L80035538'
C:\Tools\mips-ps1\mips\bin\mipsel-none-elf-ld.exe: (.rodata+0x54): undefined reference to `.L800356F4'
C:\Tools\mips-ps1\mips\bin\mipsel-none-elf-ld.exe: build/asm/data/rdata_80010000_j07.rodata.s.o: in function `jtbl_80011800':
(.rodata+0x0): undefined reference to `.L80035674'
C:\Tools\mips-ps1\mips\bin\mipsel-none-elf-ld.exe: (.rodata+0x4): undefined reference to `.L80035674'
C:\Tools\mips-ps1\mips\bin\mipsel-none-elf-ld.exe: (.rodata+0x8): undefined reference to `.L80035600'
C:\Tools\mips-ps1\mips\bin\mipsel-none-elf-ld.exe: (.rodata+0xc): undefined reference to `.L80035600'
C:\Tools\mips-ps1\mips\bin\mipsel-none-elf-ld.exe: (.rodata+0x10): undefined reference to `.L80035600'
C:\Tools\mips-ps1\mips\bin\mipsel-none-elf-ld.exe: (.rodata+0x14): undefined reference to `.L80035674'
C:\Tools\mips-ps1\mips\bin\mipsel-none-elf-ld.exe: (.rodata+0x18): undefined reference to `.L80035600'
C:\Tools\mips-ps1\mips\bin\mipsel-none-elf-ld.exe: (.rodata+0x1c): undefined reference to `.L80035600'
C:\Tools\mips-ps1\mips\bin\mipsel-none-elf-ld.exe: (.rodata+0x20): undefined reference to `.L80035674'
C:\Tools\mips-ps1\mips\bin\mipsel-none-elf-ld.exe: (.rodata+0x24): undefined reference to `.L80035674'
C:\Tools\mips-ps1\mips\bin\mipsel-none-elf-ld.exe: (.rodata+0x28): undefined reference to `.L80035668'
C:\Tools\mips-ps1\mips\bin\mipsel-none-elf-ld.exe: (.rodata+0x2c): undefined reference to `.L80035674'
C:\Tools\mips-ps1\mips\bin\mipsel-none-elf-ld.exe: (.rodata+0x30): undefined reference to `.L80035600'
C:\Tools\mips-ps1\mips\bin\mipsel-none-elf-ld.exe: (.rodata+0x34): undefined reference to `.L80035600'
C:\Tools\mips-ps1\mips\bin\mipsel-none-elf-ld.exe: (.rodata+0x38): undefined reference to `.L80035600'
C:\Tools\mips-ps1\mips\bin\mipsel-none-elf-ld.exe: (.rodata+0x3c): undefined reference to `.L80035600'
C:\Tools\mips-ps1\mips\bin\mipsel-none-elf-ld.exe: (.rodata+0x40): undefined reference to `.L80035600'
C:\Tools\mips-ps1\mips\bin\mipsel-none-elf-ld.exe: build/asm/data/rdata_80010000_j07.rodata.s.o:(.rodata+0x44): more undefined references to `.L80035600' follow
C:\Tools\mips-ps1\mips\bin\mipsel-none-elf-ld.exe: build/asm/data/rdata_80010000_j07.rodata.s.o: in function `jtbl_80011800':
(.rodata+0x50): undefined reference to `.L80035648'
C:\Tools\mips-ps1\mips\bin\mipsel-none-elf-ld.exe: (.rodata+0x54): undefined reference to `.L80035674'
C:\Tools\mips-ps1\mips\bin\mipsel-none-elf-ld.exe: build/asm/data/rdata_80010000_r05.rodata.s.o: in function `_vt_11tScreenMain':
(.rodata+0x64): undefined reference to `GetShapeInfo__11tScreenMainRsT1PPcT3'
C:\Tools\mips-ps1\mips\bin\mipsel-none-elf-ld.exe: (.rodata+0x6c): undefined reference to `DrawBackground__11tScreenMain'
C:\Tools\mips-ps1\mips\bin\mipsel-none-elf-ld.exe: (.rodata+0x74): undefined reference to `DrawForeground__7tScreen'
C:\Tools\mips-ps1\mips\bin\mipsel-none-elf-ld.exe: (.rodata+0x7c): undefined reference to `___11tScreenMain'
C:\Tools\mips-ps1\mips\bin\mipsel-none-elf-ld.exe: (.rodata+0x84): undefined reference to `PreLoad__11tScreenMain'
C:\Tools\mips-ps1\mips\bin\mipsel-none-elf-ld.exe: (.rodata+0x8c): undefined reference to `Initialize__11tScreenMain'
C:\Tools\mips-ps1\mips\bin\mipsel-none-elf-ld.exe: (.rodata+0x94): undefined reference to `Cleanup__11tScreenMain'
C:\Tools\mips-ps1\mips\bin\mipsel-none-elf-ld.exe: (.rodata+0x9c): undefined reference to `TransitionIsFinished__7tScreen'
C:\Tools\mips-ps1\mips\bin\mipsel-none-elf-ld.exe: (.rodata+0xa4): undefined reference to `ProcessInput__11tScreenMain7tPlayerR13tInputKeyTypeR12tMenuCommand'
C:\Tools\mips-ps1\mips\bin\mipsel-none-elf-ld.exe: build/asm/data/rdata_80010000_r05.rodata.s.o: in function `_vt_16tScreenPinkSlips':
(.rodata+0xe4): undefined reference to `GetShapeInfo__16tScreenPinkSlipsRsT1PPcT3'
C:\Tools\mips-ps1\mips\bin\mipsel-none-elf-ld.exe: (.rodata+0xec): undefined reference to `DrawBackground__16tScreenPinkSlips'
C:\Tools\mips-ps1\mips\bin\mipsel-none-elf-ld.exe: (.rodata+0xf4): undefined reference to `DrawForeground__7tScreen'
C:\Tools\mips-ps1\mips\bin\mipsel-none-elf-ld.exe: (.rodata+0xfc): undefined reference to `___16tScreenPinkSlips'
C:\Tools\mips-ps1\mips\bin\mipsel-none-elf-ld.exe: (.rodata+0x104): undefined reference to `PreLoad__7tScreen'
C:\Tools\mips-ps1\mips\bin\mipsel-none-elf-ld.exe: (.rodata+0x10c): undefined reference to `Initialize__16tScreenPinkSlips'
C:\Tools\mips-ps1\mips\bin\mipsel-none-elf-ld.exe: (.rodata+0x114): undefined reference to `Cleanup__16tScreenPinkSlips'
C:\Tools\mips-ps1\mips\bin\mipsel-none-elf-ld.exe: (.rodata+0x11c): undefined reference to `TransitionIsFinished__7tScreen'
C:\Tools\mips-ps1\mips\bin\mipsel-none-elf-ld.exe: (.rodata+0x124): undefined reference to `ProcessInput__16tScreenPinkSlips7tPlayerR13tInputKeyTypeR12tMenuCommand'
C:\Tools\mips-ps1\mips\bin\mipsel-none-elf-ld.exe: build/asm/data/rdata_80010000_r05.rodata.s.o: in function `_vt_24tScreenPinkSlipStandings':
(.rodata+0x15c): undefined reference to `GetShapeInfo__31tScreenTournamentStandings3itemRsT1PPcT3'
C:\Tools\mips-ps1\mips\bin\mipsel-none-elf-ld.exe: (.rodata+0x164): undefined reference to `DrawBackground__24tScreenPinkSlipStandings'
C:\Tools\mips-ps1\mips\bin\mipsel-none-elf-ld.exe: (.rodata+0x16c): undefined reference to `DrawForeground__7tScreen'
C:\Tools\mips-ps1\mips\bin\mipsel-none-elf-ld.exe: (.rodata+0x174): undefined reference to `___24tScreenPinkSlipStandings'
C:\Tools\mips-ps1\mips\bin\mipsel-none-elf-ld.exe: (.rodata+0x17c): undefined reference to `PreLoad__7tScreen'
C:\Tools\mips-ps1\mips\bin\mipsel-none-elf-ld.exe: (.rodata+0x184): undefined reference to `Initialize__26tScreenTournamentStandings'
C:\Tools\mips-ps1\mips\bin\mipsel-none-elf-ld.exe: (.rodata+0x18c): undefined reference to `Cleanup__26tScreenTournamentStandings'
C:\Tools\mips-ps1\mips\bin\mipsel-none-elf-ld.exe: (.rodata+0x194): undefined reference to `TransitionIsFinished__7tScreen'
C:\Tools\mips-ps1\mips\bin\mipsel-none-elf-ld.exe: (.rodata+0x19c): undefined reference to `ProcessInput__24tScreenPinkSlipStandings7tPlayerR13tInputKeyTypeR12tMenuCommand'
C:\Tools\mips-ps1\mips\bin\mipsel-none-elf-ld.exe: build/asm/data/rdata_80010000_r05.rodata.s.o: in function `_vt_31tScreenTournamentStandings3item':
(.rodata+0x1ac): undefined reference to `GetShapeInfo__31tScreenTournamentStandings3itemRsT1PPcT3'
C:\Tools\mips-ps1\mips\bin\mipsel-none-elf-ld.exe: (.rodata+0x1b4): undefined reference to `DrawBackground__26tScreenTournamentStandings'
C:\Tools\mips-ps1\mips\bin\mipsel-none-elf-ld.exe: (.rodata+0x1bc): undefined reference to `DrawForeground__7tScreen'
C:\Tools\mips-ps1\mips\bin\mipsel-none-elf-ld.exe: (.rodata+0x1c4): undefined reference to `___31tScreenTournamentStandings3item'
C:\Tools\mips-ps1\mips\bin\mipsel-none-elf-ld.exe: (.rodata+0x1cc): undefined reference to `PreLoad__7tScreen'
C:\Tools\mips-ps1\mips\bin\mipsel-none-elf-ld.exe: (.rodata+0x1d4): undefined reference to `Initialize__26tScreenTournamentStandings'
C:\Tools\mips-ps1\mips\bin\mipsel-none-elf-ld.exe: (.rodata+0x1dc): undefined reference to `Cleanup__26tScreenTournamentStandings'
C:\Tools\mips-ps1\mips\bin\mipsel-none-elf-ld.exe: (.rodata+0x1e4): undefined reference to `TransitionIsFinished__7tScreen'
C:\Tools\mips-ps1\mips\bin\mipsel-none-elf-ld.exe: (.rodata+0x1ec): undefined reference to `ProcessInput__26tScreenTournamentStandings7tPlayerR13tInputKeyTypeR12tMenuCommand'
C:\Tools\mips-ps1\mips\bin\mipsel-none-elf-ld.exe: build/asm/data/rdata_80010000_r05.rodata.s.o: in function `_vt_26tScreenTournamentStandings':
(.rodata+0x1fc): undefined reference to `GetShapeInfo__26tScreenTournamentStandingsRsT1PPcT3'
C:\Tools\mips-ps1\mips\bin\mipsel-none-elf-ld.exe: (.rodata+0x204): undefined reference to `DrawBackground__26tScreenTournamentStandings'
C:\Tools\mips-ps1\mips\bin\mipsel-none-elf-ld.exe: (.rodata+0x20c): undefined reference to `DrawForeground__7tScreen'
C:\Tools\mips-ps1\mips\bin\mipsel-none-elf-ld.exe: (.rodata+0x214): undefined reference to `___26tScreenTournamentStandings'
C:\Tools\mips-ps1\mips\bin\mipsel-none-elf-ld.exe: (.rodata+0x21c): undefined reference to `PreLoad__7tScreen'
C:\Tools\mips-ps1\mips\bin\mipsel-none-elf-ld.exe: (.rodata+0x224): undefined reference to `Initialize__26tScreenTournamentStandings'
C:\Tools\mips-ps1\mips\bin\mipsel-none-elf-ld.exe: (.rodata+0x22c): undefined reference to `Cleanup__26tScreenTournamentStandings'
C:\Tools\mips-ps1\mips\bin\mipsel-none-elf-ld.exe: (.rodata+0x234): undefined reference to `TransitionIsFinished__7tScreen'
C:\Tools\mips-ps1\mips\bin\mipsel-none-elf-ld.exe: (.rodata+0x23c): undefined reference to `ProcessInput__26tScreenTournamentStandings7tPlayerR13tInputKeyTypeR12tMenuCommand'
C:\Tools\mips-ps1\mips\bin\mipsel-none-elf-ld.exe: build/asm/data/rdata_80010000_j08.rodata.s.o: in function `jtbl_80011AB8':
(.rodata+0x0): undefined reference to `.L8003AED8'
C:\Tools\mips-ps1\mips\bin\mipsel-none-elf-ld.exe: (.rodata+0x4): undefined reference to `.L8003AEF8'
C:\Tools\mips-ps1\mips\bin\mipsel-none-elf-ld.exe: (.rodata+0x8): undefined reference to `.L8003AEF8'
C:\Tools\mips-ps1\mips\bin\mipsel-none-elf-ld.exe: (.rodata+0xc): undefined reference to `.L8003AEF8'
C:\Tools\mips-ps1\mips\bin\mipsel-none-elf-ld.exe: (.rodata+0x10): undefined reference to `.L8003B144'
C:\Tools\mips-ps1\mips\bin\mipsel-none-elf-ld.exe: (.rodata+0x14): undefined reference to `.L8003B220'
C:\Tools\mips-ps1\mips\bin\mipsel-none-elf-ld.exe: (.rodata+0x18): undefined reference to `.L8003B4D0'
C:\Tools\mips-ps1\mips\bin\mipsel-none-elf-ld.exe: build/asm/data/rdata_80010000_j09.rodata.s.o: in function `jtbl_80011AF8':
(.rodata+0x0): undefined reference to `.L8003C270'
C:\Tools\mips-ps1\mips\bin\mipsel-none-elf-ld.exe: (.rodata+0x4): undefined reference to `.L8003C3B8'
C:\Tools\mips-ps1\mips\bin\mipsel-none-elf-ld.exe: (.rodata+0x8): undefined reference to `.L8003C2D4'
C:\Tools\mips-ps1\mips\bin\mipsel-none-elf-ld.exe: (.rodata+0xc): undefined reference to `.L8003C3B8'
C:\Tools\mips-ps1\mips\bin\mipsel-none-elf-ld.exe: (.rodata+0x10): undefined reference to `.L8003C3B8'
C:\Tools\mips-ps1\mips\bin\mipsel-none-elf-ld.exe: (.rodata+0x14): undefined reference to `.L8003C270'
C:\Tools\mips-ps1\mips\bin\mipsel-none-elf-ld.exe: (.rodata+0x18): undefined reference to `.L8003C2D4'
C:\Tools\mips-ps1\mips\bin\mipsel-none-elf-ld.exe: (.rodata+0x1c): undefined reference to `.L8003C310'
C:\Tools\mips-ps1\mips\bin\mipsel-none-elf-ld.exe: build/asm/data/rdata_80010000_j10.rodata.s.o: in function `jtbl_80011B38':
(.rodata+0x0): undefined reference to `.L8003F45C'
C:\Tools\mips-ps1\mips\bin\mipsel-none-elf-ld.exe: (.rodata+0x4): undefined reference to `.L8003F51C'
C:\Tools\mips-ps1\mips\bin\mipsel-none-elf-ld.exe: (.rodata+0x8): undefined reference to `.L8003F50C'
C:\Tools\mips-ps1\mips\bin\mipsel-none-elf-ld.exe: (.rodata+0xc): undefined reference to `.L8003F514'
C:\Tools\mips-ps1\mips\bin\mipsel-none-elf-ld.exe: (.rodata+0x10): undefined reference to `.L8003F544'
C:\Tools\mips-ps1\mips\bin\mipsel-none-elf-ld.exe: (.rodata+0x14): undefined reference to `.L8003F54C'
C:\Tools\mips-ps1\mips\bin\mipsel-none-elf-ld.exe: (.rodata+0x18): undefined reference to `.L8003F3CC'
C:\Tools\mips-ps1\mips\bin\mipsel-none-elf-ld.exe: (.rodata+0x1c): undefined reference to `.L8003F3BC'
C:\Tools\mips-ps1\mips\bin\mipsel-none-elf-ld.exe: (.rodata+0x20): undefined reference to `.L8003F554'
C:\Tools\mips-ps1\mips\bin\mipsel-none-elf-ld.exe: build/asm/data/rdata_80010000_r08.rodata.s.o: in function `_vt_25tScreenPinkSlipsCarSelect':
(.rodata+0xc): undefined reference to `GetShapeInfo__25tScreenPinkSlipsCarSelectRsT1PPcT3'
C:\Tools\mips-ps1\mips\bin\mipsel-none-elf-ld.exe: (.rodata+0x14): undefined reference to `DrawBackground__25tScreenPinkSlipsCarSelect'
C:\Tools\mips-ps1\mips\bin\mipsel-none-elf-ld.exe: (.rodata+0x1c): undefined reference to `DrawForeground__25tScreenPinkSlipsCarSelect'
C:\Tools\mips-ps1\mips\bin\mipsel-none-elf-ld.exe: (.rodata+0x24): undefined reference to `___25tScreenPinkSlipsCarSelect'
C:\Tools\mips-ps1\mips\bin\mipsel-none-elf-ld.exe: (.rodata+0x2c): undefined reference to `PreLoad__7tScreen'
C:\Tools\mips-ps1\mips\bin\mipsel-none-elf-ld.exe: (.rodata+0x34): undefined reference to `Initialize__25tScreenPinkSlipsCarSelect'
C:\Tools\mips-ps1\mips\bin\mipsel-none-elf-ld.exe: (.rodata+0x3c): undefined reference to `Cleanup__25tScreenPinkSlipsCarSelect'
C:\Tools\mips-ps1\mips\bin\mipsel-none-elf-ld.exe: (.rodata+0x44): undefined reference to `TransitionIsFinished__7tScreen'
C:\Tools\mips-ps1\mips\bin\mipsel-none-elf-ld.exe: (.rodata+0x4c): undefined reference to `ProcessInput__25tScreenPinkSlipsCarSelect7tPlayerR13tInputKeyTypeR12tMenuCommand'
C:\Tools\mips-ps1\mips\bin\mipsel-none-elf-ld.exe: (.rodata+0x54): undefined reference to `DrawVideoWall__25tScreenCarSelectTwoPlayers'
C:\Tools\mips-ps1\mips\bin\mipsel-none-elf-ld.exe: (.rodata+0x5c): undefined reference to `InitializeVideoWall__25tScreenCarSelectTwoPlayer'
C:\Tools\mips-ps1\mips\bin\mipsel-none-elf-ld.exe: (.rodata+0x64): undefined reference to `UpdateVideoWall__25tScreenCarSelectTwoPlayerR8tCarInfo'
C:\Tools\mips-ps1\mips\bin\mipsel-none-elf-ld.exe: (.rodata+0x6c): undefined reference to `GetCar__25tScreenPinkSlipsCarSelectR8tCarInfo'
C:\Tools\mips-ps1\mips\bin\mipsel-none-elf-ld.exe: (.rodata+0x74): undefined reference to `AllocateAsyncBuffer__25tScreenCarSelectTwoPlayer'
C:\Tools\mips-ps1\mips\bin\mipsel-none-elf-ld.exe: (.rodata+0x7c): undefined reference to `FreeAsyncBuffer__16tScreenCarSelect'
C:\Tools\mips-ps1\mips\bin\mipsel-none-elf-ld.exe: (.rodata+0x84): undefined reference to `TurnOffVideoWall__25tScreenCarSelectTwoPlayer'
C:\Tools\mips-ps1\mips\bin\mipsel-none-elf-ld.exe: (.rodata+0x8c): undefined reference to `SetDialog__25tScreenPinkSlipsCarSelect'
C:\Tools\mips-ps1\mips\bin\mipsel-none-elf-ld.exe: build/asm/data/rdata_80010000_r08.rodata.s.o: in function `_vt_25tScreenCarSelectTwoPlayer':
(.rodata+0x9c): undefined reference to `GetShapeInfo__25tScreenCarSelectTwoPlayerRsT1PPcT3'
C:\Tools\mips-ps1\mips\bin\mipsel-none-elf-ld.exe: (.rodata+0xa4): undefined reference to `DrawBackground__25tScreenCarSelectTwoPlayer'
C:\Tools\mips-ps1\mips\bin\mipsel-none-elf-ld.exe: (.rodata+0xac): undefined reference to `DrawForeground__25tScreenCarSelectTwoPlayer'
C:\Tools\mips-ps1\mips\bin\mipsel-none-elf-ld.exe: (.rodata+0xb4): undefined reference to `___25tScreenCarSelectTwoPlayer'
C:\Tools\mips-ps1\mips\bin\mipsel-none-elf-ld.exe: (.rodata+0xbc): undefined reference to `PreLoad__7tScreen'
C:\Tools\mips-ps1\mips\bin\mipsel-none-elf-ld.exe: (.rodata+0xc4): undefined reference to `Initialize__25tScreenCarSelectTwoPlayer'
C:\Tools\mips-ps1\mips\bin\mipsel-none-elf-ld.exe: (.rodata+0xcc): undefined reference to `Cleanup__25tScreenCarSelectTwoPlayer'
C:\Tools\mips-ps1\mips\bin\mipsel-none-elf-ld.exe: (.rodata+0xd4): undefined reference to `TransitionIsFinished__7tScreen'
C:\Tools\mips-ps1\mips\bin\mipsel-none-elf-ld.exe: (.rodata+0xdc): undefined reference to `ProcessInput__16tScreenCarSelect7tPlayerR13tInputKeyTypeR12tMenuCommand'
C:\Tools\mips-ps1\mips\bin\mipsel-none-elf-ld.exe: (.rodata+0xe4): undefined reference to `DrawVideoWall__25tScreenCarSelectTwoPlayers'
C:\Tools\mips-ps1\mips\bin\mipsel-none-elf-ld.exe: (.rodata+0xec): undefined reference to `InitializeVideoWall__25tScreenCarSelectTwoPlayer'
C:\Tools\mips-ps1\mips\bin\mipsel-none-elf-ld.exe: (.rodata+0xf4): undefined reference to `UpdateVideoWall__25tScreenCarSelectTwoPlayerR8tCarInfo'
C:\Tools\mips-ps1\mips\bin\mipsel-none-elf-ld.exe: (.rodata+0xfc): undefined reference to `GetCar__25tScreenCarSelectTwoPlayerR8tCarInfo'
C:\Tools\mips-ps1\mips\bin\mipsel-none-elf-ld.exe: (.rodata+0x104): undefined reference to `AllocateAsyncBuffer__25tScreenCarSelectTwoPlayer'
C:\Tools\mips-ps1\mips\bin\mipsel-none-elf-ld.exe: (.rodata+0x10c): undefined reference to `FreeAsyncBuffer__16tScreenCarSelect'
C:\Tools\mips-ps1\mips\bin\mipsel-none-elf-ld.exe: (.rodata+0x114): undefined reference to `TurnOffVideoWall__25tScreenCarSelectTwoPlayer'
C:\Tools\mips-ps1\mips\bin\mipsel-none-elf-ld.exe: (.rodata+0x11c): undefined reference to `SetDialog__25tScreenCarSelectTwoPlayer'
C:\Tools\mips-ps1\mips\bin\mipsel-none-elf-ld.exe: build/asm/data/rdata_80010000_r08.rodata.s.o: in function `_vt_20tScreenCarSelectDuel':
(.rodata+0x12c): undefined reference to `GetShapeInfo__20tScreenCarSelectDuelRsT1PPcT3'
C:\Tools\mips-ps1\mips\bin\mipsel-none-elf-ld.exe: (.rodata+0x134): undefined reference to `DrawBackground__20tScreenCarSelectDuel'
C:\Tools\mips-ps1\mips\bin\mipsel-none-elf-ld.exe: (.rodata+0x13c): undefined reference to `DrawForeground__20tScreenCarSelectDuel'
C:\Tools\mips-ps1\mips\bin\mipsel-none-elf-ld.exe: (.rodata+0x144): undefined reference to `___20tScreenCarSelectDuel'
C:\Tools\mips-ps1\mips\bin\mipsel-none-elf-ld.exe: (.rodata+0x14c): undefined reference to `PreLoad__20tScreenCarSelectDuel'
C:\Tools\mips-ps1\mips\bin\mipsel-none-elf-ld.exe: (.rodata+0x154): undefined reference to `Initialize__20tScreenCarSelectDuel'
C:\Tools\mips-ps1\mips\bin\mipsel-none-elf-ld.exe: (.rodata+0x15c): undefined reference to `Cleanup__20tScreenCarSelectDuel'
C:\Tools\mips-ps1\mips\bin\mipsel-none-elf-ld.exe: (.rodata+0x164): undefined reference to `TransitionIsFinished__7tScreen'
C:\Tools\mips-ps1\mips\bin\mipsel-none-elf-ld.exe: (.rodata+0x16c): undefined reference to `ProcessInput__16tScreenCarSelect7tPlayerR13tInputKeyTypeR12tMenuCommand'
C:\Tools\mips-ps1\mips\bin\mipsel-none-elf-ld.exe: (.rodata+0x174): undefined reference to `DrawVideoWall__20tScreenCarSelectDuels'
C:\Tools\mips-ps1\mips\bin\mipsel-none-elf-ld.exe: (.rodata+0x17c): undefined reference to `InitializeVideoWall__20tScreenCarSelectDuel'
C:\Tools\mips-ps1\mips\bin\mipsel-none-elf-ld.exe: (.rodata+0x184): undefined reference to `UpdateVideoWall__20tScreenCarSelectDuelR8tCarInfo'
C:\Tools\mips-ps1\mips\bin\mipsel-none-elf-ld.exe: (.rodata+0x18c): undefined reference to `GetCar__16tScreenCarSelectR8tCarInfo'
C:\Tools\mips-ps1\mips\bin\mipsel-none-elf-ld.exe: (.rodata+0x194): undefined reference to `AllocateAsyncBuffer__20tScreenCarSelectDuel'
C:\Tools\mips-ps1\mips\bin\mipsel-none-elf-ld.exe: (.rodata+0x19c): undefined reference to `FreeAsyncBuffer__20tScreenCarSelectDuel'
C:\Tools\mips-ps1\mips\bin\mipsel-none-elf-ld.exe: (.rodata+0x1a4): undefined reference to `DrawOpponentVideoWall__20tScreenCarSelectDuels'
C:\Tools\mips-ps1\mips\bin\mipsel-none-elf-ld.exe: build/asm/data/rdata_80010000_r08.rodata.s.o: in function `_vt_16tScreenCarSelect':
(.rodata+0x1b4): undefined reference to `GetShapeInfo__16tScreenCarSelectRsT1PPcT3'
C:\Tools\mips-ps1\mips\bin\mipsel-none-elf-ld.exe: (.rodata+0x1bc): undefined reference to `DrawBackground__16tScreenCarSelect'
C:\Tools\mips-ps1\mips\bin\mipsel-none-elf-ld.exe: (.rodata+0x1c4): undefined reference to `DrawForeground__16tScreenCarSelect'
C:\Tools\mips-ps1\mips\bin\mipsel-none-elf-ld.exe: (.rodata+0x1cc): undefined reference to `___16tScreenCarSelect'
C:\Tools\mips-ps1\mips\bin\mipsel-none-elf-ld.exe: (.rodata+0x1d4): undefined reference to `PreLoad__7tScreen'
C:\Tools\mips-ps1\mips\bin\mipsel-none-elf-ld.exe: (.rodata+0x1dc): undefined reference to `Initialize__16tScreenCarSelect'
C:\Tools\mips-ps1\mips\bin\mipsel-none-elf-ld.exe: (.rodata+0x1e4): undefined reference to `Cleanup__16tScreenCarSelect'
C:\Tools\mips-ps1\mips\bin\mipsel-none-elf-ld.exe: (.rodata+0x1ec): undefined reference to `TransitionIsFinished__7tScreen'
C:\Tools\mips-ps1\mips\bin\mipsel-none-elf-ld.exe: (.rodata+0x1f4): undefined reference to `ProcessInput__16tScreenCarSelect7tPlayerR13tInputKeyTypeR12tMenuCommand'
C:\Tools\mips-ps1\mips\bin\mipsel-none-elf-ld.exe: (.rodata+0x1fc): undefined reference to `DrawVideoWall__16tScreenCarSelects'
C:\Tools\mips-ps1\mips\bin\mipsel-none-elf-ld.exe: (.rodata+0x204): undefined reference to `InitializeVideoWall__16tScreenCarSelect'
C:\Tools\mips-ps1\mips\bin\mipsel-none-elf-ld.exe: (.rodata+0x20c): undefined reference to `UpdateVideoWall__16tScreenCarSelectR8tCarInfo'
C:\Tools\mips-ps1\mips\bin\mipsel-none-elf-ld.exe: (.rodata+0x214): undefined reference to `GetCar__16tScreenCarSelectR8tCarInfo'
C:\Tools\mips-ps1\mips\bin\mipsel-none-elf-ld.exe: (.rodata+0x21c): undefined reference to `AllocateAsyncBuffer__16tScreenCarSelect'
C:\Tools\mips-ps1\mips\bin\mipsel-none-elf-ld.exe: (.rodata+0x224): undefined reference to `FreeAsyncBuffer__16tScreenCarSelect'
C:\Tools\mips-ps1\mips\bin\mipsel-none-elf-ld.exe: build/asm/data/rdata_80010000_r08.rodata.s.o: in function `_vt_18tScreenTournSelect':
(.rodata+0x25c): undefined reference to `GetShapeInfo__18tScreenTournSelectRsT1PPcT3'
C:\Tools\mips-ps1\mips\bin\mipsel-none-elf-ld.exe: (.rodata+0x264): undefined reference to `DrawBackground__18tScreenTournSelect'
C:\Tools\mips-ps1\mips\bin\mipsel-none-elf-ld.exe: (.rodata+0x26c): undefined reference to `DrawForeground__18tScreenTournSelect'
C:\Tools\mips-ps1\mips\bin\mipsel-none-elf-ld.exe: (.rodata+0x274): undefined reference to `___18tScreenTournSelect'
C:\Tools\mips-ps1\mips\bin\mipsel-none-elf-ld.exe: (.rodata+0x27c): undefined reference to `PreLoad__7tScreen'
C:\Tools\mips-ps1\mips\bin\mipsel-none-elf-ld.exe: (.rodata+0x284): undefined reference to `Initialize__18tScreenTournSelect'
C:\Tools\mips-ps1\mips\bin\mipsel-none-elf-ld.exe: (.rodata+0x28c): undefined reference to `Cleanup__18tScreenTournSelect'
C:\Tools\mips-ps1\mips\bin\mipsel-none-elf-ld.exe: (.rodata+0x294): undefined reference to `TransitionIsFinished__7tScreen'
C:\Tools\mips-ps1\mips\bin\mipsel-none-elf-ld.exe: (.rodata+0x29c): undefined reference to `ProcessInput__7tScreen7tPlayerR13tInputKeyTypeR12tMenuCommand'
C:\Tools\mips-ps1\mips\bin\mipsel-none-elf-ld.exe: build/asm/data/rdata_80010000_r08.rodata.s.o: in function `_vt_17tScreenTrophyRoom':
(.rodata+0x2d4): undefined reference to `GetShapeInfo__17tScreenTrophyRoomRsT1PPcT3'
C:\Tools\mips-ps1\mips\bin\mipsel-none-elf-ld.exe: (.rodata+0x2dc): undefined reference to `DrawBackground__17tScreenTrophyRoom'
C:\Tools\mips-ps1\mips\bin\mipsel-none-elf-ld.exe: (.rodata+0x2e4): undefined reference to `DrawForeground__7tScreen'
C:\Tools\mips-ps1\mips\bin\mipsel-none-elf-ld.exe: (.rodata+0x2ec): undefined reference to `___17tScreenTrophyRoom'
C:\Tools\mips-ps1\mips\bin\mipsel-none-elf-ld.exe: (.rodata+0x2f4): undefined reference to `PreLoad__17tScreenTrophyRoom'
C:\Tools\mips-ps1\mips\bin\mipsel-none-elf-ld.exe: (.rodata+0x2fc): undefined reference to `Initialize__17tScreenTrophyRoom'
C:\Tools\mips-ps1\mips\bin\mipsel-none-elf-ld.exe: (.rodata+0x304): undefined reference to `Cleanup__17tScreenTrophyRoom'
C:\Tools\mips-ps1\mips\bin\mipsel-none-elf-ld.exe: (.rodata+0x30c): undefined reference to `TransitionIsFinished__7tScreen'
C:\Tools\mips-ps1\mips\bin\mipsel-none-elf-ld.exe: (.rodata+0x314): undefined reference to `ProcessInput__17tScreenTrophyRoom7tPlayerR13tInputKeyTypeR12tMenuCommand'
C:\Tools\mips-ps1\mips\bin\mipsel-none-elf-ld.exe: build/asm/data/rdata_80010000_r08.rodata.s.o: in function `_vt_17tScreenTrophyInfo':
(.rodata+0x33c): undefined reference to `GetShapeInfo__17tScreenTrophyInfoRsT1PPcT3'
C:\Tools\mips-ps1\mips\bin\mipsel-none-elf-ld.exe: (.rodata+0x344): undefined reference to `DrawBackground__17tScreenTrophyInfo'
C:\Tools\mips-ps1\mips\bin\mipsel-none-elf-ld.exe: (.rodata+0x34c): undefined reference to `DrawForeground__7tScreen'
C:\Tools\mips-ps1\mips\bin\mipsel-none-elf-ld.exe: (.rodata+0x354): undefined reference to `___17tScreenTrophyInfo'
C:\Tools\mips-ps1\mips\bin\mipsel-none-elf-ld.exe: (.rodata+0x35c): undefined reference to `PreLoad__7tScreen'
C:\Tools\mips-ps1\mips\bin\mipsel-none-elf-ld.exe: (.rodata+0x364): undefined reference to `Initialize__7tScreen'
C:\Tools\mips-ps1\mips\bin\mipsel-none-elf-ld.exe: (.rodata+0x36c): undefined reference to `Cleanup__7tScreen'
C:\Tools\mips-ps1\mips\bin\mipsel-none-elf-ld.exe: (.rodata+0x374): undefined reference to `TransitionIsFinished__7tScreen'
C:\Tools\mips-ps1\mips\bin\mipsel-none-elf-ld.exe: (.rodata+0x37c): undefined reference to `ProcessInput__7tScreen7tPlayerR13tInputKeyTypeR12tMenuCommand'
C:\Tools\mips-ps1\mips\bin\mipsel-none-elf-ld.exe: build/asm/data/rdata_80010000_r08.rodata.s.o: in function `_vt_18tScreenTrackSelect':
(.rodata+0x3b4): undefined reference to `GetShapeInfo__18tScreenTrackSelectRsT1PPcT3'
C:\Tools\mips-ps1\mips\bin\mipsel-none-elf-ld.exe: (.rodata+0x3bc): undefined reference to `DrawBackground__18tScreenTrackSelect'
C:\Tools\mips-ps1\mips\bin\mipsel-none-elf-ld.exe: (.rodata+0x3c4): undefined reference to `DrawForeground__7tScreen'
C:\Tools\mips-ps1\mips\bin\mipsel-none-elf-ld.exe: (.rodata+0x3cc): undefined reference to `___18tScreenTrackSelect'
C:\Tools\mips-ps1\mips\bin\mipsel-none-elf-ld.exe: (.rodata+0x3d4): undefined reference to `PreLoad__7tScreen'
C:\Tools\mips-ps1\mips\bin\mipsel-none-elf-ld.exe: (.rodata+0x3dc): undefined reference to `Initialize__18tScreenTrackSelect'
C:\Tools\mips-ps1\mips\bin\mipsel-none-elf-ld.exe: (.rodata+0x3e4): undefined reference to `Cleanup__18tScreenTrackSelect'
C:\Tools\mips-ps1\mips\bin\mipsel-none-elf-ld.exe: (.rodata+0x3ec): undefined reference to `TransitionIsFinished__7tScreen'
C:\Tools\mips-ps1\mips\bin\mipsel-none-elf-ld.exe: (.rodata+0x3f4): undefined reference to `ProcessInput__18tScreenTrackSelect7tPlayerR13tInputKeyTypeR12tMenuCommand'
C:\Tools\mips-ps1\mips\bin\mipsel-none-elf-ld.exe: build/asm/data/rdata_80010000_r08.rodata.s.o: in function `_vt_16tScreenTrackInfo':
(.rodata+0x424): undefined reference to `GetShapeInfo__16tScreenTrackInfoRsT1PPcT3'
C:\Tools\mips-ps1\mips\bin\mipsel-none-elf-ld.exe: (.rodata+0x42c): undefined reference to `DrawBackground__16tScreenTrackInfo'
C:\Tools\mips-ps1\mips\bin\mipsel-none-elf-ld.exe: (.rodata+0x434): undefined reference to `DrawForeground__7tScreen'
C:\Tools\mips-ps1\mips\bin\mipsel-none-elf-ld.exe: (.rodata+0x43c): undefined reference to `___16tScreenTrackInfo'
C:\Tools\mips-ps1\mips\bin\mipsel-none-elf-ld.exe: (.rodata+0x444): undefined reference to `PreLoad__7tScreen'
C:\Tools\mips-ps1\mips\bin\mipsel-none-elf-ld.exe: (.rodata+0x44c): undefined reference to `Initialize__16tScreenTrackInfo'
C:\Tools\mips-ps1\mips\bin\mipsel-none-elf-ld.exe: (.rodata+0x454): undefined reference to `Cleanup__7tScreen'
C:\Tools\mips-ps1\mips\bin\mipsel-none-elf-ld.exe: (.rodata+0x45c): undefined reference to `TransitionIsFinished__7tScreen'
C:\Tools\mips-ps1\mips\bin\mipsel-none-elf-ld.exe: (.rodata+0x464): undefined reference to `ProcessInput__16tScreenTrackInfo7tPlayerR13tInputKeyTypeR12tMenuCommand'
C:\Tools\mips-ps1\mips\bin\mipsel-none-elf-ld.exe: build/asm/data/rdata_80010000_r08.rodata.s.o: in function `_vt_19tScreenTrackRecords':
(.rodata+0x49c): undefined reference to `GetShapeInfo__19tScreenTrackRecordsRsT1PPcT3'
C:\Tools\mips-ps1\mips\bin\mipsel-none-elf-ld.exe: (.rodata+0x4a4): undefined reference to `DrawBackground__19tScreenTrackRecords'
C:\Tools\mips-ps1\mips\bin\mipsel-none-elf-ld.exe: (.rodata+0x4ac): undefined reference to `DrawForeground__7tScreen'
C:\Tools\mips-ps1\mips\bin\mipsel-none-elf-ld.exe: (.rodata+0x4b4): undefined reference to `___19tScreenTrackRecords'
C:\Tools\mips-ps1\mips\bin\mipsel-none-elf-ld.exe: (.rodata+0x4bc): undefined reference to `PreLoad__7tScreen'
C:\Tools\mips-ps1\mips\bin\mipsel-none-elf-ld.exe: (.rodata+0x4c4): undefined reference to `Initialize__19tScreenTrackRecords'
C:\Tools\mips-ps1\mips\bin\mipsel-none-elf-ld.exe: (.rodata+0x4cc): undefined reference to `Cleanup__19tScreenTrackRecords'
C:\Tools\mips-ps1\mips\bin\mipsel-none-elf-ld.exe: (.rodata+0x4d4): undefined reference to `TransitionIsFinished__7tScreen'
C:\Tools\mips-ps1\mips\bin\mipsel-none-elf-ld.exe: (.rodata+0x4dc): undefined reference to `ProcessInput__7tScreen7tPlayerR13tInputKeyTypeR12tMenuCommand'
C:\Tools\mips-ps1\mips\bin\mipsel-none-elf-ld.exe: build/asm/data/rdata_80010000_r08.rodata.s.o: in function `_vt_23tScreenControllerConfig':
(.rodata+0x524): undefined reference to `GetShapeInfo__23tScreenControllerConfigRsT1PPcT3'
C:\Tools\mips-ps1\mips\bin\mipsel-none-elf-ld.exe: (.rodata+0x52c): undefined reference to `DrawBackground__23tScreenControllerConfig'
C:\Tools\mips-ps1\mips\bin\mipsel-none-elf-ld.exe: (.rodata+0x534): undefined reference to `DrawForeground__23tScreenControllerConfig'
C:\Tools\mips-ps1\mips\bin\mipsel-none-elf-ld.exe: (.rodata+0x53c): undefined reference to `___23tScreenControllerConfig'
C:\Tools\mips-ps1\mips\bin\mipsel-none-elf-ld.exe: (.rodata+0x544): undefined reference to `PreLoad__7tScreen'
C:\Tools\mips-ps1\mips\bin\mipsel-none-elf-ld.exe: (.rodata+0x54c): undefined reference to `Initialize__23tScreenControllerConfig'
C:\Tools\mips-ps1\mips\bin\mipsel-none-elf-ld.exe: (.rodata+0x554): undefined reference to `Cleanup__23tScreenControllerConfig'
C:\Tools\mips-ps1\mips\bin\mipsel-none-elf-ld.exe: (.rodata+0x55c): undefined reference to `TransitionIsFinished__7tScreen'
C:\Tools\mips-ps1\mips\bin\mipsel-none-elf-ld.exe: (.rodata+0x564): undefined reference to `ProcessInput__7tScreen7tPlayerR13tInputKeyTypeR12tMenuCommand'
C:\Tools\mips-ps1\mips\bin\mipsel-none-elf-ld.exe: build/asm/data/rdata_80010000_r08.rodata.s.o: in function `_vt_14tScreenDisplay':
(.rodata+0x57c): undefined reference to `GetShapeInfo__14tScreenDisplayRsT1PPcT3'
C:\Tools\mips-ps1\mips\bin\mipsel-none-elf-ld.exe: (.rodata+0x584): undefined reference to `DrawBackground__14tScreenDisplay'
C:\Tools\mips-ps1\mips\bin\mipsel-none-elf-ld.exe: (.rodata+0x58c): undefined reference to `DrawForeground__7tScreen'
C:\Tools\mips-ps1\mips\bin\mipsel-none-elf-ld.exe: (.rodata+0x594): undefined reference to `___14tScreenDisplay'
C:\Tools\mips-ps1\mips\bin\mipsel-none-elf-ld.exe: (.rodata+0x59c): undefined reference to `PreLoad__7tScreen'
C:\Tools\mips-ps1\mips\bin\mipsel-none-elf-ld.exe: (.rodata+0x5a4): undefined reference to `Initialize__7tScreen'
C:\Tools\mips-ps1\mips\bin\mipsel-none-elf-ld.exe: (.rodata+0x5ac): undefined reference to `Cleanup__7tScreen'
C:\Tools\mips-ps1\mips\bin\mipsel-none-elf-ld.exe: (.rodata+0x5b4): undefined reference to `TransitionIsFinished__7tScreen'
C:\Tools\mips-ps1\mips\bin\mipsel-none-elf-ld.exe: (.rodata+0x5bc): undefined reference to `ProcessInput__7tScreen7tPlayerR13tInputKeyTypeR12tMenuCommand'
C:\Tools\mips-ps1\mips\bin\mipsel-none-elf-ld.exe: build/asm/data/rdata_80010000_j11.rodata.s.o: in function `jtbl_80012138':
(.rodata+0x0): undefined reference to `.L80045F60'
C:\Tools\mips-ps1\mips\bin\mipsel-none-elf-ld.exe: (.rodata+0x4): undefined reference to `.L80045F70'
C:\Tools\mips-ps1\mips\bin\mipsel-none-elf-ld.exe: (.rodata+0x8): undefined reference to `.L80045F80'
C:\Tools\mips-ps1\mips\bin\mipsel-none-elf-ld.exe: (.rodata+0xc): undefined reference to `.L80045F90'
C:\Tools\mips-ps1\mips\bin\mipsel-none-elf-ld.exe: (.rodata+0x10): undefined reference to `.L80045FA0'
C:\Tools\mips-ps1\mips\bin\mipsel-none-elf-ld.exe: build/asm/data/rdata_80010000_r09.rodata.s.o: in function `_vt_12tScreenAudio':
(.rodata+0x18): undefined reference to `GetShapeInfo__12tScreenAudioRsT1PPcT3'
C:\Tools\mips-ps1\mips\bin\mipsel-none-elf-ld.exe: (.rodata+0x20): undefined reference to `DrawBackground__12tScreenAudio'
C:\Tools\mips-ps1\mips\bin\mipsel-none-elf-ld.exe: (.rodata+0x28): undefined reference to `DrawForeground__12tScreenAudio'
C:\Tools\mips-ps1\mips\bin\mipsel-none-elf-ld.exe: (.rodata+0x30): undefined reference to `___12tScreenAudio'
C:\Tools\mips-ps1\mips\bin\mipsel-none-elf-ld.exe: (.rodata+0x38): undefined reference to `PreLoad__7tScreen'
C:\Tools\mips-ps1\mips\bin\mipsel-none-elf-ld.exe: (.rodata+0x40): undefined reference to `Initialize__12tScreenAudio'
C:\Tools\mips-ps1\mips\bin\mipsel-none-elf-ld.exe: (.rodata+0x48): undefined reference to `Cleanup__12tScreenAudio'
C:\Tools\mips-ps1\mips\bin\mipsel-none-elf-ld.exe: (.rodata+0x50): undefined reference to `TransitionIsFinished__7tScreen'
C:\Tools\mips-ps1\mips\bin\mipsel-none-elf-ld.exe: (.rodata+0x58): undefined reference to `ProcessInput__7tScreen7tPlayerR13tInputKeyTypeR12tMenuCommand'
C:\Tools\mips-ps1\mips\bin\mipsel-none-elf-ld.exe: build/asm/data/rdata_80010000_j12.rodata.s.o: in function `jtbl_800121C0':
(.rodata+0x0): undefined reference to `.L8004684C'
C:\Tools\mips-ps1\mips\bin\mipsel-none-elf-ld.exe: (.rodata+0x4): undefined reference to `.L8004684C'
C:\Tools\mips-ps1\mips\bin\mipsel-none-elf-ld.exe: (.rodata+0x8): undefined reference to `.L80046688'
C:\Tools\mips-ps1\mips\bin\mipsel-none-elf-ld.exe: (.rodata+0xc): undefined reference to `.L80046688'
C:\Tools\mips-ps1\mips\bin\mipsel-none-elf-ld.exe: (.rodata+0x10): undefined reference to `.L80046688'
C:\Tools\mips-ps1\mips\bin\mipsel-none-elf-ld.exe: (.rodata+0x14): undefined reference to `.L8004684C'
C:\Tools\mips-ps1\mips\bin\mipsel-none-elf-ld.exe: (.rodata+0x18): undefined reference to `.L80046688'
C:\Tools\mips-ps1\mips\bin\mipsel-none-elf-ld.exe: (.rodata+0x1c): undefined reference to `.L80046688'
C:\Tools\mips-ps1\mips\bin\mipsel-none-elf-ld.exe: (.rodata+0x20): undefined reference to `.L8004684C'
C:\Tools\mips-ps1\mips\bin\mipsel-none-elf-ld.exe: (.rodata+0x24): undefined reference to `.L8004684C'
C:\Tools\mips-ps1\mips\bin\mipsel-none-elf-ld.exe: (.rodata+0x28): undefined reference to `.L80046688'
C:\Tools\mips-ps1\mips\bin\mipsel-none-elf-ld.exe: (.rodata+0x2c): undefined reference to `.L80046688'
C:\Tools\mips-ps1\mips\bin\mipsel-none-elf-ld.exe: (.rodata+0x30): undefined reference to `.L80046688'
C:\Tools\mips-ps1\mips\bin\mipsel-none-elf-ld.exe: (.rodata+0x34): undefined reference to `.L800466E8'
C:\Tools\mips-ps1\mips\bin\mipsel-none-elf-ld.exe: (.rodata+0x38): undefined reference to `.L8004684C'
C:\Tools\mips-ps1\mips\bin\mipsel-none-elf-ld.exe: (.rodata+0x3c): undefined reference to `.L80046688'
C:\Tools\mips-ps1\mips\bin\mipsel-none-elf-ld.exe: (.rodata+0x40): undefined reference to `.L80046688'
C:\Tools\mips-ps1\mips\bin\mipsel-none-elf-ld.exe: (.rodata+0x44): undefined reference to `.L8004684C'
C:\Tools\mips-ps1\mips\bin\mipsel-none-elf-ld.exe: (.rodata+0x48): undefined reference to `.L80046688'
C:\Tools\mips-ps1\mips\bin\mipsel-none-elf-ld.exe: (.rodata+0x4c): undefined reference to `.L80046688'
C:\Tools\mips-ps1\mips\bin\mipsel-none-elf-ld.exe: (.rodata+0x50): undefined reference to `.L80046688'
C:\Tools\mips-ps1\mips\bin\mipsel-none-elf-ld.exe: (.rodata+0x54): undefined reference to `.L8004684C'
C:\Tools\mips-ps1\mips\bin\mipsel-none-elf-ld.exe: build/asm/data/rdata_80010000_r10.rodata.s.o: in function `_vt_14tScreenMemcard':
(.rodata+0x1c): undefined reference to `GetShapeInfo__14tScreenMemcardRsT1PPcT3'
C:\Tools\mips-ps1\mips\bin\mipsel-none-elf-ld.exe: (.rodata+0x24): undefined reference to `DrawBackground__14tScreenMemcard'
C:\Tools\mips-ps1\mips\bin\mipsel-none-elf-ld.exe: (.rodata+0x2c): undefined reference to `DrawForeground__14tScreenMemcard'
C:\Tools\mips-ps1\mips\bin\mipsel-none-elf-ld.exe: (.rodata+0x34): undefined reference to `___14tScreenMemcard'
C:\Tools\mips-ps1\mips\bin\mipsel-none-elf-ld.exe: (.rodata+0x3c): undefined reference to `PreLoad__7tScreen'
C:\Tools\mips-ps1\mips\bin\mipsel-none-elf-ld.exe: (.rodata+0x44): undefined reference to `Initialize__14tScreenMemcard'
C:\Tools\mips-ps1\mips\bin\mipsel-none-elf-ld.exe: (.rodata+0x4c): undefined reference to `Cleanup__14tScreenMemcard'
C:\Tools\mips-ps1\mips\bin\mipsel-none-elf-ld.exe: (.rodata+0x54): undefined reference to `TransitionIsFinished__7tScreen'
C:\Tools\mips-ps1\mips\bin\mipsel-none-elf-ld.exe: (.rodata+0x5c): undefined reference to `ProcessInput__7tScreen7tPlayerR13tInputKeyTypeR12tMenuCommand'
C:\Tools\mips-ps1\mips\bin\mipsel-none-elf-ld.exe: build/asm/data/rdata_80010000_r10.rodata.s.o: in function `_vt_25tScreenTournamentCongrats':
(.rodata+0x9c): undefined reference to `GetShapeInfo__15tScreenCongratsRsT1PPcT3'
C:\Tools\mips-ps1\mips\bin\mipsel-none-elf-ld.exe: (.rodata+0xa4): undefined reference to `DrawBackground__15tScreenCongrats'
C:\Tools\mips-ps1\mips\bin\mipsel-none-elf-ld.exe: (.rodata+0xac): undefined reference to `DrawForeground__15tScreenCongrats'
C:\Tools\mips-ps1\mips\bin\mipsel-none-elf-ld.exe: (.rodata+0xb4): undefined reference to `___25tScreenTournamentCongrats'
C:\Tools\mips-ps1\mips\bin\mipsel-none-elf-ld.exe: (.rodata+0xbc): undefined reference to `PreLoad__7tScreen'
C:\Tools\mips-ps1\mips\bin\mipsel-none-elf-ld.exe: (.rodata+0xc4): undefined reference to `Initialize__15tScreenCongrats'
C:\Tools\mips-ps1\mips\bin\mipsel-none-elf-ld.exe: (.rodata+0xcc): undefined reference to `Cleanup__15tScreenCongrats'
C:\Tools\mips-ps1\mips\bin\mipsel-none-elf-ld.exe: (.rodata+0xd4): undefined reference to `TransitionIsFinished__7tScreen'
C:\Tools\mips-ps1\mips\bin\mipsel-none-elf-ld.exe: (.rodata+0xdc): undefined reference to `ProcessInput__15tScreenCongrats7tPlayerR13tInputKeyTypeR12tMenuCommand'
C:\Tools\mips-ps1\mips\bin\mipsel-none-elf-ld.exe: (.rodata+0xe4): undefined reference to `CalculatePrizes__25tScreenTournamentCongrats'
C:\Tools\mips-ps1\mips\bin\mipsel-none-elf-ld.exe: (.rodata+0xec): undefined reference to `DrawCongratsMessage__25tScreenTournamentCongrats'
C:\Tools\mips-ps1\mips\bin\mipsel-none-elf-ld.exe: (.rodata+0xf4): undefined reference to `GetCar__25tScreenTournamentCongratsR8tCarInfo'
C:\Tools\mips-ps1\mips\bin\mipsel-none-elf-ld.exe: build/asm/data/rdata_80010000_r10.rodata.s.o: in function `_vt_23tScreenBeTheCopCongrats':
(.rodata+0x104): undefined reference to `GetShapeInfo__15tScreenCongratsRsT1PPcT3'
C:\Tools\mips-ps1\mips\bin\mipsel-none-elf-ld.exe: (.rodata+0x10c): undefined reference to `DrawBackground__15tScreenCongrats'
C:\Tools\mips-ps1\mips\bin\mipsel-none-elf-ld.exe: (.rodata+0x114): undefined reference to `DrawForeground__15tScreenCongrats'
C:\Tools\mips-ps1\mips\bin\mipsel-none-elf-ld.exe: (.rodata+0x11c): undefined reference to `___23tScreenBeTheCopCongrats'
C:\Tools\mips-ps1\mips\bin\mipsel-none-elf-ld.exe: (.rodata+0x124): undefined reference to `PreLoad__7tScreen'
C:\Tools\mips-ps1\mips\bin\mipsel-none-elf-ld.exe: (.rodata+0x12c): undefined reference to `Initialize__15tScreenCongrats'
C:\Tools\mips-ps1\mips\bin\mipsel-none-elf-ld.exe: (.rodata+0x134): undefined reference to `Cleanup__15tScreenCongrats'
C:\Tools\mips-ps1\mips\bin\mipsel-none-elf-ld.exe: (.rodata+0x13c): undefined reference to `TransitionIsFinished__7tScreen'
C:\Tools\mips-ps1\mips\bin\mipsel-none-elf-ld.exe: (.rodata+0x144): undefined reference to `ProcessInput__15tScreenCongrats7tPlayerR13tInputKeyTypeR12tMenuCommand'
C:\Tools\mips-ps1\mips\bin\mipsel-none-elf-ld.exe: (.rodata+0x14c): undefined reference to `CalculatePrizes__23tScreenBeTheCopCongrats'
C:\Tools\mips-ps1\mips\bin\mipsel-none-elf-ld.exe: (.rodata+0x154): undefined reference to `DrawCongratsMessage__23tScreenBeTheCopCongrats'
C:\Tools\mips-ps1\mips\bin\mipsel-none-elf-ld.exe: (.rodata+0x15c): undefined reference to `GetCar__23tScreenBeTheCopCongratsR8tCarInfo'
C:\Tools\mips-ps1\mips\bin\mipsel-none-elf-ld.exe: build/asm/data/rdata_80010000_r10.rodata.s.o: in function `_vt_23tScreenPinkSlipCongrats':
(.rodata+0x16c): undefined reference to `GetShapeInfo__15tScreenCongratsRsT1PPcT3'
C:\Tools\mips-ps1\mips\bin\mipsel-none-elf-ld.exe: (.rodata+0x174): undefined reference to `DrawBackground__15tScreenCongrats'
C:\Tools\mips-ps1\mips\bin\mipsel-none-elf-ld.exe: (.rodata+0x17c): undefined reference to `DrawForeground__15tScreenCongrats'
C:\Tools\mips-ps1\mips\bin\mipsel-none-elf-ld.exe: (.rodata+0x184): undefined reference to `___23tScreenPinkSlipCongrats'
C:\Tools\mips-ps1\mips\bin\mipsel-none-elf-ld.exe: (.rodata+0x18c): undefined reference to `PreLoad__7tScreen'
C:\Tools\mips-ps1\mips\bin\mipsel-none-elf-ld.exe: (.rodata+0x194): undefined reference to `Initialize__23tScreenPinkSlipCongrats'
C:\Tools\mips-ps1\mips\bin\mipsel-none-elf-ld.exe: (.rodata+0x19c): undefined reference to `Cleanup__23tScreenPinkSlipCongrats'
C:\Tools\mips-ps1\mips\bin\mipsel-none-elf-ld.exe: (.rodata+0x1a4): undefined reference to `TransitionIsFinished__7tScreen'
C:\Tools\mips-ps1\mips\bin\mipsel-none-elf-ld.exe: (.rodata+0x1ac): undefined reference to `ProcessInput__15tScreenCongrats7tPlayerR13tInputKeyTypeR12tMenuCommand'
C:\Tools\mips-ps1\mips\bin\mipsel-none-elf-ld.exe: (.rodata+0x1b4): undefined reference to `CalculatePrizes__23tScreenPinkSlipCongrats'
C:\Tools\mips-ps1\mips\bin\mipsel-none-elf-ld.exe: (.rodata+0x1bc): undefined reference to `DrawCongratsMessage__23tScreenPinkSlipCongrats'
C:\Tools\mips-ps1\mips\bin\mipsel-none-elf-ld.exe: (.rodata+0x1c4): undefined reference to `GetCar__23tScreenPinkSlipCongratsR8tCarInfo'
C:\Tools\mips-ps1\mips\bin\mipsel-none-elf-ld.exe: build/asm/data/rdata_80010000_r10.rodata.s.o: in function `_vt_23tScreenTournamentTrophy':
(.rodata+0x1d4): undefined reference to `GetShapeInfo__15tScreenCongratsRsT1PPcT3'
C:\Tools\mips-ps1\mips\bin\mipsel-none-elf-ld.exe: (.rodata+0x1dc): undefined reference to `DrawBackground__15tScreenCongrats'
C:\Tools\mips-ps1\mips\bin\mipsel-none-elf-ld.exe: (.rodata+0x1e4): undefined reference to `DrawForeground__15tScreenCongrats'
C:\Tools\mips-ps1\mips\bin\mipsel-none-elf-ld.exe: (.rodata+0x1ec): undefined reference to `___23tScreenTournamentTrophy'
C:\Tools\mips-ps1\mips\bin\mipsel-none-elf-ld.exe: (.rodata+0x1f4): undefined reference to `PreLoad__7tScreen'
C:\Tools\mips-ps1\mips\bin\mipsel-none-elf-ld.exe: (.rodata+0x1fc): undefined reference to `Initialize__15tScreenCongrats'
C:\Tools\mips-ps1\mips\bin\mipsel-none-elf-ld.exe: (.rodata+0x204): undefined reference to `Cleanup__15tScreenCongrats'
C:\Tools\mips-ps1\mips\bin\mipsel-none-elf-ld.exe: (.rodata+0x20c): undefined reference to `TransitionIsFinished__7tScreen'
C:\Tools\mips-ps1\mips\bin\mipsel-none-elf-ld.exe: (.rodata+0x214): undefined reference to `ProcessInput__23tScreenTournamentTrophy7tPlayerR13tInputKeyTypeR12tMenuCommand'
C:\Tools\mips-ps1\mips\bin\mipsel-none-elf-ld.exe: (.rodata+0x21c): undefined reference to `CalculatePrizes__23tScreenTournamentTrophy'
C:\Tools\mips-ps1\mips\bin\mipsel-none-elf-ld.exe: (.rodata+0x224): undefined reference to `DrawCongratsMessage__23tScreenTournamentTrophy'
C:\Tools\mips-ps1\mips\bin\mipsel-none-elf-ld.exe: (.rodata+0x22c): undefined reference to `GetCar__23tScreenTournamentTrophyR8tCarInfo'
C:\Tools\mips-ps1\mips\bin\mipsel-none-elf-ld.exe: build/asm/data/rdata_80010000_r10.rodata.s.o: in function `_vt_15tScreenCongrats':
(.rodata+0x23c): undefined reference to `GetShapeInfo__15tScreenCongratsRsT1PPcT3'
C:\Tools\mips-ps1\mips\bin\mipsel-none-elf-ld.exe: (.rodata+0x244): undefined reference to `DrawBackground__15tScreenCongrats'
C:\Tools\mips-ps1\mips\bin\mipsel-none-elf-ld.exe: (.rodata+0x24c): undefined reference to `DrawForeground__15tScreenCongrats'
C:\Tools\mips-ps1\mips\bin\mipsel-none-elf-ld.exe: (.rodata+0x254): undefined reference to `___15tScreenCongrats'
C:\Tools\mips-ps1\mips\bin\mipsel-none-elf-ld.exe: (.rodata+0x25c): undefined reference to `PreLoad__7tScreen'
C:\Tools\mips-ps1\mips\bin\mipsel-none-elf-ld.exe: (.rodata+0x264): undefined reference to `Initialize__15tScreenCongrats'
C:\Tools\mips-ps1\mips\bin\mipsel-none-elf-ld.exe: (.rodata+0x26c): undefined reference to `Cleanup__15tScreenCongrats'
C:\Tools\mips-ps1\mips\bin\mipsel-none-elf-ld.exe: (.rodata+0x274): undefined reference to `TransitionIsFinished__7tScreen'
C:\Tools\mips-ps1\mips\bin\mipsel-none-elf-ld.exe: (.rodata+0x27c): undefined reference to `ProcessInput__15tScreenCongrats7tPlayerR13tInputKeyTypeR12tMenuCommand'
C:\Tools\mips-ps1\mips\bin\mipsel-none-elf-ld.exe: (.rodata+0x284): undefined reference to `CalculatePrizes__15tScreenCongrats'
C:\Tools\mips-ps1\mips\bin\mipsel-none-elf-ld.exe: (.rodata+0x294): undefined reference to `GetCar__15tScreenCongratsR8tCarInfo'
C:\Tools\mips-ps1\mips\bin\mipsel-none-elf-ld.exe: build/asm/data/rdata_80010000_j13.rodata.s.o: in function `jtbl_80012538':
(.rodata+0x0): undefined reference to `.L8004AB80'
C:\Tools\mips-ps1\mips\bin\mipsel-none-elf-ld.exe: (.rodata+0x4): undefined reference to `.L8004AB38'
C:\Tools\mips-ps1\mips\bin\mipsel-none-elf-ld.exe: (.rodata+0x8): undefined reference to `.L8004ABC8'
C:\Tools\mips-ps1\mips\bin\mipsel-none-elf-ld.exe: (.rodata+0xc): undefined reference to `.L8004ABC8'
C:\Tools\mips-ps1\mips\bin\mipsel-none-elf-ld.exe: (.rodata+0x10): undefined reference to `.L8004AB08'
C:\Tools\mips-ps1\mips\bin\mipsel-none-elf-ld.exe: (.rodata+0x14): undefined reference to `.L8004AB74'
C:\Tools\mips-ps1\mips\bin\mipsel-none-elf-ld.exe: (.rodata+0x18): undefined reference to `.L8004ABC8'
C:\Tools\mips-ps1\mips\bin\mipsel-none-elf-ld.exe: (.rodata+0x1c): undefined reference to `.L8004ABC8'
C:\Tools\mips-ps1\mips\bin\mipsel-none-elf-ld.exe: (.rodata+0x20): undefined reference to `.L8004AB8C'
C:\Tools\mips-ps1\mips\bin\mipsel-none-elf-ld.exe: (.rodata+0x24): undefined reference to `.L8004AB2C'
C:\Tools\mips-ps1\mips\bin\mipsel-none-elf-ld.exe: (.rodata+0x28): undefined reference to `.L8004ABC8'
C:\Tools\mips-ps1\mips\bin\mipsel-none-elf-ld.exe: (.rodata+0x2c): undefined reference to `.L8004ABC8'
C:\Tools\mips-ps1\mips\bin\mipsel-none-elf-ld.exe: (.rodata+0x30): undefined reference to `.L8004ABA8'
C:\Tools\mips-ps1\mips\bin\mipsel-none-elf-ld.exe: (.rodata+0x34): undefined reference to `.L8004AB44'
C:\Tools\mips-ps1\mips\bin\mipsel-none-elf-ld.exe: (.rodata+0x38): undefined reference to `.L8004ABC8'
C:\Tools\mips-ps1\mips\bin\mipsel-none-elf-ld.exe: (.rodata+0x3c): undefined reference to `.L8004ABC8'
C:\Tools\mips-ps1\mips\bin\mipsel-none-elf-ld.exe: (.rodata+0x40): undefined reference to `.L8004ABC8'
C:\Tools\mips-ps1\mips\bin\mipsel-none-elf-ld.exe: (.rodata+0x44): undefined reference to `.L8004AB68'
C:\Tools\mips-ps1\mips\bin\mipsel-none-elf-ld.exe: (.rodata+0x48): undefined reference to `.L8004ABB4'
C:\Tools\mips-ps1\mips\bin\mipsel-none-elf-ld.exe: (.rodata+0x4c): undefined reference to `.L8004AB50'
C:\Tools\mips-ps1\mips\bin\mipsel-none-elf-ld.exe: (.rodata+0x50): undefined reference to `.L8004ABC8'
C:\Tools\mips-ps1\mips\bin\mipsel-none-elf-ld.exe: (.rodata+0x54): undefined reference to `.L8004ABC8'
C:\Tools\mips-ps1\mips\bin\mipsel-none-elf-ld.exe: (.rodata+0x58): undefined reference to `.L8004AB14'
C:\Tools\mips-ps1\mips\bin\mipsel-none-elf-ld.exe: (.rodata+0x5c): undefined reference to `.L8004ABC8'
C:\Tools\mips-ps1\mips\bin\mipsel-none-elf-ld.exe: (.rodata+0x60): undefined reference to `.L8004ABC8'
C:\Tools\mips-ps1\mips\bin\mipsel-none-elf-ld.exe: (.rodata+0x64): undefined reference to `.L8004ABC0'
C:\Tools\mips-ps1\mips\bin\mipsel-none-elf-ld.exe: (.rodata+0x68): undefined reference to `.L8004AB5C'
C:\Tools\mips-ps1\mips\bin\mipsel-none-elf-ld.exe: (.rodata+0x6c): undefined reference to `.L8004ABC8'
C:\Tools\mips-ps1\mips\bin\mipsel-none-elf-ld.exe: (.rodata+0x70): undefined reference to `.L8004AB20'
C:\Tools\mips-ps1\mips\bin\mipsel-none-elf-ld.exe: build/asm/data/rdata_80010000_j14.rodata.s.o: in function `jtbl_800125F0':
(.rodata+0x0): undefined reference to `.L8004B3D4'
C:\Tools\mips-ps1\mips\bin\mipsel-none-elf-ld.exe: (.rodata+0x4): undefined reference to `.L8004B5E0'
C:\Tools\mips-ps1\mips\bin\mipsel-none-elf-ld.exe: (.rodata+0x8): undefined reference to `.L8004B468'
C:\Tools\mips-ps1\mips\bin\mipsel-none-elf-ld.exe: (.rodata+0xc): undefined reference to `.L8004B470'
C:\Tools\mips-ps1\mips\bin\mipsel-none-elf-ld.exe: (.rodata+0x10): undefined reference to `.L8004B5E0'
C:\Tools\mips-ps1\mips\bin\mipsel-none-elf-ld.exe: (.rodata+0x14): undefined reference to `.L8004B4FC'
C:\Tools\mips-ps1\mips\bin\mipsel-none-elf-ld.exe: (.rodata+0x18): undefined reference to `.L8004B5E0'
C:\Tools\mips-ps1\mips\bin\mipsel-none-elf-ld.exe: (.rodata+0x1c): undefined reference to `.L8004B5E0'
C:\Tools\mips-ps1\mips\bin\mipsel-none-elf-ld.exe: (.rodata+0x20): undefined reference to `.L8004B5E0'
C:\Tools\mips-ps1\mips\bin\mipsel-none-elf-ld.exe: (.rodata+0x24): undefined reference to `.L8004B5E0'
C:\Tools\mips-ps1\mips\bin\mipsel-none-elf-ld.exe: (.rodata+0x28): undefined reference to `.L8004B5E0'
C:\Tools\mips-ps1\mips\bin\mipsel-none-elf-ld.exe: build/asm/data/rdata_80010000_j14.rodata.s.o:(.rodata+0x2c): more undefined references to `.L8004B5E0' follow
C:\Tools\mips-ps1\mips\bin\mipsel-none-elf-ld.exe: build/asm/data/rdata_80010000_j14.rodata.s.o: in function `jtbl_800125F0':
(.rodata+0x30): undefined reference to `.L8004B604'
C:\Tools\mips-ps1\mips\bin\mipsel-none-elf-ld.exe: (.rodata+0x34): undefined reference to `.L8004B5E0'
C:\Tools\mips-ps1\mips\bin\mipsel-none-elf-ld.exe: (.rodata+0x38): undefined reference to `.L8004B5E0'
C:\Tools\mips-ps1\mips\bin\mipsel-none-elf-ld.exe: (.rodata+0x3c): undefined reference to `.L8004B5E0'
C:\Tools\mips-ps1\mips\bin\mipsel-none-elf-ld.exe: (.rodata+0x40): undefined reference to `.L8004B5E0'
C:\Tools\mips-ps1\mips\bin\mipsel-none-elf-ld.exe: (.rodata+0x44): undefined reference to `.L8004B5E0'
C:\Tools\mips-ps1\mips\bin\mipsel-none-elf-ld.exe: build/asm/data/rdata_80010000_j14.rodata.s.o:(.rodata+0x48): more undefined references to `.L8004B5E0' follow
C:\Tools\mips-ps1\mips\bin\mipsel-none-elf-ld.exe: build/asm/data/rdata_80010000_j14.rodata.s.o: in function `jtbl_800125F0':
(.rodata+0x7c): undefined reference to `.L8004B3DC'
C:\Tools\mips-ps1\mips\bin\mipsel-none-elf-ld.exe: (.rodata+0x80): undefined reference to `.L8004B5E0'
C:\Tools\mips-ps1\mips\bin\mipsel-none-elf-ld.exe: (.rodata+0x84): undefined reference to `.L8004B5E0'
C:\Tools\mips-ps1\mips\bin\mipsel-none-elf-ld.exe: (.rodata+0x88): undefined reference to `.L8004B5E0'
C:\Tools\mips-ps1\mips\bin\mipsel-none-elf-ld.exe: (.rodata+0x8c): undefined reference to `.L8004B5E0'
C:\Tools\mips-ps1\mips\bin\mipsel-none-elf-ld.exe: (.rodata+0x90): undefined reference to `.L8004B5E0'
C:\Tools\mips-ps1\mips\bin\mipsel-none-elf-ld.exe: build/asm/data/rdata_80010000_j14.rodata.s.o:(.rodata+0x94): more undefined references to `.L8004B5E0' follow
C:\Tools\mips-ps1\mips\bin\mipsel-none-elf-ld.exe: build/asm/data/rdata_80010000_j14.rodata.s.o: in function `jtbl_800125F0':
(.rodata+0xf4): undefined reference to `.L8004B554'
C:\Tools\mips-ps1\mips\bin\mipsel-none-elf-ld.exe: build/asm/data/rdata_80010000_r12.rodata.s.o: in function `_vt_15tScreenUserName':
(.rodata+0xc): undefined reference to `GetShapeInfo__15tScreenUserNameRsT1PPcT3'
C:\Tools\mips-ps1\mips\bin\mipsel-none-elf-ld.exe: (.rodata+0x14): undefined reference to `DrawBackground__15tScreenUserName'
C:\Tools\mips-ps1\mips\bin\mipsel-none-elf-ld.exe: (.rodata+0x1c): undefined reference to `DrawForeground__7tScreen'
C:\Tools\mips-ps1\mips\bin\mipsel-none-elf-ld.exe: (.rodata+0x24): undefined reference to `___15tScreenUserName'
C:\Tools\mips-ps1\mips\bin\mipsel-none-elf-ld.exe: (.rodata+0x2c): undefined reference to `PreLoad__7tScreen'
C:\Tools\mips-ps1\mips\bin\mipsel-none-elf-ld.exe: (.rodata+0x34): undefined reference to `Initialize__15tScreenUserName'
C:\Tools\mips-ps1\mips\bin\mipsel-none-elf-ld.exe: (.rodata+0x3c): undefined reference to `Cleanup__7tScreen'
C:\Tools\mips-ps1\mips\bin\mipsel-none-elf-ld.exe: (.rodata+0x44): undefined reference to `TransitionIsFinished__7tScreen'
C:\Tools\mips-ps1\mips\bin\mipsel-none-elf-ld.exe: (.rodata+0x4c): undefined reference to `ProcessInput__7tScreen7tPlayerR13tInputKeyTypeR12tMenuCommand'
C:\Tools\mips-ps1\mips\bin\mipsel-none-elf-ld.exe: build/asm/data/rdata_80010000_j15.rodata.s.o: in function `jtbl_80012858':
(.rodata+0x0): undefined reference to `.L8005000C'
C:\Tools\mips-ps1\mips\bin\mipsel-none-elf-ld.exe: (.rodata+0x4): undefined reference to `.L80050028'
C:\Tools\mips-ps1\mips\bin\mipsel-none-elf-ld.exe: (.rodata+0x8): undefined reference to `.L80050040'
C:\Tools\mips-ps1\mips\bin\mipsel-none-elf-ld.exe: (.rodata+0xc): undefined reference to `.L8005000C'
C:\Tools\mips-ps1\mips\bin\mipsel-none-elf-ld.exe: (.rodata+0x10): undefined reference to `.L80050050'
C:\Tools\mips-ps1\mips\bin\mipsel-none-elf-ld.exe: build/asm/data/rdata_80010000_j16.rodata.s.o: in function `jtbl_80012870':
(.rodata+0x0): undefined reference to `.L80050094'
C:\Tools\mips-ps1\mips\bin\mipsel-none-elf-ld.exe: (.rodata+0x4): undefined reference to `.L800500E0'
C:\Tools\mips-ps1\mips\bin\mipsel-none-elf-ld.exe: (.rodata+0x8): undefined reference to `.L80050114'
C:\Tools\mips-ps1\mips\bin\mipsel-none-elf-ld.exe: (.rodata+0xc): undefined reference to `.L80050148'
C:\Tools\mips-ps1\mips\bin\mipsel-none-elf-ld.exe: (.rodata+0x10): undefined reference to `.L8005017C'
C:\Tools\mips-ps1\mips\bin\mipsel-none-elf-ld.exe: build/asm/data/rdata_80010000_j17.rodata.s.o: in function `jtbl_80012888':
(.rodata+0x0): undefined reference to `.L800506C4'
C:\Tools\mips-ps1\mips\bin\mipsel-none-elf-ld.exe: (.rodata+0x4): undefined reference to `.L8005057C'
C:\Tools\mips-ps1\mips\bin\mipsel-none-elf-ld.exe: (.rodata+0x8): undefined reference to `.L8005058C'
C:\Tools\mips-ps1\mips\bin\mipsel-none-elf-ld.exe: (.rodata+0xc): undefined reference to `.L8005059C'
C:\Tools\mips-ps1\mips\bin\mipsel-none-elf-ld.exe: (.rodata+0x10): undefined reference to `.L800505CC'
C:\Tools\mips-ps1\mips\bin\mipsel-none-elf-ld.exe: (.rodata+0x14): undefined reference to `.L80050654'
C:\Tools\mips-ps1\mips\bin\mipsel-none-elf-ld.exe: (.rodata+0x18): undefined reference to `.L8005065C'
C:\Tools\mips-ps1\mips\bin\mipsel-none-elf-ld.exe: (.rodata+0x1c): undefined reference to `.L800506A8'
C:\Tools\mips-ps1\mips\bin\mipsel-none-elf-ld.exe: build/asm/data/rdata_80054548_r00.rodata.s.o: in function `D_80054DCC':
(.rodata+0x898): undefined reference to `___15AIHigh_BTC_Perp'
C:\Tools\mips-ps1\mips\bin\mipsel-none-elf-ld.exe: (.rodata+0x8a0): undefined reference to `CheckForCrimes__16AIHigh_BasicPerp'
C:\Tools\mips-ps1\mips\bin\mipsel-none-elf-ld.exe: build/asm/data/rdata_80054548_r00.rodata.s.o: in function `D_80054DEC':
(.rodata+0x8b0): undefined reference to `HighExecute__11AIHigh_None'
C:\Tools\mips-ps1\mips\bin\mipsel-none-elf-ld.exe: (.rodata+0x8b8): undefined reference to `___11AIHigh_None'
C:\Tools\mips-ps1\mips\bin\mipsel-none-elf-ld.exe: build/asm/data/rdata_80054548_r00.rodata.s.o: in function `_vt_11AIHigh_Base':
(.rodata+0x8d0): undefined reference to `___11AIHigh_Base'
C:\Tools\mips-ps1\mips\bin\mipsel-none-elf-ld.exe: build/asm/data/rdata_80054548_r00.rodata.s.o: in function `D_80054E1C':
(.rodata+0x8e0): undefined reference to `Execute__12AIState_None'
C:\Tools\mips-ps1\mips\bin\mipsel-none-elf-ld.exe: (.rodata+0x8e8): undefined reference to `___12AIState_None'
C:\Tools\mips-ps1\mips\bin\mipsel-none-elf-ld.exe: (.rodata+0x8f0): undefined reference to `TestForRelease__12AIState_Base'
C:\Tools\mips-ps1\mips\bin\mipsel-none-elf-ld.exe: build/asm/data/rdata_80054548_r00.rodata.s.o: in function `D_80054E3C':
(.rodata+0x908): undefined reference to `___12AIState_Base'
C:\Tools\mips-ps1\mips\bin\mipsel-none-elf-ld.exe: (.rodata+0x910): undefined reference to `TestForRelease__12AIState_Base'
C:\Tools\mips-ps1\mips\bin\mipsel-none-elf-ld.exe: build/asm/data/rdata_80054548_r00.rodata.s.o: in function `_vt_16AIHigh_BasicPerp':
(.rodata+0x938): undefined reference to `___16AIHigh_BasicPerp'
C:\Tools\mips-ps1\mips\bin\mipsel-none-elf-ld.exe: (.rodata+0x940): undefined reference to `CheckForCrimes__16AIHigh_BasicPerp'
C:\Tools\mips-ps1\mips\bin\mipsel-none-elf-ld.exe: build/asm/data/rdata_80054548_r00.rodata.s.o: in function `D_80054E9C':
(.rodata+0x968): undefined reference to `___15AIHigh_BasicCop'
C:\Tools\mips-ps1\mips\bin\mipsel-none-elf-ld.exe: build/asm/data/rdata_80054548_r00.rodata.s.o: in function `_vt_18AIHigh_BTC_Wingman':
(.rodata+0x988): undefined reference to `HighExecute__18AIHigh_BTC_Wingman'
C:\Tools\mips-ps1\mips\bin\mipsel-none-elf-ld.exe: (.rodata+0x990): undefined reference to `___18AIHigh_BTC_Wingman'
C:\Tools\mips-ps1\mips\bin\mipsel-none-elf-ld.exe: (.rodata+0x998): undefined reference to `FreezeAndEndChase__14AIHigh_BTC_Cop'
C:\Tools\mips-ps1\mips\bin\mipsel-none-elf-ld.exe: build/asm/data/rdata_80054548_r00.rodata.s.o: in function `_vt_19AIHigh_BTC_HumanCop':
(.rodata+0x9a8): undefined reference to `HighExecute__19AIHigh_BTC_HumanCop'
C:\Tools\mips-ps1\mips\bin\mipsel-none-elf-ld.exe: (.rodata+0x9b0): undefined reference to `___19AIHigh_BTC_HumanCop'
C:\Tools\mips-ps1\mips\bin\mipsel-none-elf-ld.exe: (.rodata+0x9b8): undefined reference to `FreezeAndEndChase__19AIHigh_BTC_HumanCop'
C:\Tools\mips-ps1\mips\bin\mipsel-none-elf-ld.exe: build/asm/data/rdata_80054548_r00.rodata.s.o: in function `_vt_14AIHigh_BTC_Cop':
(.rodata+0x9d0): undefined reference to `___14AIHigh_BTC_Cop'
C:\Tools\mips-ps1\mips\bin\mipsel-none-elf-ld.exe: (.rodata+0x9d8): undefined reference to `FreezeAndEndChase__14AIHigh_BTC_Cop'
C:\Tools\mips-ps1\mips\bin\mipsel-none-elf-ld.exe: build/asm/data/rdata_80054548_r00.rodata.s.o: in function `D_80054F24':
(.rodata+0x9e8): undefined reference to `Execute__17AIState_NonActive'
C:\Tools\mips-ps1\mips\bin\mipsel-none-elf-ld.exe: (.rodata+0x9f0): undefined reference to `___17AIState_NonActive'
C:\Tools\mips-ps1\mips\bin\mipsel-none-elf-ld.exe: (.rodata+0x9f8): undefined reference to `TestForRelease__12AIState_Base_8005F678'
C:\Tools\mips-ps1\mips\bin\mipsel-none-elf-ld.exe: build/asm/data/rdata_80054548_r00.rodata.s.o: in function `D_80054F44':
(.rodata+0xa10): undefined reference to `___12AIState_Base_8005F680'
C:\Tools\mips-ps1\mips\bin\mipsel-none-elf-ld.exe: (.rodata+0xa18): undefined reference to `TestForRelease__12AIState_Base_8005F678'
C:\Tools\mips-ps1\mips\bin\mipsel-none-elf-ld.exe: build/asm/data/rdata_80054548_j00.rodata.s.o: in function `jtbl_80054F64':
(.rodata+0x0): undefined reference to `.L8005E390'
C:\Tools\mips-ps1\mips\bin\mipsel-none-elf-ld.exe: (.rodata+0x4): undefined reference to `.L8005EDA4'
C:\Tools\mips-ps1\mips\bin\mipsel-none-elf-ld.exe: (.rodata+0x8): undefined reference to `.L8005E448'
C:\Tools\mips-ps1\mips\bin\mipsel-none-elf-ld.exe: (.rodata+0xc): undefined reference to `.L8005E91C'
C:\Tools\mips-ps1\mips\bin\mipsel-none-elf-ld.exe: (.rodata+0x10): undefined reference to `.L8005E650'
C:\Tools\mips-ps1\mips\bin\mipsel-none-elf-ld.exe: (.rodata+0x14): undefined reference to `.L8005EDA4'
C:\Tools\mips-ps1\mips\bin\mipsel-none-elf-ld.exe: (.rodata+0x18): undefined reference to `.L8005EDA4'
C:\Tools\mips-ps1\mips\bin\mipsel-none-elf-ld.exe: (.rodata+0x1c): undefined reference to `.L8005EC68'
C:\Tools\mips-ps1\mips\bin\mipsel-none-elf-ld.exe: (.rodata+0x20): undefined reference to `.L8005EDA4'
C:\Tools\mips-ps1\mips\bin\mipsel-none-elf-ld.exe: (.rodata+0x24): undefined reference to `.L8005ED34'
C:\Tools\mips-ps1\mips\bin\mipsel-none-elf-ld.exe: (.rodata+0x28): undefined reference to `.L8005EDA4'
C:\Tools\mips-ps1\mips\bin\mipsel-none-elf-ld.exe: build/asm/data/rdata_80054548_r01.rodata.s.o: in function `_vt_17AIHigh_BTC_AIPerp':
(.rodata+0x1c): undefined reference to `HighExecute__17AIHigh_BTC_AIPerp'
C:\Tools\mips-ps1\mips\bin\mipsel-none-elf-ld.exe: (.rodata+0x24): undefined reference to `___17AIHigh_BTC_AIPerp'
C:\Tools\mips-ps1\mips\bin\mipsel-none-elf-ld.exe: (.rodata+0x2c): undefined reference to `CheckForCrimes__16AIHigh_BasicPerp'
C:\Tools\mips-ps1\mips\bin\mipsel-none-elf-ld.exe: build/asm/data/rdata_80054548_r01.rodata.s.o: in function `_vt_20AIHigh_BTC_HumanPerp':
(.rodata+0x3c): undefined reference to `HighExecute__20AIHigh_BTC_HumanPerp'
C:\Tools\mips-ps1\mips\bin\mipsel-none-elf-ld.exe: (.rodata+0x44): undefined reference to `___20AIHigh_BTC_HumanPerp'
C:\Tools\mips-ps1\mips\bin\mipsel-none-elf-ld.exe: (.rodata+0x4c): undefined reference to `CheckForCrimes__16AIHigh_BasicPerp'
C:\Tools\mips-ps1\mips\bin\mipsel-none-elf-ld.exe: build/asm/data/rdata_80054548_r01.rodata.s.o: in function `D_80054FE0':
(.rodata+0x64): undefined reference to `___15AIHigh_BTC_Perp'
C:\Tools\mips-ps1\mips\bin\mipsel-none-elf-ld.exe: (.rodata+0x6c): undefined reference to `CheckForCrimes__16AIHigh_BasicPerp'
C:\Tools\mips-ps1\mips\bin\mipsel-none-elf-ld.exe: build/asm/data/rdata_80054548_r01.rodata.s.o: in function `D_80055000':
(.rodata+0x7c): undefined reference to `Execute__17AIState_NonActive_80061370'
C:\Tools\mips-ps1\mips\bin\mipsel-none-elf-ld.exe: (.rodata+0x84): undefined reference to `___17AIState_NonActive_80061378'
C:\Tools\mips-ps1\mips\bin\mipsel-none-elf-ld.exe: (.rodata+0x8c): undefined reference to `TestForRelease__12AIState_Base_800613C4'
C:\Tools\mips-ps1\mips\bin\mipsel-none-elf-ld.exe: build/asm/data/rdata_80054548_r01.rodata.s.o: in function `D_80055020':
(.rodata+0xa4): undefined reference to `___12AIState_Base_800613CC'
C:\Tools\mips-ps1\mips\bin\mipsel-none-elf-ld.exe: (.rodata+0xac): undefined reference to `TestForRelease__12AIState_Base_800613C4'
C:\Tools\mips-ps1\mips\bin\mipsel-none-elf-ld.exe: build/asm/data/rdata_80054548_j01.rodata.s.o: in function `jtbl_80055040':
(.rodata+0x0): undefined reference to `.L80060B70'
C:\Tools\mips-ps1\mips\bin\mipsel-none-elf-ld.exe: (.rodata+0x4): undefined reference to `.L80060D50'
C:\Tools\mips-ps1\mips\bin\mipsel-none-elf-ld.exe: (.rodata+0x8): undefined reference to `.L80060924'
C:\Tools\mips-ps1\mips\bin\mipsel-none-elf-ld.exe: (.rodata+0xc): undefined reference to `.L80060D50'
C:\Tools\mips-ps1\mips\bin\mipsel-none-elf-ld.exe: (.rodata+0x10): undefined reference to `.L80060D50'
C:\Tools\mips-ps1\mips\bin\mipsel-none-elf-ld.exe: (.rodata+0x14): undefined reference to `.L80060D50'
C:\Tools\mips-ps1\mips\bin\mipsel-none-elf-ld.exe: (.rodata+0x18): undefined reference to `.L80060D50'
C:\Tools\mips-ps1\mips\bin\mipsel-none-elf-ld.exe: (.rodata+0x1c): undefined reference to `.L80060C1C'
C:\Tools\mips-ps1\mips\bin\mipsel-none-elf-ld.exe: (.rodata+0x20): undefined reference to `.L80060D50'
C:\Tools\mips-ps1\mips\bin\mipsel-none-elf-ld.exe: (.rodata+0x24): undefined reference to `.L80060D50'
C:\Tools\mips-ps1\mips\bin\mipsel-none-elf-ld.exe: (.rodata+0x28): undefined reference to `.L80060C48'
C:\Tools\mips-ps1\mips\bin\mipsel-none-elf-ld.exe: build/asm/data/rdata_80054548_j02.rodata.s.o: in function `jtbl_80055070':
(.rodata+0x0): undefined reference to `.L80060B30'
C:\Tools\mips-ps1\mips\bin\mipsel-none-elf-ld.exe: (.rodata+0x4): undefined reference to `.L80060954'
C:\Tools\mips-ps1\mips\bin\mipsel-none-elf-ld.exe: (.rodata+0x8): undefined reference to `.L800609EC'
C:\Tools\mips-ps1\mips\bin\mipsel-none-elf-ld.exe: (.rodata+0xc): undefined reference to `.L80060B30'
C:\Tools\mips-ps1\mips\bin\mipsel-none-elf-ld.exe: (.rodata+0x10): undefined reference to `.L800609F8'
C:\Tools\mips-ps1\mips\bin\mipsel-none-elf-ld.exe: (.rodata+0x14): undefined reference to `.L80060B30'
C:\Tools\mips-ps1\mips\bin\mipsel-none-elf-ld.exe: build/asm/data/rdata_80054548_r02.rodata.s.o: in function `D_80055098':
(.rodata+0x24): undefined reference to `___13AIHigh_Player'
C:\Tools\mips-ps1\mips\bin\mipsel-none-elf-ld.exe: (.rodata+0x2c): undefined reference to `CheckForCrimes__16AIHigh_BasicPerp'
C:\Tools\mips-ps1\mips\bin\mipsel-none-elf-ld.exe: build/asm/data/rdata_80054548_r02.rodata.s.o: in function `_vt_12AIHigh_Human':
(.rodata+0x4c): undefined reference to `HighExecute__12AIHigh_Human'
C:\Tools\mips-ps1\mips\bin\mipsel-none-elf-ld.exe: (.rodata+0x54): undefined reference to `___12AIHigh_Human'
C:\Tools\mips-ps1\mips\bin\mipsel-none-elf-ld.exe: (.rodata+0x5c): undefined reference to `CheckForCrimes__16AIHigh_BasicPerp'
C:\Tools\mips-ps1\mips\bin\mipsel-none-elf-ld.exe: build/asm/data/rdata_80054548_r02.rodata.s.o: in function `_vt_15AIHigh_Opponent':
(.rodata+0x7c): undefined reference to `HighExecute__15AIHigh_Opponent'
C:\Tools\mips-ps1\mips\bin\mipsel-none-elf-ld.exe: (.rodata+0x84): undefined reference to `___15AIHigh_Opponent'
C:\Tools\mips-ps1\mips\bin\mipsel-none-elf-ld.exe: (.rodata+0x8c): undefined reference to `CheckForCrimes__16AIHigh_BasicPerp'
C:\Tools\mips-ps1\mips\bin\mipsel-none-elf-ld.exe: build/asm/data/rdata_80054548_j03.rodata.s.o: in function `jtbl_80055118':
(.rodata+0x0): undefined reference to `.L80063808'
C:\Tools\mips-ps1\mips\bin\mipsel-none-elf-ld.exe: (.rodata+0x4): undefined reference to `.L80063AC0'
C:\Tools\mips-ps1\mips\bin\mipsel-none-elf-ld.exe: (.rodata+0x8): undefined reference to `.L80063858'
C:\Tools\mips-ps1\mips\bin\mipsel-none-elf-ld.exe: (.rodata+0xc): undefined reference to `.L80063AC0'
C:\Tools\mips-ps1\mips\bin\mipsel-none-elf-ld.exe: (.rodata+0x10): undefined reference to `.L80063988'
C:\Tools\mips-ps1\mips\bin\mipsel-none-elf-ld.exe: (.rodata+0x14): undefined reference to `.L80063AC0'
C:\Tools\mips-ps1\mips\bin\mipsel-none-elf-ld.exe: (.rodata+0x18): undefined reference to `.L80063AC0'
C:\Tools\mips-ps1\mips\bin\mipsel-none-elf-ld.exe: (.rodata+0x1c): undefined reference to `.L80063AC0'
C:\Tools\mips-ps1\mips\bin\mipsel-none-elf-ld.exe: (.rodata+0x20): undefined reference to `.L80063AC0'
C:\Tools\mips-ps1\mips\bin\mipsel-none-elf-ld.exe: (.rodata+0x24): undefined reference to `.L80063AC0'
C:\Tools\mips-ps1\mips\bin\mipsel-none-elf-ld.exe: build/asm/data/rdata_80054548_j03.rodata.s.o:(.rodata+0x28): more undefined references to `.L80063AC0' follow
C:\Tools\mips-ps1\mips\bin\mipsel-none-elf-ld.exe: build/asm/data/rdata_80054548_r03.rodata.s.o: in function `_vt_10AIHigh_Cop':
(.rodata+0x1c): undefined reference to `HighExecute__10AIHigh_Cop'
C:\Tools\mips-ps1\mips\bin\mipsel-none-elf-ld.exe: (.rodata+0x24): undefined reference to `___10AIHigh_Cop'
C:\Tools\mips-ps1\mips\bin\mipsel-none-elf-ld.exe: build/asm/data/rdata_80054548_j04.rodata.s.o: in function `jtbl_8005516C':
(.rodata+0x0): undefined reference to `.L80063D38'
C:\Tools\mips-ps1\mips\bin\mipsel-none-elf-ld.exe: (.rodata+0x4): undefined reference to `.L80063E28'
C:\Tools\mips-ps1\mips\bin\mipsel-none-elf-ld.exe: (.rodata+0x8): undefined reference to `.L8006422C'
C:\Tools\mips-ps1\mips\bin\mipsel-none-elf-ld.exe: (.rodata+0xc): undefined reference to `.L800648D8'
C:\Tools\mips-ps1\mips\bin\mipsel-none-elf-ld.exe: (.rodata+0x10): undefined reference to `.L80064440'
C:\Tools\mips-ps1\mips\bin\mipsel-none-elf-ld.exe: (.rodata+0x14): undefined reference to `.L80065118'
C:\Tools\mips-ps1\mips\bin\mipsel-none-elf-ld.exe: (.rodata+0x18): undefined reference to `.L8006536C'
C:\Tools\mips-ps1\mips\bin\mipsel-none-elf-ld.exe: (.rodata+0x1c): undefined reference to `.L8006536C'
C:\Tools\mips-ps1\mips\bin\mipsel-none-elf-ld.exe: (.rodata+0x20): undefined reference to `.L8006536C'
C:\Tools\mips-ps1\mips\bin\mipsel-none-elf-ld.exe: (.rodata+0x24): undefined reference to `.L800652FC'
C:\Tools\mips-ps1\mips\bin\mipsel-none-elf-ld.exe: (.rodata+0x28): undefined reference to `.L8006536C'
C:\Tools\mips-ps1\mips\bin\mipsel-none-elf-ld.exe: build/asm/data/rdata_80054548_r04.rodata.s.o: in function `_vt_14AIHigh_Traffic':
(.rodata+0x24): undefined reference to `HighExecute__14AIHigh_Traffic'
C:\Tools\mips-ps1\mips\bin\mipsel-none-elf-ld.exe: (.rodata+0x2c): undefined reference to `___14AIHigh_Traffic'
C:\Tools\mips-ps1\mips\bin\mipsel-none-elf-ld.exe: build/asm/data/rdata_80054548_j05.rodata.s.o: in function `jtbl_800551C8':
(.rodata+0x0): undefined reference to `.L80065ED0'
C:\Tools\mips-ps1\mips\bin\mipsel-none-elf-ld.exe: (.rodata+0x4): undefined reference to `.L80065FD4'
C:\Tools\mips-ps1\mips\bin\mipsel-none-elf-ld.exe: (.rodata+0x8): undefined reference to `.L800661E0'
C:\Tools\mips-ps1\mips\bin\mipsel-none-elf-ld.exe: (.rodata+0xc): undefined reference to `.L80066514'
C:\Tools\mips-ps1\mips\bin\mipsel-none-elf-ld.exe: (.rodata+0x10): undefined reference to `.L800666D0'
C:\Tools\mips-ps1\mips\bin\mipsel-none-elf-ld.exe: (.rodata+0x14): undefined reference to `.L800666D0'
C:\Tools\mips-ps1\mips\bin\mipsel-none-elf-ld.exe: (.rodata+0x18): undefined reference to `.L800665A4'
C:\Tools\mips-ps1\mips\bin\mipsel-none-elf-ld.exe: (.rodata+0x1c): undefined reference to `.L800666D0'
C:\Tools\mips-ps1\mips\bin\mipsel-none-elf-ld.exe: (.rodata+0x20): undefined reference to `.L800666D0'
C:\Tools\mips-ps1\mips\bin\mipsel-none-elf-ld.exe: (.rodata+0x24): undefined reference to `.L800666D0'
C:\Tools\mips-ps1\mips\bin\mipsel-none-elf-ld.exe: (.rodata+0x28): undefined reference to `.L800666D0'
C:\Tools\mips-ps1\mips\bin\mipsel-none-elf-ld.exe: build/asm/data/rdata_80054548_r05.rodata.s.o: in function `D_80055410':
(.rodata+0x244): undefined reference to `___26AIDataRecord_CarTracking_t'
C:\Tools\mips-ps1\mips\bin\mipsel-none-elf-ld.exe: (.rodata+0x24c): undefined reference to `Setup__14AIDataRecord_t'
C:\Tools\mips-ps1\mips\bin\mipsel-none-elf-ld.exe: (.rodata+0x254): undefined reference to `Get__26AIDataRecord_CarTracking_ti'
C:\Tools\mips-ps1\mips\bin\mipsel-none-elf-ld.exe: build/asm/data/rdata_80054548_r05.rodata.s.o: in function `D_8005544C':
(.rodata+0x264): undefined reference to `___30AIDataRecord_CurveSpeedTable_t'
C:\Tools\mips-ps1\mips\bin\mipsel-none-elf-ld.exe: (.rodata+0x26c): undefined reference to `Setup__14AIDataRecord_t'
C:\Tools\mips-ps1\mips\bin\mipsel-none-elf-ld.exe: build/asm/data/rdata_80054548_r05.rodata.s.o: in function `D_80055464':
(.rodata+0x27c): undefined reference to `___25AIDataRecord_TrackCurve_t'
C:\Tools\mips-ps1\mips\bin\mipsel-none-elf-ld.exe: (.rodata+0x284): undefined reference to `Setup__14AIDataRecord_t'
C:\Tools\mips-ps1\mips\bin\mipsel-none-elf-ld.exe: build/asm/data/rdata_80054548_r05.rodata.s.o: in function `D_8005547C':
(.rodata+0x294): undefined reference to `___23AIDataRecord_BestLine_t'
C:\Tools\mips-ps1\mips\bin\mipsel-none-elf-ld.exe: (.rodata+0x29c): undefined reference to `Setup__14AIDataRecord_t'
C:\Tools\mips-ps1\mips\bin\mipsel-none-elf-ld.exe: build/asm/data/rdata_80054548_r05.rodata.s.o: in function `_vt_23AIDataRecord_AccTable_t':
(.rodata+0x2ac): undefined reference to `___23AIDataRecord_AccTable_t'
C:\Tools\mips-ps1\mips\bin\mipsel-none-elf-ld.exe: (.rodata+0x2b4): undefined reference to `Setup__23AIDataRecord_AccTable_t'
C:\Tools\mips-ps1\mips\bin\mipsel-none-elf-ld.exe: build/asm/data/rdata_80054548_r05.rodata.s.o: in function `_vt_14AIDataRecord_t':
(.rodata+0x2c4): undefined reference to `___14AIDataRecord_t'
C:\Tools\mips-ps1\mips\bin\mipsel-none-elf-ld.exe: (.rodata+0x2cc): undefined reference to `Setup__14AIDataRecord_t'
C:\Tools\mips-ps1\mips\bin\mipsel-none-elf-ld.exe: build/asm/data/rdata_80054548_r05.rodata.s.o: in function `_vt_14AIState_Cruise':
(.rodata+0x318): undefined reference to `Execute__14AIState_Cruise'
C:\Tools\mips-ps1\mips\bin\mipsel-none-elf-ld.exe: (.rodata+0x320): undefined reference to `___14AIState_Cruise'
C:\Tools\mips-ps1\mips\bin\mipsel-none-elf-ld.exe: (.rodata+0x328): undefined reference to `TestForRelease__12AIState_Base_80072830'
C:\Tools\mips-ps1\mips\bin\mipsel-none-elf-ld.exe: build/asm/data/rdata_80054548_r05.rodata.s.o: in function `_vt_17AIState_GotoSlice':
(.rodata+0x338): undefined reference to `Execute__17AIState_GotoSlice'
C:\Tools\mips-ps1\mips\bin\mipsel-none-elf-ld.exe: (.rodata+0x340): undefined reference to `___17AIState_GotoSlice'
C:\Tools\mips-ps1\mips\bin\mipsel-none-elf-ld.exe: (.rodata+0x348): undefined reference to `TestForRelease__12AIState_Base_80072830'
C:\Tools\mips-ps1\mips\bin\mipsel-none-elf-ld.exe: build/asm/data/rdata_80054548_r05.rodata.s.o: in function `_vt_14AIState_Donuts':
(.rodata+0x358): undefined reference to `Execute__14AIState_Donuts'
C:\Tools\mips-ps1\mips\bin\mipsel-none-elf-ld.exe: (.rodata+0x360): undefined reference to `___14AIState_Donuts'
C:\Tools\mips-ps1\mips\bin\mipsel-none-elf-ld.exe: (.rodata+0x368): undefined reference to `TestForRelease__12AIState_Base_80072830'
C:\Tools\mips-ps1\mips\bin\mipsel-none-elf-ld.exe: build/asm/data/rdata_80054548_r05.rodata.s.o: in function `_vt_21AIState_RovingTraffic':
(.rodata+0x378): undefined reference to `Execute__21AIState_RovingTraffic'
C:\Tools\mips-ps1\mips\bin\mipsel-none-elf-ld.exe: (.rodata+0x380): undefined reference to `___21AIState_RovingTraffic'
C:\Tools\mips-ps1\mips\bin\mipsel-none-elf-ld.exe: (.rodata+0x388): undefined reference to `TestForRelease__21AIState_RovingTraffic'
C:\Tools\mips-ps1\mips\bin\mipsel-none-elf-ld.exe: build/asm/data/rdata_80054548_r05.rodata.s.o: in function `_vt_17AIState_Purgatory':
(.rodata+0x398): undefined reference to `Execute__17AIState_Purgatory'
C:\Tools\mips-ps1\mips\bin\mipsel-none-elf-ld.exe: (.rodata+0x3a0): undefined reference to `___17AIState_Purgatory'
C:\Tools\mips-ps1\mips\bin\mipsel-none-elf-ld.exe: (.rodata+0x3a8): undefined reference to `TestForRelease__17AIState_Purgatory'
C:\Tools\mips-ps1\mips\bin\mipsel-none-elf-ld.exe: build/asm/data/rdata_80054548_r05.rodata.s.o: in function `D_800555A0':
(.rodata+0x3b8): undefined reference to `Execute__17AIState_NonActive_80072750'
C:\Tools\mips-ps1\mips\bin\mipsel-none-elf-ld.exe: (.rodata+0x3c0): undefined reference to `___17AIState_NonActive_80072758'
C:\Tools\mips-ps1\mips\bin\mipsel-none-elf-ld.exe: (.rodata+0x3c8): undefined reference to `TestForRelease__12AIState_Base_80072830'
C:\Tools\mips-ps1\mips\bin\mipsel-none-elf-ld.exe: build/asm/data/rdata_80054548_r05.rodata.s.o: in function `_vt_15AIState_Offroad':
(.rodata+0x3d8): undefined reference to `Execute__15AIState_Offroad'
C:\Tools\mips-ps1\mips\bin\mipsel-none-elf-ld.exe: (.rodata+0x3e0): undefined reference to `___15AIState_Offroad'
C:\Tools\mips-ps1\mips\bin\mipsel-none-elf-ld.exe: (.rodata+0x3e8): undefined reference to `TestForRelease__12AIState_Base_80072830'
C:\Tools\mips-ps1\mips\bin\mipsel-none-elf-ld.exe: build/asm/data/rdata_80054548_r05.rodata.s.o: in function `_vt_13AIState_Chase':
(.rodata+0x3f8): undefined reference to `Execute__13AIState_Chase'
C:\Tools\mips-ps1\mips\bin\mipsel-none-elf-ld.exe: (.rodata+0x400): undefined reference to `___13AIState_Chase'
C:\Tools\mips-ps1\mips\bin\mipsel-none-elf-ld.exe: (.rodata+0x408): undefined reference to `TestForRelease__12AIState_Base_80072830'
C:\Tools\mips-ps1\mips\bin\mipsel-none-elf-ld.exe: build/asm/data/rdata_80054548_r05.rodata.s.o: in function `_vt_12AIState_Idle':
(.rodata+0x418): undefined reference to `Execute__12AIState_Idle'
C:\Tools\mips-ps1\mips\bin\mipsel-none-elf-ld.exe: (.rodata+0x420): undefined reference to `___12AIState_Idle'
C:\Tools\mips-ps1\mips\bin\mipsel-none-elf-ld.exe: (.rodata+0x428): undefined reference to `TestForRelease__12AIState_Base_80072830'
C:\Tools\mips-ps1\mips\bin\mipsel-none-elf-ld.exe: build/asm/data/rdata_80054548_r05.rodata.s.o: in function `_vt_14AIState_Normal':
(.rodata+0x438): undefined reference to `Execute__14AIState_Normal'
C:\Tools\mips-ps1\mips\bin\mipsel-none-elf-ld.exe: (.rodata+0x440): undefined reference to `___14AIState_Normal'
C:\Tools\mips-ps1\mips\bin\mipsel-none-elf-ld.exe: (.rodata+0x448): undefined reference to `TestForRelease__12AIState_Base_80072830'
C:\Tools\mips-ps1\mips\bin\mipsel-none-elf-ld.exe: build/asm/data/rdata_80054548_r05.rodata.s.o: in function `D_80055640':
(.rodata+0x460): undefined reference to `___12AIState_Base_80072838'
C:\Tools\mips-ps1\mips\bin\mipsel-none-elf-ld.exe: (.rodata+0x468): undefined reference to `TestForRelease__12AIState_Base_80072830'
C:\Tools\mips-ps1\mips\bin\mipsel-none-elf-ld.exe: build/asm/data/rdata_80054548_j06.rodata.s.o: in function `jtbl_8005573C':
(.rodata+0x0): undefined reference to `.L80078BAC'
C:\Tools\mips-ps1\mips\bin\mipsel-none-elf-ld.exe: (.rodata+0x4): undefined reference to `.L80078C84'
C:\Tools\mips-ps1\mips\bin\mipsel-none-elf-ld.exe: (.rodata+0x8): undefined reference to `.L80078BCC'
C:\Tools\mips-ps1\mips\bin\mipsel-none-elf-ld.exe: (.rodata+0xc): undefined reference to `.L80078C84'
C:\Tools\mips-ps1\mips\bin\mipsel-none-elf-ld.exe: (.rodata+0x10): undefined reference to `.L80078C84'
C:\Tools\mips-ps1\mips\bin\mipsel-none-elf-ld.exe: (.rodata+0x14): undefined reference to `.L80078BCC'
C:\Tools\mips-ps1\mips\bin\mipsel-none-elf-ld.exe: (.rodata+0x18): undefined reference to `.L80078C84'
C:\Tools\mips-ps1\mips\bin\mipsel-none-elf-ld.exe: (.rodata+0x1c): undefined reference to `.L80078C84'
C:\Tools\mips-ps1\mips\bin\mipsel-none-elf-ld.exe: (.rodata+0x20): undefined reference to `.L80078BAC'
C:\Tools\mips-ps1\mips\bin\mipsel-none-elf-ld.exe: (.rodata+0x24): undefined reference to `.L80078BAC'
C:\Tools\mips-ps1\mips\bin\mipsel-none-elf-ld.exe: (.rodata+0x28): undefined reference to `.L80078BCC'
C:\Tools\mips-ps1\mips\bin\mipsel-none-elf-ld.exe: (.rodata+0x2c): undefined reference to `.L80078BAC'
C:\Tools\mips-ps1\mips\bin\mipsel-none-elf-ld.exe: build/asm/data/rdata_80054548_j07.rodata.s.o: in function `jtbl_800558C8':
(.rodata+0x0): undefined reference to `.L80083710'
C:\Tools\mips-ps1\mips\bin\mipsel-none-elf-ld.exe: (.rodata+0x4): undefined reference to `.L80083710'
C:\Tools\mips-ps1\mips\bin\mipsel-none-elf-ld.exe: (.rodata+0x8): undefined reference to `.L80083720'
C:\Tools\mips-ps1\mips\bin\mipsel-none-elf-ld.exe: (.rodata+0xc): undefined reference to `.L80083734'
C:\Tools\mips-ps1\mips\bin\mipsel-none-elf-ld.exe: (.rodata+0x10): undefined reference to `.L80083748'
C:\Tools\mips-ps1\mips\bin\mipsel-none-elf-ld.exe: (.rodata+0x14): undefined reference to `.L8008375C'
C:\Tools\mips-ps1\mips\bin\mipsel-none-elf-ld.exe: (.rodata+0x18): undefined reference to `.L80083770'
C:\Tools\mips-ps1\mips\bin\mipsel-none-elf-ld.exe: (.rodata+0x1c): undefined reference to `.L80083784'
C:\Tools\mips-ps1\mips\bin\mipsel-none-elf-ld.exe: (.rodata+0x20): undefined reference to `.L800837E8'
C:\Tools\mips-ps1\mips\bin\mipsel-none-elf-ld.exe: (.rodata+0x24): undefined reference to `.L800837E8'
C:\Tools\mips-ps1\mips\bin\mipsel-none-elf-ld.exe: (.rodata+0x28): undefined reference to `.L80083798'
C:\Tools\mips-ps1\mips\bin\mipsel-none-elf-ld.exe: (.rodata+0x2c): undefined reference to `.L800837A8'
C:\Tools\mips-ps1\mips\bin\mipsel-none-elf-ld.exe: (.rodata+0x30): undefined reference to `.L800837B8'
C:\Tools\mips-ps1\mips\bin\mipsel-none-elf-ld.exe: (.rodata+0x34): undefined reference to `.L800837C8'
C:\Tools\mips-ps1\mips\bin\mipsel-none-elf-ld.exe: (.rodata+0x38): undefined reference to `.L800837D8'
C:\Tools\mips-ps1\mips\bin\mipsel-none-elf-ld.exe: (.rodata+0x3c): undefined reference to `.L800837E8'
C:\Tools\mips-ps1\mips\bin\mipsel-none-elf-ld.exe: (.rodata+0x40): undefined reference to `.L800837F8'
C:\Tools\mips-ps1\mips\bin\mipsel-none-elf-ld.exe: (.rodata+0x44): undefined reference to `.L80083808'
C:\Tools\mips-ps1\mips\bin\mipsel-none-elf-ld.exe: (.rodata+0x48): undefined reference to `.L80083808'
C:\Tools\mips-ps1\mips\bin\mipsel-none-elf-ld.exe: build/asm/data/rdata_80054548_j08.rodata.s.o: in function `jtbl_80055918':
(.rodata+0x0): undefined reference to `.L80084F74'
C:\Tools\mips-ps1\mips\bin\mipsel-none-elf-ld.exe: (.rodata+0x4): undefined reference to `.L80084F74'
C:\Tools\mips-ps1\mips\bin\mipsel-none-elf-ld.exe: (.rodata+0x8): undefined reference to `.L80084F74'
C:\Tools\mips-ps1\mips\bin\mipsel-none-elf-ld.exe: (.rodata+0xc): undefined reference to `.L80084F94'
C:\Tools\mips-ps1\mips\bin\mipsel-none-elf-ld.exe: (.rodata+0x10): undefined reference to `.L80084F94'
C:\Tools\mips-ps1\mips\bin\mipsel-none-elf-ld.exe: (.rodata+0x14): undefined reference to `.L80084F84'
C:\Tools\mips-ps1\mips\bin\mipsel-none-elf-ld.exe: build/asm/data/rdata_80054548_j09.rodata.s.o: in function `jtbl_80055930':
(.rodata+0x0): undefined reference to `.L8008552C'
C:\Tools\mips-ps1\mips\bin\mipsel-none-elf-ld.exe: (.rodata+0x4): undefined reference to `.L8008552C'
C:\Tools\mips-ps1\mips\bin\mipsel-none-elf-ld.exe: (.rodata+0x8): undefined reference to `.L8008552C'
C:\Tools\mips-ps1\mips\bin\mipsel-none-elf-ld.exe: (.rodata+0xc): undefined reference to `.L8008552C'
C:\Tools\mips-ps1\mips\bin\mipsel-none-elf-ld.exe: (.rodata+0x10): undefined reference to `.L8008552C'
C:\Tools\mips-ps1\mips\bin\mipsel-none-elf-ld.exe: build/asm/data/rdata_80054548_j09.rodata.s.o:(.rodata+0x14): more undefined references to `.L8008552C' follow
C:\Tools\mips-ps1\mips\bin\mipsel-none-elf-ld.exe: build/asm/data/rdata_80054548_j09.rodata.s.o: in function `jtbl_80055930':
(.rodata+0x30): undefined reference to `.L80085524'
C:\Tools\mips-ps1\mips\bin\mipsel-none-elf-ld.exe: (.rodata+0x34): undefined reference to `.L8008552C'
C:\Tools\mips-ps1\mips\bin\mipsel-none-elf-ld.exe: (.rodata+0x38): undefined reference to `.L80085524'
C:\Tools\mips-ps1\mips\bin\mipsel-none-elf-ld.exe: (.rodata+0x3c): undefined reference to `.L8008552C'
C:\Tools\mips-ps1\mips\bin\mipsel-none-elf-ld.exe: (.rodata+0x40): undefined reference to `.L8008552C'
C:\Tools\mips-ps1\mips\bin\mipsel-none-elf-ld.exe: (.rodata+0x44): undefined reference to `.L8008552C'
C:\Tools\mips-ps1\mips\bin\mipsel-none-elf-ld.exe: (.rodata+0x48): undefined reference to `.L8008552C'
C:\Tools\mips-ps1\mips\bin\mipsel-none-elf-ld.exe: build/asm/data/rdata_80054548_j10.rodata.s.o: in function `jtbl_80055A28':
(.rodata+0x0): undefined reference to `.L800921A8'
C:\Tools\mips-ps1\mips\bin\mipsel-none-elf-ld.exe: (.rodata+0x4): undefined reference to `.L800921CC'
C:\Tools\mips-ps1\mips\bin\mipsel-none-elf-ld.exe: (.rodata+0x8): undefined reference to `.L800921F0'
C:\Tools\mips-ps1\mips\bin\mipsel-none-elf-ld.exe: (.rodata+0xc): undefined reference to `.L80092220'
C:\Tools\mips-ps1\mips\bin\mipsel-none-elf-ld.exe: (.rodata+0x10): undefined reference to `.L80092274'
C:\Tools\mips-ps1\mips\bin\mipsel-none-elf-ld.exe: (.rodata+0x14): undefined reference to `.L8009240C'
C:\Tools\mips-ps1\mips\bin\mipsel-none-elf-ld.exe: (.rodata+0x18): undefined reference to `.L8009240C'
C:\Tools\mips-ps1\mips\bin\mipsel-none-elf-ld.exe: (.rodata+0x1c): undefined reference to `.L800922D8'
C:\Tools\mips-ps1\mips\bin\mipsel-none-elf-ld.exe: (.rodata+0x20): undefined reference to `.L8009236C'
C:\Tools\mips-ps1\mips\bin\mipsel-none-elf-ld.exe: (.rodata+0x24): undefined reference to `.L8009240C'
C:\Tools\mips-ps1\mips\bin\mipsel-none-elf-ld.exe: (.rodata+0x28): undefined reference to `.L800923BC'
C:\Tools\mips-ps1\mips\bin\mipsel-none-elf-ld.exe: build/asm/data/rdata_80054548_r08.rodata.s.o: in function `_vt_Q26Speech13MobileSpeaker':
(.rodata+0x18c): undefined reference to `Report__Q26Speech13MobileSpeakerP8Car_tObj'
C:\Tools\mips-ps1\mips\bin\mipsel-none-elf-ld.exe: (.rodata+0x194): undefined reference to `Status__Q26Speech13MobileSpeaker'
C:\Tools\mips-ps1\mips\bin\mipsel-none-elf-ld.exe: (.rodata+0x19c): undefined reference to `Deny__Q26Speech7Speaker'
C:\Tools\mips-ps1\mips\bin\mipsel-none-elf-ld.exe: (.rodata+0x1a4): undefined reference to `Grant__Q26Speech7Speaker'
C:\Tools\mips-ps1\mips\bin\mipsel-none-elf-ld.exe: (.rodata+0x1ac): undefined reference to `Ready__Q26Speech7SpeakerP8Car_tObj'
C:\Tools\mips-ps1\mips\bin\mipsel-none-elf-ld.exe: (.rodata+0x1b4): undefined reference to `Engage__Q26Speech13MobileSpeakerP8Car_tObj'
C:\Tools\mips-ps1\mips\bin\mipsel-none-elf-ld.exe: (.rodata+0x1bc): undefined reference to `Lose__Q26Speech13MobileSpeaker'
C:\Tools\mips-ps1\mips\bin\mipsel-none-elf-ld.exe: (.rodata+0x1c4): undefined reference to `Accident__Q26Speech13MobileSpeakeri'
C:\Tools\mips-ps1\mips\bin\mipsel-none-elf-ld.exe: (.rodata+0x1cc): undefined reference to `Catch__Q26Speech13MobileSpeakeri'
C:\Tools\mips-ps1\mips\bin\mipsel-none-elf-ld.exe: (.rodata+0x1d4): undefined reference to `RoadBlock__Q26Speech13MobileSpeaker'
C:\Tools\mips-ps1\mips\bin\mipsel-none-elf-ld.exe: (.rodata+0x1dc): undefined reference to `SpikeBelt__Q26Speech13MobileSpeaker'
C:\Tools\mips-ps1\mips\bin\mipsel-none-elf-ld.exe: (.rodata+0x1e4): undefined reference to `Backup__Q26Speech13MobileSpeaker'
C:\Tools\mips-ps1\mips\bin\mipsel-none-elf-ld.exe: (.rodata+0x1ec): undefined reference to `ReportBlockade__Q26Speech13MobileSpeaker'
C:\Tools\mips-ps1\mips\bin\mipsel-none-elf-ld.exe: (.rodata+0x1f4): undefined reference to `Roger__Q26Speech13MobileSpeaker'
C:\Tools\mips-ps1\mips\bin\mipsel-none-elf-ld.exe: (.rodata+0x1fc): undefined reference to `Bullhorn__Q26Speech13MobileSpeaker'
C:\Tools\mips-ps1\mips\bin\mipsel-none-elf-ld.exe: (.rodata+0x204): undefined reference to `Purge__Q26Speech13MobileSpeaker'
C:\Tools\mips-ps1\mips\bin\mipsel-none-elf-ld.exe: (.rodata+0x20c): undefined reference to `Unit__Q26Speech13MobileSpeaker'
C:\Tools\mips-ps1\mips\bin\mipsel-none-elf-ld.exe: (.rodata+0x214): undefined reference to `KnownPerp__Q26Speech7SpeakerP8Car_tObj'
C:\Tools\mips-ps1\mips\bin\mipsel-none-elf-ld.exe: (.rodata+0x21c): undefined reference to `ClearPerp__Q26Speech7SpeakerP8Car_tObj'
C:\Tools\mips-ps1\mips\bin\mipsel-none-elf-ld.exe: (.rodata+0x224): undefined reference to `IsSuper__Q26Speech13MobileSpeaker'
C:\Tools\mips-ps1\mips\bin\mipsel-none-elf-ld.exe: (.rodata+0x22c): undefined reference to `StatusCount__Q26Speech7Speaker'
C:\Tools\mips-ps1\mips\bin\mipsel-none-elf-ld.exe: (.rodata+0x234): undefined reference to `StatusSub__Q26Speech7Speaker'
C:\Tools\mips-ps1\mips\bin\mipsel-none-elf-ld.exe: (.rodata+0x23c): undefined reference to `PurgeStatusSub__Q26Speech7Speaker'
C:\Tools\mips-ps1\mips\bin\mipsel-none-elf-ld.exe: (.rodata+0x244): undefined reference to `DistToPerp__Q26Speech13MobileSpeaker'
C:\Tools\mips-ps1\mips\bin\mipsel-none-elf-ld.exe: (.rodata+0x24c): undefined reference to `CarObj__Q26Speech13MobileSpeaker'
C:\Tools\mips-ps1\mips\bin\mipsel-none-elf-ld.exe: (.rodata+0x254): undefined reference to `ReActivate__Q26Speech13MobileSpeaker'
C:\Tools\mips-ps1\mips\bin\mipsel-none-elf-ld.exe: (.rodata+0x25c): undefined reference to `Perp__Q26Speech13MobileSpeaker'
C:\Tools\mips-ps1\mips\bin\mipsel-none-elf-ld.exe: (.rodata+0x264): undefined reference to `GetCarBank__Q26Speech13MobileSpeakeri'
C:\Tools\mips-ps1\mips\bin\mipsel-none-elf-ld.exe: (.rodata+0x26c): undefined reference to `FindClosestLocationTo__Q26Speech13MobileSpeakeri'
C:\Tools\mips-ps1\mips\bin\mipsel-none-elf-ld.exe: (.rodata+0x274): undefined reference to `CallSign__Q26Speech13MobileSpeaker'
C:\Tools\mips-ps1\mips\bin\mipsel-none-elf-ld.exe: build/asm/data/rdata_80054548_r08.rodata.s.o: in function `_vt_Q26Speech15DispatchSpeaker':
(.rodata+0x284): undefined reference to `Report__Q26Speech15DispatchSpeakerP8Car_tObj'
C:\Tools\mips-ps1\mips\bin\mipsel-none-elf-ld.exe: (.rodata+0x28c): undefined reference to `Status__Q26Speech15DispatchSpeaker'
C:\Tools\mips-ps1\mips\bin\mipsel-none-elf-ld.exe: (.rodata+0x294): undefined reference to `Deny__Q26Speech15DispatchSpeaker'
C:\Tools\mips-ps1\mips\bin\mipsel-none-elf-ld.exe: (.rodata+0x29c): undefined reference to `Grant__Q26Speech15DispatchSpeaker'
C:\Tools\mips-ps1\mips\bin\mipsel-none-elf-ld.exe: (.rodata+0x2a4): undefined reference to `Ready__Q26Speech15DispatchSpeakerP8Car_tObj'
C:\Tools\mips-ps1\mips\bin\mipsel-none-elf-ld.exe: (.rodata+0x2ac): undefined reference to `Engage__Q26Speech7SpeakerP8Car_tObj'
C:\Tools\mips-ps1\mips\bin\mipsel-none-elf-ld.exe: (.rodata+0x2b4): undefined reference to `Lose__Q26Speech7Speaker'
C:\Tools\mips-ps1\mips\bin\mipsel-none-elf-ld.exe: (.rodata+0x2bc): undefined reference to `Accident__Q26Speech15DispatchSpeakeri'
C:\Tools\mips-ps1\mips\bin\mipsel-none-elf-ld.exe: (.rodata+0x2c4): undefined reference to `Catch__Q26Speech7Speakeri'
C:\Tools\mips-ps1\mips\bin\mipsel-none-elf-ld.exe: (.rodata+0x2cc): undefined reference to `RoadBlock__Q26Speech7Speaker'
C:\Tools\mips-ps1\mips\bin\mipsel-none-elf-ld.exe: (.rodata+0x2d4): undefined reference to `SpikeBelt__Q26Speech7Speaker'
C:\Tools\mips-ps1\mips\bin\mipsel-none-elf-ld.exe: (.rodata+0x2dc): undefined reference to `Backup__Q26Speech7Speaker'
C:\Tools\mips-ps1\mips\bin\mipsel-none-elf-ld.exe: (.rodata+0x2e4): undefined reference to `ReportBlockade__Q26Speech7Speaker'
C:\Tools\mips-ps1\mips\bin\mipsel-none-elf-ld.exe: (.rodata+0x2ec): undefined reference to `Roger__Q26Speech15DispatchSpeaker'
C:\Tools\mips-ps1\mips\bin\mipsel-none-elf-ld.exe: (.rodata+0x2f4): undefined reference to `Bullhorn__Q26Speech7Speaker'
C:\Tools\mips-ps1\mips\bin\mipsel-none-elf-ld.exe: (.rodata+0x2fc): undefined reference to `Purge__Q26Speech7Speaker'
C:\Tools\mips-ps1\mips\bin\mipsel-none-elf-ld.exe: (.rodata+0x304): undefined reference to `Unit__Q26Speech7Speaker'
C:\Tools\mips-ps1\mips\bin\mipsel-none-elf-ld.exe: (.rodata+0x30c): undefined reference to `KnownPerp__Q26Speech15DispatchSpeakerP8Car_tObj'
C:\Tools\mips-ps1\mips\bin\mipsel-none-elf-ld.exe: (.rodata+0x314): undefined reference to `ClearPerp__Q26Speech15DispatchSpeakerP8Car_tObj'
C:\Tools\mips-ps1\mips\bin\mipsel-none-elf-ld.exe: (.rodata+0x31c): undefined reference to `IsSuper__Q26Speech7Speaker'
C:\Tools\mips-ps1\mips\bin\mipsel-none-elf-ld.exe: (.rodata+0x324): undefined reference to `StatusCount__Q26Speech15DispatchSpeaker'
C:\Tools\mips-ps1\mips\bin\mipsel-none-elf-ld.exe: (.rodata+0x32c): undefined reference to `StatusSub__Q26Speech15DispatchSpeaker'
C:\Tools\mips-ps1\mips\bin\mipsel-none-elf-ld.exe: (.rodata+0x334): undefined reference to `PurgeStatusSub__Q26Speech15DispatchSpeaker'
C:\Tools\mips-ps1\mips\bin\mipsel-none-elf-ld.exe: (.rodata+0x33c): undefined reference to `DistToPerp__Q26Speech7Speaker'
C:\Tools\mips-ps1\mips\bin\mipsel-none-elf-ld.exe: (.rodata+0x344): undefined reference to `CarObj__Q26Speech7Speaker'
C:\Tools\mips-ps1\mips\bin\mipsel-none-elf-ld.exe: (.rodata+0x34c): undefined reference to `ReActivate__Q26Speech7Speaker'
C:\Tools\mips-ps1\mips\bin\mipsel-none-elf-ld.exe: (.rodata+0x354): undefined reference to `Perp__Q26Speech7Speaker'
C:\Tools\mips-ps1\mips\bin\mipsel-none-elf-ld.exe: (.rodata+0x35c): undefined reference to `GetCarBank__Q26Speech15DispatchSpeakeri'
C:\Tools\mips-ps1\mips\bin\mipsel-none-elf-ld.exe: (.rodata+0x364): undefined reference to `FindClosestLocationTo__Q26Speech15DispatchSpeakeri'
C:\Tools\mips-ps1\mips\bin\mipsel-none-elf-ld.exe: (.rodata+0x36c): undefined reference to `CallSign__Q26Speech15DispatchSpeaker'
C:\Tools\mips-ps1\mips\bin\mipsel-none-elf-ld.exe: build/asm/data/rdata_80054548_r08.rodata.s.o: in function `_vt_Q26Speech7Speaker':
(.rodata+0x37c): undefined reference to `Report__Q26Speech7SpeakerP8Car_tObj'
C:\Tools\mips-ps1\mips\bin\mipsel-none-elf-ld.exe: (.rodata+0x384): undefined reference to `Status__Q26Speech7Speaker'
C:\Tools\mips-ps1\mips\bin\mipsel-none-elf-ld.exe: (.rodata+0x38c): undefined reference to `Deny__Q26Speech7Speaker'
C:\Tools\mips-ps1\mips\bin\mipsel-none-elf-ld.exe: (.rodata+0x394): undefined reference to `Grant__Q26Speech7Speaker'
C:\Tools\mips-ps1\mips\bin\mipsel-none-elf-ld.exe: (.rodata+0x39c): undefined reference to `Ready__Q26Speech7SpeakerP8Car_tObj'
C:\Tools\mips-ps1\mips\bin\mipsel-none-elf-ld.exe: (.rodata+0x3a4): undefined reference to `Engage__Q26Speech7SpeakerP8Car_tObj'
C:\Tools\mips-ps1\mips\bin\mipsel-none-elf-ld.exe: (.rodata+0x3ac): undefined reference to `Lose__Q26Speech7Speaker'
C:\Tools\mips-ps1\mips\bin\mipsel-none-elf-ld.exe: (.rodata+0x3b4): undefined reference to `Accident__Q26Speech7Speakeri'
C:\Tools\mips-ps1\mips\bin\mipsel-none-elf-ld.exe: (.rodata+0x3bc): undefined reference to `Catch__Q26Speech7Speakeri'
C:\Tools\mips-ps1\mips\bin\mipsel-none-elf-ld.exe: (.rodata+0x3c4): undefined reference to `RoadBlock__Q26Speech7Speaker'
C:\Tools\mips-ps1\mips\bin\mipsel-none-elf-ld.exe: (.rodata+0x3cc): undefined reference to `SpikeBelt__Q26Speech7Speaker'
C:\Tools\mips-ps1\mips\bin\mipsel-none-elf-ld.exe: (.rodata+0x3d4): undefined reference to `Backup__Q26Speech7Speaker'
C:\Tools\mips-ps1\mips\bin\mipsel-none-elf-ld.exe: (.rodata+0x3dc): undefined reference to `ReportBlockade__Q26Speech7Speaker'
C:\Tools\mips-ps1\mips\bin\mipsel-none-elf-ld.exe: (.rodata+0x3e4): undefined reference to `Roger__Q26Speech7Speaker'
C:\Tools\mips-ps1\mips\bin\mipsel-none-elf-ld.exe: (.rodata+0x3ec): undefined reference to `Bullhorn__Q26Speech7Speaker'
C:\Tools\mips-ps1\mips\bin\mipsel-none-elf-ld.exe: (.rodata+0x3f4): undefined reference to `Purge__Q26Speech7Speaker'
C:\Tools\mips-ps1\mips\bin\mipsel-none-elf-ld.exe: (.rodata+0x3fc): undefined reference to `Unit__Q26Speech7Speaker'
C:\Tools\mips-ps1\mips\bin\mipsel-none-elf-ld.exe: (.rodata+0x404): undefined reference to `KnownPerp__Q26Speech7SpeakerP8Car_tObj'
C:\Tools\mips-ps1\mips\bin\mipsel-none-elf-ld.exe: (.rodata+0x40c): undefined reference to `ClearPerp__Q26Speech7SpeakerP8Car_tObj'
C:\Tools\mips-ps1\mips\bin\mipsel-none-elf-ld.exe: (.rodata+0x414): undefined reference to `IsSuper__Q26Speech7Speaker'
C:\Tools\mips-ps1\mips\bin\mipsel-none-elf-ld.exe: (.rodata+0x41c): undefined reference to `StatusCount__Q26Speech7Speaker'
C:\Tools\mips-ps1\mips\bin\mipsel-none-elf-ld.exe: (.rodata+0x424): undefined reference to `StatusSub__Q26Speech7Speaker'
C:\Tools\mips-ps1\mips\bin\mipsel-none-elf-ld.exe: (.rodata+0x42c): undefined reference to `PurgeStatusSub__Q26Speech7Speaker'
C:\Tools\mips-ps1\mips\bin\mipsel-none-elf-ld.exe: (.rodata+0x434): undefined reference to `DistToPerp__Q26Speech7Speaker'
C:\Tools\mips-ps1\mips\bin\mipsel-none-elf-ld.exe: (.rodata+0x43c): undefined reference to `CarObj__Q26Speech7Speaker'
C:\Tools\mips-ps1\mips\bin\mipsel-none-elf-ld.exe: (.rodata+0x444): undefined reference to `ReActivate__Q26Speech7Speaker'
C:\Tools\mips-ps1\mips\bin\mipsel-none-elf-ld.exe: (.rodata+0x44c): undefined reference to `Perp__Q26Speech7Speaker'
C:\Tools\mips-ps1\mips\bin\mipsel-none-elf-ld.exe: (.rodata+0x454): undefined reference to `GetCarBank__Q26Speech7Speakeri'
C:\Tools\mips-ps1\mips\bin\mipsel-none-elf-ld.exe: (.rodata+0x45c): undefined reference to `FindClosestLocationTo__Q26Speech7Speakeri'
C:\Tools\mips-ps1\mips\bin\mipsel-none-elf-ld.exe: (.rodata+0x464): undefined reference to `CallSign__Q26Speech7Speaker'
C:\Tools\mips-ps1\mips\bin\mipsel-none-elf-ld.exe: build/asm/data/rdata_80054548_r08.rodata.s.o: in function `_vt_14ObjectSignAnim':
(.rodata+0x640): undefined reference to `___14ObjectSignAnim'
C:\Tools\mips-ps1\mips\bin\mipsel-none-elf-ld.exe: (.rodata+0x648): undefined reference to `Draw__14ObjectSignAnimP13DRender_tViewP11Draw_DCachei'
C:\Tools\mips-ps1\mips\bin\mipsel-none-elf-ld.exe: build/asm/data/rdata_80054548_r08.rodata.s.o: in function `_vt_22ObjectFinishedSignAnim':
(.rodata+0x658): undefined reference to `___22ObjectFinishedSignAnim'
C:\Tools\mips-ps1\mips\bin\mipsel-none-elf-ld.exe: (.rodata+0x660): undefined reference to `Draw__22ObjectFinishedSignAnimP13DRender_tViewP11Draw_DCachei'
C:\Tools\mips-ps1\mips\bin\mipsel-none-elf-ld.exe: build/asm/data/rdata_80054548_r08.rodata.s.o: in function `_vt_15ObjectMultiAnim':
(.rodata+0x670): undefined reference to `___15ObjectMultiAnim'
C:\Tools\mips-ps1\mips\bin\mipsel-none-elf-ld.exe: (.rodata+0x678): undefined reference to `Draw__15ObjectMultiAnimP13DRender_tViewP11Draw_DCachei'
C:\Tools\mips-ps1\mips\bin\mipsel-none-elf-ld.exe: build/asm/data/rdata_80054548_r08.rodata.s.o: in function `_vt_23ObjectFinishedMultiAnim':
(.rodata+0x688): undefined reference to `___23ObjectFinishedMultiAnim'
C:\Tools\mips-ps1\mips\bin\mipsel-none-elf-ld.exe: (.rodata+0x690): undefined reference to `Draw__23ObjectFinishedMultiAnimP13DRender_tViewP11Draw_DCachei'
C:\Tools\mips-ps1\mips\bin\mipsel-none-elf-ld.exe: build/asm/data/rdata_80054548_r08.rodata.s.o: in function `D_800560E8':
(.rodata+0x6a0): undefined reference to `___10ObjectAnim'
C:\Tools\mips-ps1\mips\bin\mipsel-none-elf-ld.exe: build/asm/data/rdata_80054548_r08.rodata.s.o: in function `_vt_6tPMenu':
(.rodata+0x6d4): undefined reference to `___6tPMenu'
C:\Tools\mips-ps1\mips\bin\mipsel-none-elf-ld.exe: (.rodata+0x6dc): undefined reference to `Initialize__6tPMenu'
C:\Tools\mips-ps1\mips\bin\mipsel-none-elf-ld.exe: (.rodata+0x6e4): undefined reference to `ProcessInput__6tPMenuR13tInputKeyTypeR13tPMenuCommand'
C:\Tools\mips-ps1\mips\bin\mipsel-none-elf-ld.exe: (.rodata+0x6ec): undefined reference to `Draw__6tPMenu'
C:\Tools\mips-ps1\mips\bin\mipsel-none-elf-ld.exe: build/asm/data/rdata_80054548_r08.rodata.s.o: in function `_vt_23tPMenuItemCommandButton':
(.rodata+0x6fc): undefined reference to `___23tPMenuItemCommandButton'
C:\Tools\mips-ps1\mips\bin\mipsel-none-elf-ld.exe: (.rodata+0x704): undefined reference to `NextMenu__10tPMenuItem'
C:\Tools\mips-ps1\mips\bin\mipsel-none-elf-ld.exe: (.rodata+0x70c): undefined reference to `Debounce__10tPMenuItem'
C:\Tools\mips-ps1\mips\bin\mipsel-none-elf-ld.exe: (.rodata+0x714): undefined reference to `ProcessInput__23tPMenuItemCommandButtonR13tInputKeyTypeR13tPMenuCommand'
C:\Tools\mips-ps1\mips\bin\mipsel-none-elf-ld.exe: (.rodata+0x71c): undefined reference to `IsNavigable__21tPMenuItemInteractive'
C:\Tools\mips-ps1\mips\bin\mipsel-none-elf-ld.exe: (.rodata+0x724): undefined reference to `Draw__21tPMenuItemInteractiveb'
C:\Tools\mips-ps1\mips\bin\mipsel-none-elf-ld.exe: build/asm/data/rdata_80054548_r08.rodata.s.o: in function `_vt_24tPMenuItemGoToMenuButton':
(.rodata+0x734): undefined reference to `___24tPMenuItemGoToMenuButton'
C:\Tools\mips-ps1\mips\bin\mipsel-none-elf-ld.exe: (.rodata+0x73c): undefined reference to `NextMenu__24tPMenuItemGoToMenuButton'
C:\Tools\mips-ps1\mips\bin\mipsel-none-elf-ld.exe: (.rodata+0x744): undefined reference to `Debounce__10tPMenuItem'
C:\Tools\mips-ps1\mips\bin\mipsel-none-elf-ld.exe: (.rodata+0x74c): undefined reference to `ProcessInput__24tPMenuItemGoToMenuButtonR13tInputKeyTypeR13tPMenuCommand'
C:\Tools\mips-ps1\mips\bin\mipsel-none-elf-ld.exe: (.rodata+0x754): undefined reference to `IsNavigable__21tPMenuItemInteractive'
C:\Tools\mips-ps1\mips\bin\mipsel-none-elf-ld.exe: (.rodata+0x75c): undefined reference to `Draw__21tPMenuItemInteractiveb'
C:\Tools\mips-ps1\mips\bin\mipsel-none-elf-ld.exe: build/asm/data/rdata_80054548_r08.rodata.s.o: in function `_vt_32tPMenuItemLeftRightSliderIndexed':
(.rodata+0x76c): undefined reference to `___32tPMenuItemLeftRightSliderIndexed'
C:\Tools\mips-ps1\mips\bin\mipsel-none-elf-ld.exe: (.rodata+0x774): undefined reference to `NextMenu__10tPMenuItem'
C:\Tools\mips-ps1\mips\bin\mipsel-none-elf-ld.exe: (.rodata+0x77c): undefined reference to `Debounce__25tPMenuItemLeftRightSlider'
C:\Tools\mips-ps1\mips\bin\mipsel-none-elf-ld.exe: (.rodata+0x784): undefined reference to `ProcessInput__32tPMenuItemLeftRightSliderIndexedR13tInputKeyTypeR13tPMenuCommand'
C:\Tools\mips-ps1\mips\bin\mipsel-none-elf-ld.exe: (.rodata+0x78c): undefined reference to `IsNavigable__21tPMenuItemInteractive'
C:\Tools\mips-ps1\mips\bin\mipsel-none-elf-ld.exe: (.rodata+0x794): undefined reference to `Draw__32tPMenuItemLeftRightSliderIndexedb'
C:\Tools\mips-ps1\mips\bin\mipsel-none-elf-ld.exe: build/asm/data/rdata_80054548_r08.rodata.s.o: in function `_vt_25tPMenuItemLeftRightSlider':
(.rodata+0x7a4): undefined reference to `___25tPMenuItemLeftRightSlider'
C:\Tools\mips-ps1\mips\bin\mipsel-none-elf-ld.exe: (.rodata+0x7ac): undefined reference to `NextMenu__10tPMenuItem'
C:\Tools\mips-ps1\mips\bin\mipsel-none-elf-ld.exe: (.rodata+0x7b4): undefined reference to `Debounce__25tPMenuItemLeftRightSlider'
C:\Tools\mips-ps1\mips\bin\mipsel-none-elf-ld.exe: (.rodata+0x7bc): undefined reference to `ProcessInput__25tPMenuItemLeftRightSliderR13tInputKeyTypeR13tPMenuCommand'
C:\Tools\mips-ps1\mips\bin\mipsel-none-elf-ld.exe: (.rodata+0x7c4): undefined reference to `IsNavigable__21tPMenuItemInteractive'
C:\Tools\mips-ps1\mips\bin\mipsel-none-elf-ld.exe: (.rodata+0x7cc): undefined reference to `Draw__25tPMenuItemLeftRightSliderb'
C:\Tools\mips-ps1\mips\bin\mipsel-none-elf-ld.exe: build/asm/data/rdata_80054548_r08.rodata.s.o: in function `_vt_25tPMenuItemLeftRightChoice':
(.rodata+0x7dc): undefined reference to `___25tPMenuItemLeftRightChoice'
C:\Tools\mips-ps1\mips\bin\mipsel-none-elf-ld.exe: (.rodata+0x7e4): undefined reference to `NextMenu__10tPMenuItem'
C:\Tools\mips-ps1\mips\bin\mipsel-none-elf-ld.exe: (.rodata+0x7ec): undefined reference to `Debounce__10tPMenuItem'
C:\Tools\mips-ps1\mips\bin\mipsel-none-elf-ld.exe: (.rodata+0x7f4): undefined reference to `ProcessInput__25tPMenuItemLeftRightChoiceR13tInputKeyTypeR13tPMenuCommand'
C:\Tools\mips-ps1\mips\bin\mipsel-none-elf-ld.exe: (.rodata+0x7fc): undefined reference to `IsNavigable__21tPMenuItemInteractive'
C:\Tools\mips-ps1\mips\bin\mipsel-none-elf-ld.exe: (.rodata+0x804): undefined reference to `Draw__25tPMenuItemLeftRightChoiceb'
C:\Tools\mips-ps1\mips\bin\mipsel-none-elf-ld.exe: build/asm/data/rdata_80054548_r08.rodata.s.o: in function `_vt_21tPMenuItemInteractive':
(.rodata+0x814): undefined reference to `___21tPMenuItemInteractive'
C:\Tools\mips-ps1\mips\bin\mipsel-none-elf-ld.exe: (.rodata+0x81c): undefined reference to `NextMenu__10tPMenuItem'
C:\Tools\mips-ps1\mips\bin\mipsel-none-elf-ld.exe: (.rodata+0x824): undefined reference to `Debounce__10tPMenuItem'
C:\Tools\mips-ps1\mips\bin\mipsel-none-elf-ld.exe: (.rodata+0x82c): undefined reference to `ProcessInput__10tPMenuItemR13tInputKeyTypeR13tPMenuCommand'
C:\Tools\mips-ps1\mips\bin\mipsel-none-elf-ld.exe: (.rodata+0x834): undefined reference to `IsNavigable__21tPMenuItemInteractive'
C:\Tools\mips-ps1\mips\bin\mipsel-none-elf-ld.exe: (.rodata+0x83c): undefined reference to `Draw__21tPMenuItemInteractiveb'
C:\Tools\mips-ps1\mips\bin\mipsel-none-elf-ld.exe: build/asm/data/rdata_80054548_r08.rodata.s.o: in function `_vt_28tPMenuItemNonInteractiveText':
(.rodata+0x84c): undefined reference to `___28tPMenuItemNonInteractiveText'
C:\Tools\mips-ps1\mips\bin\mipsel-none-elf-ld.exe: (.rodata+0x854): undefined reference to `NextMenu__10tPMenuItem'
C:\Tools\mips-ps1\mips\bin\mipsel-none-elf-ld.exe: (.rodata+0x85c): undefined reference to `Debounce__10tPMenuItem'
C:\Tools\mips-ps1\mips\bin\mipsel-none-elf-ld.exe: (.rodata+0x864): undefined reference to `ProcessInput__10tPMenuItemR13tInputKeyTypeR13tPMenuCommand'
C:\Tools\mips-ps1\mips\bin\mipsel-none-elf-ld.exe: (.rodata+0x86c): undefined reference to `IsNavigable__28tPMenuItemNonInteractiveText'
C:\Tools\mips-ps1\mips\bin\mipsel-none-elf-ld.exe: (.rodata+0x874): undefined reference to `Draw__28tPMenuItemNonInteractiveTextb'
C:\Tools\mips-ps1\mips\bin\mipsel-none-elf-ld.exe: build/asm/data/rdata_80054548_r08.rodata.s.o: in function `_vt_10tPMenuItem':
(.rodata+0x884): undefined reference to `___10tPMenuItem'
C:\Tools\mips-ps1\mips\bin\mipsel-none-elf-ld.exe: (.rodata+0x88c): undefined reference to `NextMenu__10tPMenuItem'
C:\Tools\mips-ps1\mips\bin\mipsel-none-elf-ld.exe: (.rodata+0x894): undefined reference to `Debounce__10tPMenuItem'
C:\Tools\mips-ps1\mips\bin\mipsel-none-elf-ld.exe: (.rodata+0x89c): undefined reference to `ProcessInput__10tPMenuItemR13tInputKeyTypeR13tPMenuCommand'
C:\Tools\mips-ps1\mips\bin\mipsel-none-elf-ld.exe: build/asm/data/rdata_80054548_r08.rodata.s.o: in function `_vt_21tPListIteratorIndexed':
(.rodata+0x8bc): undefined reference to `___21tPListIteratorIndexed'
C:\Tools\mips-ps1\mips\bin\mipsel-none-elf-ld.exe: (.rodata+0x8c4): undefined reference to `Value__21tPListIteratorIndexed7tPlayer'
C:\Tools\mips-ps1\mips\bin\mipsel-none-elf-ld.exe: (.rodata+0x8cc): undefined reference to `TextValue__21tPListIteratorIndexed7tPlayer'
C:\Tools\mips-ps1\mips\bin\mipsel-none-elf-ld.exe: (.rodata+0x8d4): undefined reference to `Increment__21tPListIteratorIndexed7tPlayer'
C:\Tools\mips-ps1\mips\bin\mipsel-none-elf-ld.exe: (.rodata+0x8dc): undefined reference to `Decrement__21tPListIteratorIndexed7tPlayer'
C:\Tools\mips-ps1\mips\bin\mipsel-none-elf-ld.exe: build/asm/data/rdata_80054548_r08.rodata.s.o: in function `_vt_14tPListIterator':
(.rodata+0x8ec): undefined reference to `___14tPListIterator'
C:\Tools\mips-ps1\mips\bin\mipsel-none-elf-ld.exe: (.rodata+0x8f4): undefined reference to `Value__14tPListIterator7tPlayer'
C:\Tools\mips-ps1\mips\bin\mipsel-none-elf-ld.exe: (.rodata+0x8fc): undefined reference to `TextValue__14tPListIterator7tPlayer'
C:\Tools\mips-ps1\mips\bin\mipsel-none-elf-ld.exe: (.rodata+0x904): undefined reference to `Increment__14tPListIterator7tPlayer'
C:\Tools\mips-ps1\mips\bin\mipsel-none-elf-ld.exe: (.rodata+0x90c): undefined reference to `Decrement__14tPListIterator7tPlayer'
C:\Tools\mips-ps1\mips\bin\mipsel-none-elf-ld.exe: build/asm/data/rdata_80054548_j11.rodata.s.o: in function `jtbl_80056418':
(.rodata+0x0): undefined reference to `.L800B03F4'
C:\Tools\mips-ps1\mips\bin\mipsel-none-elf-ld.exe: (.rodata+0x4): undefined reference to `.L800B0400'
C:\Tools\mips-ps1\mips\bin\mipsel-none-elf-ld.exe: (.rodata+0x8): undefined reference to `.L800B0400'
C:\Tools\mips-ps1\mips\bin\mipsel-none-elf-ld.exe: (.rodata+0xc): undefined reference to `.L800B04AC'
C:\Tools\mips-ps1\mips\bin\mipsel-none-elf-ld.exe: (.rodata+0x10): undefined reference to `.L800B04B8'
C:\Tools\mips-ps1\mips\bin\mipsel-none-elf-ld.exe: (.rodata+0x14): undefined reference to `.L800B0440'
C:\Tools\mips-ps1\mips\bin\mipsel-none-elf-ld.exe: (.rodata+0x18): undefined reference to `.L800B044C'
C:\Tools\mips-ps1\mips\bin\mipsel-none-elf-ld.exe: (.rodata+0x1c): undefined reference to `.L800B03F4'
C:\Tools\mips-ps1\mips\bin\mipsel-none-elf-ld.exe: (.rodata+0x20): undefined reference to `.L800B05D0'
C:\Tools\mips-ps1\mips\bin\mipsel-none-elf-ld.exe: (.rodata+0x24): undefined reference to `.L800B0418'
C:\Tools\mips-ps1\mips\bin\mipsel-none-elf-ld.exe: (.rodata+0x28): undefined reference to `.L800B0424'
C:\Tools\mips-ps1\mips\bin\mipsel-none-elf-ld.exe: (.rodata+0x2c): undefined reference to `.L800B04A0'
C:\Tools\mips-ps1\mips\bin\mipsel-none-elf-ld.exe: (.rodata+0x30): undefined reference to `.L800B0484'
C:\Tools\mips-ps1\mips\bin\mipsel-none-elf-ld.exe: (.rodata+0x34): undefined reference to `.L800B05A0'
C:\Tools\mips-ps1\mips\bin\mipsel-none-elf-ld.exe: (.rodata+0x38): undefined reference to `.L800B05B0'
C:\Tools\mips-ps1\mips\bin\mipsel-none-elf-ld.exe: (.rodata+0x3c): undefined reference to `.L800B05CC'
C:\Tools\mips-ps1\mips\bin\mipsel-none-elf-ld.exe: (.rodata+0x40): undefined reference to `.L800B04C4'
C:\Tools\mips-ps1\mips\bin\mipsel-none-elf-ld.exe: (.rodata+0x44): undefined reference to `.L800B04DC'
C:\Tools\mips-ps1\mips\bin\mipsel-none-elf-ld.exe: (.rodata+0x48): undefined reference to `.L800B0510'
C:\Tools\mips-ps1\mips\bin\mipsel-none-elf-ld.exe: (.rodata+0x4c): undefined reference to `.L800B0534'
C:\Tools\mips-ps1\mips\bin\mipsel-none-elf-ld.exe: (.rodata+0x50): undefined reference to `.L800B0468'
C:\Tools\mips-ps1\mips\bin\mipsel-none-elf-ld.exe: build/asm/data/rdata_80054548_j12.rodata.s.o: in function `jtbl_80056470':
(.rodata+0x0): undefined reference to `.L800B05F4'
C:\Tools\mips-ps1\mips\bin\mipsel-none-elf-ld.exe: (.rodata+0x4): undefined reference to `.L800B05F4'
C:\Tools\mips-ps1\mips\bin\mipsel-none-elf-ld.exe: (.rodata+0x8): undefined reference to `.L800B0600'
C:\Tools\mips-ps1\mips\bin\mipsel-none-elf-ld.exe: (.rodata+0xc): undefined reference to `.L800B0600'
C:\Tools\mips-ps1\mips\bin\mipsel-none-elf-ld.exe: (.rodata+0x10): undefined reference to `.L800B0648'
C:\Tools\mips-ps1\mips\bin\mipsel-none-elf-ld.exe: (.rodata+0x14): undefined reference to `.L800B0648'
C:\Tools\mips-ps1\mips\bin\mipsel-none-elf-ld.exe: build/asm/data/rdata_80054548_j13.rodata.s.o: in function `jtbl_80056488':
(.rodata+0x0): undefined reference to `.L800B0AB8'
C:\Tools\mips-ps1\mips\bin\mipsel-none-elf-ld.exe: (.rodata+0x4): undefined reference to `.L800B0AB8'
C:\Tools\mips-ps1\mips\bin\mipsel-none-elf-ld.exe: (.rodata+0x8): undefined reference to `.L800B0AC4'
C:\Tools\mips-ps1\mips\bin\mipsel-none-elf-ld.exe: (.rodata+0xc): undefined reference to `.L800B0AF4'
C:\Tools\mips-ps1\mips\bin\mipsel-none-elf-ld.exe: (.rodata+0x10): undefined reference to `.L800B0B3C'
C:\Tools\mips-ps1\mips\bin\mipsel-none-elf-ld.exe: (.rodata+0x14): undefined reference to `.L800B0B3C'
C:\Tools\mips-ps1\mips\bin\mipsel-none-elf-ld.exe: (.rodata+0x18): undefined reference to `.L800B0BD0'
C:\Tools\mips-ps1\mips\bin\mipsel-none-elf-ld.exe: (.rodata+0x1c): undefined reference to `.L800B0BD0'
C:\Tools\mips-ps1\mips\bin\mipsel-none-elf-ld.exe: (.rodata+0x20): undefined reference to `.L800B0BD0'
C:\Tools\mips-ps1\mips\bin\mipsel-none-elf-ld.exe: (.rodata+0x24): undefined reference to `.L800B0BD0'
C:\Tools\mips-ps1\mips\bin\mipsel-none-elf-ld.exe: (.rodata+0x28): undefined reference to `.L800B0BD0'
C:\Tools\mips-ps1\mips\bin\mipsel-none-elf-ld.exe: build/asm/data/rdata_80054548_j13.rodata.s.o:(.rodata+0x2c): more undefined references to `.L800B0BD0' follow
C:\Tools\mips-ps1\mips\bin\mipsel-none-elf-ld.exe: build/asm/data/rdata_80054548_j13.rodata.s.o: in function `jtbl_80056488':
(.rodata+0x30): undefined reference to `.L800B0A3C'
C:\Tools\mips-ps1\mips\bin\mipsel-none-elf-ld.exe: (.rodata+0x34): undefined reference to `.L800B0A64'
C:\Tools\mips-ps1\mips\bin\mipsel-none-elf-ld.exe: (.rodata+0x38): undefined reference to `.L800B0A64'
C:\Tools\mips-ps1\mips\bin\mipsel-none-elf-ld.exe: (.rodata+0x3c): undefined reference to `.L800B0A64'
C:\Tools\mips-ps1\mips\bin\mipsel-none-elf-ld.exe: (.rodata+0x40): undefined reference to `.L800B0A64'
C:\Tools\mips-ps1\mips\bin\mipsel-none-elf-ld.exe: (.rodata+0x44): undefined reference to `.L800B0A64'
C:\Tools\mips-ps1\mips\bin\mipsel-none-elf-ld.exe: (.rodata+0x48): undefined reference to `.L800B0A70'
C:\Tools\mips-ps1\mips\bin\mipsel-none-elf-ld.exe: (.rodata+0x4c): undefined reference to `.L800B0A88'
C:\Tools\mips-ps1\mips\bin\mipsel-none-elf-ld.exe: (.rodata+0x50): undefined reference to `.L800B0A94'
C:\Tools\mips-ps1\mips\bin\mipsel-none-elf-ld.exe: (.rodata+0x54): undefined reference to `.L800B0AAC'
C:\Tools\mips-ps1\mips\bin\mipsel-none-elf-ld.exe: build/asm/data/rdata_80054548_j14.rodata.s.o: in function `jtbl_800564E0':
(.rodata+0x0): undefined reference to `.L800B1B00'
C:\Tools\mips-ps1\mips\bin\mipsel-none-elf-ld.exe: (.rodata+0x4): undefined reference to `.L800B1B14'
C:\Tools\mips-ps1\mips\bin\mipsel-none-elf-ld.exe: (.rodata+0x8): undefined reference to `.L800B1C08'
C:\Tools\mips-ps1\mips\bin\mipsel-none-elf-ld.exe: (.rodata+0xc): undefined reference to `.L800B1C0C'
C:\Tools\mips-ps1\mips\bin\mipsel-none-elf-ld.exe: (.rodata+0x10): undefined reference to `.L800B1C0C'
C:\Tools\mips-ps1\mips\bin\mipsel-none-elf-ld.exe: (.rodata+0x14): undefined reference to `.L800B1B84'
C:\Tools\mips-ps1\mips\bin\mipsel-none-elf-ld.exe: (.rodata+0x18): undefined reference to `.L800B1BA0'
C:\Tools\mips-ps1\mips\bin\mipsel-none-elf-ld.exe: (.rodata+0x1c): undefined reference to `.L800B1B30'
C:\Tools\mips-ps1\mips\bin\mipsel-none-elf-ld.exe: (.rodata+0x20): undefined reference to `.L800B1C08'
C:\Tools\mips-ps1\mips\bin\mipsel-none-elf-ld.exe: (.rodata+0x24): undefined reference to `.L800B1B4C'
C:\Tools\mips-ps1\mips\bin\mipsel-none-elf-ld.exe: (.rodata+0x28): undefined reference to `.L800B1B68'
C:\Tools\mips-ps1\mips\bin\mipsel-none-elf-ld.exe: (.rodata+0x2c): undefined reference to `.L800B1BF4'
C:\Tools\mips-ps1\mips\bin\mipsel-none-elf-ld.exe: (.rodata+0x30): undefined reference to `.L800B1BD8'
C:\Tools\mips-ps1\mips\bin\mipsel-none-elf-ld.exe: (.rodata+0x34): undefined reference to `.L800B1C0C'
C:\Tools\mips-ps1\mips\bin\mipsel-none-elf-ld.exe: (.rodata+0x38): undefined reference to `.L800B1C00'
C:\Tools\mips-ps1\mips\bin\mipsel-none-elf-ld.exe: (.rodata+0x3c): undefined reference to `.L800B1C0C'
C:\Tools\mips-ps1\mips\bin\mipsel-none-elf-ld.exe: (.rodata+0x40): undefined reference to `.L800B1C0C'
C:\Tools\mips-ps1\mips\bin\mipsel-none-elf-ld.exe: (.rodata+0x44): undefined reference to `.L800B1C00'
C:\Tools\mips-ps1\mips\bin\mipsel-none-elf-ld.exe: (.rodata+0x48): undefined reference to `.L800B1C0C'
C:\Tools\mips-ps1\mips\bin\mipsel-none-elf-ld.exe: (.rodata+0x4c): undefined reference to `.L800B1C0C'
C:\Tools\mips-ps1\mips\bin\mipsel-none-elf-ld.exe: (.rodata+0x50): undefined reference to `.L800B1BBC'
C:\Tools\mips-ps1\mips\bin\mipsel-none-elf-ld.exe: build/asm/data/rdata_80054548_j15.rodata.s.o: in function `jtbl_80056578':
(.rodata+0x0): undefined reference to `.L800B522C'
C:\Tools\mips-ps1\mips\bin\mipsel-none-elf-ld.exe: (.rodata+0x4): undefined reference to `.L800B5244'
C:\Tools\mips-ps1\mips\bin\mipsel-none-elf-ld.exe: (.rodata+0x8): undefined reference to `.L800B5254'
C:\Tools\mips-ps1\mips\bin\mipsel-none-elf-ld.exe: (.rodata+0xc): undefined reference to `.L800B526C'
C:\Tools\mips-ps1\mips\bin\mipsel-none-elf-ld.exe: (.rodata+0x10): undefined reference to `.L800B52EC'
C:\Tools\mips-ps1\mips\bin\mipsel-none-elf-ld.exe: build/asm/data/rdata_80054548_j16.rodata.s.o: in function `jtbl_80056690':
(.rodata+0x0): undefined reference to `.L800BA714'
C:\Tools\mips-ps1\mips\bin\mipsel-none-elf-ld.exe: (.rodata+0x4): undefined reference to `.L800BA7BC'
C:\Tools\mips-ps1\mips\bin\mipsel-none-elf-ld.exe: (.rodata+0x8): undefined reference to `.L800BA7BC'
C:\Tools\mips-ps1\mips\bin\mipsel-none-elf-ld.exe: (.rodata+0xc): undefined reference to `.L800BA7BC'
C:\Tools\mips-ps1\mips\bin\mipsel-none-elf-ld.exe: (.rodata+0x10): undefined reference to `.L800BA7BC'
C:\Tools\mips-ps1\mips\bin\mipsel-none-elf-ld.exe: (.rodata+0x14): undefined reference to `.L800BA770'
C:\Tools\mips-ps1\mips\bin\mipsel-none-elf-ld.exe: (.rodata+0x18): undefined reference to `.L800BA78C'
C:\Tools\mips-ps1\mips\bin\mipsel-none-elf-ld.exe: (.rodata+0x1c): undefined reference to `.L800BA7BC'
C:\Tools\mips-ps1\mips\bin\mipsel-none-elf-ld.exe: (.rodata+0x20): undefined reference to `.L800BA7BC'
C:\Tools\mips-ps1\mips\bin\mipsel-none-elf-ld.exe: (.rodata+0x24): undefined reference to `.L800BA7BC'
C:\Tools\mips-ps1\mips\bin\mipsel-none-elf-ld.exe: (.rodata+0x28): undefined reference to `.L800BA7BC'
C:\Tools\mips-ps1\mips\bin\mipsel-none-elf-ld.exe: (.rodata+0x2c): undefined reference to `.L800BA7BC'
C:\Tools\mips-ps1\mips\bin\mipsel-none-elf-ld.exe: build/asm/data/rdata_80054548_j16.rodata.s.o:(.rodata+0x30): more undefined references to `.L800BA7BC' follow
C:\Tools\mips-ps1\mips\bin\mipsel-none-elf-ld.exe: build/asm/data/rdata_80054548_j16.rodata.s.o: in function `jtbl_80056690':
(.rodata+0x34): undefined reference to `.L800BA734'
C:\Tools\mips-ps1\mips\bin\mipsel-none-elf-ld.exe: (.rodata+0x38): undefined reference to `.L800BA7BC'
C:\Tools\mips-ps1\mips\bin\mipsel-none-elf-ld.exe: (.rodata+0x3c): undefined reference to `.L800BA7BC'
C:\Tools\mips-ps1\mips\bin\mipsel-none-elf-ld.exe: (.rodata+0x40): undefined reference to `.L800BA7BC'
C:\Tools\mips-ps1\mips\bin\mipsel-none-elf-ld.exe: (.rodata+0x44): undefined reference to `.L800BA7BC'
C:\Tools\mips-ps1\mips\bin\mipsel-none-elf-ld.exe: (.rodata+0x48): undefined reference to `.L800BA7BC'
C:\Tools\mips-ps1\mips\bin\mipsel-none-elf-ld.exe: build/asm/data/rdata_80054548_j16.rodata.s.o:(.rodata+0x4c): more undefined references to `.L800BA7BC' follow
C:\Tools\mips-ps1\mips\bin\mipsel-none-elf-ld.exe: build/asm/data/rdata_80054548_j16.rodata.s.o: in function `jtbl_80056690':
(.rodata+0x88): undefined reference to `.L800BA754'
C:\Tools\mips-ps1\mips\bin\mipsel-none-elf-ld.exe: (.rodata+0x8c): undefined reference to `.L800BA7BC'
C:\Tools\mips-ps1\mips\bin\mipsel-none-elf-ld.exe: (.rodata+0x90): undefined reference to `.L800BA7A8'
C:\Tools\mips-ps1\mips\bin\mipsel-none-elf-ld.exe: build/asm/data/rdata_80054548_j17.rodata.s.o: in function `jtbl_80056788':
(.rodata+0x0): undefined reference to `.L800BC4A0'
C:\Tools\mips-ps1\mips\bin\mipsel-none-elf-ld.exe: (.rodata+0x4): undefined reference to `.L800BC4C4'
C:\Tools\mips-ps1\mips\bin\mipsel-none-elf-ld.exe: (.rodata+0x8): undefined reference to `.L800BC4C4'
C:\Tools\mips-ps1\mips\bin\mipsel-none-elf-ld.exe: (.rodata+0xc): undefined reference to `.L800BC4C4'
C:\Tools\mips-ps1\mips\bin\mipsel-none-elf-ld.exe: (.rodata+0x10): undefined reference to `.L800BC4A0'
C:\Tools\mips-ps1\mips\bin\mipsel-none-elf-ld.exe: (.rodata+0x14): undefined reference to `.L800BC4A0'
C:\Tools\mips-ps1\mips\bin\mipsel-none-elf-ld.exe: (.rodata+0x18): undefined reference to `.L800BC4C4'
C:\Tools\mips-ps1\mips\bin\mipsel-none-elf-ld.exe: (.rodata+0x1c): undefined reference to `.L800BC4C4'
C:\Tools\mips-ps1\mips\bin\mipsel-none-elf-ld.exe: (.rodata+0x20): undefined reference to `.L800BC4A8'
C:\Tools\mips-ps1\mips\bin\mipsel-none-elf-ld.exe: (.rodata+0x24): undefined reference to `.L800BC4C4'
C:\Tools\mips-ps1\mips\bin\mipsel-none-elf-ld.exe: (.rodata+0x28): undefined reference to `.L800BC4C4'
C:\Tools\mips-ps1\mips\bin\mipsel-none-elf-ld.exe: (.rodata+0x2c): undefined reference to `.L800BC4C4'
C:\Tools\mips-ps1\mips\bin\mipsel-none-elf-ld.exe: (.rodata+0x30): undefined reference to `.L800BC4B0'
C:\Tools\mips-ps1\mips\bin\mipsel-none-elf-ld.exe: (.rodata+0x34): undefined reference to `.L800BC4C4'
C:\Tools\mips-ps1\mips\bin\mipsel-none-elf-ld.exe: (.rodata+0x38): undefined reference to `.L800BC4C4'
C:\Tools\mips-ps1\mips\bin\mipsel-none-elf-ld.exe: (.rodata+0x3c): undefined reference to `.L800BC4C4'
C:\Tools\mips-ps1\mips\bin\mipsel-none-elf-ld.exe: (.rodata+0x40): undefined reference to `.L800BC4C4'
C:\Tools\mips-ps1\mips\bin\mipsel-none-elf-ld.exe: (.rodata+0x44): undefined reference to `.L800BC498'
C:\Tools\mips-ps1\mips\bin\mipsel-none-elf-ld.exe: (.rodata+0x48): undefined reference to `.L800BC4B8'
C:\Tools\mips-ps1\mips\bin\mipsel-none-elf-ld.exe: (.rodata+0x4c): undefined reference to `.L800BC4C4'
C:\Tools\mips-ps1\mips\bin\mipsel-none-elf-ld.exe: (.rodata+0x50): undefined reference to `.L800BC4C4'
C:\Tools\mips-ps1\mips\bin\mipsel-none-elf-ld.exe: (.rodata+0x54): undefined reference to `.L800BC4C4'
C:\Tools\mips-ps1\mips\bin\mipsel-none-elf-ld.exe: (.rodata+0x58): undefined reference to `.L800BC4B8'
C:\Tools\mips-ps1\mips\bin\mipsel-none-elf-ld.exe: (.rodata+0x5c): undefined reference to `.L800BC4C4'
C:\Tools\mips-ps1\mips\bin\mipsel-none-elf-ld.exe: (.rodata+0x60): undefined reference to `.L800BC4C4'
C:\Tools\mips-ps1\mips\bin\mipsel-none-elf-ld.exe: (.rodata+0x64): undefined reference to `.L800BC4C0'
C:\Tools\mips-ps1\mips\bin\mipsel-none-elf-ld.exe: (.rodata+0x68): undefined reference to `.L800BC4C4'
C:\Tools\mips-ps1\mips\bin\mipsel-none-elf-ld.exe: (.rodata+0x6c): undefined reference to `.L800BC4C4'
C:\Tools\mips-ps1\mips\bin\mipsel-none-elf-ld.exe: (.rodata+0x70): undefined reference to `.L800BC4C0'
C:\Tools\mips-ps1\mips\bin\mipsel-none-elf-ld.exe: build/asm/data/rdata_80054548_j18.rodata.s.o: in function `jtbl_8005684C':
(.rodata+0x0): undefined reference to `.L800CAD3C'
C:\Tools\mips-ps1\mips\bin\mipsel-none-elf-ld.exe: (.rodata+0x4): undefined reference to `.L800CAD3C'
C:\Tools\mips-ps1\mips\bin\mipsel-none-elf-ld.exe: (.rodata+0x8): undefined reference to `.L800CAD3C'
C:\Tools\mips-ps1\mips\bin\mipsel-none-elf-ld.exe: (.rodata+0xc): undefined reference to `.L800CAD3C'
C:\Tools\mips-ps1\mips\bin\mipsel-none-elf-ld.exe: (.rodata+0x10): undefined reference to `.L800CAD3C'
C:\Tools\mips-ps1\mips\bin\mipsel-none-elf-ld.exe: build/asm/data/rdata_80054548_j18.rodata.s.o:(.rodata+0x14): more undefined references to `.L800CAD3C' follow
C:\Tools\mips-ps1\mips\bin\mipsel-none-elf-ld.exe: build/asm/data/rdata_80054548_j18.rodata.s.o: in function `jtbl_8005684C':
(.rodata+0x20): undefined reference to `.L800CAD78'
C:\Tools\mips-ps1\mips\bin\mipsel-none-elf-ld.exe: (.rodata+0x24): undefined reference to `.L800CAD78'
C:\Tools\mips-ps1\mips\bin\mipsel-none-elf-ld.exe: (.rodata+0x28): undefined reference to `.L800CAD78'
C:\Tools\mips-ps1\mips\bin\mipsel-none-elf-ld.exe: (.rodata+0x2c): undefined reference to `.L800CAD78'
C:\Tools\mips-ps1\mips\bin\mipsel-none-elf-ld.exe: (.rodata+0x30): undefined reference to `.L800CADB0'
C:\Tools\mips-ps1\mips\bin\mipsel-none-elf-ld.exe: (.rodata+0x34): undefined reference to `.L800CAD78'
C:\Tools\mips-ps1\mips\bin\mipsel-none-elf-ld.exe: build/asm/data/rdata_80054548_j19.rodata.s.o: in function `jtbl_80056894':
(.rodata+0x0): undefined reference to `.L800CF0C8'
C:\Tools\mips-ps1\mips\bin\mipsel-none-elf-ld.exe: (.rodata+0x4): undefined reference to `.L800CF0C8'
C:\Tools\mips-ps1\mips\bin\mipsel-none-elf-ld.exe: (.rodata+0x8): undefined reference to `.L800CF0E8'
C:\Tools\mips-ps1\mips\bin\mipsel-none-elf-ld.exe: (.rodata+0xc): undefined reference to `.L800CF100'
C:\Tools\mips-ps1\mips\bin\mipsel-none-elf-ld.exe: (.rodata+0x10): undefined reference to `.L800CF118'
C:\Tools\mips-ps1\mips\bin\mipsel-none-elf-ld.exe: build/asm/data/rdata_80054548_j20.rodata.s.o: in function `jtbl_8005699C':
(.rodata+0x0): undefined reference to `.L800DD7E8'
C:\Tools\mips-ps1\mips\bin\mipsel-none-elf-ld.exe: (.rodata+0x4): undefined reference to `.L800DD804'
C:\Tools\mips-ps1\mips\bin\mipsel-none-elf-ld.exe: (.rodata+0x8): undefined reference to `.L800DD850'
C:\Tools\mips-ps1\mips\bin\mipsel-none-elf-ld.exe: (.rodata+0xc): undefined reference to `.L800DD874'
C:\Tools\mips-ps1\mips\bin\mipsel-none-elf-ld.exe: (.rodata+0x10): undefined reference to `.L800DE61C'
C:\Tools\mips-ps1\mips\bin\mipsel-none-elf-ld.exe: (.rodata+0x14): undefined reference to `.L800DDD0C'
C:\Tools\mips-ps1\mips\bin\mipsel-none-elf-ld.exe: (.rodata+0x18): undefined reference to `.L800DDDEC'
C:\Tools\mips-ps1\mips\bin\mipsel-none-elf-ld.exe: (.rodata+0x1c): undefined reference to `.L800DE130'
C:\Tools\mips-ps1\mips\bin\mipsel-none-elf-ld.exe: (.rodata+0x20): undefined reference to `.L800DDEF4'
C:\Tools\mips-ps1\mips\bin\mipsel-none-elf-ld.exe: (.rodata+0x24): undefined reference to `.L800DDA74'
C:\Tools\mips-ps1\mips\bin\mipsel-none-elf-ld.exe: (.rodata+0x28): undefined reference to `.L800DDFFC'
C:\Tools\mips-ps1\mips\bin\mipsel-none-elf-ld.exe: (.rodata+0x2c): undefined reference to `.L800DE61C'
C:\Tools\mips-ps1\mips\bin\mipsel-none-elf-ld.exe: (.rodata+0x30): undefined reference to `.L800DE3C8'
C:\Tools\mips-ps1\mips\bin\mipsel-none-elf-ld.exe: (.rodata+0x34): undefined reference to `.L800DE3C8'
C:\Tools\mips-ps1\mips\bin\mipsel-none-elf-ld.exe: build/asm/data/rdata_80054548_j21.rodata.s.o: in function `jtbl_800569D4':
(.rodata+0x0): undefined reference to `.L800DE67C'
C:\Tools\mips-ps1\mips\bin\mipsel-none-elf-ld.exe: (.rodata+0x4): undefined reference to `.L800DE67C'
C:\Tools\mips-ps1\mips\bin\mipsel-none-elf-ld.exe: (.rodata+0x8): undefined reference to `.L800DE67C'
C:\Tools\mips-ps1\mips\bin\mipsel-none-elf-ld.exe: (.rodata+0xc): undefined reference to `.L800DE6B8'
C:\Tools\mips-ps1\mips\bin\mipsel-none-elf-ld.exe: (.rodata+0x10): undefined reference to `.L800DE6E4'
C:\Tools\mips-ps1\mips\bin\mipsel-none-elf-ld.exe: (.rodata+0x14): undefined reference to `.L800DE684'
C:\Tools\mips-ps1\mips\bin\mipsel-none-elf-ld.exe: (.rodata+0x18): undefined reference to `.L800DE684'
C:\Tools\mips-ps1\mips\bin\mipsel-none-elf-ld.exe: (.rodata+0x1c): undefined reference to `.L800DE6B8'
C:\Tools\mips-ps1\mips\bin\mipsel-none-elf-ld.exe: (.rodata+0x20): undefined reference to `.L800DE684'
C:\Tools\mips-ps1\mips\bin\mipsel-none-elf-ld.exe: (.rodata+0x24): undefined reference to `.L800DE6B8'
C:\Tools\mips-ps1\mips\bin\mipsel-none-elf-ld.exe: (.rodata+0x28): undefined reference to `.L800DE69C'
C:\Tools\mips-ps1\mips\bin\mipsel-none-elf-ld.exe: (.rodata+0x2c): undefined reference to `.L800DE6E4'
C:\Tools\mips-ps1\mips\bin\mipsel-none-elf-ld.exe: (.rodata+0x30): undefined reference to `.L800DE6C4'
C:\Tools\mips-ps1\mips\bin\mipsel-none-elf-ld.exe: build/asm/data/rdata_80054548_j22.rodata.s.o: in function `jtbl_80056A98':
(.rodata+0x0): undefined reference to `.L800E03C0'
C:\Tools\mips-ps1\mips\bin\mipsel-none-elf-ld.exe: (.rodata+0x4): undefined reference to `.L800E03F0'
C:\Tools\mips-ps1\mips\bin\mipsel-none-elf-ld.exe: (.rodata+0x8): undefined reference to `.L800E0420'
C:\Tools\mips-ps1\mips\bin\mipsel-none-elf-ld.exe: (.rodata+0xc): undefined reference to `.L800E0450'
C:\Tools\mips-ps1\mips\bin\mipsel-none-elf-ld.exe: (.rodata+0x10): undefined reference to `.L800E0480'
C:\Tools\mips-ps1\mips\bin\mipsel-none-elf-ld.exe: build/asm/data/rdata_80054548_j24.rodata.s.o: in function `jtbl_80056C6C':
(.rodata+0x0): undefined reference to `.L800EC328'
C:\Tools\mips-ps1\mips\bin\mipsel-none-elf-ld.exe: (.rodata+0x4): undefined reference to `.L800EC334'
C:\Tools\mips-ps1\mips\bin\mipsel-none-elf-ld.exe: (.rodata+0x8): undefined reference to `.L800EC34C'
C:\Tools\mips-ps1\mips\bin\mipsel-none-elf-ld.exe: (.rodata+0xc): undefined reference to `.L800EC34C'
C:\Tools\mips-ps1\mips\bin\mipsel-none-elf-ld.exe: (.rodata+0x10): undefined reference to `.L800EC340'
C:\Tools\mips-ps1\mips\bin\mipsel-none-elf-ld.exe: (.rodata+0x14): undefined reference to `.L800EC334'
C:\Tools\mips-ps1\mips\bin\mipsel-none-elf-ld.exe: (.rodata+0x18): undefined reference to `.L800EC340'
C:\Tools\mips-ps1\mips\bin\mipsel-none-elf-ld.exe: (.rodata+0x1c): undefined reference to `.L800EC328'
C:\Tools\mips-ps1\mips\bin\mipsel-none-elf-ld.exe: (.rodata+0x20): undefined reference to `.L800EC334'
C:\Tools\mips-ps1\mips\bin\mipsel-none-elf-ld.exe: build/asm/data/rdata_80054548_j25.rodata.s.o: in function `jtbl_80056C94':
(.rodata+0x0): undefined reference to `.L800ECD04'
C:\Tools\mips-ps1\mips\bin\mipsel-none-elf-ld.exe: (.rodata+0x4): undefined reference to `.L800ECF08'
C:\Tools\mips-ps1\mips\bin\mipsel-none-elf-ld.exe: (.rodata+0x8): undefined reference to `.L800ECF4C'
C:\Tools\mips-ps1\mips\bin\mipsel-none-elf-ld.exe: (.rodata+0xc): undefined reference to `.L800ECFB4'
C:\Tools\mips-ps1\mips\bin\mipsel-none-elf-ld.exe: (.rodata+0x10): undefined reference to `.L800ECFD8'
C:\Tools\mips-ps1\mips\bin\mipsel-none-elf-ld.exe: (.rodata+0x14): undefined reference to `.L800ECFF0'
C:\Tools\mips-ps1\mips\bin\mipsel-none-elf-ld.exe: (.rodata+0x18): undefined reference to `.L800ECD04'
C:\Tools\mips-ps1\mips\bin\mipsel-none-elf-ld.exe: (.rodata+0x1c): undefined reference to `.L800ECFF0'
C:\Tools\mips-ps1\mips\bin\mipsel-none-elf-ld.exe: (.rodata+0x20): undefined reference to `.L800ECFF0'
C:\Tools\mips-ps1\mips\bin\mipsel-none-elf-ld.exe: build/asm/data/rdata_80054548_j26.rodata.s.o: in function `jtbl_80056CB8':
(.rodata+0x0): undefined reference to `.L800ED658'
C:\Tools\mips-ps1\mips\bin\mipsel-none-elf-ld.exe: (.rodata+0x4): undefined reference to `.L800ED610'
C:\Tools\mips-ps1\mips\bin\mipsel-none-elf-ld.exe: (.rodata+0x8): undefined reference to `.L800ED61C'
C:\Tools\mips-ps1\mips\bin\mipsel-none-elf-ld.exe: (.rodata+0xc): undefined reference to `.L800ED628'
C:\Tools\mips-ps1\mips\bin\mipsel-none-elf-ld.exe: (.rodata+0x10): undefined reference to `.L800ED630'
C:\Tools\mips-ps1\mips\bin\mipsel-none-elf-ld.exe: (.rodata+0x14): undefined reference to `.L800ED638'
C:\Tools\mips-ps1\mips\bin\mipsel-none-elf-ld.exe: (.rodata+0x18): undefined reference to `.L800ED640'
C:\Tools\mips-ps1\mips\bin\mipsel-none-elf-ld.exe: (.rodata+0x1c): undefined reference to `.L800ED64C'
C:\Tools\mips-ps1\mips\bin\mipsel-none-elf-ld.exe: build/asm/data/rdata_80054548_j28.rodata.s.o: in function `jtbl_80056FBC':
(.rodata+0x0): undefined reference to `.L800F3D94'
C:\Tools\mips-ps1\mips\bin\mipsel-none-elf-ld.exe: (.rodata+0x4): undefined reference to `.L800F3DAC'
C:\Tools\mips-ps1\mips\bin\mipsel-none-elf-ld.exe: (.rodata+0x8): undefined reference to `.L800F3DC4'
C:\Tools\mips-ps1\mips\bin\mipsel-none-elf-ld.exe: (.rodata+0xc): undefined reference to `.L800F3E38'
C:\Tools\mips-ps1\mips\bin\mipsel-none-elf-ld.exe: (.rodata+0x10): undefined reference to `.L800F3DF0'
C:\Tools\mips-ps1\mips\bin\mipsel-none-elf-ld.exe: (.rodata+0x14): undefined reference to `.L800F3E38'
C:\Tools\mips-ps1\mips\bin\mipsel-none-elf-ld.exe: (.rodata+0x18): undefined reference to `.L800F3E24'
C:\Tools\mips-ps1\mips\bin\mipsel-none-elf-ld.exe: build/asm/data/rdata_80054548_j29.rodata.s.o: in function `jtbl_80056FD8':
(.rodata+0x0): undefined reference to `.L800F6AC8'
C:\Tools\mips-ps1\mips\bin\mipsel-none-elf-ld.exe: (.rodata+0x4): undefined reference to `.L800F6ABC'
C:\Tools\mips-ps1\mips\bin\mipsel-none-elf-ld.exe: (.rodata+0x8): undefined reference to `.L800F6B34'
C:\Tools\mips-ps1\mips\bin\mipsel-none-elf-ld.exe: (.rodata+0xc): undefined reference to `.L800F6BE0'
C:\Tools\mips-ps1\mips\bin\mipsel-none-elf-ld.exe: (.rodata+0x10): undefined reference to `.L800F6BE0'
C:\Tools\mips-ps1\mips\bin\mipsel-none-elf-ld.exe: (.rodata+0x14): undefined reference to `.L800F6BE0'
C:\Tools\mips-ps1\mips\bin\mipsel-none-elf-ld.exe: (.rodata+0x18): undefined reference to `.L800F6BE0'
C:\Tools\mips-ps1\mips\bin\mipsel-none-elf-ld.exe: (.rodata+0x1c): undefined reference to `.L800F6BE0'
C:\Tools\mips-ps1\mips\bin\mipsel-none-elf-ld.exe: build/asm/data/rdata_80054548_j29.rodata.s.o:(.rodata+0x20): more undefined references to `.L800F6BE0' follow
C:\Tools\mips-ps1\mips\bin\mipsel-none-elf-ld.exe: build/asm/data/rdata_80054548_j29.rodata.s.o: in function `jtbl_80056FD8':
(.rodata+0x78): undefined reference to `.L800F6A44'
C:\Tools\mips-ps1\mips\bin\mipsel-none-elf-ld.exe: (.rodata+0x7c): undefined reference to `.L800F6A44'
C:\Tools\mips-ps1\mips\bin\mipsel-none-elf-ld.exe: (.rodata+0x80): undefined reference to `.L800F6A44'
C:\Tools\mips-ps1\mips\bin\mipsel-none-elf-ld.exe: (.rodata+0x84): undefined reference to `.L800F6A44'
C:\Tools\mips-ps1\mips\bin\mipsel-none-elf-ld.exe: build/asm/data/rdata_80054548_j32.rodata.s.o: in function `jtbl_800574F0':
(.rodata+0x0): undefined reference to `.L800FC280'
C:\Tools\mips-ps1\mips\bin\mipsel-none-elf-ld.exe: (.rodata+0x4): undefined reference to `.L800FC280'
C:\Tools\mips-ps1\mips\bin\mipsel-none-elf-ld.exe: (.rodata+0x8): undefined reference to `.L800FC28C'
C:\Tools\mips-ps1\mips\bin\mipsel-none-elf-ld.exe: (.rodata+0xc): undefined reference to `.L800FC288'
C:\Tools\mips-ps1\mips\bin\mipsel-none-elf-ld.exe: (.rodata+0x10): undefined reference to `.L800FC28C'
C:\Tools\mips-ps1\mips\bin\mipsel-none-elf-ld.exe: (.rodata+0x14): undefined reference to `.L800FC28C'
C:\Tools\mips-ps1\mips\bin\mipsel-none-elf-ld.exe: (.rodata+0x18): undefined reference to `.L800FC28C'
C:\Tools\mips-ps1\mips\bin\mipsel-none-elf-ld.exe: (.rodata+0x1c): undefined reference to `.L800FC28C'
C:\Tools\mips-ps1\mips\bin\mipsel-none-elf-ld.exe: (.rodata+0x20): undefined reference to `.L800FC28C'
C:\Tools\mips-ps1\mips\bin\mipsel-none-elf-ld.exe: (.rodata+0x24): undefined reference to `.L800FC288'
C:\Tools\mips-ps1\mips\bin\mipsel-none-elf-ld.exe: (.rodata+0x28): undefined reference to `.L800FC28C'
C:\Tools\mips-ps1\mips\bin\mipsel-none-elf-ld.exe: (.rodata+0x2c): undefined reference to `.L800FC28C'
C:\Tools\mips-ps1\mips\bin\mipsel-none-elf-ld.exe: (.rodata+0x30): undefined reference to `.L800FC28C'
C:\Tools\mips-ps1\mips\bin\mipsel-none-elf-ld.exe: (.rodata+0x34): undefined reference to `.L800FC28C'
C:\Tools\mips-ps1\mips\bin\mipsel-none-elf-ld.exe: (.rodata+0x38): undefined reference to `.L800FC28C'
C:\Tools\mips-ps1\mips\bin\mipsel-none-elf-ld.exe: build/asm/data/rdata_80054548_j32.rodata.s.o:(.rodata+0x3c): more undefined references to `.L800FC28C' follow
C:\Tools\mips-ps1\mips\bin\mipsel-none-elf-ld.exe: build/asm/data/rdata_80054548_j32.rodata.s.o: in function `jtbl_800574F0':
(.rodata+0x44): undefined reference to `.L800FC288'
C:\Tools\mips-ps1\mips\bin\mipsel-none-elf-ld.exe: build/asm/data/rdata_80054548_j33.rodata.s.o: in function `jtbl_80057538':
(.rodata+0x0): undefined reference to `.L800FC2C4'
C:\Tools\mips-ps1\mips\bin\mipsel-none-elf-ld.exe: (.rodata+0x4): undefined reference to `.L800FC2F0'
C:\Tools\mips-ps1\mips\bin\mipsel-none-elf-ld.exe: (.rodata+0x8): undefined reference to `.L800FC2F0'
C:\Tools\mips-ps1\mips\bin\mipsel-none-elf-ld.exe: (.rodata+0xc): undefined reference to `.L800FC2CC'
C:\Tools\mips-ps1\mips\bin\mipsel-none-elf-ld.exe: (.rodata+0x10): undefined reference to `.L800FC2F0'
C:\Tools\mips-ps1\mips\bin\mipsel-none-elf-ld.exe: (.rodata+0x14): undefined reference to `.L800FC2F0'
C:\Tools\mips-ps1\mips\bin\mipsel-none-elf-ld.exe: (.rodata+0x18): undefined reference to `.L800FC2F0'
C:\Tools\mips-ps1\mips\bin\mipsel-none-elf-ld.exe: (.rodata+0x1c): undefined reference to `.L800FC2D4'
C:\Tools\mips-ps1\mips\bin\mipsel-none-elf-ld.exe: (.rodata+0x20): undefined reference to `.L800FC2F0'
C:\Tools\mips-ps1\mips\bin\mipsel-none-elf-ld.exe: (.rodata+0x24): undefined reference to `.L800FC2F0'
C:\Tools\mips-ps1\mips\bin\mipsel-none-elf-ld.exe: (.rodata+0x28): undefined reference to `.L800FC2F0'
C:\Tools\mips-ps1\mips\bin\mipsel-none-elf-ld.exe: (.rodata+0x2c): undefined reference to `.L800FC2F0'
C:\Tools\mips-ps1\mips\bin\mipsel-none-elf-ld.exe: (.rodata+0x30): undefined reference to `.L800FC2F0'
C:\Tools\mips-ps1\mips\bin\mipsel-none-elf-ld.exe: build/asm/data/rdata_80054548_j33.rodata.s.o:(.rodata+0x34): more undefined references to `.L800FC2F0' follow
C:\Tools\mips-ps1\mips\bin\mipsel-none-elf-ld.exe: build/asm/data/rdata_80054548_j33.rodata.s.o: in function `jtbl_80057538':
(.rodata+0x38): undefined reference to `.L800FC2DC'
C:\Tools\mips-ps1\mips\bin\mipsel-none-elf-ld.exe: (.rodata+0x3c): undefined reference to `.L800FC2DC'
C:\Tools\mips-ps1\mips\bin\mipsel-none-elf-ld.exe: (.rodata+0x40): undefined reference to `.L800FC2F0'
C:\Tools\mips-ps1\mips\bin\mipsel-none-elf-ld.exe: (.rodata+0x44): undefined reference to `.L800FC2F0'
C:\Tools\mips-ps1\mips\bin\mipsel-none-elf-ld.exe: (.rodata+0x48): undefined reference to `.L800FC2F0'
C:\Tools\mips-ps1\mips\bin\mipsel-none-elf-ld.exe: (.rodata+0x4c): undefined reference to `.L800FC2F0'
C:\Tools\mips-ps1\mips\bin\mipsel-none-elf-ld.exe: (.rodata+0x50): undefined reference to `.L800FC2F0'
C:\Tools\mips-ps1\mips\bin\mipsel-none-elf-ld.exe: build/asm/data/rdata_80054548_j33.rodata.s.o:(.rodata+0x54): more undefined references to `.L800FC2F0' follow
C:\Tools\mips-ps1\mips\bin\mipsel-none-elf-ld.exe: build/asm/data/rdata_80054548_j33.rodata.s.o: in function `jtbl_80057538':
(.rodata+0x5c): undefined reference to `.L800FC2E4'
C:\Tools\mips-ps1\mips\bin\mipsel-none-elf-ld.exe: (.rodata+0x60): undefined reference to `.L800FC2F0'
C:\Tools\mips-ps1\mips\bin\mipsel-none-elf-ld.exe: (.rodata+0x64): undefined reference to `.L800FC2F0'
C:\Tools\mips-ps1\mips\bin\mipsel-none-elf-ld.exe: (.rodata+0x68): undefined reference to `.L800FC2F0'
C:\Tools\mips-ps1\mips\bin\mipsel-none-elf-ld.exe: (.rodata+0x6c): undefined reference to `.L800FC2F0'
C:\Tools\mips-ps1\mips\bin\mipsel-none-elf-ld.exe: (.rodata+0x70): undefined reference to `.L800FC2F0'
C:\Tools\mips-ps1\mips\bin\mipsel-none-elf-ld.exe: build/asm/data/rdata_80054548_j33.rodata.s.o:(.rodata+0x74): more undefined references to `.L800FC2F0' follow
C:\Tools\mips-ps1\mips\bin\mipsel-none-elf-ld.exe: build/asm/data/rdata_80054548_j33.rodata.s.o: in function `jtbl_80057538':
(.rodata+0x7c): undefined reference to `.L800FC2EC'
C:\Tools\mips-ps1\mips\bin\mipsel-none-elf-ld.exe: build/asm/data/rdata_80054548_j35.rodata.s.o: in function `jtbl_80057968':
(.rodata+0x0): undefined reference to `.L8010B358'
C:\Tools\mips-ps1\mips\bin\mipsel-none-elf-ld.exe: (.rodata+0x4): undefined reference to `.L8010B38C'
C:\Tools\mips-ps1\mips\bin\mipsel-none-elf-ld.exe: (.rodata+0x8): undefined reference to `.L8010B38C'
C:\Tools\mips-ps1\mips\bin\mipsel-none-elf-ld.exe: (.rodata+0xc): undefined reference to `.L8010B358'
C:\Tools\mips-ps1\mips\bin\mipsel-none-elf-ld.exe: (.rodata+0x10): undefined reference to `.L8010B38C'
C:\Tools\mips-ps1\mips\bin\mipsel-none-elf-ld.exe: build/src/syslib/psx/libcard/INIT.c.o: in function `InitCARD':
(.text+0x20): undefined reference to `ReadInitPadFlag'
C:\Tools\mips-ps1\mips\bin\mipsel-none-elf-ld.exe: build/src/syslib/psx/libcd/event.c.o: in function `_cd_event_sync':
(.text+0xa0): undefined reference to `DeliverEvent'
C:\Tools\mips-ps1\mips\bin\mipsel-none-elf-ld.exe: build/src/syslib/psx/libcd/event.c.o: in function `_cd_event_ready':
(.text+0xc8): undefined reference to `DeliverEvent'
C:\Tools\mips-ps1\mips\bin\mipsel-none-elf-ld.exe: build/src/syslib/psx/libcd/event.c.o: in function `_cd_event_read':
(.text+0xf0): undefined reference to `DeliverEvent'
C:\Tools\mips-ps1\mips\bin\mipsel-none-elf-ld.exe: build/src/syslib/psx/libetc/INTR.c.o: in function `_intrhand':
(.text+0x244): undefined reference to `ReturnFromException'
C:\Tools\mips-ps1\mips\bin\mipsel-none-elf-ld.exe: (.text+0x39c): undefined reference to `ReturnFromException'
C:\Tools\mips-ps1\mips\bin\mipsel-none-elf-ld.exe: build/src/syslib/psx/libmath/FERR.c.o: in function `_err_math':
(.text+0x4c): undefined reference to `DeliverEvent'
C:\Tools\mips-ps1\mips\bin\mipsel-none-elf-ld.exe: build/src/syslib/psx/libmcrd/BIOS.c.o: in function `_card_start':
(.text+0xf8): undefined reference to `OpenEvent'
C:\Tools\mips-ps1\mips\bin\mipsel-none-elf-ld.exe: (.text+0x11c): undefined reference to `OpenEvent'
C:\Tools\mips-ps1\mips\bin\mipsel-none-elf-ld.exe: (.text+0x140): undefined reference to `OpenEvent'
C:\Tools\mips-ps1\mips\bin\mipsel-none-elf-ld.exe: (.text+0x164): undefined reference to `OpenEvent'
C:\Tools\mips-ps1\mips\bin\mipsel-none-elf-ld.exe: (.text+0x188): undefined reference to `OpenEvent'
C:\Tools\mips-ps1\mips\bin\mipsel-none-elf-ld.exe: build/src/syslib/psx/libmcrd/BIOS.c.o:(.text+0x1ac): more undefined references to `OpenEvent' follow
C:\Tools\mips-ps1\mips\bin\mipsel-none-elf-ld.exe: build/src/syslib/psx/libmcrd/BIOS.c.o: in function `_card_start':
(.text+0x208): undefined reference to `EnableEvent'
C:\Tools\mips-ps1\mips\bin\mipsel-none-elf-ld.exe: (.text+0x218): undefined reference to `EnableEvent'
C:\Tools\mips-ps1\mips\bin\mipsel-none-elf-ld.exe: (.text+0x228): undefined reference to `EnableEvent'
C:\Tools\mips-ps1\mips\bin\mipsel-none-elf-ld.exe: (.text+0x238): undefined reference to `EnableEvent'
C:\Tools\mips-ps1\mips\bin\mipsel-none-elf-ld.exe: (.text+0x248): undefined reference to `EnableEvent'
C:\Tools\mips-ps1\mips\bin\mipsel-none-elf-ld.exe: build/src/syslib/psx/libmcrd/BIOS.c.o:(.text+0x258): more undefined references to `EnableEvent' follow
C:\Tools\mips-ps1\mips\bin\mipsel-none-elf-ld.exe: build/src/syslib/psx/libmcrd/BIOS.c.o: in function `_card_stop':
(.text+0x2e4): undefined reference to `CloseEvent'
C:\Tools\mips-ps1\mips\bin\mipsel-none-elf-ld.exe: (.text+0x2f4): undefined reference to `CloseEvent'
C:\Tools\mips-ps1\mips\bin\mipsel-none-elf-ld.exe: (.text+0x304): undefined reference to `CloseEvent'
C:\Tools\mips-ps1\mips\bin\mipsel-none-elf-ld.exe: (.text+0x314): undefined reference to `CloseEvent'
C:\Tools\mips-ps1\mips\bin\mipsel-none-elf-ld.exe: (.text+0x324): undefined reference to `CloseEvent'
C:\Tools\mips-ps1\mips\bin\mipsel-none-elf-ld.exe: build/src/syslib/psx/libmcrd/BIOS.c.o:(.text+0x334): more undefined references to `CloseEvent' follow
C:\Tools\mips-ps1\mips\bin\mipsel-none-elf-ld.exe: build/src/syslib/psx/libmcrd/BIOS.c.o: in function `_clr_card_event':
(.text+0x390): undefined reference to `TestEvent'
C:\Tools\mips-ps1\mips\bin\mipsel-none-elf-ld.exe: (.text+0x3a0): undefined reference to `TestEvent'
C:\Tools\mips-ps1\mips\bin\mipsel-none-elf-ld.exe: (.text+0x3b0): undefined reference to `TestEvent'
C:\Tools\mips-ps1\mips\bin\mipsel-none-elf-ld.exe: (.text+0x3c0): undefined reference to `TestEvent'
C:\Tools\mips-ps1\mips\bin\mipsel-none-elf-ld.exe: (.text+0x3d0): undefined reference to `TestEvent'
C:\Tools\mips-ps1\mips\bin\mipsel-none-elf-ld.exe: build/src/syslib/psx/libmcrd/BIOS.c.o:(.text+0x3e0): more undefined references to `TestEvent' follow
C:\Tools\mips-ps1\mips\bin\mipsel-none-elf-ld.exe: build/asm/data/data_8010CCD4_r13.data.s.o: in function `Device_gDeviceList':
(.data+0x7ca0): undefined reference to `Device_Null__FUl'
C:\Tools\mips-ps1\mips\bin\mipsel-none-elf-ld.exe: (.data+0x7cac): undefined reference to `Device_Analog__FUl'
C:\Tools\mips-ps1\mips\bin\mipsel-none-elf-ld.exe: (.data+0x7cb8): undefined reference to `Device_PSXPad__FUl'
C:\Tools\mips-ps1\mips\bin\mipsel-none-elf-ld.exe: (.data+0x7cc4): undefined reference to `Device_PSXPadMulti__FUl'
