C:/Tools/mips-ps1/mips/bin/mipsel-none-elf-ld.exe: build/src/eaclib/psx/spchpsxz/spchrule.c.o: in function `VoxSentence_GetNumPhrases':
(.text+0x44c): multiple definition of `VoxSentence_GetNumPhrases'; build/src/eaclib/psx/spchpsxz/spchdata.c.o:(.text+0x20): first defined here
C:/Tools/mips-ps1/mips/bin/mipsel-none-elf-ld.exe: build/src/eaclib/psx/spchpsxz/spchrule.c.o: in function `iSPCH_GetOffset8':
(.text+0x458): multiple definition of `iSPCH_GetOffset8'; build/src/eaclib/psx/spchpsxz/spchdata.c.o:(.text+0x38): first defined here
C:/Tools/mips-ps1/mips/bin/mipsel-none-elf-ld.exe: build/src/eaclib/psx/spchpsxz/spchrule.c.o: in function `iSPCH_GetOffset16':
(.text+0x470): multiple definition of `iSPCH_GetOffset16'; build/src/eaclib/psx/spchpsxz/spchdata.c.o:(.text+0x50): first defined here
C:/Tools/mips-ps1/mips/bin/mipsel-none-elf-ld.exe: build/src/game/common/aihigh.c.o: in function `___15AIHigh_BTC_Perp':
(.text+0x6a4): multiple definition of `___15AIHigh_BTC_Perp'; build/src/game/common/aih_btcperp.c.o:(.text+0x1c94): first defined here
C:/Tools/mips-ps1/mips/bin/mipsel-none-elf-ld.exe: build/src/syslib/psx/libetc/INTR_DMA.c.o: in function `_bzero_w':
(.text+0x278): multiple definition of `_bzero_w'; build/src/syslib/psx/libetc/INTR.c.o:(.text+0x624): first defined here
C:/Tools/mips-ps1/mips/bin/mipsel-none-elf-ld.exe: build/asm/data/rdata_80054548_r05.rodata.s.o: in function `D_80055410':
(.rodata+0x244): undefined reference to `___26AIDataRecord_CarTracking_t'
C:/Tools/mips-ps1/mips/bin/mipsel-none-elf-ld.exe: (.rodata+0x24c): undefined reference to `Setup__14AIDataRecord_t'
C:/Tools/mips-ps1/mips/bin/mipsel-none-elf-ld.exe: (.rodata+0x254): undefined reference to `Get__26AIDataRecord_CarTracking_ti'
C:/Tools/mips-ps1/mips/bin/mipsel-none-elf-ld.exe: build/asm/data/rdata_80054548_r05.rodata.s.o: in function `D_8005544C':
(.rodata+0x264): undefined reference to `___30AIDataRecord_CurveSpeedTable_t'
C:/Tools/mips-ps1/mips/bin/mipsel-none-elf-ld.exe: (.rodata+0x26c): undefined reference to `Setup__14AIDataRecord_t'
C:/Tools/mips-ps1/mips/bin/mipsel-none-elf-ld.exe: build/asm/data/rdata_80054548_r05.rodata.s.o: in function `D_80055464':
(.rodata+0x27c): undefined reference to `___25AIDataRecord_TrackCurve_t'
C:/Tools/mips-ps1/mips/bin/mipsel-none-elf-ld.exe: (.rodata+0x284): undefined reference to `Setup__14AIDataRecord_t'
C:/Tools/mips-ps1/mips/bin/mipsel-none-elf-ld.exe: build/asm/data/rdata_80054548_r05.rodata.s.o: in function `D_8005547C':
(.rodata+0x294): undefined reference to `___23AIDataRecord_BestLine_t'
C:/Tools/mips-ps1/mips/bin/mipsel-none-elf-ld.exe: (.rodata+0x29c): undefined reference to `Setup__14AIDataRecord_t'
C:/Tools/mips-ps1/mips/bin/mipsel-none-elf-ld.exe: build/asm/data/rdata_80054548_r05.rodata.s.o: in function `_vt_23AIDataRecord_AccTable_t':
(.rodata+0x2ac): undefined reference to `___23AIDataRecord_AccTable_t'
C:/Tools/mips-ps1/mips/bin/mipsel-none-elf-ld.exe: (.rodata+0x2b4): undefined reference to `Setup__23AIDataRecord_AccTable_t'
C:/Tools/mips-ps1/mips/bin/mipsel-none-elf-ld.exe: build/asm/data/rdata_80054548_r05.rodata.s.o: in function `_vt_14AIDataRecord_t':
(.rodata+0x2c4): undefined reference to `___14AIDataRecord_t'
C:/Tools/mips-ps1/mips/bin/mipsel-none-elf-ld.exe: (.rodata+0x2cc): undefined reference to `Setup__14AIDataRecord_t'
C:/Tools/mips-ps1/mips/bin/mipsel-none-elf-ld.exe: build/asm/data/rdata_80054548_j24.rodata.s.o: in function `jtbl_80056C6C':
(.rodata+0x0): undefined reference to `.L800EC328'
C:/Tools/mips-ps1/mips/bin/mipsel-none-elf-ld.exe: (.rodata+0x4): undefined reference to `.L800EC334'
C:/Tools/mips-ps1/mips/bin/mipsel-none-elf-ld.exe: (.rodata+0x8): undefined reference to `.L800EC34C'
C:/Tools/mips-ps1/mips/bin/mipsel-none-elf-ld.exe: (.rodata+0xc): undefined reference to `.L800EC34C'
C:/Tools/mips-ps1/mips/bin/mipsel-none-elf-ld.exe: (.rodata+0x10): undefined reference to `.L800EC340'
C:/Tools/mips-ps1/mips/bin/mipsel-none-elf-ld.exe: (.rodata+0x14): undefined reference to `.L800EC334'
C:/Tools/mips-ps1/mips/bin/mipsel-none-elf-ld.exe: (.rodata+0x18): undefined reference to `.L800EC340'
C:/Tools/mips-ps1/mips/bin/mipsel-none-elf-ld.exe: (.rodata+0x1c): undefined reference to `.L800EC328'
C:/Tools/mips-ps1/mips/bin/mipsel-none-elf-ld.exe: (.rodata+0x20): undefined reference to `.L800EC334'
C:/Tools/mips-ps1/mips/bin/mipsel-none-elf-ld.exe: build/asm/data/rdata_80054548_j25.rodata.s.o: in function `jtbl_80056C94':
(.rodata+0x0): undefined reference to `.L800ECD04'
C:/Tools/mips-ps1/mips/bin/mipsel-none-elf-ld.exe: (.rodata+0x4): undefined reference to `.L800ECF08'
C:/Tools/mips-ps1/mips/bin/mipsel-none-elf-ld.exe: (.rodata+0x8): undefined reference to `.L800ECF4C'
C:/Tools/mips-ps1/mips/bin/mipsel-none-elf-ld.exe: (.rodata+0xc): undefined reference to `.L800ECFB4'
C:/Tools/mips-ps1/mips/bin/mipsel-none-elf-ld.exe: (.rodata+0x10): undefined reference to `.L800ECFD8'
C:/Tools/mips-ps1/mips/bin/mipsel-none-elf-ld.exe: (.rodata+0x14): undefined reference to `.L800ECFF0'
C:/Tools/mips-ps1/mips/bin/mipsel-none-elf-ld.exe: (.rodata+0x18): undefined reference to `.L800ECD04'
C:/Tools/mips-ps1/mips/bin/mipsel-none-elf-ld.exe: (.rodata+0x1c): undefined reference to `.L800ECFF0'
C:/Tools/mips-ps1/mips/bin/mipsel-none-elf-ld.exe: (.rodata+0x20): undefined reference to `.L800ECFF0'
C:/Tools/mips-ps1/mips/bin/mipsel-none-elf-ld.exe: build/asm/data/rdata_80054548_j26.rodata.s.o: in function `jtbl_80056CB8':
(.rodata+0x0): undefined reference to `.L800ED658'
C:/Tools/mips-ps1/mips/bin/mipsel-none-elf-ld.exe: (.rodata+0x4): undefined reference to `.L800ED610'
C:/Tools/mips-ps1/mips/bin/mipsel-none-elf-ld.exe: (.rodata+0x8): undefined reference to `.L800ED61C'
C:/Tools/mips-ps1/mips/bin/mipsel-none-elf-ld.exe: (.rodata+0xc): undefined reference to `.L800ED628'
C:/Tools/mips-ps1/mips/bin/mipsel-none-elf-ld.exe: (.rodata+0x10): undefined reference to `.L800ED630'
C:/Tools/mips-ps1/mips/bin/mipsel-none-elf-ld.exe: (.rodata+0x14): undefined reference to `.L800ED638'
C:/Tools/mips-ps1/mips/bin/mipsel-none-elf-ld.exe: (.rodata+0x18): undefined reference to `.L800ED640'
C:/Tools/mips-ps1/mips/bin/mipsel-none-elf-ld.exe: (.rodata+0x1c): undefined reference to `.L800ED64C'
C:/Tools/mips-ps1/mips/bin/mipsel-none-elf-ld.exe: build/asm/data/rdata_80054548_j28.rodata.s.o: in function `jtbl_80056FBC':
(.rodata+0x0): undefined reference to `.L800F3D94'
C:/Tools/mips-ps1/mips/bin/mipsel-none-elf-ld.exe: (.rodata+0x4): undefined reference to `.L800F3DAC'
C:/Tools/mips-ps1/mips/bin/mipsel-none-elf-ld.exe: (.rodata+0x8): undefined reference to `.L800F3DC4'
C:/Tools/mips-ps1/mips/bin/mipsel-none-elf-ld.exe: (.rodata+0xc): undefined reference to `.L800F3E38'
C:/Tools/mips-ps1/mips/bin/mipsel-none-elf-ld.exe: (.rodata+0x10): undefined reference to `.L800F3DF0'
C:/Tools/mips-ps1/mips/bin/mipsel-none-elf-ld.exe: (.rodata+0x14): undefined reference to `.L800F3E38'
C:/Tools/mips-ps1/mips/bin/mipsel-none-elf-ld.exe: (.rodata+0x18): undefined reference to `.L800F3E24'
C:/Tools/mips-ps1/mips/bin/mipsel-none-elf-ld.exe: build/asm/data/rdata_80054548_j29.rodata.s.o: in function `jtbl_80056FD8':
(.rodata+0x0): undefined reference to `.L800F6AC8'
C:/Tools/mips-ps1/mips/bin/mipsel-none-elf-ld.exe: (.rodata+0x4): undefined reference to `.L800F6ABC'
C:/Tools/mips-ps1/mips/bin/mipsel-none-elf-ld.exe: (.rodata+0x8): undefined reference to `.L800F6B34'
C:/Tools/mips-ps1/mips/bin/mipsel-none-elf-ld.exe: (.rodata+0xc): undefined reference to `.L800F6BE0'
C:/Tools/mips-ps1/mips/bin/mipsel-none-elf-ld.exe: (.rodata+0x10): undefined reference to `.L800F6BE0'
C:/Tools/mips-ps1/mips/bin/mipsel-none-elf-ld.exe: (.rodata+0x14): undefined reference to `.L800F6BE0'
C:/Tools/mips-ps1/mips/bin/mipsel-none-elf-ld.exe: (.rodata+0x18): undefined reference to `.L800F6BE0'
C:/Tools/mips-ps1/mips/bin/mipsel-none-elf-ld.exe: (.rodata+0x1c): undefined reference to `.L800F6BE0'
C:/Tools/mips-ps1/mips/bin/mipsel-none-elf-ld.exe: build/asm/data/rdata_80054548_j29.rodata.s.o:(.rodata+0x20): more undefined references to `.L800F6BE0' follow
C:/Tools/mips-ps1/mips/bin/mipsel-none-elf-ld.exe: build/asm/data/rdata_80054548_j29.rodata.s.o: in function `jtbl_80056FD8':
(.rodata+0x78): undefined reference to `.L800F6A44'
C:/Tools/mips-ps1/mips/bin/mipsel-none-elf-ld.exe: (.rodata+0x7c): undefined reference to `.L800F6A44'
C:/Tools/mips-ps1/mips/bin/mipsel-none-elf-ld.exe: (.rodata+0x80): undefined reference to `.L800F6A44'
C:/Tools/mips-ps1/mips/bin/mipsel-none-elf-ld.exe: (.rodata+0x84): undefined reference to `.L800F6A44'
C:/Tools/mips-ps1/mips/bin/mipsel-none-elf-ld.exe: build/asm/data/rdata_80054548_j32.rodata.s.o: in function `jtbl_800574F0':
(.rodata+0x0): undefined reference to `.L800FC280'
C:/Tools/mips-ps1/mips/bin/mipsel-none-elf-ld.exe: (.rodata+0x4): undefined reference to `.L800FC280'
C:/Tools/mips-ps1/mips/bin/mipsel-none-elf-ld.exe: (.rodata+0x8): undefined reference to `.L800FC28C'
C:/Tools/mips-ps1/mips/bin/mipsel-none-elf-ld.exe: (.rodata+0xc): undefined reference to `.L800FC288'
C:/Tools/mips-ps1/mips/bin/mipsel-none-elf-ld.exe: (.rodata+0x10): undefined reference to `.L800FC28C'
C:/Tools/mips-ps1/mips/bin/mipsel-none-elf-ld.exe: (.rodata+0x14): undefined reference to `.L800FC28C'
C:/Tools/mips-ps1/mips/bin/mipsel-none-elf-ld.exe: (.rodata+0x18): undefined reference to `.L800FC28C'
C:/Tools/mips-ps1/mips/bin/mipsel-none-elf-ld.exe: (.rodata+0x1c): undefined reference to `.L800FC28C'
C:/Tools/mips-ps1/mips/bin/mipsel-none-elf-ld.exe: (.rodata+0x20): undefined reference to `.L800FC28C'
C:/Tools/mips-ps1/mips/bin/mipsel-none-elf-ld.exe: (.rodata+0x24): undefined reference to `.L800FC288'
C:/Tools/mips-ps1/mips/bin/mipsel-none-elf-ld.exe: (.rodata+0x28): undefined reference to `.L800FC28C'
C:/Tools/mips-ps1/mips/bin/mipsel-none-elf-ld.exe: (.rodata+0x2c): undefined reference to `.L800FC28C'
C:/Tools/mips-ps1/mips/bin/mipsel-none-elf-ld.exe: (.rodata+0x30): undefined reference to `.L800FC28C'
C:/Tools/mips-ps1/mips/bin/mipsel-none-elf-ld.exe: (.rodata+0x34): undefined reference to `.L800FC28C'
C:/Tools/mips-ps1/mips/bin/mipsel-none-elf-ld.exe: (.rodata+0x38): undefined reference to `.L800FC28C'
C:/Tools/mips-ps1/mips/bin/mipsel-none-elf-ld.exe: build/asm/data/rdata_80054548_j32.rodata.s.o:(.rodata+0x3c): more undefined references to `.L800FC28C' follow
C:/Tools/mips-ps1/mips/bin/mipsel-none-elf-ld.exe: build/asm/data/rdata_80054548_j32.rodata.s.o: in function `jtbl_800574F0':
(.rodata+0x44): undefined reference to `.L800FC288'
C:/Tools/mips-ps1/mips/bin/mipsel-none-elf-ld.exe: build/asm/data/rdata_80054548_j33.rodata.s.o: in function `jtbl_80057538':
(.rodata+0x0): undefined reference to `.L800FC2C4'
C:/Tools/mips-ps1/mips/bin/mipsel-none-elf-ld.exe: (.rodata+0x4): undefined reference to `.L800FC2F0'
C:/Tools/mips-ps1/mips/bin/mipsel-none-elf-ld.exe: (.rodata+0x8): undefined reference to `.L800FC2F0'
C:/Tools/mips-ps1/mips/bin/mipsel-none-elf-ld.exe: (.rodata+0xc): undefined reference to `.L800FC2CC'
C:/Tools/mips-ps1/mips/bin/mipsel-none-elf-ld.exe: (.rodata+0x10): undefined reference to `.L800FC2F0'
C:/Tools/mips-ps1/mips/bin/mipsel-none-elf-ld.exe: (.rodata+0x14): undefined reference to `.L800FC2F0'
C:/Tools/mips-ps1/mips/bin/mipsel-none-elf-ld.exe: (.rodata+0x18): undefined reference to `.L800FC2F0'
C:/Tools/mips-ps1/mips/bin/mipsel-none-elf-ld.exe: (.rodata+0x1c): undefined reference to `.L800FC2D4'
C:/Tools/mips-ps1/mips/bin/mipsel-none-elf-ld.exe: (.rodata+0x20): undefined reference to `.L800FC2F0'
C:/Tools/mips-ps1/mips/bin/mipsel-none-elf-ld.exe: (.rodata+0x24): undefined reference to `.L800FC2F0'
C:/Tools/mips-ps1/mips/bin/mipsel-none-elf-ld.exe: (.rodata+0x28): undefined reference to `.L800FC2F0'
C:/Tools/mips-ps1/mips/bin/mipsel-none-elf-ld.exe: (.rodata+0x2c): undefined reference to `.L800FC2F0'
C:/Tools/mips-ps1/mips/bin/mipsel-none-elf-ld.exe: (.rodata+0x30): undefined reference to `.L800FC2F0'
C:/Tools/mips-ps1/mips/bin/mipsel-none-elf-ld.exe: build/asm/data/rdata_80054548_j33.rodata.s.o:(.rodata+0x34): more undefined references to `.L800FC2F0' follow
C:/Tools/mips-ps1/mips/bin/mipsel-none-elf-ld.exe: build/asm/data/rdata_80054548_j33.rodata.s.o: in function `jtbl_80057538':
(.rodata+0x38): undefined reference to `.L800FC2DC'
C:/Tools/mips-ps1/mips/bin/mipsel-none-elf-ld.exe: (.rodata+0x3c): undefined reference to `.L800FC2DC'
C:/Tools/mips-ps1/mips/bin/mipsel-none-elf-ld.exe: (.rodata+0x40): undefined reference to `.L800FC2F0'
C:/Tools/mips-ps1/mips/bin/mipsel-none-elf-ld.exe: (.rodata+0x44): undefined reference to `.L800FC2F0'
C:/Tools/mips-ps1/mips/bin/mipsel-none-elf-ld.exe: (.rodata+0x48): undefined reference to `.L800FC2F0'
C:/Tools/mips-ps1/mips/bin/mipsel-none-elf-ld.exe: (.rodata+0x4c): undefined reference to `.L800FC2F0'
C:/Tools/mips-ps1/mips/bin/mipsel-none-elf-ld.exe: (.rodata+0x50): undefined reference to `.L800FC2F0'
C:/Tools/mips-ps1/mips/bin/mipsel-none-elf-ld.exe: build/asm/data/rdata_80054548_j33.rodata.s.o:(.rodata+0x54): more undefined references to `.L800FC2F0' follow
C:/Tools/mips-ps1/mips/bin/mipsel-none-elf-ld.exe: build/asm/data/rdata_80054548_j33.rodata.s.o: in function `jtbl_80057538':
(.rodata+0x5c): undefined reference to `.L800FC2E4'
C:/Tools/mips-ps1/mips/bin/mipsel-none-elf-ld.exe: (.rodata+0x60): undefined reference to `.L800FC2F0'
C:/Tools/mips-ps1/mips/bin/mipsel-none-elf-ld.exe: (.rodata+0x64): undefined reference to `.L800FC2F0'
C:/Tools/mips-ps1/mips/bin/mipsel-none-elf-ld.exe: (.rodata+0x68): undefined reference to `.L800FC2F0'
C:/Tools/mips-ps1/mips/bin/mipsel-none-elf-ld.exe: (.rodata+0x6c): undefined reference to `.L800FC2F0'
C:/Tools/mips-ps1/mips/bin/mipsel-none-elf-ld.exe: (.rodata+0x70): undefined reference to `.L800FC2F0'
C:/Tools/mips-ps1/mips/bin/mipsel-none-elf-ld.exe: build/asm/data/rdata_80054548_j33.rodata.s.o:(.rodata+0x74): more undefined references to `.L800FC2F0' follow
C:/Tools/mips-ps1/mips/bin/mipsel-none-elf-ld.exe: build/asm/data/rdata_80054548_j33.rodata.s.o: in function `jtbl_80057538':
(.rodata+0x7c): undefined reference to `.L800FC2EC'
C:/Tools/mips-ps1/mips/bin/mipsel-none-elf-ld.exe: C:/Tools/mips-ps1/mips/bin/mipsel-none-elf-ld.exe: build/src/eaclib/psx/sndpsxz/spitch.c.o: invalid string offset 758412134 >= 279 for section `.strtab'
C:/Tools/mips-ps1/mips/bin/mipsel-none-elf-ld.exe: build/src/eaclib/psx/sndpsxz/spitch.c.o: invalid string offset 1768711009 >= 279 for section `.strtab'
C:/Tools/mips-ps1/mips/bin/mipsel-none-elf-ld.exe: build/src/eaclib/psx/sndpsxz/spitch.c.o: invalid string offset 1886608506 >= 279 for section `.strtab'
C:/Tools/mips-ps1/mips/bin/mipsel-none-elf-ld.exe: build/src/eaclib/psx/sndpsxz/spitch.c.o: invalid string offset 1886220131 >= 279 for section `.strtab'
C:/Tools/mips-ps1/mips/bin/mipsel-none-elf-ld.exe: build/src/eaclib/psx/sndpsxz/spitch.c.o: invalid string offset 1886220131 >= 279 for section `.strtab'
C:/Tools/mips-ps1/mips/bin/mipsel-none-elf-ld.exe: build/src/eaclib/psx/sndpsxz/spitch.c.o: invalid string offset 6447476 >= 279 for section `.strtab'
C:/Tools/mips-ps1/mips/bin/mipsel-none-elf-ld.exe: build/src/eaclib/psx/sndpsxz/spitch.c.o: invalid string offset 1635021428 >= 279 for section `.strtab'
C:/Tools/mips-ps1/mips/bin/mipsel-none-elf-ld.exe: build/src/eaclib/psx/sndpsxz/spitch.c.o: invalid string offset 1647181921 >= 279 for section `.strtab'
C:/Tools/mips-ps1/mips/bin/mipsel-none-elf-ld.exe: build/src/eaclib/psx/sndpsxz/spitch.c.o: invalid string offset 1346981166 >= 279 for section `.strtab'
C:/Tools/mips-ps1/mips/bin/mipsel-none-elf-ld.exe: build/src/eaclib/psx/sndpsxz/spitch.c.o: invalid string offset 7496816 >= 279 for section `.strtab'
C:/Tools/mips-ps1/mips/bin/mipsel-none-elf-ld.exe: build/src/eaclib/psx/sndpsxz/spitch.c.o: invalid string offset 7562612 >= 279 for section `.strtab'
build/src/eaclib/psx/sndpsxz/spitch.c.o:(.text+0x44): undefined reference to `iSNDgetchan'
C:/Tools/mips-ps1/mips/bin/mipsel-none-elf-ld.exe: build/src/eaclib/psx/sndpsxz/spitch.c.o:(.text+0x60): undefined reference to `iSNDpatchkey'
C:/Tools/mips-ps1/mips/bin/mipsel-none-elf-ld.exe: build/src/eaclib/psx/sndpsxz/spitch.c.o:(.text+0xa0): undefined reference to `iSNDcalcpitch'
C:/Tools/mips-ps1/mips/bin/mipsel-none-elf-ld.exe: build/src/eaclib/psx/sndpsxz/spitch.c.o:(.text+0xb0): undefined reference to `iSNDplatformpitch'
C:/Tools/mips-ps1/mips/bin/mipsel-none-elf-ld.exe: build/src/eaclib/psx/sndpsxz/spktplay.c.o: in function `SNDPKTPLAY_overhead':
(.text+0x24): undefined reference to `iSNDplatformpacketoverhead'
C:/Tools/mips-ps1/mips/bin/mipsel-none-elf-ld.exe: build/src/eaclib/psx/sndpsxz/spktplay.c.o: in function `SNDPKTPLAY_create':
(.text+0xbc): undefined reference to `iSNDplatformpacketplaycreate'
C:/Tools/mips-ps1/mips/bin/mipsel-none-elf-ld.exe: (.text+0xcc): undefined reference to `iSNDplatformpacketoverhead'
C:/Tools/mips-ps1/mips/bin/mipsel-none-elf-ld.exe: (.text+0xd4): undefined reference to `iSNDplatformpacketoverhead'
C:/Tools/mips-ps1/mips/bin/mipsel-none-elf-ld.exe: build/src/eaclib/psx/sndpsxz/spktplay.c.o: in function `SNDPKTPLAY_start':
(.text+0x1d4): undefined reference to `iSNDallocchan'
C:/Tools/mips-ps1/mips/bin/mipsel-none-elf-ld.exe: (.text+0x350): undefined reference to `iSNDcalcpitch'
C:/Tools/mips-ps1/mips/bin/mipsel-none-elf-ld.exe: (.text+0x358): undefined reference to `iSNDcalcvol'
C:/Tools/mips-ps1/mips/bin/mipsel-none-elf-ld.exe: (.text+0x3d8): undefined reference to `iSNDplatformpacketplay'
C:/Tools/mips-ps1/mips/bin/mipsel-none-elf-ld.exe: (.text+0x400): undefined reference to `iSNDfreechan'
C:/Tools/mips-ps1/mips/bin/mipsel-none-elf-ld.exe: build/src/eaclib/psx/sndpsxz/spktplay.c.o: in function `SNDPKTPLAY_destroy':
(.text+0x954): undefined reference to `iSNDplatformpacketplaydestroy'
C:/Tools/mips-ps1/mips/bin/mipsel-none-elf-ld.exe: build/src/eaclib/psx/sndpsxz/splay.c.o: in function `cSNDplay':
(.text+0x4c): undefined reference to `iSNDvalidbank'
C:/Tools/mips-ps1/mips/bin/mipsel-none-elf-ld.exe: build/src/eaclib/psx/sndpsxz/spvoices.c.o: in function `SNDSTRM_destroy':
(.text+0xbc): undefined reference to `STREAM_destroy'
C:/Tools/mips-ps1/mips/bin/mipsel-none-elf-ld.exe: build/src/eaclib/psx/sndpsxz/spvoices.c.o: in function `SNDSTRM_purge':
(.text+0x180): undefined reference to `STREAM_kill'
C:/Tools/mips-ps1/mips/bin/mipsel-none-elf-ld.exe: build/src/eaclib/psx/sndpsxz/sserver.c.o: in function `iSND100hzserver':
(.text+0x14c): undefined reference to `iSNDserve'
C:/Tools/mips-ps1/mips/bin/mipsel-none-elf-ld.exe: (.text+0x20c): undefined reference to `iSNDcalcpitch'
C:/Tools/mips-ps1/mips/bin/mipsel-none-elf-ld.exe: (.text+0x218): undefined reference to `iSNDplatformpitch'
C:/Tools/mips-ps1/mips/bin/mipsel-none-elf-ld.exe: (.text+0x3a4): undefined reference to `iSNDcalcvol'
C:/Tools/mips-ps1/mips/bin/mipsel-none-elf-ld.exe: (.text+0x3c0): undefined reference to `iSNDvol'
C:/Tools/mips-ps1/mips/bin/mipsel-none-elf-ld.exe: build/src/eaclib/psx/sndpsxz/sserver.c.o: in function `iSNDenteraudio':
(.text+0x404): undefined reference to `SNDI_mutexlock'
C:/Tools/mips-ps1/mips/bin/mipsel-none-elf-ld.exe: build/src/eaclib/psx/sndpsxz/sserver.c.o: in function `iSNDleaveaudio':
(.text+0x458): undefined reference to `SNDI_mutexunlock'
C:/Tools/mips-ps1/mips/bin/mipsel-none-elf-ld.exe: build/src/eaclib/psx/sndpsxz/sst.c.o: in function `iSNDstreamreleasecallback':
(.text+0x1a8): undefined reference to `STREAM_release'
C:/Tools/mips-ps1/mips/bin/mipsel-none-elf-ld.exe: build/src/eaclib/psx/sndpsxz/sst.c.o: in function `iSNDstreamparseheader':
(.text+0x2e8): undefined reference to `iSNDpatchtohdr'
C:/Tools/mips-ps1/mips/bin/mipsel-none-elf-ld.exe: (.text+0x300): undefined reference to `STREAM_release'
C:/Tools/mips-ps1/mips/bin/mipsel-none-elf-ld.exe: (.text+0x344): undefined reference to `iSNDplatformcalcdatarate'
C:/Tools/mips-ps1/mips/bin/mipsel-none-elf-ld.exe: build/src/eaclib/psx/sndpsxz/sst.c.o: in function `iSNDstreamparsenumchunks':
(.text+0x448): undefined reference to `STREAM_release'
C:/Tools/mips-ps1/mips/bin/mipsel-none-elf-ld.exe: build/src/eaclib/psx/sndpsxz/sst.c.o: in function `iSNDstreamparseend':
(.text+0x630): undefined reference to `STREAM_release'
C:/Tools/mips-ps1/mips/bin/mipsel-none-elf-ld.exe: build/src/eaclib/psx/sndpsxz/sst.c.o: in function `iSNDstreamparsechunk':
(.text+0x6e8): undefined reference to `STREAM_release'
C:/Tools/mips-ps1/mips/bin/mipsel-none-elf-ld.exe: build/src/eaclib/psx/sndpsxz/sst.c.o: in function `iSNDstreamisheld':
(.text+0x77c): undefined reference to `STREAM_gettable'
C:/Tools/mips-ps1/mips/bin/mipsel-none-elf-ld.exe: (.text+0x7fc): undefined reference to `STREAM_state'
C:/Tools/mips-ps1/mips/bin/mipsel-none-elf-ld.exe: build/src/eaclib/psx/sndpsxz/sst.c.o: in function `iSNDstreamhotroddatachunks':
(.text+0x91c): undefined reference to `STREAM_get'
C:/Tools/mips-ps1/mips/bin/mipsel-none-elf-ld.exe: build/src/eaclib/psx/sndpsxz/sst.c.o: in function `iSNDstreamservice':
(.text+0xa84): undefined reference to `STREAM_get'
C:/Tools/mips-ps1/mips/bin/mipsel-none-elf-ld.exe: build/src/eaclib/psx/sndpsxz/sst.c.o: in function `iSNDstreamcreate':
(.text+0xc68): undefined reference to `STREAM_create'
C:/Tools/mips-ps1/mips/bin/mipsel-none-elf-ld.exe: (.text+0xc7c): undefined reference to `STREAM_buffersize'
C:/Tools/mips-ps1/mips/bin/mipsel-none-elf-ld.exe: build/src/eaclib/psx/sndpsxz/sst.c.o: in function `iSNDstreamqueue':
(.text+0xe30): undefined reference to `STREAM_queuefile'
C:/Tools/mips-ps1/mips/bin/mipsel-none-elf-ld.exe: (.text+0xe5c): undefined reference to `STREAM_queuemem'
C:/Tools/mips-ps1/mips/bin/mipsel-none-elf-ld.exe: build/src/eaclib/psx/sndpsxz/sstautov.c.o: in function `SNDSTRM_autovol':
(.text+0x60): undefined reference to `SNDautovol'
C:/Tools/mips-ps1/mips/bin/mipsel-none-elf-ld.exe: build/src/eaclib/psx/sndpsxz/sstgetv.c.o: in function `SNDSTRM_getvol':
(.text+0x38): undefined reference to `SNDgetvol'
C:/Tools/mips-ps1/mips/bin/mipsel-none-elf-ld.exe: build/src/eaclib/psx/sndpsxz/sstop.c.o: in function `SNDstop':
(.text+0x2c): undefined reference to `iSNDgetchan'
C:/Tools/mips-ps1/mips/bin/mipsel-none-elf-ld.exe: (.text+0x48): undefined reference to `iSNDpatchkey'
C:/Tools/mips-ps1/mips/bin/mipsel-none-elf-ld.exe: (.text+0x5c): undefined reference to `iSNDstop'
C:/Tools/mips-ps1/mips/bin/mipsel-none-elf-ld.exe: build/src/eaclib/psx/sndpsxz/sstovrhd.c.o: in function `SNDSTRM_overhead':
(.text+0x64): undefined reference to `STREAM_overhead'
C:/Tools/mips-ps1/mips/bin/mipsel-none-elf-ld.exe: build/src/eaclib/psx/sndpsxz/sstrstat.c.o: in function `SNDSTRM_requeststatus':
(.text+0xc8): undefined reference to `iSNDmulu64'
C:/Tools/mips-ps1/mips/bin/mipsel-none-elf-ld.exe: (.text+0xd8): undefined reference to `iSNDdivu64'
C:/Tools/mips-ps1/mips/bin/mipsel-none-elf-ld.exe: (.text+0xf4): undefined reference to `iSNDmulu64'
C:/Tools/mips-ps1/mips/bin/mipsel-none-elf-ld.exe: (.text+0x104): undefined reference to `iSNDdivu64'
C:/Tools/mips-ps1/mips/bin/mipsel-none-elf-ld.exe: build/src/eaclib/psx/sndpsxz/sstsetgl.c.o: in function `SNDSTRM_setgreedylevel':
(.text+0x38): undefined reference to `STREAM_setgreedylevel'
C:/Tools/mips-ps1/mips/bin/mipsel-none-elf-ld.exe: build/src/eaclib/psx/sndpsxz/sstsetgs.c.o: in function `SNDSTRM_setgreedystate':
(.text+0x38): undefined reference to `STREAM_setgreedystate'
C:/Tools/mips-ps1/mips/bin/mipsel-none-elf-ld.exe: build/src/eaclib/psx/sndpsxz/sstsetpr.c.o: in function `SNDSTRM_setpriority':
(.text+0x40): undefined reference to `STREAM_setpriority'
C:/Tools/mips-ps1/mips/bin/mipsel-none-elf-ld.exe: build/src/eaclib/psx/sndpsxz/ssysinit.c.o: in function `SNDSYS_getopts':
(.text+0x24): undefined reference to `iSNDplatformoutputcaps'
C:/Tools/mips-ps1/mips/bin/mipsel-none-elf-ld.exe: build/src/eaclib/psx/sndpsxz/ssysinit.c.o: in function `SNDSYS_setopts':
(.text+0x1a0): undefined reference to `iSNDplatformoutputset'
C:/Tools/mips-ps1/mips/bin/mipsel-none-elf-ld.exe: build/src/eaclib/psx/sndpsxz/ssysinit.c.o: in function `SNDSYS_init':
(.text+0x1e0): undefined reference to `iSNDmeminit'
C:/Tools/mips-ps1/mips/bin/mipsel-none-elf-ld.exe: (.text+0x220): undefined reference to `iSNDmalloc'
C:/Tools/mips-ps1/mips/bin/mipsel-none-elf-ld.exe: (.text+0x260): undefined reference to `iSNDmalloc'
C:/Tools/mips-ps1/mips/bin/mipsel-none-elf-ld.exe: (.text+0x2a0): undefined reference to `SNDI_mutexalloc'
C:/Tools/mips-ps1/mips/bin/mipsel-none-elf-ld.exe: (.text+0x2b4): undefined reference to `iSNDinit'
C:/Tools/mips-ps1/mips/bin/mipsel-none-elf-ld.exe: (.text+0x2d4): undefined reference to `iSNDrestore'
C:/Tools/mips-ps1/mips/bin/mipsel-none-elf-ld.exe: build/src/eaclib/psx/sndpsxz/ssysinit.c.o: in function `SNDSYS_restore':
(.text+0x3b0): undefined reference to `iSNDrestore'
C:/Tools/mips-ps1/mips/bin/mipsel-none-elf-ld.exe: (.text+0x3b8): undefined reference to `SNDI_mutexfree'
C:/Tools/mips-ps1/mips/bin/mipsel-none-elf-ld.exe: (.text+0x3c0): undefined reference to `iSNDmemrestore'
C:/Tools/mips-ps1/mips/bin/mipsel-none-elf-ld.exe: build/src/eaclib/psx/sndpsxz/ssysreal.c.o: in function `SNDSYS_vectortoreal':
(.text+0x48): undefined reference to `addsystemtask'
C:/Tools/mips-ps1/mips/bin/mipsel-none-elf-ld.exe: build/src/eaclib/psx/sndpsxz/stagpat.c.o: in function `iSNDresolvetaggedpatch':
(.text+0x228): undefined reference to `iSNDgettag'
C:/Tools/mips-ps1/mips/bin/mipsel-none-elf-ld.exe: (.text+0x250): undefined reference to `iSNDplatformresolve'
C:/Tools/mips-ps1/mips/bin/mipsel-none-elf-ld.exe: build/src/eaclib/psx/sndpsxz/stagpat.c.o: in function `iSNDremovetaggedpatch':
(.text+0x2ec): undefined reference to `iSNDgettag'
C:/Tools/mips-ps1/mips/bin/mipsel-none-elf-ld.exe: (.text+0x310): undefined reference to `iSNDplatformremove'
C:/Tools/mips-ps1/mips/bin/mipsel-none-elf-ld.exe: build/src/eaclib/psx/sndpsxz/stagpat.c.o: in function `iSNDplaytaggedtimbre':
(.text+0x3e4): undefined reference to `iSNDallocchan'
C:/Tools/mips-ps1/mips/bin/mipsel-none-elf-ld.exe: (.text+0x728): undefined reference to `iSNDcalcpitch'
C:/Tools/mips-ps1/mips/bin/mipsel-none-elf-ld.exe: (.text+0x750): undefined reference to `iSNDcalcvol'
C:/Tools/mips-ps1/mips/bin/mipsel-none-elf-ld.exe: (.text+0x7ec): undefined reference to `iSNDplatformplay'
C:/Tools/mips-ps1/mips/bin/mipsel-none-elf-ld.exe: (.text+0x80c): undefined reference to `iSNDfreechan'
C:/Tools/mips-ps1/mips/bin/mipsel-none-elf-ld.exe: build/src/eaclib/psx/sndpsxz/stagpat.c.o: in function `iSNDplaytaggedpatch':
(.text+0x8f4): undefined reference to `iSNDgettag'
C:/Tools/mips-ps1/mips/bin/mipsel-none-elf-ld.exe: (.text+0xa98): undefined reference to `iSNDgetchan'
C:/Tools/mips-ps1/mips/bin/mipsel-none-elf-ld.exe: (.text+0xaec): undefined reference to `iSNDgetchan'
C:/Tools/mips-ps1/mips/bin/mipsel-none-elf-ld.exe: build/src/eaclib/psx/sndpsxz/stimerem.c.o: in function `SNDtimeremaining':
(.text+0x34): undefined reference to `iSNDgetchan'
C:/Tools/mips-ps1/mips/bin/mipsel-none-elf-ld.exe: (.text+0x60): undefined reference to `iSNDpatchkey'
C:/Tools/mips-ps1/mips/bin/mipsel-none-elf-ld.exe: (.text+0x74): undefined reference to `iSNDtimeremaining'
C:/Tools/mips-ps1/mips/bin/mipsel-none-elf-ld.exe: build/src/eaclib/psx/sndpsxz/svol.c.o: in function `iSNDunsafevol':
(.text+0x18): undefined reference to `iSNDgetchan'
C:/Tools/mips-ps1/mips/bin/mipsel-none-elf-ld.exe: (.text+0x40): undefined reference to `iSNDpatchkey'
C:/Tools/mips-ps1/mips/bin/mipsel-none-elf-ld.exe: (.text+0x84): undefined reference to `iSNDcalcvol'
C:/Tools/mips-ps1/mips/bin/mipsel-none-elf-ld.exe: (.text+0x94): undefined reference to `iSNDvol'
C:/Tools/mips-ps1/mips/bin/mipsel-none-elf-ld.exe: build/src/eaclib/psx/spchpsxz/spchevnt.c.o: in function `iSPCH_FindEventSlot':
(.text+0x21c): undefined reference to `gettick'
C:/Tools/mips-ps1/mips/bin/mipsel-none-elf-ld.exe: build/src/eaclib/psx/spchpsxz/spchevnt.c.o: in function `SPCH_AddEvent':
(.text+0x354): undefined reference to `gettick'
C:/Tools/mips-ps1/mips/bin/mipsel-none-elf-ld.exe: build/src/eaclib/psx/spchpsxz/spchevnt.c.o: in function `iSPCH_ChooseEvent':
(.text+0x468): undefined reference to `gettick'
C:/Tools/mips-ps1/mips/bin/mipsel-none-elf-ld.exe: build/src/frontend/common/feapp.c.o: in function `Redraw__14tFEApplication':
(.text+0x7e4): undefined reference to `largestunused'
C:/Tools/mips-ps1/mips/bin/mipsel-none-elf-ld.exe: build/src/frontend/common/feapp.c.o: in function `RunDemoVideo__14tFEApplication':
(.text+0x1134): undefined reference to `largestunused'
C:/Tools/mips-ps1/mips/bin/mipsel-none-elf-ld.exe: (.text+0x1150): undefined reference to `largestunused'
C:/Tools/mips-ps1/mips/bin/mipsel-none-elf-ld.exe: (.text+0x11bc): undefined reference to `largestunused'
C:/Tools/mips-ps1/mips/bin/mipsel-none-elf-ld.exe: build/src/frontend/common/feapp.c.o: in function `MainLoop__14tFEApplicationP5tMenu':
(.text+0x1820): undefined reference to `largestunused'
C:/Tools/mips-ps1/mips/bin/mipsel-none-elf-ld.exe: build/src/frontend/common/feaudio.c.o: in function `FEAudio_StartLoadPatch__FP10SPEECHINFO':
(.text+0xc): undefined reference to `setclipwindow'
C:/Tools/mips-ps1/mips/bin/mipsel-none-elf-ld.exe: (.text+0x5c): undefined reference to `purgememadr'
C:/Tools/mips-ps1/mips/bin/mipsel-none-elf-ld.exe: build/src/frontend/common/feaudio.c.o: in function `Feaudio_StartPatch__FP10SPEECHINFO':
(.text+0xc4): undefined reference to `SNDbankadd'
C:/Tools/mips-ps1/mips/bin/mipsel-none-elf-ld.exe: (.text+0xdc): undefined reference to `SNDbankheadersize'
C:/Tools/mips-ps1/mips/bin/mipsel-none-elf-ld.exe: (.text+0xf0): undefined reference to `reservememadr'
C:/Tools/mips-ps1/mips/bin/mipsel-none-elf-ld.exe: (.text+0x100): undefined reference to `SNDbankheadercopy'
C:/Tools/mips-ps1/mips/bin/mipsel-none-elf-ld.exe: (.text+0x118): undefined reference to `purgememadr'
C:/Tools/mips-ps1/mips/bin/mipsel-none-elf-ld.exe: build/src/frontend/common/feaudio.c.o: in function `FeAudio_systemtask__Fi':
(.text+0x1d0): undefined reference to `systemtask'
C:/Tools/mips-ps1/mips/bin/mipsel-none-elf-ld.exe: (.text+0x1f4): undefined reference to `getasyncreadstatus'
C:/Tools/mips-ps1/mips/bin/mipsel-none-elf-ld.exe: (.text+0x228): undefined reference to `SNDover'
C:/Tools/mips-ps1/mips/bin/mipsel-none-elf-ld.exe: (.text+0x23c): undefined reference to `SNDautovol'
C:/Tools/mips-ps1/mips/bin/mipsel-none-elf-ld.exe: (.text+0x248): undefined reference to `SNDbankremove'
C:/Tools/mips-ps1/mips/bin/mipsel-none-elf-ld.exe: (.text+0x260): undefined reference to `purgememadr'
C:/Tools/mips-ps1/mips/bin/mipsel-none-elf-ld.exe: (.text+0x27c): undefined reference to `purgememadr'
C:/Tools/mips-ps1/mips/bin/mipsel-none-elf-ld.exe: (.text+0x29c): undefined reference to `getasyncreadstatus'
C:/Tools/mips-ps1/mips/bin/mipsel-none-elf-ld.exe: (.text+0x2ac): undefined reference to `systemtask'
C:/Tools/mips-ps1/mips/bin/mipsel-none-elf-ld.exe: (.text+0x328): undefined reference to `getasyncreadstatus'
C:/Tools/mips-ps1/mips/bin/mipsel-none-elf-ld.exe: (.text+0x338): undefined reference to `systemtask'
C:/Tools/mips-ps1/mips/bin/mipsel-none-elf-ld.exe: (.text+0x364): undefined reference to `SNDautovol'
C:/Tools/mips-ps1/mips/bin/mipsel-none-elf-ld.exe: (.text+0x370): undefined reference to `SNDbankremove'
C:/Tools/mips-ps1/mips/bin/mipsel-none-elf-ld.exe: (.text+0x3b0): undefined reference to `purgememadr'
C:/Tools/mips-ps1/mips/bin/mipsel-none-elf-ld.exe: (.text+0x3cc): undefined reference to `purgememadr'
C:/Tools/mips-ps1/mips/bin/mipsel-none-elf-ld.exe: (.text+0x3e8): undefined reference to `purgememadr'
C:/Tools/mips-ps1/mips/bin/mipsel-none-elf-ld.exe: build/src/frontend/common/feaudio.c.o: in function `FeAudio_StartBigfileRead__FPciiPi':
(.text+0x5f0): undefined reference to `reservememadr'
C:/Tools/mips-ps1/mips/bin/mipsel-none-elf-ld.exe: (.text+0x604): undefined reference to `setasyncfile'
C:/Tools/mips-ps1/mips/bin/mipsel-none-elf-ld.exe: (.text+0x614): undefined reference to `asyncloadsegment'
C:/Tools/mips-ps1/mips/bin/mipsel-none-elf-ld.exe: build/src/frontend/common/feaudio.c.o: in function `FeAudio_InitViv__FPc':
(.text+0x7b0): undefined reference to `setasyncfile'
C:/Tools/mips-ps1/mips/bin/mipsel-none-elf-ld.exe: (.text+0x7c0): undefined reference to `asyncloadsegment'
C:/Tools/mips-ps1/mips/bin/mipsel-none-elf-ld.exe: (.text+0x7cc): undefined reference to `systemtask'
C:/Tools/mips-ps1/mips/bin/mipsel-none-elf-ld.exe: (.text+0x7d4): undefined reference to `getasyncreadstatus'
C:/Tools/mips-ps1/mips/bin/mipsel-none-elf-ld.exe: (.text+0x874): undefined reference to `reservememadr'
C:/Tools/mips-ps1/mips/bin/mipsel-none-elf-ld.exe: (.text+0x898): undefined reference to `asyncloadsegment'
C:/Tools/mips-ps1/mips/bin/mipsel-none-elf-ld.exe: (.text+0x8a4): undefined reference to `systemtask'
C:/Tools/mips-ps1/mips/bin/mipsel-none-elf-ld.exe: (.text+0x8ac): undefined reference to `getasyncreadstatus'
C:/Tools/mips-ps1/mips/bin/mipsel-none-elf-ld.exe: build/src/frontend/common/feaudio.c.o: in function `FeAudio_DeInitCommentary__Fv':
(.text+0xa14): undefined reference to `purgememadr'
C:/Tools/mips-ps1/mips/bin/mipsel-none-elf-ld.exe: build/src/frontend/common/fecars.c.o: in function `LoadCars__11tCarManagerR12tSaveCarInfos':
(.text+0x8d8): undefined reference to `blockmove'
C:/Tools/mips-ps1/mips/bin/mipsel-none-elf-ld.exe: build/src/frontend/common/fecars.c.o: in function `SaveCars__11tCarManagerR12tSaveCarInfo':
(.text+0x95c): undefined reference to `blockmove'
C:/Tools/mips-ps1/mips/bin/mipsel-none-elf-ld.exe: build/src/frontend/common/fecars.c.o: in function `LoadPinkSlipsCars__11tCarManagerR12tSaveCarInfos':
(.text+0x9ec): undefined reference to `blockmove'
C:/Tools/mips-ps1/mips/bin/mipsel-none-elf-ld.exe: build/src/frontend/common/fecars.c.o: in function `SavePinkSlipsCars__11tCarManagerR12tSaveCarInfoss':
(.text+0xae4): undefined reference to `blockmove'
C:/Tools/mips-ps1/mips/bin/mipsel-none-elf-ld.exe: build/src/frontend/common/fecars.c.o: in function `GetStockCar__11tCarManagersR8tCarInfo':
(.text+0xd48): undefined reference to `blockmove'
C:/Tools/mips-ps1/mips/bin/mipsel-none-elf-ld.exe: build/src/frontend/common/fecars.c.o:(.text+0xe28): more undefined references to `blockmove' follow
C:/Tools/mips-ps1/mips/bin/mipsel-none-elf-ld.exe: build/src/frontend/common/fecars.c.o: in function `LoadDescription__11tCarManager':
(.text+0xfc4): undefined reference to `loadfileadr'
C:/Tools/mips-ps1/mips/bin/mipsel-none-elf-ld.exe: (.text+0xff4): undefined reference to `reservememadr'
C:/Tools/mips-ps1/mips/bin/mipsel-none-elf-ld.exe: (.text+0x101c): undefined reference to `blockmove'
C:/Tools/mips-ps1/mips/bin/mipsel-none-elf-ld.exe: (.text+0x1128): undefined reference to `purgememadr'
C:/Tools/mips-ps1/mips/bin/mipsel-none-elf-ld.exe: build/src/frontend/common/fecars.c.o: in function `ReleaseDescription__11tCarManager':
(.text+0x1164): undefined reference to `purgememadr'
C:/Tools/mips-ps1/mips/bin/mipsel-none-elf-ld.exe: build/src/frontend/common/fecredits.c.o: in function `Init__14tCreditManageri':
(.text+0x8c): undefined reference to `filesize'
C:/Tools/mips-ps1/mips/bin/mipsel-none-elf-ld.exe: (.text+0xa0): undefined reference to `reservememadr'
C:/Tools/mips-ps1/mips/bin/mipsel-none-elf-ld.exe: (.text+0xb0): undefined reference to `loadfileatadrz'
C:/Tools/mips-ps1/mips/bin/mipsel-none-elf-ld.exe: (.text+0xb8): undefined reference to `filesize'
C:/Tools/mips-ps1/mips/bin/mipsel-none-elf-ld.exe: build/src/frontend/common/fecredits.c.o: in function `RealDeInit__14tCreditManager':
(.text+0x120): undefined reference to `purgememadr'
C:/Tools/mips-ps1/mips/bin/mipsel-none-elf-ld.exe: build/src/frontend/common/fedialog.c.o: in function `Hide__11tDialogBase':
(.text+0x2a8): undefined reference to `blockmove'
C:/Tools/mips-ps1/mips/bin/mipsel-none-elf-ld.exe: build/src/frontend/common/fedialog.c.o: in function `CalculateDimensions__11tDialogHelp':
(.text+0x7e4): undefined reference to `PAD_update'
C:/Tools/mips-ps1/mips/bin/mipsel-none-elf-ld.exe: build/src/frontend/common/feinput.c.o: in function `FEInput_GetNoDebounceKey__Fii':
(.text+0x80): undefined reference to `PAD_update'
C:/Tools/mips-ps1/mips/bin/mipsel-none-elf-ld.exe: (.text+0x280): undefined reference to `PAD_state'
C:/Tools/mips-ps1/mips/bin/mipsel-none-elf-ld.exe: (.text+0x2a0): undefined reference to `PAD_state'
C:/Tools/mips-ps1/mips/bin/mipsel-none-elf-ld.exe: build/src/frontend/common/fememcard.c.o: in function `MakeWayForMemoryCard__Fv':
(.text+0xc): undefined reference to `deltimer'
C:/Tools/mips-ps1/mips/bin/mipsel-none-elf-ld.exe: build/src/frontend/common/fememcard.c.o: in function `BringThatBeatBack__Fv':
(.text+0x30): undefined reference to `addtimer'
C:/Tools/mips-ps1/mips/bin/mipsel-none-elf-ld.exe: build/src/frontend/common/fememcard.c.o: in function `Init_Memcard__FbT0':
(.text+0x88): undefined reference to `timedwait'
C:/Tools/mips-ps1/mips/bin/mipsel-none-elf-ld.exe: (.text+0x90): undefined reference to `PAD_restore'
C:/Tools/mips-ps1/mips/bin/mipsel-none-elf-ld.exe: (.text+0xc0): undefined reference to `deltimer'
C:/Tools/mips-ps1/mips/bin/mipsel-none-elf-ld.exe: (.text+0xc8): undefined reference to `timedwait'
C:/Tools/mips-ps1/mips/bin/mipsel-none-elf-ld.exe: (.text+0x170): undefined reference to `addtimer'
C:/Tools/mips-ps1/mips/bin/mipsel-none-elf-ld.exe: (.text+0x178): undefined reference to `timedwait'
C:/Tools/mips-ps1/mips/bin/mipsel-none-elf-ld.exe: (.text+0x180): undefined reference to `padinit'
C:/Tools/mips-ps1/mips/bin/mipsel-none-elf-ld.exe: (.text+0x188): undefined reference to `timedwait'
C:/Tools/mips-ps1/mips/bin/mipsel-none-elf-ld.exe: build/src/frontend/common/fememcard.c.o: in function `DeInit_Memcard__Fv':
(.text+0x1c8): undefined reference to `deltimer'
C:/Tools/mips-ps1/mips/bin/mipsel-none-elf-ld.exe: (.text+0x1d8): undefined reference to `addtimer'
C:/Tools/mips-ps1/mips/bin/mipsel-none-elf-ld.exe: (.text+0x1e0): undefined reference to `PAD_restore'
C:/Tools/mips-ps1/mips/bin/mipsel-none-elf-ld.exe: (.text+0x20c): undefined reference to `padinit'
C:/Tools/mips-ps1/mips/bin/mipsel-none-elf-ld.exe: build/src/frontend/common/fememcard.c.o: in function `SaveGame__Fs':
(.text+0x42c): undefined reference to `blockmove'
C:/Tools/mips-ps1/mips/bin/mipsel-none-elf-ld.exe: (.text+0x470): undefined reference to `blockmove'
C:/Tools/mips-ps1/mips/bin/mipsel-none-elf-ld.exe: (.text+0x4b4): undefined reference to `loadshapeadr'
C:/Tools/mips-ps1/mips/bin/mipsel-none-elf-ld.exe: (.text+0x4cc): undefined reference to `shapepointer'
C:/Tools/mips-ps1/mips/bin/mipsel-none-elf-ld.exe: build/src/frontend/common/fememcard.c.o: in function `.L80034C3C':
(.text+0x50c): undefined reference to `systemtask'
C:/Tools/mips-ps1/mips/bin/mipsel-none-elf-ld.exe: build/src/frontend/common/fememcard.c.o: in function `.L80034CBC':
(.text+0x5d4): undefined reference to `purgememadr'
C:/Tools/mips-ps1/mips/bin/mipsel-none-elf-ld.exe: build/src/frontend/common/fememcard.c.o: in function `SavePinkSlipsCars__Fss':
(.text+0x778): undefined reference to `loadshapeadr'
C:/Tools/mips-ps1/mips/bin/mipsel-none-elf-ld.exe: build/src/frontend/common/fememcard.c.o: in function `.L800354E8':
(.text+0x7e0): undefined reference to `systemtask'
C:/Tools/mips-ps1/mips/bin/mipsel-none-elf-ld.exe: build/src/frontend/common/fememcard.c.o: in function `.L80035550':
(.text+0x8b8): undefined reference to `shapepointer'
C:/Tools/mips-ps1/mips/bin/mipsel-none-elf-ld.exe: build/src/frontend/common/fememcard.c.o: in function `.L80035600':
(.text+0x8f8): undefined reference to `systemtask'
C:/Tools/mips-ps1/mips/bin/mipsel-none-elf-ld.exe: build/src/frontend/common/fememcard.c.o: in function `.L800356F4':
(.text+0xa10): undefined reference to `purgememadr'
C:/Tools/mips-ps1/mips/bin/mipsel-none-elf-ld.exe: build/src/frontend/common/fememcard.c.o: in function `SavePinkSlipsCarsWithErrorDialogs__Fsss':
(.text+0xc7c): undefined reference to `timedwait'
C:/Tools/mips-ps1/mips/bin/mipsel-none-elf-ld.exe: build/src/frontend/common/fememcard.c.o: in function `ChecksumData__FP12tMemCardData':
(.text+0xde8): undefined reference to `crc16'
C:/Tools/mips-ps1/mips/bin/mipsel-none-elf-ld.exe: (.text+0xdf8): undefined reference to `crc16'
C:/Tools/mips-ps1/mips/bin/mipsel-none-elf-ld.exe: (.text+0xe08): undefined reference to `crc16'
C:/Tools/mips-ps1/mips/bin/mipsel-none-elf-ld.exe: (.text+0xe18): undefined reference to `crc16'
C:/Tools/mips-ps1/mips/bin/mipsel-none-elf-ld.exe: (.text+0xe28): undefined reference to `crc16'
C:/Tools/mips-ps1/mips/bin/mipsel-none-elf-ld.exe: build/src/frontend/common/fememcard.c.o:(.text+0xe5c): more undefined references to `crc16' follow
C:/Tools/mips-ps1/mips/bin/mipsel-none-elf-ld.exe: build/src/frontend/common/fememcard.c.o: in function `Init_MemcardFile__FR12MCRDFILE_defsb':
(.text+0x11a0): undefined reference to `blockclear'
C:/Tools/mips-ps1/mips/bin/mipsel-none-elf-ld.exe: build/src/frontend/common/fememcard.c.o: in function `.L8003500C':
(.text+0x1470): undefined reference to `systemtask'
C:/Tools/mips-ps1/mips/bin/mipsel-none-elf-ld.exe: build/src/frontend/common/fememcard.c.o: in function `.L80035074':
(.text+0x14f4): undefined reference to `blockmove'
C:/Tools/mips-ps1/mips/bin/mipsel-none-elf-ld.exe: (.text+0x1528): undefined reference to `blockmove'
C:/Tools/mips-ps1/mips/bin/mipsel-none-elf-ld.exe: build/src/frontend/common/femenuoptions.c.o: in function `ProcessInput__25tMenuItemSlidingActivated7tPlayerR13tInputKeyTypeR12tMenuCommand':
(.text+0x2088): undefined reference to `purgememadr'
C:/Tools/mips-ps1/mips/bin/mipsel-none-elf-ld.exe: build/src/frontend/common/femission.c.o: in function `LoadDescription__15tMissionManagerb':
(.text+0x84): undefined reference to `loadfileadr'
C:/Tools/mips-ps1/mips/bin/mipsel-none-elf-ld.exe: (.text+0xbc): undefined reference to `reservememadr'
C:/Tools/mips-ps1/mips/bin/mipsel-none-elf-ld.exe: (.text+0xd4): undefined reference to `blockmove'
C:/Tools/mips-ps1/mips/bin/mipsel-none-elf-ld.exe: (.text+0x100): undefined reference to `blockmove'
C:/Tools/mips-ps1/mips/bin/mipsel-none-elf-ld.exe: (.text+0x124): undefined reference to `blockmove'
C:/Tools/mips-ps1/mips/bin/mipsel-none-elf-ld.exe: (.text+0x12c): undefined reference to `purgememadr'
C:/Tools/mips-ps1/mips/bin/mipsel-none-elf-ld.exe: build/src/frontend/common/femission.c.o: in function `ReleaseDescription__15tMissionManager':
(.text+0x178): undefined reference to `purgememadr'
C:/Tools/mips-ps1/mips/bin/mipsel-none-elf-ld.exe: build/src/frontend/common/fescreen.c.o: in function `IsShapeFileLoaded__7tScreenR17tShapeInformation':
(.text+0x380): undefined reference to `getasyncreadstatus'
C:/Tools/mips-ps1/mips/bin/mipsel-none-elf-ld.exe: (.text+0x3a8): undefined reference to `getasyncreadadr'
C:/Tools/mips-ps1/mips/bin/mipsel-none-elf-ld.exe: (.text+0x3e4): undefined reference to `purgememadr'
C:/Tools/mips-ps1/mips/bin/mipsel-none-elf-ld.exe: (.text+0x400): undefined reference to `getasyncreadadr'
C:/Tools/mips-ps1/mips/bin/mipsel-none-elf-ld.exe: (.text+0x410): undefined reference to `purgememadr'
C:/Tools/mips-ps1/mips/bin/mipsel-none-elf-ld.exe: (.text+0x480): undefined reference to `purgememadr'
C:/Tools/mips-ps1/mips/bin/mipsel-none-elf-ld.exe: build/src/frontend/common/fescreen.c.o: in function `AsyncLoadShapeFile__7tScreenPcR17tShapeInformation':
(.text+0x7bc): undefined reference to `cancelasyncload'
C:/Tools/mips-ps1/mips/bin/mipsel-none-elf-ld.exe: (.text+0x7f4): undefined reference to `purgememadr'
C:/Tools/mips-ps1/mips/bin/mipsel-none-elf-ld.exe: (.text+0x864): undefined reference to `asyncloadfileat'
C:/Tools/mips-ps1/mips/bin/mipsel-none-elf-ld.exe: (.text+0x878): undefined reference to `asyncloadfile'
C:/Tools/mips-ps1/mips/bin/mipsel-none-elf-ld.exe: build/src/frontend/common/fescreen.c.o: in function `CancelAsyncLoad__7tScreenR17tShapeInformation':
(.text+0x8bc): undefined reference to `getasyncreadstatus'
C:/Tools/mips-ps1/mips/bin/mipsel-none-elf-ld.exe: (.text+0x8e8): undefined reference to `getasyncreadadr'
C:/Tools/mips-ps1/mips/bin/mipsel-none-elf-ld.exe: (.text+0x914): undefined reference to `purgememadr'
C:/Tools/mips-ps1/mips/bin/mipsel-none-elf-ld.exe: build/src/frontend/common/fescreen.c.o: in function `InitializeShapes__7tScreenR17tShapeInformationUi':
(.text+0x958): undefined reference to `purgememadr'
C:/Tools/mips-ps1/mips/bin/mipsel-none-elf-ld.exe: (.text+0x98c): undefined reference to `reservememadr'
C:/Tools/mips-ps1/mips/bin/mipsel-none-elf-ld.exe: build/src/frontend/common/fescreen.c.o: in function `FreeShapes__7tScreenR17tShapeInformation':
(.text+0xa14): undefined reference to `getasyncreadstatus'
C:/Tools/mips-ps1/mips/bin/mipsel-none-elf-ld.exe: (.text+0xa40): undefined reference to `getasyncreadadr'
C:/Tools/mips-ps1/mips/bin/mipsel-none-elf-ld.exe: (.text+0xa9c): undefined reference to `purgememadr'
C:/Tools/mips-ps1/mips/bin/mipsel-none-elf-ld.exe: (.text+0xb18): undefined reference to `purgememadr'
C:/Tools/mips-ps1/mips/bin/mipsel-none-elf-ld.exe: build/src/frontend/common/fescreen.c.o: in function `UploadShapes__7tScreenR17tShapeInformationssss':
(.text+0xc8c): undefined reference to `purgememadr'
C:/Tools/mips-ps1/mips/bin/mipsel-none-elf-ld.exe: build/src/frontend/common/fetextrender.c.o: in function `FETextRender_WordWrapTextRGBJustify__FPcR4RECTiiib':
(.text+0x690): undefined reference to `blockmove'
C:/Tools/mips-ps1/mips/bin/mipsel-none-elf-ld.exe: (.text+0x72c): undefined reference to `blockmove'
C:/Tools/mips-ps1/mips/bin/mipsel-none-elf-ld.exe: build/src/frontend/common/fetools.c.o: in function `FeTools_init__Fv':
(.text+0x2e8): undefined reference to `loadfileadrz'
C:/Tools/mips-ps1/mips/bin/mipsel-none-elf-ld.exe: (.text+0x324): undefined reference to `loadfileadrz'
C:/Tools/mips-ps1/mips/bin/mipsel-none-elf-ld.exe: (.text+0x360): undefined reference to `loadfileadrz'
C:/Tools/mips-ps1/mips/bin/mipsel-none-elf-ld.exe: build/src/frontend/common/fetools.c.o: in function `FeTools_deinit__Fv':
(.text+0x3b0): undefined reference to `purgememadr'
C:/Tools/mips-ps1/mips/bin/mipsel-none-elf-ld.exe: (.text+0x3c0): undefined reference to `purgememadr'
C:/Tools/mips-ps1/mips/bin/mipsel-none-elf-ld.exe: (.text+0x3d0): undefined reference to `purgememadr'
C:/Tools/mips-ps1/mips/bin/mipsel-none-elf-ld.exe: build/src/frontend/common/fetourn.c.o: in function `LoadDescription__18tTournamentManager':
(.text+0x130): undefined reference to `loadfileadr'
C:/Tools/mips-ps1/mips/bin/mipsel-none-elf-ld.exe: (.text+0x144): undefined reference to `blockmove'
C:/Tools/mips-ps1/mips/bin/mipsel-none-elf-ld.exe: (.text+0x164): undefined reference to `reservememadr'
C:/Tools/mips-ps1/mips/bin/mipsel-none-elf-ld.exe: (.text+0x1a4): undefined reference to `blockmove'
C:/Tools/mips-ps1/mips/bin/mipsel-none-elf-ld.exe: (.text+0x204): undefined reference to `blockmove'
C:/Tools/mips-ps1/mips/bin/mipsel-none-elf-ld.exe: (.text+0x258): undefined reference to `blockmove'
C:/Tools/mips-ps1/mips/bin/mipsel-none-elf-ld.exe: (.text+0x2e8): undefined reference to `purgememadr'
C:/Tools/mips-ps1/mips/bin/mipsel-none-elf-ld.exe: build/src/frontend/common/fetourn.c.o: in function `ReleaseDescription__18tTournamentManager':
(.text+0x340): undefined reference to `purgememadr'
C:/Tools/mips-ps1/mips/bin/mipsel-none-elf-ld.exe: build/src/frontend/common/fetourn.c.o: in function `GetTrackFinishPrize__18tTournamentManagers':
(.text+0x11fc): undefined reference to `fixedmult'
C:/Tools/mips-ps1/mips/bin/mipsel-none-elf-ld.exe: build/src/frontend/common/fetourn.c.o: in function `GetTrackToRace__18tTournamentManagerR10tTrackInfo':
(.text+0x19b0): undefined reference to `blockmove'
C:/Tools/mips-ps1/mips/bin/mipsel-none-elf-ld.exe: build/src/frontend/common/fetracks.c.o: in function `GetTrack__13tTrackManagersR17tTrackInformation':
(.text+0xcc): undefined reference to `blockmove'
C:/Tools/mips-ps1/mips/bin/mipsel-none-elf-ld.exe: build/src/frontend/common/fetracks.c.o: in function `LoadDescription__13tTrackManager':
(.text+0x144): undefined reference to `loadfileadr'
C:/Tools/mips-ps1/mips/bin/mipsel-none-elf-ld.exe: (.text+0x16c): undefined reference to `reservememadr'
C:/Tools/mips-ps1/mips/bin/mipsel-none-elf-ld.exe: (.text+0x18c): undefined reference to `blockmove'
C:/Tools/mips-ps1/mips/bin/mipsel-none-elf-ld.exe: (.text+0x220): undefined reference to `purgememadr'
C:/Tools/mips-ps1/mips/bin/mipsel-none-elf-ld.exe: build/src/frontend/common/fetracks.c.o: in function `ReleaseDescription__13tTrackManager':
(.text+0x25c): undefined reference to `purgememadr'
C:/Tools/mips-ps1/mips/bin/mipsel-none-elf-ld.exe: build/src/frontend/common/front.c.o: in function `Front_ResetPSXController__Fii':
(.text+0x2a4): undefined reference to `timedwait'
C:/Tools/mips-ps1/mips/bin/mipsel-none-elf-ld.exe: (.text+0x2ac): undefined reference to `PAD_update'
C:/Tools/mips-ps1/mips/bin/mipsel-none-elf-ld.exe: build/src/frontend/common/front.c.o: in function `GetPSXPadValue__Fii':
(.text+0x350): undefined reference to `PAD_update'
C:/Tools/mips-ps1/mips/bin/mipsel-none-elf-ld.exe: build/src/frontend/common/front.c.o: in function `Front_InitGraphics__Fv':
(.text+0xc14): undefined reference to `initlinkmode'
C:/Tools/mips-ps1/mips/bin/mipsel-none-elf-ld.exe: (.text+0xc44): undefined reference to `FILE_addbigsync'
C:/Tools/mips-ps1/mips/bin/mipsel-none-elf-ld.exe: build/src/frontend/common/front.c.o: in function `Front_Menu__F21tFront_ProcessingType':
(.text+0xccc): undefined reference to `largestunused'
C:/Tools/mips-ps1/mips/bin/mipsel-none-elf-ld.exe: (.text+0xf04): undefined reference to `FILE_delbigsync'
C:/Tools/mips-ps1/mips/bin/mipsel-none-elf-ld.exe: (.text+0xf18): undefined reference to `largestunused'
C:/Tools/mips-ps1/mips/bin/mipsel-none-elf-ld.exe: build/src/frontend/common/front.c.o: in function `Front_BuildStream__FPi':
(.text+0x1100): undefined reference to `seedrandom'
C:/Tools/mips-ps1/mips/bin/mipsel-none-elf-ld.exe: (.text+0x1134): undefined reference to `resizememadr'
C:/Tools/mips-ps1/mips/bin/mipsel-none-elf-ld.exe: (.text+0x1ff8): undefined reference to `resizememadr'
C:/Tools/mips-ps1/mips/bin/mipsel-none-elf-ld.exe: build/src/frontend/common/front.c.o: in function `SetPlayList__Fi':
(.text+0x2274): undefined reference to `purgememadr'
C:/Tools/mips-ps1/mips/bin/mipsel-none-elf-ld.exe: build/src/frontend/common/front.c.o: in function `Front_InitTrack__FR9tFEStream':
(.text+0x385c): undefined reference to `blockmove'
C:/Tools/mips-ps1/mips/bin/mipsel-none-elf-ld.exe: build/src/frontend/common/screenaudio.c.o: in function `PlaySound__12tScreenAudio':
(.text+0x248): undefined reference to `SNDover'
C:/Tools/mips-ps1/mips/bin/mipsel-none-elf-ld.exe: build/src/frontend/common/screencarselect.c.o: in function `CalcSplinePosition__16tScreenCarSelectiiiiUlRiN46':
(.text+0xce0): undefined reference to `rdiv'
C:/Tools/mips-ps1/mips/bin/mipsel-none-elf-ld.exe: (.text+0xcf0): undefined reference to `fixedmult'
C:/Tools/mips-ps1/mips/bin/mipsel-none-elf-ld.exe: (.text+0xd00): undefined reference to `fixedmult'
C:/Tools/mips-ps1/mips/bin/mipsel-none-elf-ld.exe: build/src/frontend/common/screencarselect.c.o: in function `DrawForeground__16tScreenCarSelect':
(.text+0x241c): undefined reference to `gettick'
C:/Tools/mips-ps1/mips/bin/mipsel-none-elf-ld.exe: build/src/frontend/common/screencarselect.c.o: in function `TransformVector':
(.text+0x4c64): undefined reference to `fixedmult'
C:/Tools/mips-ps1/mips/bin/mipsel-none-elf-ld.exe: build/src/frontend/common/screencongrats.c.o: in function `GetCar__23tScreenTournamentTrophyR8tCarInfo':
(.text+0x10d4): undefined reference to `blockmove'
C:/Tools/mips-ps1/mips/bin/mipsel-none-elf-ld.exe: build/src/frontend/common/screencongrats.c.o: in function `GetCar__23tScreenBeTheCopCongratsR8tCarInfo':
(.text+0x16a8): undefined reference to `blockmove'
C:/Tools/mips-ps1/mips/bin/mipsel-none-elf-ld.exe: build/src/frontend/common/screencongrats.c.o: in function `DrawCongratsMessage__23tScreenBeTheCopCongrats':
(.text+0x176c): undefined reference to `PAD_state'
C:/Tools/mips-ps1/mips/bin/mipsel-none-elf-ld.exe: build/src/frontend/common/screencongrats.c.o: in function `GetCar__25tScreenTournamentCongratsR8tCarInfo':
(.text+0x1838): undefined reference to `blockmove'
C:/Tools/mips-ps1/mips/bin/mipsel-none-elf-ld.exe: build/src/frontend/common/screencontroller.c.o: in function `DrawArrow__23tScreenControllerConfigPs':
(.text+0x1c44): undefined reference to `settrans'
C:/Tools/mips-ps1/mips/bin/mipsel-none-elf-ld.exe: (.text+0x1d0c): undefined reference to `settrans'
C:/Tools/mips-ps1/mips/bin/mipsel-none-elf-ld.exe: build/src/frontend/common/screenmain.c.o: in function `DrawBackground__11tScreenMain':
(.text+0xe14): undefined reference to `gettick'
C:/Tools/mips-ps1/mips/bin/mipsel-none-elf-ld.exe: (.text+0xe94): undefined reference to `gettick'
C:/Tools/mips-ps1/mips/bin/mipsel-none-elf-ld.exe: (.text+0xf28): undefined reference to `gettick'
C:/Tools/mips-ps1/mips/bin/mipsel-none-elf-ld.exe: build/src/frontend/common/screenmain.c.o: in function `Cleanup__11tScreenMain':
(.text+0x1be0): undefined reference to `purgememadr'
C:/Tools/mips-ps1/mips/bin/mipsel-none-elf-ld.exe: build/src/frontend/common/screenmemcard.c.o: in function `DrawIcon__14tScreenMemcardP8shapetbliiiis':
(.text+0x150): undefined reference to `shapetoclutid'
C:/Tools/mips-ps1/mips/bin/mipsel-none-elf-ld.exe: build/src/frontend/common/screenmemcard.c.o: in function `LoadIcon__14tScreenMemcardi':
(.text+0x2b0): undefined reference to `blockclear'
C:/Tools/mips-ps1/mips/bin/mipsel-none-elf-ld.exe: build/src/frontend/common/screenmemcard.c.o: in function `.L800466E8':
(.text+0x4f8): undefined reference to `vramfxya'
C:/Tools/mips-ps1/mips/bin/mipsel-none-elf-ld.exe: build/src/frontend/common/screenmemcard.c.o: in function `DrawBackground__14tScreenMemcard':
(.text+0x11a4): undefined reference to `systemtask'
C:/Tools/mips-ps1/mips/bin/mipsel-none-elf-ld.exe: build/src/frontend/common/screenmemcard.c.o: in function `Initialize__14tScreenMemcard':
(.text+0x19e8): undefined reference to `reservememadr'
C:/Tools/mips-ps1/mips/bin/mipsel-none-elf-ld.exe: build/src/frontend/common/screenmemcard.c.o: in function `Cleanup__14tScreenMemcard':
(.text+0x1afc): undefined reference to `purgememadr'
C:/Tools/mips-ps1/mips/bin/mipsel-none-elf-ld.exe: build/src/frontend/common/screenpinkslips.c.o: in function `Cleanup__16tScreenPinkSlips':
(.text+0x7d8): undefined reference to `purgememadr'
C:/Tools/mips-ps1/mips/bin/mipsel-none-elf-ld.exe: build/src/frontend/common/screentournselect.c.o: in function `Cleanup__18tScreenTournSelect':
(.text+0x390): undefined reference to `purgememadr'
C:/Tools/mips-ps1/mips/bin/mipsel-none-elf-ld.exe: build/src/frontend/common/screentrackrecords.c.o: in function `Initialize__19tScreenTrackRecords':
(.text+0x48): undefined reference to `reservememadr'
C:/Tools/mips-ps1/mips/bin/mipsel-none-elf-ld.exe: build/src/frontend/common/screentrackrecords.c.o: in function `Cleanup__19tScreenTrackRecords':
(.text+0x90): undefined reference to `purgememadr'
C:/Tools/mips-ps1/mips/bin/mipsel-none-elf-ld.exe: build/src/frontend/common/screentracks.c.o: in function `Cleanup__18tScreenTrackSelect':
(.text+0x748): undefined reference to `purgememadr'
C:/Tools/mips-ps1/mips/bin/mipsel-none-elf-ld.exe: build/src/frontend/common/screentrophyroom.c.o: in function `Initialize__17tScreenTrophyRoom':
(.text+0x3c0): undefined reference to `systemtask'
C:/Tools/mips-ps1/mips/bin/mipsel-none-elf-ld.exe: (.text+0x4e4): undefined reference to `purgememadr'
C:/Tools/mips-ps1/mips/bin/mipsel-none-elf-ld.exe: build/src/frontend/common/statchk.c.o: in function `StatChk_IsRecordLapTime__FP10Car_tStatssPs':
(.text+0x74): undefined reference to `reservememadr'
C:/Tools/mips-ps1/mips/bin/mipsel-none-elf-ld.exe: (.text+0x8c): undefined reference to `reservememadr'
C:/Tools/mips-ps1/mips/bin/mipsel-none-elf-ld.exe: (.text+0xa4): undefined reference to `reservememadr'
C:/Tools/mips-ps1/mips/bin/mipsel-none-elf-ld.exe: (.text+0x244): undefined reference to `purgememadr'
C:/Tools/mips-ps1/mips/bin/mipsel-none-elf-ld.exe: (.text+0x24c): undefined reference to `purgememadr'
C:/Tools/mips-ps1/mips/bin/mipsel-none-elf-ld.exe: (.text+0x254): undefined reference to `purgememadr'
C:/Tools/mips-ps1/mips/bin/mipsel-none-elf-ld.exe: (.text+0x2e8): undefined reference to `purgememadr'
C:/Tools/mips-ps1/mips/bin/mipsel-none-elf-ld.exe: (.text+0x2f0): undefined reference to `purgememadr'
C:/Tools/mips-ps1/mips/bin/mipsel-none-elf-ld.exe: build/src/frontend/common/statchk.c.o:(.text+0x2f8): more undefined references to `purgememadr' follow
C:/Tools/mips-ps1/mips/bin/mipsel-none-elf-ld.exe: build/src/frontend/common/statchk.c.o: in function `StatChk_SaveRecordLapTime__FP10Car_tStatsss':
(.text+0x3ac): undefined reference to `reservememadr'
C:/Tools/mips-ps1/mips/bin/mipsel-none-elf-ld.exe: (.text+0x490): undefined reference to `blockmove'
C:/Tools/mips-ps1/mips/bin/mipsel-none-elf-ld.exe: (.text+0x4a4): undefined reference to `purgememadr'
C:/Tools/mips-ps1/mips/bin/mipsel-none-elf-ld.exe: build/src/frontend/common/statchk.c.o: in function `StatChk_IsTopTime__FP10Car_tStatss':
(.text+0x548): undefined reference to `reservememadr'
C:/Tools/mips-ps1/mips/bin/mipsel-none-elf-ld.exe: (.text+0x568): undefined reference to `reservememadr'
C:/Tools/mips-ps1/mips/bin/mipsel-none-elf-ld.exe: (.text+0x580): undefined reference to `reservememadr'
C:/Tools/mips-ps1/mips/bin/mipsel-none-elf-ld.exe: (.text+0x8c0): undefined reference to `purgememadr'
C:/Tools/mips-ps1/mips/bin/mipsel-none-elf-ld.exe: (.text+0x8cc): undefined reference to `purgememadr'
C:/Tools/mips-ps1/mips/bin/mipsel-none-elf-ld.exe: (.text+0x8d4): undefined reference to `purgememadr'
C:/Tools/mips-ps1/mips/bin/mipsel-none-elf-ld.exe: (.text+0x928): undefined reference to `purgememadr'
C:/Tools/mips-ps1/mips/bin/mipsel-none-elf-ld.exe: (.text+0x934): undefined reference to `purgememadr'
C:/Tools/mips-ps1/mips/bin/mipsel-none-elf-ld.exe: build/src/frontend/common/statchk.c.o:(.text+0x93c): more undefined references to `purgememadr' follow
C:/Tools/mips-ps1/mips/bin/mipsel-none-elf-ld.exe: build/src/frontend/common/statchk.c.o: in function `StatChk_SaveTopTime__FP10Car_tStatss':
(.text+0xa04): undefined reference to `reservememadr'
C:/Tools/mips-ps1/mips/bin/mipsel-none-elf-ld.exe: (.text+0xa28): undefined reference to `reservememadr'
C:/Tools/mips-ps1/mips/bin/mipsel-none-elf-ld.exe: (.text+0xa40): undefined reference to `reservememadr'
C:/Tools/mips-ps1/mips/bin/mipsel-none-elf-ld.exe: (.text+0xa58): undefined reference to `reservememadr'
C:/Tools/mips-ps1/mips/bin/mipsel-none-elf-ld.exe: (.text+0xf04): undefined reference to `blockmove'
C:/Tools/mips-ps1/mips/bin/mipsel-none-elf-ld.exe: (.text+0xfa4): undefined reference to `purgememadr'
C:/Tools/mips-ps1/mips/bin/mipsel-none-elf-ld.exe: (.text+0xfac): undefined reference to `purgememadr'
C:/Tools/mips-ps1/mips/bin/mipsel-none-elf-ld.exe: (.text+0xfb8): undefined reference to `purgememadr'
C:/Tools/mips-ps1/mips/bin/mipsel-none-elf-ld.exe: (.text+0xfc0): undefined reference to `purgememadr'
C:/Tools/mips-ps1/mips/bin/mipsel-none-elf-ld.exe: build/src/frontend/common/stattool.c.o: in function `Stattool_nCreateIndex__FiPiPs':
(.text+0x34): undefined reference to `reservememadr'
C:/Tools/mips-ps1/mips/bin/mipsel-none-elf-ld.exe: (.text+0x110): undefined reference to `purgememadr'
C:/Tools/mips-ps1/mips/bin/mipsel-none-elf-ld.exe: build/src/frontend/common/stattool.c.o: in function `Stattool_GetAllDefaultRecords__FP13tRecordBufferb':
(.text+0x468): undefined reference to `reservememadr'
C:/Tools/mips-ps1/mips/bin/mipsel-none-elf-ld.exe: (.text+0x4f8): undefined reference to `purgememadr'
C:/Tools/mips-ps1/mips/bin/mipsel-none-elf-ld.exe: build/src/frontend/common/stattool.c.o: in function `Stattool_ReadDefaultRecords__FP13tRecordBufferb':
(.text+0x570): undefined reference to `filesize'
C:/Tools/mips-ps1/mips/bin/mipsel-none-elf-ld.exe: (.text+0x588): undefined reference to `loadfileatadrz'
C:/Tools/mips-ps1/mips/bin/mipsel-none-elf-ld.exe: (.text+0x598): undefined reference to `blockclear'
C:/Tools/mips-ps1/mips/bin/mipsel-none-elf-ld.exe: build/src/frontend/common/stattool.c.o: in function `Stattool_GetRecords__FsP13tRecordBuffer':
(.text+0x5e0): undefined reference to `blockmove'
C:/Tools/mips-ps1/mips/bin/mipsel-none-elf-ld.exe: build/src/frontend/common/stattool.c.o: in function `Stattool_ReturnRecordLapTime__Fs':
(.text+0x614): undefined reference to `reservememadr'
C:/Tools/mips-ps1/mips/bin/mipsel-none-elf-ld.exe: (.text+0x640): undefined reference to `purgememadr'
C:/Tools/mips-ps1/mips/bin/mipsel-none-elf-ld.exe: build/src/frontend/psx/fetexture.c.o: in function `FETexture_LoadPmxAtOffset__FPciP18tTexture_ShapeInfoii':
(.text+0x34): undefined reference to `shapepointer'
C:/Tools/mips-ps1/mips/bin/mipsel-none-elf-ld.exe: (.text+0x70): undefined reference to `reservememadr'
C:/Tools/mips-ps1/mips/bin/mipsel-none-elf-ld.exe: (.text+0x84): undefined reference to `blockmove'
C:/Tools/mips-ps1/mips/bin/mipsel-none-elf-ld.exe: (.text+0x160): undefined reference to `vramfxya'
C:/Tools/mips-ps1/mips/bin/mipsel-none-elf-ld.exe: (.text+0x1e4): undefined reference to `shapedepth'
C:/Tools/mips-ps1/mips/bin/mipsel-none-elf-ld.exe: (.text+0x288): undefined reference to `purgememadr'
C:/Tools/mips-ps1/mips/bin/mipsel-none-elf-ld.exe: build/src/frontend/psx/mdec.c.o: in function `initmdec':
(.text+0x44): undefined reference to `reservememadr'
C:/Tools/mips-ps1/mips/bin/mipsel-none-elf-ld.exe: (.text+0x54): undefined reference to `blockclear'
C:/Tools/mips-ps1/mips/bin/mipsel-none-elf-ld.exe: (.text+0xec): undefined reference to `reservememadr'
C:/Tools/mips-ps1/mips/bin/mipsel-none-elf-ld.exe: (.text+0xfc): undefined reference to `blockclear'
C:/Tools/mips-ps1/mips/bin/mipsel-none-elf-ld.exe: build/src/frontend/psx/mdec.c.o: in function `restoremdec':
(.text+0x1c4): undefined reference to `purgememadr'
C:/Tools/mips-ps1/mips/bin/mipsel-none-elf-ld.exe: (.text+0x1d0): undefined reference to `purgememadr'
C:/Tools/mips-ps1/mips/bin/mipsel-none-elf-ld.exe: build/src/frontend/psx/mdec.c.o: in function `mdec':
(.text+0x29c): undefined reference to `systemtask'
C:/Tools/mips-ps1/mips/bin/mipsel-none-elf-ld.exe: build/src/frontend/psx/memcard.c.o: in function `MCRD_init':
(.text+0x20): undefined reference to `blockclear'
C:/Tools/mips-ps1/mips/bin/mipsel-none-elf-ld.exe: (.text+0x3c): undefined reference to `setclipwindow'
C:/Tools/mips-ps1/mips/bin/mipsel-none-elf-ld.exe: (.text+0x40): undefined reference to `setclipwindow'
C:/Tools/mips-ps1/mips/bin/mipsel-none-elf-ld.exe: (.text+0x5c): undefined reference to `timedwait'
C:/Tools/mips-ps1/mips/bin/mipsel-none-elf-ld.exe: (.text+0x7c): undefined reference to `addtimer'
C:/Tools/mips-ps1/mips/bin/mipsel-none-elf-ld.exe: build/src/frontend/psx/memcard.c.o: in function `iMCRD_InitCard':
(.text+0xdc): undefined reference to `blockclear'
C:/Tools/mips-ps1/mips/bin/mipsel-none-elf-ld.exe: build/src/frontend/psx/memcard.c.o: in function `MCRD_restore':
(.text+0x104): undefined reference to `deltimer'
C:/Tools/mips-ps1/mips/bin/mipsel-none-elf-ld.exe: build/src/frontend/psx/memcard.c.o: in function `MCRD_loadfile':
(.text+0x30c): undefined reference to `blockclear'
C:/Tools/mips-ps1/mips/bin/mipsel-none-elf-ld.exe: build/src/frontend/psx/memcard.c.o: in function `iMCRD_DoFileLoad':
(.text+0x51c): undefined reference to `blockmove'
C:/Tools/mips-ps1/mips/bin/mipsel-none-elf-ld.exe: (.text+0x524): undefined reference to `shapetype'
C:/Tools/mips-ps1/mips/bin/mipsel-none-elf-ld.exe: (.text+0x56c): undefined reference to `blockmove'
C:/Tools/mips-ps1/mips/bin/mipsel-none-elf-ld.exe: (.text+0x574): undefined reference to `cluttype'
C:/Tools/mips-ps1/mips/bin/mipsel-none-elf-ld.exe: build/src/frontend/psx/memcard.c.o: in function `MCRD_savefile':
(.text+0x6ac): undefined reference to `blockclear'
C:/Tools/mips-ps1/mips/bin/mipsel-none-elf-ld.exe: (.text+0x804): undefined reference to `getshapeclut'
C:/Tools/mips-ps1/mips/bin/mipsel-none-elf-ld.exe: (.text+0x814): undefined reference to `blockmove'
C:/Tools/mips-ps1/mips/bin/mipsel-none-elf-ld.exe: (.text+0x828): undefined reference to `blockmove'
C:/Tools/mips-ps1/mips/bin/mipsel-none-elf-ld.exe: (.text+0x848): undefined reference to `blockmove'
C:/Tools/mips-ps1/mips/bin/mipsel-none-elf-ld.exe: (.text+0x868): undefined reference to `blockmove'
C:/Tools/mips-ps1/mips/bin/mipsel-none-elf-ld.exe: build/src/frontend/psx/memcard.c.o: in function `iMCRD_DoFileWrite':
(.text+0x910): undefined reference to `timedwait'
C:/Tools/mips-ps1/mips/bin/mipsel-none-elf-ld.exe: build/src/frontend/psx/movie.c.o: in function `Movie_Init__Fc':
(.text+0xac): undefined reference to `settrans'
C:/Tools/mips-ps1/mips/bin/mipsel-none-elf-ld.exe: (.text+0xcc): undefined reference to `reservememadr'
C:/Tools/mips-ps1/mips/bin/mipsel-none-elf-ld.exe: (.text+0xec): undefined reference to `reservememadr'
C:/Tools/mips-ps1/mips/bin/mipsel-none-elf-ld.exe: (.text+0x138): undefined reference to `reservememadr'
C:/Tools/mips-ps1/mips/bin/mipsel-none-elf-ld.exe: (.text+0x154): undefined reference to `reservememadr'
C:/Tools/mips-ps1/mips/bin/mipsel-none-elf-ld.exe: (.text+0x168): undefined reference to `CD_Restart'
C:/Tools/mips-ps1/mips/bin/mipsel-none-elf-ld.exe: build/src/frontend/psx/movie.c.o: in function `Movie_DeInit__Fv':
(.text+0x250): undefined reference to `purgememadr'
C:/Tools/mips-ps1/mips/bin/mipsel-none-elf-ld.exe: (.text+0x260): undefined reference to `purgememadr'
C:/Tools/mips-ps1/mips/bin/mipsel-none-elf-ld.exe: (.text+0x270): undefined reference to `purgememadr'
C:/Tools/mips-ps1/mips/bin/mipsel-none-elf-ld.exe: (.text+0x280): undefined reference to `purgememadr'
C:/Tools/mips-ps1/mips/bin/mipsel-none-elf-ld.exe: (.text+0x290): undefined reference to `CD_Restart'
C:/Tools/mips-ps1/mips/bin/mipsel-none-elf-ld.exe: build/src/frontend/psx/movie.c.o: in function `Movie_Play__Fc':
(.text+0x718): undefined reference to `SNDcdvol'
C:/Tools/mips-ps1/mips/bin/mipsel-none-elf-ld.exe: (.text+0x82c): undefined reference to `PAD_update'
C:/Tools/mips-ps1/mips/bin/mipsel-none-elf-ld.exe: (.text+0x834): undefined reference to `PAD_state'
C:/Tools/mips-ps1/mips/bin/mipsel-none-elf-ld.exe: (.text+0x840): undefined reference to `PAD_state'
C:/Tools/mips-ps1/mips/bin/mipsel-none-elf-ld.exe: build/src/frontend/psx/psxfront.c.o: in function `PSXFront_AllocateDrawMemory__Fv':
(.text+0x64): undefined reference to `reservememadr'
C:/Tools/mips-ps1/mips/bin/mipsel-none-elf-ld.exe: (.text+0x88): undefined reference to `reservememadr'
C:/Tools/mips-ps1/mips/bin/mipsel-none-elf-ld.exe: build/src/frontend/psx/psxfront.c.o: in function `InitializeSpinningCars__Fv':
(.text+0x170): undefined reference to `reservememadr'
C:/Tools/mips-ps1/mips/bin/mipsel-none-elf-ld.exe: (.text+0x184): undefined reference to `blockclear'
C:/Tools/mips-ps1/mips/bin/mipsel-none-elf-ld.exe: (.text+0x1f8): undefined reference to `blockclear'
C:/Tools/mips-ps1/mips/bin/mipsel-none-elf-ld.exe: build/src/frontend/psx/psxfront.c.o: in function `CleanupSpinningCars__Fv':
(.text+0x294): undefined reference to `purgememadr'
C:/Tools/mips-ps1/mips/bin/mipsel-none-elf-ld.exe: (.text+0x30c): undefined reference to `asyncloadfileat'
C:/Tools/mips-ps1/mips/bin/mipsel-none-elf-ld.exe: (.text+0x318): undefined reference to `getasyncreadstatus'
C:/Tools/mips-ps1/mips/bin/mipsel-none-elf-ld.exe: (.text+0x328): undefined reference to `systemtask'
C:/Tools/mips-ps1/mips/bin/mipsel-none-elf-ld.exe: build/src/frontend/psx/psxfront.c.o: in function `DoTitleScreen__Fv':
(.text+0x3c8): undefined reference to `elapsedticks'
C:/Tools/mips-ps1/mips/bin/mipsel-none-elf-ld.exe: (.text+0x414): undefined reference to `loadshapeadr'
C:/Tools/mips-ps1/mips/bin/mipsel-none-elf-ld.exe: (.text+0x420): undefined reference to `systemtask'
C:/Tools/mips-ps1/mips/bin/mipsel-none-elf-ld.exe: (.text+0x440): undefined reference to `locateshapez'
C:/Tools/mips-ps1/mips/bin/mipsel-none-elf-ld.exe: (.text+0x45c): undefined reference to `settrans'
C:/Tools/mips-ps1/mips/bin/mipsel-none-elf-ld.exe: (.text+0x46c): undefined reference to `movfxya'
C:/Tools/mips-ps1/mips/bin/mipsel-none-elf-ld.exe: (.text+0x474): undefined reference to `settrans'
C:/Tools/mips-ps1/mips/bin/mipsel-none-elf-ld.exe: (.text+0x490): undefined reference to `purgememadr'
C:/Tools/mips-ps1/mips/bin/mipsel-none-elf-ld.exe: build/src/frontend/psx/psxfront.c.o: in function `PSXExitFrontend__Fv':
(.text+0x50c): undefined reference to `deltimer'
C:/Tools/mips-ps1/mips/bin/mipsel-none-elf-ld.exe: (.text+0x508): undefined reference to `PAD_update'
C:/Tools/mips-ps1/mips/bin/mipsel-none-elf-ld.exe: (.text+0x510): undefined reference to `PAD_update'
C:/Tools/mips-ps1/mips/bin/mipsel-none-elf-ld.exe: (.text+0x52c): undefined reference to `purgememadr'
C:/Tools/mips-ps1/mips/bin/mipsel-none-elf-ld.exe: build/src/frontend/psx/psxfront.c.o: in function `PSX_AllocShapes__Fv':
(.text+0x56c): undefined reference to `reservememadr'
C:/Tools/mips-ps1/mips/bin/mipsel-none-elf-ld.exe: (.text+0x57c): undefined reference to `blockclear'
C:/Tools/mips-ps1/mips/bin/mipsel-none-elf-ld.exe: build/src/frontend/psx/psxfront.c.o: in function `Init_RenderingEnvironment__Fv':
(.text+0x638): undefined reference to `blockclear'
C:/Tools/mips-ps1/mips/bin/mipsel-none-elf-ld.exe: build/src/frontend/psx/psxfront.c.o: in function `Init_PSX_FrontEnd__Fv':
(.text+0x684): undefined reference to `PAD_update'
C:/Tools/mips-ps1/mips/bin/mipsel-none-elf-ld.exe: (.text+0x688): undefined reference to `PAD_update'
C:/Tools/mips-ps1/mips/bin/mipsel-none-elf-ld.exe: (.text+0x698): undefined reference to `addtimer'
C:/Tools/mips-ps1/mips/bin/mipsel-none-elf-ld.exe: (.text+0x700): undefined reference to `initlinkmode'
C:/Tools/mips-ps1/mips/bin/mipsel-none-elf-ld.exe: (.text+0x718): undefined reference to `initlinkmode'
C:/Tools/mips-ps1/mips/bin/mipsel-none-elf-ld.exe: (.text+0x748): undefined reference to `initlinkmode'
C:/Tools/mips-ps1/mips/bin/mipsel-none-elf-ld.exe: build/src/frontend/psx/psxfront.c.o: in function `LoadAllHelpShapes__Fv':
(.text+0xa20): undefined reference to `loadshapeadr'
C:/Tools/mips-ps1/mips/bin/mipsel-none-elf-ld.exe: (.text+0xa60): undefined reference to `purgememadr'
C:/Tools/mips-ps1/mips/bin/mipsel-none-elf-ld.exe: build/src/frontend/psx/psxfront.c.o: in function `ScaleGouraudShape__FP18tTexture_ShapeInfoiiiiiPii':
(.text+0x17dc): undefined reference to `fixedmult'
C:/Tools/mips-ps1/mips/bin/mipsel-none-elf-ld.exe: (.text+0x1800): undefined reference to `fixedmult'
C:/Tools/mips-ps1/mips/bin/mipsel-none-elf-ld.exe: (.text+0x1824): undefined reference to `fixedmult'
C:/Tools/mips-ps1/mips/bin/mipsel-none-elf-ld.exe: (.text+0x184c): undefined reference to `fixedmult'
C:/Tools/mips-ps1/mips/bin/mipsel-none-elf-ld.exe: (.text+0x1860): undefined reference to `fixedmult'
C:/Tools/mips-ps1/mips/bin/mipsel-none-elf-ld.exe: build/src/frontend/psx/psxfront.c.o:(.text+0x1874): more undefined references to `fixedmult' follow
C:/Tools/mips-ps1/mips/bin/mipsel-none-elf-ld.exe: build/src/frontend/psx/video.c.o: in function `VIDEO_create__Fiiiii':
(.text+0x5c): undefined reference to `asyncloadfileat'
C:/Tools/mips-ps1/mips/bin/mipsel-none-elf-ld.exe: (.text+0x68): undefined reference to `getasyncreadstatus'
C:/Tools/mips-ps1/mips/bin/mipsel-none-elf-ld.exe: (.text+0x78): undefined reference to `systemtask'
C:/Tools/mips-ps1/mips/bin/mipsel-none-elf-ld.exe: (.text+0x90): undefined reference to `reservememadr'
C:/Tools/mips-ps1/mips/bin/mipsel-none-elf-ld.exe: (.text+0xa0): undefined reference to `blockclear'
C:/Tools/mips-ps1/mips/bin/mipsel-none-elf-ld.exe: (.text+0xc8): undefined reference to `reservememadr'
C:/Tools/mips-ps1/mips/bin/mipsel-none-elf-ld.exe: (.text+0xe4): undefined reference to `STREAM_create'
C:/Tools/mips-ps1/mips/bin/mipsel-none-elf-ld.exe: (.text+0x104): undefined reference to `STREAM_setfilter'
C:/Tools/mips-ps1/mips/bin/mipsel-none-elf-ld.exe: (.text+0x134): undefined reference to `fixedmult'
C:/Tools/mips-ps1/mips/bin/mipsel-none-elf-ld.exe: (.text+0x140): undefined reference to `rdiv'
C:/Tools/mips-ps1/mips/bin/mipsel-none-elf-ld.exe: build/src/frontend/psx/video.c.o: in function `VIDEO_destroy__Fi':
(.text+0x1ac): undefined reference to `STREAM_destroy'
C:/Tools/mips-ps1/mips/bin/mipsel-none-elf-ld.exe: (.text+0x1b8): undefined reference to `purgememadr'
C:/Tools/mips-ps1/mips/bin/mipsel-none-elf-ld.exe: build/src/frontend/psx/video.c.o: in function `VIDEO_spoolfile__FiPc':
(.text+0x208): undefined reference to `STREAM_queuefile'
C:/Tools/mips-ps1/mips/bin/mipsel-none-elf-ld.exe: build/src/frontend/psx/video.c.o: in function `VIDEO_startplayback__Fi':
(.text+0x264): undefined reference to `STREAM_bufferusage'
C:/Tools/mips-ps1/mips/bin/mipsel-none-elf-ld.exe: build/src/frontend/psx/video.c.o: in function `VIDEO_abortplayback__Fi':
(.text+0x2b4): undefined reference to `STREAM_kill'
C:/Tools/mips-ps1/mips/bin/mipsel-none-elf-ld.exe: build/src/frontend/psx/video.c.o: in function `VIDEO_state__Fi':
(.text+0x308): undefined reference to `STREAM_state'
C:/Tools/mips-ps1/mips/bin/mipsel-none-elf-ld.exe: (.text+0x350): undefined reference to `STREAM_state'
C:/Tools/mips-ps1/mips/bin/mipsel-none-elf-ld.exe: build/src/frontend/psx/video.c.o: in function `VIDEO_updateframexy__Fiii':
(.text+0x3f4): undefined reference to `STREAM_isendofstream'
C:/Tools/mips-ps1/mips/bin/mipsel-none-elf-ld.exe: (.text+0x408): undefined reference to `STREAM_get'
C:/Tools/mips-ps1/mips/bin/mipsel-none-elf-ld.exe: (.text+0x464): undefined reference to `STREAM_release'
C:/Tools/mips-ps1/mips/bin/mipsel-none-elf-ld.exe: (.text+0x478): undefined reference to `STREAM_isendofstream'
C:/Tools/mips-ps1/mips/bin/mipsel-none-elf-ld.exe: build/src/frontend/psx/video.c.o: in function `videodecode__FP11VIDEOSTRUCTP14STREAMCHUNKHDRii':
(.text+0x554): undefined reference to `systemtask'
C:/Tools/mips-ps1/mips/bin/mipsel-none-elf-ld.exe: build/src/game/common/ai.c.o: in function `AI_DoReactions__FP8Car_tObj':
(.text+0x218): undefined reference to `AIScript_DoReAction__FP10AIScript_t20AIScript_tAIReaction'
C:/Tools/mips-ps1/mips/bin/mipsel-none-elf-ld.exe: (.text+0x264): undefined reference to `AIScript_DoReAction__FP10AIScript_t20AIScript_tAIReaction'
C:/Tools/mips-ps1/mips/bin/mipsel-none-elf-ld.exe: (.text+0x32c): undefined reference to `AIScript_DoReAction__FP10AIScript_t20AIScript_tAIReaction'
C:/Tools/mips-ps1/mips/bin/mipsel-none-elf-ld.exe: (.text+0x378): undefined reference to `AIScript_GetReactionTicksLeft__FP10AIScript_t'
C:/Tools/mips-ps1/mips/bin/mipsel-none-elf-ld.exe: (.text+0x3c8): undefined reference to `AIScript_DoReAction__FP10AIScript_t20AIScript_tAIReaction'
C:/Tools/mips-ps1/mips/bin/mipsel-none-elf-ld.exe: build/src/game/common/ai.c.o: in function `AI_CheckForPlayerActions__FP8Car_tObjT0':
(.text+0x4c8): undefined reference to `AIScript_SubmitPlayerAction__FP10AIScript_ti20AIScript_tPlayActioni'
C:/Tools/mips-ps1/mips/bin/mipsel-none-elf-ld.exe: (.text+0x524): undefined reference to `AIScript_SubmitPlayerAction__FP10AIScript_ti20AIScript_tPlayActioni'
C:/Tools/mips-ps1/mips/bin/mipsel-none-elf-ld.exe: (.text+0x598): undefined reference to `AIScript_SubmitPlayerAction__FP10AIScript_ti20AIScript_tPlayActioni'
C:/Tools/mips-ps1/mips/bin/mipsel-none-elf-ld.exe: (.text+0x610): undefined reference to `AIScript_SubmitPlayerAction__FP10AIScript_ti20AIScript_tPlayActioni'
C:/Tools/mips-ps1/mips/bin/mipsel-none-elf-ld.exe: (.text+0x658): undefined reference to `AIScript_SubmitPlayerAction__FP10AIScript_ti20AIScript_tPlayActioni'
C:/Tools/mips-ps1/mips/bin/mipsel-none-elf-ld.exe: build/src/game/common/ai.c.o: in function `AI_OpponentBlockPlayer__FP8Car_tObjT0':
(.text+0x7b0): undefined reference to `AIScript_DoReAction__FP10AIScript_t20AIScript_tAIReaction'
C:/Tools/mips-ps1/mips/bin/mipsel-none-elf-ld.exe: small-data section too large; lower small-data size limit (see option -G)
build/src/game/common/ai.c.o: in function `AI_CheckForBarriers__FP8Car_tObj':
(.text+0xbc0): relocation truncated to fit: R_MIPS_GPREL16 against `AI_elapsedTime'
C:/Tools/mips-ps1/mips/bin/mipsel-none-elf-ld.exe: build/src/game/common/ai.c.o: in function `AI_HandleChangeInNumLanes__FP8Car_tObj':
(.text+0xe7c): undefined reference to `fixedmult'
C:/Tools/mips-ps1/mips/bin/mipsel-none-elf-ld.exe: build/src/game/common/ai.c.o: in function `AI_CalcMeritsBasedOnSpeed__FP8Car_tObj':
(.text+0x186c): undefined reference to `fixedmult'
C:/Tools/mips-ps1/mips/bin/mipsel-none-elf-ld.exe: (.text+0x18b0): undefined reference to `fixedmult'
C:/Tools/mips-ps1/mips/bin/mipsel-none-elf-ld.exe: (.text+0x18ec): undefined reference to `fixedmult'
C:/Tools/mips-ps1/mips/bin/mipsel-none-elf-ld.exe: (.text+0x1930): undefined reference to `fixedmult'
C:/Tools/mips-ps1/mips/bin/mipsel-none-elf-ld.exe: build/src/game/common/ai.c.o:(.text+0x199c): more undefined references to `fixedmult' follow
build/src/game/common/ai.c.o: in function `AI_AddCollidableObjects__FP8Car_tObjP5Group':
(.text+0x2eb0): relocation truncated to fit: R_MIPS_GPREL16 against `__sdata_org'
(.text+0x2ee0): relocation truncated to fit: R_MIPS_GPREL16 against `__sdata_org'
C:/Tools/mips-ps1/mips/bin/mipsel-none-elf-ld.exe: build/src/game/common/aicop.c.o: in function `AICop_StartUp__Fv':
(.text+0x54): undefined reference to `loadfileadrz'
(.text+0x5c): relocation truncated to fit: R_MIPS_GPREL16 against `AICop_rawTriggers'
(.text+0x9c): relocation truncated to fit: R_MIPS_GPREL16 against `AICop_numArrestedHumans'
(.text+0xa0): relocation truncated to fit: R_MIPS_GPREL16 against `AICop_gRoadBlockState'
build/src/game/common/aicop.c.o: in function `AICop_Restart__Fv':
(.text+0xac): relocation truncated to fit: R_MIPS_GPREL16 against `AICop_rawTriggers'
(.text+0xec): relocation truncated to fit: R_MIPS_GPREL16 against `AICop_numArrestedHumans'
(.text+0xf0): relocation truncated to fit: R_MIPS_GPREL16 against `AICop_gRoadBlockState'
build/src/game/common/aicop.c.o: in function `AICop_CleanUp__Fv':
(.text+0x120): relocation truncated to fit: R_MIPS_GPREL16 against `AICop_rawTriggers'
C:/Tools/mips-ps1/mips/bin/mipsel-none-elf-ld.exe: (.text+0x140): undefined reference to `purgememadr'
(.text+0x148): additional relocation overflows omitted from the output
C:/Tools/mips-ps1/mips/bin/mipsel-none-elf-ld.exe: build/src/game/common/aidelaycar.c.o: in function `Update__10AIDelayCar':
(.text+0x144): undefined reference to `fixedmult'
C:/Tools/mips-ps1/mips/bin/mipsel-none-elf-ld.exe: (.text+0x260): undefined reference to `fixedmult'
C:/Tools/mips-ps1/mips/bin/mipsel-none-elf-ld.exe: (.text+0x27c): undefined reference to `fixedmult'
C:/Tools/mips-ps1/mips/bin/mipsel-none-elf-ld.exe: (.text+0x298): undefined reference to `fixedmult'
C:/Tools/mips-ps1/mips/bin/mipsel-none-elf-ld.exe: (.text+0x304): undefined reference to `fixedmult'
C:/Tools/mips-ps1/mips/bin/mipsel-none-elf-ld.exe: build/src/game/common/aidelaycar.c.o:(.text+0x344): more undefined references to `fixedmult' follow
C:/Tools/mips-ps1/mips/bin/mipsel-none-elf-ld.exe: build/src/game/common/aih_basiccop.c.o: in function `Blockade_AddObject__FiP8coorddefi':
(.text+0x80c): undefined reference to `transpose'
C:/Tools/mips-ps1/mips/bin/mipsel-none-elf-ld.exe: build/src/game/common/aih_basiccop.c.o: in function `PlacePointOnRoad__FiP8coorddef':
(.text+0x914): undefined reference to `fixedmult'
C:/Tools/mips-ps1/mips/bin/mipsel-none-elf-ld.exe: (.text+0x924): undefined reference to `fixedmult'
C:/Tools/mips-ps1/mips/bin/mipsel-none-elf-ld.exe: (.text+0x950): undefined reference to `fixedmult'
C:/Tools/mips-ps1/mips/bin/mipsel-none-elf-ld.exe: (.text+0x960): undefined reference to `fixedmult'
C:/Tools/mips-ps1/mips/bin/mipsel-none-elf-ld.exe: build/src/game/common/aih_basicperp.c.o: in function `CheckIfCaught__16AIHigh_BasicPerp':
(.text+0x740): undefined reference to `fixedmult'
C:/Tools/mips-ps1/mips/bin/mipsel-none-elf-ld.exe: build/src/game/common/aih_basicperp.c.o:(.text+0x754): more undefined references to `fixedmult' follow
C:/Tools/mips-ps1/mips/bin/mipsel-none-elf-ld.exe: build/src/game/common/aih_btccop.c.o: in function `FreezeAndEndChase__19AIHigh_BTC_HumanCop':
(.text+0x8f8): undefined reference to `Get__25AIDataRecord_TrackCurve_ti'
C:/Tools/mips-ps1/mips/bin/mipsel-none-elf-ld.exe: build/src/game/common/aih_btccop.c.o: in function `.L8005E91C':
(.text+0x1ee4): undefined reference to `rdiv'
C:/Tools/mips-ps1/mips/bin/mipsel-none-elf-ld.exe: build/src/game/common/aih_btccop.c.o: in function `SetupBlockader__18AIHigh_BTC_WingmanP19AIHigh_BTC_HumanCopi':
(.text+0x2968): undefined reference to `fixedmult'
C:/Tools/mips-ps1/mips/bin/mipsel-none-elf-ld.exe: (.text+0x29a0): undefined reference to `fixedmult'
C:/Tools/mips-ps1/mips/bin/mipsel-none-elf-ld.exe: build/src/game/common/aih_btcperp.c.o: in function `IsFalseArrest__15AIHigh_BTC_Perp':
(.text+0x20c): undefined reference to `fixedmult'
C:/Tools/mips-ps1/mips/bin/mipsel-none-elf-ld.exe: (.text+0x220): undefined reference to `fixedmult'
C:/Tools/mips-ps1/mips/bin/mipsel-none-elf-ld.exe: (.text+0x234): undefined reference to `fixedmult'
C:/Tools/mips-ps1/mips/bin/mipsel-none-elf-ld.exe: build/src/game/common/aih_btcperp.c.o:(.text+0x24c): more undefined references to `fixedmult' follow
C:/Tools/mips-ps1/mips/bin/mipsel-none-elf-ld.exe: build/src/game/common/aih_btcperp.c.o: in function `CalculateTimeTillContact__17AIHigh_BTC_AIPerp':
(.text+0x10bc): undefined reference to `rdiv'
C:/Tools/mips-ps1/mips/bin/mipsel-none-elf-ld.exe: build/src/game/common/aih_btcperp.c.o: in function `.L800609F8':
(.text+0x1468): undefined reference to `fixedmult'
C:/Tools/mips-ps1/mips/bin/mipsel-none-elf-ld.exe: build/src/game/common/aih_btcperp.c.o: in function `NewStage__17AIHigh_BTC_AIPerpP19AIHigh_BTC_HumanCop':
(.text+0x1a3c): undefined reference to `fixedmult'
C:/Tools/mips-ps1/mips/bin/mipsel-none-elf-ld.exe: (.text+0x1a6c): undefined reference to `fixedmult'
C:/Tools/mips-ps1/mips/bin/mipsel-none-elf-ld.exe: (.text+0x1a88): undefined reference to `fixedmult'
C:/Tools/mips-ps1/mips/bin/mipsel-none-elf-ld.exe: (.text+0x1aac): undefined reference to `fixedmult'
C:/Tools/mips-ps1/mips/bin/mipsel-none-elf-ld.exe: (.text+0x1acc): undefined reference to `rdiv'
C:/Tools/mips-ps1/mips/bin/mipsel-none-elf-ld.exe: (.text+0x1ae8): undefined reference to `AIPerson_SetPersonality__FP8Car_tObji'
C:/Tools/mips-ps1/mips/bin/mipsel-none-elf-ld.exe: build/src/game/common/aih_cop.c.o: in function `.L800648D8':
(.text+0xf48): undefined reference to `fixedmult'
C:/Tools/mips-ps1/mips/bin/mipsel-none-elf-ld.exe: (.text+0xf80): undefined reference to `fixedmult'
C:/Tools/mips-ps1/mips/bin/mipsel-none-elf-ld.exe: (.text+0x1128): undefined reference to `fixedmult'
C:/Tools/mips-ps1/mips/bin/mipsel-none-elf-ld.exe: (.text+0x11d0): undefined reference to `rdiv'
C:/Tools/mips-ps1/mips/bin/mipsel-none-elf-ld.exe: (.text+0x1354): undefined reference to `AIPhysic_ChangeDirection__FP8Car_tObji'
C:/Tools/mips-ps1/mips/bin/mipsel-none-elf-ld.exe: build/src/game/common/aih_opp.c.o: in function `DoRearEnder__15AIHigh_Opponent':
(.text+0x208): undefined reference to `AIScript_DoReAction__FP10AIScript_t20AIScript_tAIReaction'
C:/Tools/mips-ps1/mips/bin/mipsel-none-elf-ld.exe: build/src/game/common/aih_opp.c.o: in function `.L80063858':
(.text+0x568): undefined reference to `AIScript_DoReAction__FP10AIScript_t20AIScript_tAIReaction'
C:/Tools/mips-ps1/mips/bin/mipsel-none-elf-ld.exe: build/src/game/common/aih_opp.c.o: in function `.L80063988':
(.text+0x6e8): undefined reference to `AIScript_DoReAction__FP10AIScript_t20AIScript_tAIReaction'
C:/Tools/mips-ps1/mips/bin/mipsel-none-elf-ld.exe: build/src/game/common/aih_play.c.o: in function `CheckForNewLevel__13AIHigh_Playeri':
(.text+0xf1c): undefined reference to `fixedmult'
C:/Tools/mips-ps1/mips/bin/mipsel-none-elf-ld.exe: (.text+0x1088): undefined reference to `fixedmult'
C:/Tools/mips-ps1/mips/bin/mipsel-none-elf-ld.exe: build/src/game/common/aih_play.c.o: in function `__13AIHigh_PlayerP8Car_tObj':
(.text+0x169c): undefined reference to `fixedmult'
C:/Tools/mips-ps1/mips/bin/mipsel-none-elf-ld.exe: build/src/game/common/aih_play.c.o: in function `HandlePullOver__13AIHigh_Player':
(.text+0x1b3c): undefined reference to `fixedmult'
C:/Tools/mips-ps1/mips/bin/mipsel-none-elf-ld.exe: build/src/game/common/ailife.c.o: in function `AILife_PlaceCarAtLocation__FP8Car_tObji':
(.text+0x6c4): undefined reference to `AIPhysic_ResetCar__FP8Car_tObj'
C:/Tools/mips-ps1/mips/bin/mipsel-none-elf-ld.exe: (.text+0x778): undefined reference to `fixedmult'
C:/Tools/mips-ps1/mips/bin/mipsel-none-elf-ld.exe: (.text+0x788): undefined reference to `fixedmult'
C:/Tools/mips-ps1/mips/bin/mipsel-none-elf-ld.exe: (.text+0x798): undefined reference to `fixedmult'
C:/Tools/mips-ps1/mips/bin/mipsel-none-elf-ld.exe: (.text+0x7f0): undefined reference to `xformy'
C:/Tools/mips-ps1/mips/bin/mipsel-none-elf-ld.exe: (.text+0x848): undefined reference to `AIInit_ClearAICar__FP8Car_tObj'
C:/Tools/mips-ps1/mips/bin/mipsel-none-elf-ld.exe: build/src/game/common/ailife.c.o: in function `AILife_ReencarnateTrafficByPosition__FP8Car_tObjiiP8coorddefP10matrixtdef':
(.text+0xaf4): undefined reference to `AIInit_ClearAICar__FP8Car_tObj'
C:/Tools/mips-ps1/mips/bin/mipsel-none-elf-ld.exe: build/src/game/common/ailife.c.o: in function `AILife_ReencarnateCopByPosition__FP8Car_tObjiiP8coorddefP10matrixtdef':
(.text+0xd60): undefined reference to `AIPhysic_ResetCar__FP8Car_tObj'
C:/Tools/mips-ps1/mips/bin/mipsel-none-elf-ld.exe: (.text+0xe34): undefined reference to `AIInit_ClearAICar__FP8Car_tObj'
C:/Tools/mips-ps1/mips/bin/mipsel-none-elf-ld.exe: build/src/game/common/ailife.c.o: in function `AILife_ReencarnateCopByLatPosAndRotation__FP8Car_tObjiiii':
(.text+0xf10): undefined reference to `AIPhysic_ResetCar__FP8Car_tObj'
C:/Tools/mips-ps1/mips/bin/mipsel-none-elf-ld.exe: (.text+0xf48): undefined reference to `xformy'
C:/Tools/mips-ps1/mips/bin/mipsel-none-elf-ld.exe: (.text+0xfbc): undefined reference to `AIInit_ClearAICar__FP8Car_tObj'
C:/Tools/mips-ps1/mips/bin/mipsel-none-elf-ld.exe: build/src/game/common/aispeeds.c.o: in function `AISpeeds_StartUp__Fv':
(.text+0x14): undefined reference to `reservememadr'
C:/Tools/mips-ps1/mips/bin/mipsel-none-elf-ld.exe: build/src/game/common/aispeeds.c.o: in function `AISpeeds_ReadTuningInfo__Fv':
(.text+0xd0): undefined reference to `rdiv'
C:/Tools/mips-ps1/mips/bin/mipsel-none-elf-ld.exe: (.text+0x200): undefined reference to `fixedmult'
C:/Tools/mips-ps1/mips/bin/mipsel-none-elf-ld.exe: build/src/game/common/aispeeds.c.o: in function `AISpeeds_CleanUp__Fv':
(.text+0x2cc): undefined reference to `purgememadr'
C:/Tools/mips-ps1/mips/bin/mipsel-none-elf-ld.exe: build/src/game/common/aispeeds.c.o: in function `AISpeeds_CalcOpponentTopSpeed__FP8Car_tObjPi':
(.text+0x5e4): undefined reference to `fixedmult'
C:/Tools/mips-ps1/mips/bin/mipsel-none-elf-ld.exe: (.text+0x610): undefined reference to `fixedmult'
C:/Tools/mips-ps1/mips/bin/mipsel-none-elf-ld.exe: build/src/game/common/aispeeds.c.o: in function `AISpeeds_CalcOpponentCurveSpeed__FP8Car_tObj':
(.text+0xa40): undefined reference to `Get__25AIDataRecord_TrackCurve_ti'
C:/Tools/mips-ps1/mips/bin/mipsel-none-elf-ld.exe: (.text+0xa50): undefined reference to `Get__30AIDataRecord_CurveSpeedTable_ti'
C:/Tools/mips-ps1/mips/bin/mipsel-none-elf-ld.exe: (.text+0xa8c): undefined reference to `fixedmult'
C:/Tools/mips-ps1/mips/bin/mipsel-none-elf-ld.exe: build/src/game/common/aispeeds.c.o: in function `AISpeeds_BTCGetGlueFactor__FP8Car_tObj':
(.text+0xc58): undefined reference to `fixedmult'
C:/Tools/mips-ps1/mips/bin/mipsel-none-elf-ld.exe: (.text+0xc78): undefined reference to `fixedmult'
C:/Tools/mips-ps1/mips/bin/mipsel-none-elf-ld.exe: build/src/game/common/aispeeds.c.o: in function `AISpeeds_GetGlueFactor__FP8Car_tObj':
(.text+0x1294): undefined reference to `fixedmult'
C:/Tools/mips-ps1/mips/bin/mipsel-none-elf-ld.exe: (.text+0x12a8): undefined reference to `fixedmult'
C:/Tools/mips-ps1/mips/bin/mipsel-none-elf-ld.exe: build/src/game/common/aispeeds.c.o:(.text+0x13a8): more undefined references to `fixedmult' follow
C:/Tools/mips-ps1/mips/bin/mipsel-none-elf-ld.exe: build/src/game/common/aispeeds.c.o: in function `AISpeeds_GetScriptFactor__FP8Car_tObj':
(.text+0x1afc): undefined reference to `AIScript_DoReAction__FP10AIScript_t20AIScript_tAIReaction'
C:/Tools/mips-ps1/mips/bin/mipsel-none-elf-ld.exe: (.text+0x1b14): undefined reference to `AIScript_DoReAction__FP10AIScript_t20AIScript_tAIReaction'
C:/Tools/mips-ps1/mips/bin/mipsel-none-elf-ld.exe: build/src/game/common/aispeeds.c.o: in function `AISpeeds_GetUpgradeAccMult__Fi':
(.text+0x1b94): undefined reference to `fixedmult'
C:/Tools/mips-ps1/mips/bin/mipsel-none-elf-ld.exe: (.text+0x1bbc): undefined reference to `fixedmult'
C:/Tools/mips-ps1/mips/bin/mipsel-none-elf-ld.exe: (.text+0x1be4): undefined reference to `fixedmult'
C:/Tools/mips-ps1/mips/bin/mipsel-none-elf-ld.exe: build/src/game/common/aispeeds.c.o: in function `AISpeeds_GetUpgradeBrakeMult__Fi':
(.text+0x1c50): undefined reference to `fixedmult'
C:/Tools/mips-ps1/mips/bin/mipsel-none-elf-ld.exe: (.text+0x1c78): undefined reference to `fixedmult'
C:/Tools/mips-ps1/mips/bin/mipsel-none-elf-ld.exe: build/src/game/common/aispeeds.c.o:(.text+0x1ca0): more undefined references to `fixedmult' follow
C:/Tools/mips-ps1/mips/bin/mipsel-none-elf-ld.exe: build/src/game/common/aispeeds.c.o: in function `AISpeeds_CalcHumanCurveSpeed__FP8Car_tObj':
(.text+0x1e7c): undefined reference to `Get__25AIDataRecord_TrackCurve_ti'
C:/Tools/mips-ps1/mips/bin/mipsel-none-elf-ld.exe: (.text+0x1ed8): undefined reference to `Get__25AIDataRecord_TrackCurve_ti'
C:/Tools/mips-ps1/mips/bin/mipsel-none-elf-ld.exe: (.text+0x1f48): undefined reference to `Get__25AIDataRecord_TrackCurve_ti'
C:/Tools/mips-ps1/mips/bin/mipsel-none-elf-ld.exe: (.text+0x1fc0): undefined reference to `Get__25AIDataRecord_TrackCurve_ti'
C:/Tools/mips-ps1/mips/bin/mipsel-none-elf-ld.exe: (.text+0x2030): undefined reference to `Get__25AIDataRecord_TrackCurve_ti'
C:/Tools/mips-ps1/mips/bin/mipsel-none-elf-ld.exe: build/src/game/common/aispeeds.c.o:(.text+0x20a8): more undefined references to `Get__25AIDataRecord_TrackCurve_ti' follow
C:/Tools/mips-ps1/mips/bin/mipsel-none-elf-ld.exe: build/src/game/common/aispeeds.c.o: in function `AISpeeds_CalcHumanCurveSpeed__FP8Car_tObj':
(.text+0x20f8): undefined reference to `Get__30AIDataRecord_CurveSpeedTable_ti'
C:/Tools/mips-ps1/mips/bin/mipsel-none-elf-ld.exe: build/src/game/common/aistate.c.o: in function `StateExecute__12AIState_Base':
(.text+0x94): undefined reference to `AIScript_ProcessActionsAndReactions__FP10AIScript_ti'
C:/Tools/mips-ps1/mips/bin/mipsel-none-elf-ld.exe: build/src/game/common/aistate.c.o: in function `Execute__13AIState_Chase':
(.text+0x7ac): undefined reference to `fixedmult'
C:/Tools/mips-ps1/mips/bin/mipsel-none-elf-ld.exe: build/src/game/common/aistate.c.o: in function `CloseTargeting__13AIState_Chase':
(.text+0xd30): undefined reference to `fixedmult'
C:/Tools/mips-ps1/mips/bin/mipsel-none-elf-ld.exe: build/src/game/common/aistate.c.o: in function `UnleashIfInRange__15AIState_OffroadP8Car_tObj':
(.text+0x18d4): undefined reference to `fixedmult'
C:/Tools/mips-ps1/mips/bin/mipsel-none-elf-ld.exe: build/src/game/common/aistate.c.o: in function `Execute__14AIState_Donuts':
(.text+0x25e8): undefined reference to `fixedmult'
C:/Tools/mips-ps1/mips/bin/mipsel-none-elf-ld.exe: (.text+0x25f8): undefined reference to `fixedmult'
C:/Tools/mips-ps1/mips/bin/mipsel-none-elf-ld.exe: build/src/game/common/aistate.c.o:(.text+0x2608): more undefined references to `fixedmult' follow
C:/Tools/mips-ps1/mips/bin/mipsel-none-elf-ld.exe: build/src/game/common/aitriger.c.o: in function `Init__24AITrigger_TriggerManagerPc':
(.text+0xb4): undefined reference to `rdiv'
C:/Tools/mips-ps1/mips/bin/mipsel-none-elf-ld.exe: build/src/game/common/AIWORLD.c.o: in function `AIWorld_ZSplineDistance__FP8Car_tObjT0':
(.text+0x68): undefined reference to `fixedmult'
C:/Tools/mips-ps1/mips/bin/mipsel-none-elf-ld.exe: (.text+0x78): undefined reference to `fixedmult'
C:/Tools/mips-ps1/mips/bin/mipsel-none-elf-ld.exe: build/src/game/common/AIWORLD.c.o: in function `AIWorld_ZSplineDistance__FP8coorddefT0P10matrixtdef':
(.text+0xfc): undefined reference to `fixedmult'
C:/Tools/mips-ps1/mips/bin/mipsel-none-elf-ld.exe: (.text+0x10c): undefined reference to `fixedmult'
C:/Tools/mips-ps1/mips/bin/mipsel-none-elf-ld.exe: build/src/game/common/AIWORLD.c.o: in function `AIWorld_LaneIndex__Fii':
(.text+0x578): undefined reference to `fixedmult'
C:/Tools/mips-ps1/mips/bin/mipsel-none-elf-ld.exe: build/src/game/common/AIWORLD.c.o:(.text+0x8cc): more undefined references to `fixedmult' follow
C:/Tools/mips-ps1/mips/bin/mipsel-none-elf-ld.exe: build/src/game/common/anim.c.o: in function `Anim_InitSystem__FPc':
(.text+0xc0): undefined reference to `loadfileadrz'
C:/Tools/mips-ps1/mips/bin/mipsel-none-elf-ld.exe: (.text+0xd4): undefined reference to `filesize'
C:/Tools/mips-ps1/mips/bin/mipsel-none-elf-ld.exe: (.text+0xfc): undefined reference to `blockmove'
C:/Tools/mips-ps1/mips/bin/mipsel-none-elf-ld.exe: (.text+0x104): undefined reference to `purgememadr'
C:/Tools/mips-ps1/mips/bin/mipsel-none-elf-ld.exe: (.text+0x140): undefined reference to `locatebig'
C:/Tools/mips-ps1/mips/bin/mipsel-none-elf-ld.exe: build/src/game/common/audedit.c.o: in function `AudList_PurgeAudio__Fv':
(.text+0x10): undefined reference to `purgememadr'
C:/Tools/mips-ps1/mips/bin/mipsel-none-elf-ld.exe: build/src/game/common/audedit.c.o: in function `AudList_LoadAudioFile__Fi':
(.text+0x60): undefined reference to `loadfileadrz'
C:/Tools/mips-ps1/mips/bin/mipsel-none-elf-ld.exe: build/src/game/common/audioclc.c.o: in function `AudioClc_CalcDopplerShiftRatio__FP8coorddefT0':
(.text+0x40c): undefined reference to `rdiv'
C:/Tools/mips-ps1/mips/bin/mipsel-none-elf-ld.exe: build/src/game/common/audioclc.c.o: in function `AudioClc_CalcAzimuth__FP17DRender_tCalcViewP8coorddef':
(.text+0x5fc): undefined reference to `intatan'
C:/Tools/mips-ps1/mips/bin/mipsel-none-elf-ld.exe: build/src/game/common/audioclc.c.o: in function `AudioClc_CalcTrackAzimuth__FP17DRender_tCalcViewP8Car_tObj':
(.text+0x808): undefined reference to `intatan'
C:/Tools/mips-ps1/mips/bin/mipsel-none-elf-ld.exe: build/src/game/common/audioclc.c.o: in function `AudioClc_SoundCloseCar__Fii':
(.text+0x988): undefined reference to `rdiv'
C:/Tools/mips-ps1/mips/bin/mipsel-none-elf-ld.exe: (.text+0x9ac): undefined reference to `rdiv'
C:/Tools/mips-ps1/mips/bin/mipsel-none-elf-ld.exe: (.text+0x9d0): undefined reference to `rdiv'
C:/Tools/mips-ps1/mips/bin/mipsel-none-elf-ld.exe: (.text+0x9f0): undefined reference to `rdiv'
C:/Tools/mips-ps1/mips/bin/mipsel-none-elf-ld.exe: build/src/game/common/audioclc.c.o: in function `AudioClc_SoundPlayersCar__Fi':
(.text+0xe7c): undefined reference to `fixedmult'
C:/Tools/mips-ps1/mips/bin/mipsel-none-elf-ld.exe: (.text+0xea0): undefined reference to `fixedmult'
C:/Tools/mips-ps1/mips/bin/mipsel-none-elf-ld.exe: (.text+0xec4): undefined reference to `fixedmult'
C:/Tools/mips-ps1/mips/bin/mipsel-none-elf-ld.exe: (.text+0x10ac): undefined reference to `rdiv'
C:/Tools/mips-ps1/mips/bin/mipsel-none-elf-ld.exe: (.text+0x10d0): undefined reference to `rdiv'
C:/Tools/mips-ps1/mips/bin/mipsel-none-elf-ld.exe: (.text+0x10f8): undefined reference to `rdiv'
C:/Tools/mips-ps1/mips/bin/mipsel-none-elf-ld.exe: (.text+0x111c): undefined reference to `rdiv'
C:/Tools/mips-ps1/mips/bin/mipsel-none-elf-ld.exe: build/src/game/common/audiocmn.c.o: in function `AudioCmn_UpdateThunder__Fv':
(.text+0xf4): undefined reference to `random'
C:/Tools/mips-ps1/mips/bin/mipsel-none-elf-ld.exe: (.text+0x10c): undefined reference to `random'
C:/Tools/mips-ps1/mips/bin/mipsel-none-elf-ld.exe: (.text+0x128): undefined reference to `random'
C:/Tools/mips-ps1/mips/bin/mipsel-none-elf-ld.exe: build/src/game/common/audiocmn.c.o: in function `AudioCmn_RemoveAsyncSfx__Fi':
(.text+0x1cc): undefined reference to `SNDbankremove'
C:/Tools/mips-ps1/mips/bin/mipsel-none-elf-ld.exe: (.text+0x1e4): undefined reference to `purgememadr'
C:/Tools/mips-ps1/mips/bin/mipsel-none-elf-ld.exe: build/src/game/common/audiocmn.c.o: in function `AudioCmn_LoadAsyncSfx__FiiPvi':
(.text+0x3b4): undefined reference to `SNDmemlargestunused'
C:/Tools/mips-ps1/mips/bin/mipsel-none-elf-ld.exe: (.text+0x3f4): undefined reference to `SNDbankadd'
C:/Tools/mips-ps1/mips/bin/mipsel-none-elf-ld.exe: (.text+0x40c): undefined reference to `SNDbankheadersize'
C:/Tools/mips-ps1/mips/bin/mipsel-none-elf-ld.exe: (.text+0x420): undefined reference to `reservememadr'
C:/Tools/mips-ps1/mips/bin/mipsel-none-elf-ld.exe: (.text+0x434): undefined reference to `SNDbankheadercopy'
C:/Tools/mips-ps1/mips/bin/mipsel-none-elf-ld.exe: (.text+0x464): undefined reference to `SNDbankheadersize'
C:/Tools/mips-ps1/mips/bin/mipsel-none-elf-ld.exe: (.text+0x480): undefined reference to `SNDbankremove'
C:/Tools/mips-ps1/mips/bin/mipsel-none-elf-ld.exe: build/src/game/common/audiocmn.c.o: in function `AudioCmn_CheckState__FP8Car_tObj':
(.text+0x7b4): undefined reference to `fixedmult'
C:/Tools/mips-ps1/mips/bin/mipsel-none-elf-ld.exe: build/src/game/common/audiocmn.c.o: in function `ChooseImpactSample__Fi6s_typeT1':
(.text+0x1050): undefined reference to `random'
C:/Tools/mips-ps1/mips/bin/mipsel-none-elf-ld.exe: (.text+0x1068): undefined reference to `random'
C:/Tools/mips-ps1/mips/bin/mipsel-none-elf-ld.exe: (.text+0x1168): undefined reference to `random'
C:/Tools/mips-ps1/mips/bin/mipsel-none-elf-ld.exe: (.text+0x1178): undefined reference to `random'
C:/Tools/mips-ps1/mips/bin/mipsel-none-elf-ld.exe: (.text+0x1194): undefined reference to `random'
C:/Tools/mips-ps1/mips/bin/mipsel-none-elf-ld.exe: build/src/game/common/audiocmn.c.o:(.text+0x1260): more undefined references to `random' follow
C:/Tools/mips-ps1/mips/bin/mipsel-none-elf-ld.exe: build/src/game/common/audiocmn.c.o: in function `freeVoiceChannel__Fi':
(.text+0x173c): undefined reference to `SNDautovol'
C:/Tools/mips-ps1/mips/bin/mipsel-none-elf-ld.exe: build/src/game/common/audiocmn.c.o: in function `AudioCmn_PlaySFX__Fiiiiii':
(.text+0x1bdc): undefined reference to `SNDover'
C:/Tools/mips-ps1/mips/bin/mipsel-none-elf-ld.exe: (.text+0x1e14): undefined reference to `SND3dpos'
C:/Tools/mips-ps1/mips/bin/mipsel-none-elf-ld.exe: (.text+0x1e68): undefined reference to `SNDpan'
C:/Tools/mips-ps1/mips/bin/mipsel-none-elf-ld.exe: (.text+0x1e84): undefined reference to `SNDpitchbend'
C:/Tools/mips-ps1/mips/bin/mipsel-none-elf-ld.exe: build/src/game/common/audiocmn.c.o: in function `AudioCmn_SoundCar__FP8Car_tObjiiiiiii':
(.text+0x1f70): undefined reference to `rdiv'
C:/Tools/mips-ps1/mips/bin/mipsel-none-elf-ld.exe: (.text+0x2078): undefined reference to `SNDfxmasterlevel'
C:/Tools/mips-ps1/mips/bin/mipsel-none-elf-ld.exe: (.text+0x20b0): undefined reference to `SNDfxmasterlevel'
C:/Tools/mips-ps1/mips/bin/mipsel-none-elf-ld.exe: (.text+0x20f8): undefined reference to `SNDfxmasterlevel'
C:/Tools/mips-ps1/mips/bin/mipsel-none-elf-ld.exe: (.text+0x215c): undefined reference to `fixedmult'
C:/Tools/mips-ps1/mips/bin/mipsel-none-elf-ld.exe: build/src/game/common/audiocmn.c.o: in function `AudioCmn_TrafficSFX__Fiiiiiiii':
(.text+0x27d0): undefined reference to `rdiv'
C:/Tools/mips-ps1/mips/bin/mipsel-none-elf-ld.exe: (.text+0x287c): undefined reference to `fixedmult'
C:/Tools/mips-ps1/mips/bin/mipsel-none-elf-ld.exe: build/src/game/common/audiocmn.c.o: in function `AudioCmn_PlayerHornOn__Fiiiii':
(.text+0x2b28): undefined reference to `SNDover'
C:/Tools/mips-ps1/mips/bin/mipsel-none-elf-ld.exe: build/src/game/common/audiocmn.c.o: in function `AudioCmn_PlayerHornOff__Fi':
(.text+0x2c04): undefined reference to `SNDover'
C:/Tools/mips-ps1/mips/bin/mipsel-none-elf-ld.exe: build/src/game/common/audiocmn.c.o: in function `SirenOff__Fi':
(.text+0x2f70): undefined reference to `SNDautovol'
C:/Tools/mips-ps1/mips/bin/mipsel-none-elf-ld.exe: build/src/game/common/audiocmn.c.o: in function `UpdateSiren__Fiiiii':
(.text+0x2fec): undefined reference to `SNDover'
C:/Tools/mips-ps1/mips/bin/mipsel-none-elf-ld.exe: (.text+0x3080): undefined reference to `SNDpitchbend'
C:/Tools/mips-ps1/mips/bin/mipsel-none-elf-ld.exe: (.text+0x310c): undefined reference to `SND3dpos'
C:/Tools/mips-ps1/mips/bin/mipsel-none-elf-ld.exe: (.text+0x3160): undefined reference to `SNDpan'
C:/Tools/mips-ps1/mips/bin/mipsel-none-elf-ld.exe: build/src/game/common/audiocmn.c.o: in function `AudioCmn_ReverbOff__Fv':
(.text+0x3198): undefined reference to `SNDfxmasterlevel'
C:/Tools/mips-ps1/mips/bin/mipsel-none-elf-ld.exe: build/src/game/common/audiocmn.c.o: in function `AudioCmn_Reset__Fv':
(.text+0x3264): undefined reference to `gettick'
C:/Tools/mips-ps1/mips/bin/mipsel-none-elf-ld.exe: (.text+0x3284): undefined reference to `gettick'
C:/Tools/mips-ps1/mips/bin/mipsel-none-elf-ld.exe: (.text+0x32a0): undefined reference to `systemtask'
C:/Tools/mips-ps1/mips/bin/mipsel-none-elf-ld.exe: (.text+0x32a8): undefined reference to `SNDmemlargestunused'
C:/Tools/mips-ps1/mips/bin/mipsel-none-elf-ld.exe: (.text+0x33f0): undefined reference to `gettick'
C:/Tools/mips-ps1/mips/bin/mipsel-none-elf-ld.exe: (.text+0x33fc): undefined reference to `gettick'
C:/Tools/mips-ps1/mips/bin/mipsel-none-elf-ld.exe: (.text+0x3414): undefined reference to `gettick'
C:/Tools/mips-ps1/mips/bin/mipsel-none-elf-ld.exe: (.text+0x3454): undefined reference to `gettick'
C:/Tools/mips-ps1/mips/bin/mipsel-none-elf-ld.exe: (.text+0x3474): undefined reference to `systemtask'
C:/Tools/mips-ps1/mips/bin/mipsel-none-elf-ld.exe: (.text+0x34c4): undefined reference to `gettick'
C:/Tools/mips-ps1/mips/bin/mipsel-none-elf-ld.exe: (.text+0x34cc): undefined reference to `gettick'
C:/Tools/mips-ps1/mips/bin/mipsel-none-elf-ld.exe: build/src/game/common/audiocmn.c.o: in function `AudioCmn_DeInit__Fv':
(.text+0x359c): undefined reference to `SNDbankremove'
C:/Tools/mips-ps1/mips/bin/mipsel-none-elf-ld.exe: build/src/game/common/audiocmn.c.o: in function `AudioCmn_UnPauseAndQuit__Fv':
(.text+0x36b4): undefined reference to `SNDover'
C:/Tools/mips-ps1/mips/bin/mipsel-none-elf-ld.exe: (.text+0x36c4): undefined reference to `systemtask'
C:/Tools/mips-ps1/mips/bin/mipsel-none-elf-ld.exe: (.text+0x36dc): undefined reference to `SNDmastervol'
C:/Tools/mips-ps1/mips/bin/mipsel-none-elf-ld.exe: (.text+0x3754): undefined reference to `SNDmastervol'
C:/Tools/mips-ps1/mips/bin/mipsel-none-elf-ld.exe: build/src/game/common/audiocmn.c.o: in function `AudioCmn_UnPauseAndRestart__Fv':
(.text+0x37a0): undefined reference to `SNDover'
C:/Tools/mips-ps1/mips/bin/mipsel-none-elf-ld.exe: (.text+0x37b0): undefined reference to `systemtask'
C:/Tools/mips-ps1/mips/bin/mipsel-none-elf-ld.exe: (.text+0x37c8): undefined reference to `SNDmastervol'
C:/Tools/mips-ps1/mips/bin/mipsel-none-elf-ld.exe: (.text+0x381c): undefined reference to `SNDmastervol'
C:/Tools/mips-ps1/mips/bin/mipsel-none-elf-ld.exe: build/src/game/common/audiocmn.c.o: in function `AudioCmn_UnPause__Fv':
(.text+0x3888): undefined reference to `SNDmastervol'
C:/Tools/mips-ps1/mips/bin/mipsel-none-elf-ld.exe: build/src/game/common/audiocmn.c.o: in function `AudioCmn_InitReverb__Fv':
(.text+0x3928): undefined reference to `SNDfxinitbus'
C:/Tools/mips-ps1/mips/bin/mipsel-none-elf-ld.exe: (.text+0x3938): undefined reference to `SNDfxmasterlevel'
C:/Tools/mips-ps1/mips/bin/mipsel-none-elf-ld.exe: build/src/game/common/audioeng.c.o: in function `AudioEng_Set__Fiiiiiiii':
(.text+0x110): undefined reference to `fixedmult'
C:/Tools/mips-ps1/mips/bin/mipsel-none-elf-ld.exe: build/src/game/common/audioeng.c.o: in function `AudioEng_Update__Fv':
(.text+0x300): undefined reference to `gettick'
C:/Tools/mips-ps1/mips/bin/mipsel-none-elf-ld.exe: (.text+0x31c): undefined reference to `gettick'
C:/Tools/mips-ps1/mips/bin/mipsel-none-elf-ld.exe: (.text+0x63c): undefined reference to `SND3dpos'
C:/Tools/mips-ps1/mips/bin/mipsel-none-elf-ld.exe: (.text+0x744): undefined reference to `SND3dpos'
C:/Tools/mips-ps1/mips/bin/mipsel-none-elf-ld.exe: build/src/game/common/audioeng.c.o: in function `AudioEng_LoadDef__FPcT0illPP13AudioEng_tDef':
(.text+0x864): undefined reference to `reservememadr'
C:/Tools/mips-ps1/mips/bin/mipsel-none-elf-ld.exe: (.text+0x888): undefined reference to `FILE_readsync'
C:/Tools/mips-ps1/mips/bin/mipsel-none-elf-ld.exe: build/src/game/common/audioeng.c.o: in function `AudioEng_StartUp__FiPc':
(.text+0x920): undefined reference to `reservememadr'
C:/Tools/mips-ps1/mips/bin/mipsel-none-elf-ld.exe: (.text+0xa20): undefined reference to `loadbigfileheader'
C:/Tools/mips-ps1/mips/bin/mipsel-none-elf-ld.exe: (.text+0xa74): undefined reference to `loadbigfileheader'
C:/Tools/mips-ps1/mips/bin/mipsel-none-elf-ld.exe: (.text+0xa94): undefined reference to `FILE_opensync'
C:/Tools/mips-ps1/mips/bin/mipsel-none-elf-ld.exe: (.text+0xaa0): undefined reference to `bigcount'
C:/Tools/mips-ps1/mips/bin/mipsel-none-elf-ld.exe: (.text+0xac4): undefined reference to `locatebigentry'
C:/Tools/mips-ps1/mips/bin/mipsel-none-elf-ld.exe: (.text+0xad8): undefined reference to `wildcard'
C:/Tools/mips-ps1/mips/bin/mipsel-none-elf-ld.exe: (.text+0xaf8): undefined reference to `reservememadr'
C:/Tools/mips-ps1/mips/bin/mipsel-none-elf-ld.exe: (.text+0xb20): undefined reference to `FILE_readsync'
C:/Tools/mips-ps1/mips/bin/mipsel-none-elf-ld.exe: (.text+0xb68): undefined reference to `wildcard'
C:/Tools/mips-ps1/mips/bin/mipsel-none-elf-ld.exe: (.text+0xba8): undefined reference to `wildcard'
C:/Tools/mips-ps1/mips/bin/mipsel-none-elf-ld.exe: (.text+0xbf4): undefined reference to `FILE_closesync'
C:/Tools/mips-ps1/mips/bin/mipsel-none-elf-ld.exe: (.text+0xbfc): undefined reference to `purgememadr'
C:/Tools/mips-ps1/mips/bin/mipsel-none-elf-ld.exe: (.text+0xd98): undefined reference to `reservememadr'
C:/Tools/mips-ps1/mips/bin/mipsel-none-elf-ld.exe: (.text+0xe44): undefined reference to `purgememadr'
C:/Tools/mips-ps1/mips/bin/mipsel-none-elf-ld.exe: (.text+0xe50): undefined reference to `purgememadr'
C:/Tools/mips-ps1/mips/bin/mipsel-none-elf-ld.exe: build/src/game/common/audioeng.c.o: in function `AudioEng_CleanUp__Fv':
(.text+0x1024): undefined reference to `purgememadr'
C:/Tools/mips-ps1/mips/bin/mipsel-none-elf-ld.exe: (.text+0x102c): undefined reference to `purgememadr'
C:/Tools/mips-ps1/mips/bin/mipsel-none-elf-ld.exe: build/src/game/common/audiomus.c.o: in function `AudioMus_QueueRequestedSong__Fv':
(.text+0x38c): undefined reference to `locatebigentry'
C:/Tools/mips-ps1/mips/bin/mipsel-none-elf-ld.exe: (.text+0x3d0): undefined reference to `gettick'
C:/Tools/mips-ps1/mips/bin/mipsel-none-elf-ld.exe: build/src/game/common/audiomus.c.o: in function `AudioMus_Server__Fii':
(.text+0x808): undefined reference to `gettick'
C:/Tools/mips-ps1/mips/bin/mipsel-none-elf-ld.exe: build/src/game/common/audiomus.c.o: in function `AudioMus_GetSongList__FPci':
(.text+0x9e4): undefined reference to `locatebigentry'
C:/Tools/mips-ps1/mips/bin/mipsel-none-elf-ld.exe: (.text+0x9f0): undefined reference to `wildcard'
C:/Tools/mips-ps1/mips/bin/mipsel-none-elf-ld.exe: (.text+0xa30): undefined reference to `reservememadr'
C:/Tools/mips-ps1/mips/bin/mipsel-none-elf-ld.exe: (.text+0xa80): undefined reference to `locatebigentry'
C:/Tools/mips-ps1/mips/bin/mipsel-none-elf-ld.exe: (.text+0xa90): undefined reference to `wildcard'
C:/Tools/mips-ps1/mips/bin/mipsel-none-elf-ld.exe: (.text+0xb20): undefined reference to `reservememadr'
C:/Tools/mips-ps1/mips/bin/mipsel-none-elf-ld.exe: build/src/game/common/audiomus.c.o: in function `AudioMus_DriverStartUp__Fii':
(.text+0xc64): undefined reference to `SNDgetlimits'
C:/Tools/mips-ps1/mips/bin/mipsel-none-elf-ld.exe: (.text+0xc70): undefined reference to `SNDsetlimits'
C:/Tools/mips-ps1/mips/bin/mipsel-none-elf-ld.exe: (.text+0xcf8): undefined reference to `addsystemtask'
C:/Tools/mips-ps1/mips/bin/mipsel-none-elf-ld.exe: build/src/game/common/audiomus.c.o: in function `AudioMus_SysStartUp__FiiPc':
(.text+0xd58): undefined reference to `reservememadr'
C:/Tools/mips-ps1/mips/bin/mipsel-none-elf-ld.exe: (.text+0xd98): undefined reference to `reservememadr'
C:/Tools/mips-ps1/mips/bin/mipsel-none-elf-ld.exe: (.text+0xddc): undefined reference to `loadbigfileheader'
C:/Tools/mips-ps1/mips/bin/mipsel-none-elf-ld.exe: (.text+0xdf0): undefined reference to `bigcount'
C:/Tools/mips-ps1/mips/bin/mipsel-none-elf-ld.exe: build/src/game/common/audiomus.c.o: in function `AudioMus_DriverCleanUp__Fv':
(.text+0xe3c): undefined reference to `delsystemtask'
C:/Tools/mips-ps1/mips/bin/mipsel-none-elf-ld.exe: build/src/game/common/audiomus.c.o: in function `AudioMus_SysCleanUp__Fv':
(.text+0xec8): undefined reference to `purgememadr'
C:/Tools/mips-ps1/mips/bin/mipsel-none-elf-ld.exe: (.text+0xee8): undefined reference to `purgememadr'
C:/Tools/mips-ps1/mips/bin/mipsel-none-elf-ld.exe: (.text+0xef4): undefined reference to `purgememadr'
C:/Tools/mips-ps1/mips/bin/mipsel-none-elf-ld.exe: build/src/game/common/audiomus.c.o: in function `AudioMus_BuildPattern__FPc':
(.text+0x10c0): undefined reference to `locatebigentry'
C:/Tools/mips-ps1/mips/bin/mipsel-none-elf-ld.exe: (.text+0x10cc): undefined reference to `wildcard'
C:/Tools/mips-ps1/mips/bin/mipsel-none-elf-ld.exe: build/src/game/common/audiotrk.c.o: in function `AudioTrk_StartUp__Fv':
(.text+0xfc): undefined reference to `reservememadr'
C:/Tools/mips-ps1/mips/bin/mipsel-none-elf-ld.exe: build/src/game/common/audiotrk.c.o: in function `AudioTrk_AddCustomObject__FP9AudioElemiP8coorddefiP8Car_tObji':
(.text+0x298): undefined reference to `random'
C:/Tools/mips-ps1/mips/bin/mipsel-none-elf-ld.exe: (.text+0x328): undefined reference to `SNDover'
C:/Tools/mips-ps1/mips/bin/mipsel-none-elf-ld.exe: (.text+0x388): undefined reference to `random'
C:/Tools/mips-ps1/mips/bin/mipsel-none-elf-ld.exe: (.text+0x418): undefined reference to `SNDover'
C:/Tools/mips-ps1/mips/bin/mipsel-none-elf-ld.exe: (.text+0x4d4): undefined reference to `SNDover'
C:/Tools/mips-ps1/mips/bin/mipsel-none-elf-ld.exe: (.text+0x610): undefined reference to `fixedmult'
C:/Tools/mips-ps1/mips/bin/mipsel-none-elf-ld.exe: (.text+0x6b4): undefined reference to `fixedmult'
C:/Tools/mips-ps1/mips/bin/mipsel-none-elf-ld.exe: (.text+0x748): undefined reference to `PAD_state'
C:/Tools/mips-ps1/mips/bin/mipsel-none-elf-ld.exe: build/src/game/common/audiotrk.c.o: in function `AudioTrk_SoundTrack__FP8Car_tObji':
(.text+0x9bc): undefined reference to `random'
C:/Tools/mips-ps1/mips/bin/mipsel-none-elf-ld.exe: build/src/game/common/audiotrk.c.o: in function `AudioTrk_PreLoad__Fv':
(.text+0xdac): undefined reference to `gettick'
C:/Tools/mips-ps1/mips/bin/mipsel-none-elf-ld.exe: (.text+0xdd0): undefined reference to `gettick'
C:/Tools/mips-ps1/mips/bin/mipsel-none-elf-ld.exe: (.text+0xde4): undefined reference to `SNDmemlargestunused'
C:/Tools/mips-ps1/mips/bin/mipsel-none-elf-ld.exe: (.text+0xed0): undefined reference to `systemtask'
C:/Tools/mips-ps1/mips/bin/mipsel-none-elf-ld.exe: (.text+0xee0): undefined reference to `gettick'
C:/Tools/mips-ps1/mips/bin/mipsel-none-elf-ld.exe: build/src/game/common/audiotrk.c.o: in function `AudioTrk_CleanUp__Fv':
(.text+0xf8c): undefined reference to `purgememadr'
C:/Tools/mips-ps1/mips/bin/mipsel-none-elf-ld.exe: build/src/game/common/bworld.c.o: in function `SetupBuildMatrices__FP13DRender_tViewP11Draw_DCache':
(.text+0x46c): undefined reference to `transpose'
C:/Tools/mips-ps1/mips/bin/mipsel-none-elf-ld.exe: (.text+0x5d8): undefined reference to `xformy'
C:/Tools/mips-ps1/mips/bin/mipsel-none-elf-ld.exe: (.text+0x5e8): undefined reference to `transpose'
C:/Tools/mips-ps1/mips/bin/mipsel-none-elf-ld.exe: build/src/game/common/bworldSm.c.o: in function `BWorldSm_FindClosestQuadRez__FP8coorddefP12BWorldSm_Posi':
(.text+0x1200): undefined reference to `fixedmult'
C:/Tools/mips-ps1/mips/bin/mipsel-none-elf-ld.exe: (.text+0x1220): undefined reference to `fixedmult'
C:/Tools/mips-ps1/mips/bin/mipsel-none-elf-ld.exe: (.text+0x1248): undefined reference to `fixedmult'
C:/Tools/mips-ps1/mips/bin/mipsel-none-elf-ld.exe: (.text+0x1268): undefined reference to `fixedmult'
C:/Tools/mips-ps1/mips/bin/mipsel-none-elf-ld.exe: (.text+0x1290): undefined reference to `fixedmult'
C:/Tools/mips-ps1/mips/bin/mipsel-none-elf-ld.exe: build/src/game/common/bworldSm.c.o:(.text+0x12b0): more undefined references to `fixedmult' follow
C:/Tools/mips-ps1/mips/bin/mipsel-none-elf-ld.exe: build/src/game/common/bworldSm.c.o: in function `Check_Rot__FP12BWorldSm_Pos':
(.text+0x1ba4): undefined reference to `crossproduct'
C:/Tools/mips-ps1/mips/bin/mipsel-none-elf-ld.exe: build/src/game/common/bworldSm.c.o: in function `BWorldSm_FindClosestTriangleRez__FP8coorddefP12BWorldSm_Posi':
(.text+0x1c9c): undefined reference to `fixedmult'
C:/Tools/mips-ps1/mips/bin/mipsel-none-elf-ld.exe: (.text+0x1cbc): undefined reference to `fixedmult'
C:/Tools/mips-ps1/mips/bin/mipsel-none-elf-ld.exe: build/src/game/common/camera.c.o: in function `EulerToMat__FP10matrixtdefiii':
(.text+0x24): undefined reference to `fixedxformx'
C:/Tools/mips-ps1/mips/bin/mipsel-none-elf-ld.exe: (.text+0x34): undefined reference to `fixedxformy'
C:/Tools/mips-ps1/mips/bin/mipsel-none-elf-ld.exe: (.text+0x44): undefined reference to `fixedxformz'
C:/Tools/mips-ps1/mips/bin/mipsel-none-elf-ld.exe: build/src/game/common/camera.c.o: in function `Camera_UpdateCollisionCam__Fi':
(.text+0x3b0): undefined reference to `transform'
C:/Tools/mips-ps1/mips/bin/mipsel-none-elf-ld.exe: (.text+0x3e8): undefined reference to `fixedmult'
C:/Tools/mips-ps1/mips/bin/mipsel-none-elf-ld.exe: (.text+0x40c): undefined reference to `fixedmult'
C:/Tools/mips-ps1/mips/bin/mipsel-none-elf-ld.exe: (.text+0x430): undefined reference to `fixedmult'
C:/Tools/mips-ps1/mips/bin/mipsel-none-elf-ld.exe: build/src/game/common/camera.c.o: in function `Camera_UpdateSimpleCam__Fi':
(.text+0x528): undefined reference to `transform'
C:/Tools/mips-ps1/mips/bin/mipsel-none-elf-ld.exe: build/src/game/common/camera.c.o: in function `Camera_UpdateBumperCam__Fi':
(.text+0x648): undefined reference to `transform'
C:/Tools/mips-ps1/mips/bin/mipsel-none-elf-ld.exe: (.text+0x6ac): undefined reference to `transform'
C:/Tools/mips-ps1/mips/bin/mipsel-none-elf-ld.exe: build/src/game/common/camera.c.o: in function `Camera_UpdateTailCam__Fii':
(.text+0x97c): undefined reference to `transform'
C:/Tools/mips-ps1/mips/bin/mipsel-none-elf-ld.exe: (.text+0xb50): undefined reference to `transform'
C:/Tools/mips-ps1/mips/bin/mipsel-none-elf-ld.exe: build/src/game/common/camera.c.o:(.text+0xbb0): more undefined references to `transform' follow
C:/Tools/mips-ps1/mips/bin/mipsel-none-elf-ld.exe: build/src/game/common/camera.c.o: in function `Camera_UpdateTailCam__Fii':
(.text+0xc7c): undefined reference to `fixedmult'
C:/Tools/mips-ps1/mips/bin/mipsel-none-elf-ld.exe: (.text+0xca0): undefined reference to `fixedmult'
C:/Tools/mips-ps1/mips/bin/mipsel-none-elf-ld.exe: (.text+0xcc4): undefined reference to `fixedmult'
C:/Tools/mips-ps1/mips/bin/mipsel-none-elf-ld.exe: (.text+0xd08): undefined reference to `rdiv'
C:/Tools/mips-ps1/mips/bin/mipsel-none-elf-ld.exe: (.text+0xd18): undefined reference to `fixedmult'
C:/Tools/mips-ps1/mips/bin/mipsel-none-elf-ld.exe: (.text+0xd28): undefined reference to `fixedmult'
C:/Tools/mips-ps1/mips/bin/mipsel-none-elf-ld.exe: (.text+0xd38): undefined reference to `fixedmult'
C:/Tools/mips-ps1/mips/bin/mipsel-none-elf-ld.exe: build/src/game/common/camera.c.o: in function `Camera_UpdateHeliCam__Fii':
(.text+0xfdc): undefined reference to `transform'
C:/Tools/mips-ps1/mips/bin/mipsel-none-elf-ld.exe: (.text+0x123c): undefined reference to `transform'
C:/Tools/mips-ps1/mips/bin/mipsel-none-elf-ld.exe: (.text+0x129c): undefined reference to `transform'
C:/Tools/mips-ps1/mips/bin/mipsel-none-elf-ld.exe: (.text+0x1314): undefined reference to `transform'
C:/Tools/mips-ps1/mips/bin/mipsel-none-elf-ld.exe: (.text+0x1368): undefined reference to `fixedmult'
C:/Tools/mips-ps1/mips/bin/mipsel-none-elf-ld.exe: (.text+0x138c): undefined reference to `fixedmult'
C:/Tools/mips-ps1/mips/bin/mipsel-none-elf-ld.exe: (.text+0x13b0): undefined reference to `fixedmult'
C:/Tools/mips-ps1/mips/bin/mipsel-none-elf-ld.exe: (.text+0x13f4): undefined reference to `rdiv'
C:/Tools/mips-ps1/mips/bin/mipsel-none-elf-ld.exe: (.text+0x1404): undefined reference to `fixedmult'
C:/Tools/mips-ps1/mips/bin/mipsel-none-elf-ld.exe: (.text+0x1414): undefined reference to `fixedmult'
C:/Tools/mips-ps1/mips/bin/mipsel-none-elf-ld.exe: (.text+0x1424): undefined reference to `fixedmult'
C:/Tools/mips-ps1/mips/bin/mipsel-none-elf-ld.exe: build/src/game/common/camera.c.o: in function `Camera_UpdateCircleCam__Fi':
(.text+0x1560): undefined reference to `intsincos'
C:/Tools/mips-ps1/mips/bin/mipsel-none-elf-ld.exe: (.text+0x1570): undefined reference to `fixedmult'
C:/Tools/mips-ps1/mips/bin/mipsel-none-elf-ld.exe: (.text+0x1580): undefined reference to `fixedmult'
C:/Tools/mips-ps1/mips/bin/mipsel-none-elf-ld.exe: (.text+0x16c0): undefined reference to `transform'
C:/Tools/mips-ps1/mips/bin/mipsel-none-elf-ld.exe: build/src/game/common/camera.c.o: in function `Camera_UpdateTVCam__Fi':
(.text+0x1914): undefined reference to `fixedmult'
C:/Tools/mips-ps1/mips/bin/mipsel-none-elf-ld.exe: build/src/game/common/camera.c.o: in function `Camera_UpdateAnimCam__Fi':
(.text+0x1bdc): undefined reference to `transform'
C:/Tools/mips-ps1/mips/bin/mipsel-none-elf-ld.exe: build/src/game/common/camera.c.o: in function `Camera_UpdateFinishCam__Fi':
(.text+0x1cdc): undefined reference to `transform'
C:/Tools/mips-ps1/mips/bin/mipsel-none-elf-ld.exe: build/src/game/common/camera.c.o: in function `Camera_UpdateBlimpCam__Fi':
(.text+0x1e0c): undefined reference to `fixedmult'
C:/Tools/mips-ps1/mips/bin/mipsel-none-elf-ld.exe: (.text+0x1e2c): undefined reference to `fixedmult'
C:/Tools/mips-ps1/mips/bin/mipsel-none-elf-ld.exe: (.text+0x1e4c): undefined reference to `fixedmult'
C:/Tools/mips-ps1/mips/bin/mipsel-none-elf-ld.exe: build/src/game/common/camera.c.o: in function `Camera_SetSplineCam__Fi':
(.text+0x1f60): undefined reference to `fixedmult'
C:/Tools/mips-ps1/mips/bin/mipsel-none-elf-ld.exe: (.text+0x1f74): undefined reference to `fixedmult'
C:/Tools/mips-ps1/mips/bin/mipsel-none-elf-ld.exe: build/src/game/common/camera.c.o:(.text+0x1f88): more undefined references to `fixedmult' follow
C:/Tools/mips-ps1/mips/bin/mipsel-none-elf-ld.exe: build/src/game/common/camera.c.o: in function `Camera_PitchAndRoll__Fi':
(.text+0x36ac): undefined reference to `fixedxformz'
C:/Tools/mips-ps1/mips/bin/mipsel-none-elf-ld.exe: (.text+0x36c8): undefined reference to `fixedxformx'
C:/Tools/mips-ps1/mips/bin/mipsel-none-elf-ld.exe: build/src/game/common/camera.c.o: in function `Camera_TooSteep__FiP12BWorldSm_Pos':
(.text+0x3798): undefined reference to `fixedmult'
C:/Tools/mips-ps1/mips/bin/mipsel-none-elf-ld.exe: (.text+0x37a8): undefined reference to `fixedmult'
C:/Tools/mips-ps1/mips/bin/mipsel-none-elf-ld.exe: (.text+0x37b8): undefined reference to `fixedmult'
C:/Tools/mips-ps1/mips/bin/mipsel-none-elf-ld.exe: (.text+0x3820): undefined reference to `fixedmult'
C:/Tools/mips-ps1/mips/bin/mipsel-none-elf-ld.exe: (.text+0x3830): undefined reference to `fixedmult'
C:/Tools/mips-ps1/mips/bin/mipsel-none-elf-ld.exe: build/src/game/common/camera.c.o:(.text+0x3840): more undefined references to `fixedmult' follow
C:/Tools/mips-ps1/mips/bin/mipsel-none-elf-ld.exe: build/src/game/common/camera.c.o: in function `Camera_CheckWallCollisions__FiP8coorddef':
(.text+0x393c): undefined reference to `transform'
C:/Tools/mips-ps1/mips/bin/mipsel-none-elf-ld.exe: (.text+0x3cdc): undefined reference to `intsincos'
C:/Tools/mips-ps1/mips/bin/mipsel-none-elf-ld.exe: (.text+0x3cec): undefined reference to `fixedmult'
C:/Tools/mips-ps1/mips/bin/mipsel-none-elf-ld.exe: (.text+0x3cfc): undefined reference to `fixedmult'
C:/Tools/mips-ps1/mips/bin/mipsel-none-elf-ld.exe: (.text+0x3d18): undefined reference to `fixedmult'
C:/Tools/mips-ps1/mips/bin/mipsel-none-elf-ld.exe: (.text+0x3d28): undefined reference to `fixedmult'
C:/Tools/mips-ps1/mips/bin/mipsel-none-elf-ld.exe: (.text+0x3eac): undefined reference to `intsincos'
C:/Tools/mips-ps1/mips/bin/mipsel-none-elf-ld.exe: (.text+0x3ebc): undefined reference to `fixedmult'
C:/Tools/mips-ps1/mips/bin/mipsel-none-elf-ld.exe: (.text+0x3ecc): undefined reference to `fixedmult'
C:/Tools/mips-ps1/mips/bin/mipsel-none-elf-ld.exe: (.text+0x3ee8): undefined reference to `fixedmult'
C:/Tools/mips-ps1/mips/bin/mipsel-none-elf-ld.exe: (.text+0x3ef8): undefined reference to `fixedmult'
C:/Tools/mips-ps1/mips/bin/mipsel-none-elf-ld.exe: (.text+0x40fc): undefined reference to `fixedmult'
C:/Tools/mips-ps1/mips/bin/mipsel-none-elf-ld.exe: build/src/game/common/camera.c.o:(.text+0x410c): more undefined references to `fixedmult' follow
C:/Tools/mips-ps1/mips/bin/mipsel-none-elf-ld.exe: build/src/game/common/camera.c.o: in function `Camera_OpponentLookBehind__FiP8coorddefi':
(.text+0x47e8): undefined reference to `intarccos'
C:/Tools/mips-ps1/mips/bin/mipsel-none-elf-ld.exe: (.text+0x47f8): undefined reference to `intarccos'
C:/Tools/mips-ps1/mips/bin/mipsel-none-elf-ld.exe: (.text+0x4808): undefined reference to `intarccos'
C:/Tools/mips-ps1/mips/bin/mipsel-none-elf-ld.exe: (.text+0x4880): undefined reference to `fixedmult'
C:/Tools/mips-ps1/mips/bin/mipsel-none-elf-ld.exe: (.text+0x48a0): undefined reference to `fixedmult'
C:/Tools/mips-ps1/mips/bin/mipsel-none-elf-ld.exe: (.text+0x48c0): undefined reference to `fixedmult'
C:/Tools/mips-ps1/mips/bin/mipsel-none-elf-ld.exe: build/src/game/common/camera.c.o: in function `Camera_GetViewInfo__FiP17DRender_tCalcViewi':
(.text+0x4c48): undefined reference to `transpose'
C:/Tools/mips-ps1/mips/bin/mipsel-none-elf-ld.exe: (.text+0x4c98): undefined reference to `fixedmult'
C:/Tools/mips-ps1/mips/bin/mipsel-none-elf-ld.exe: (.text+0x4ca8): undefined reference to `fixedmult'
C:/Tools/mips-ps1/mips/bin/mipsel-none-elf-ld.exe: (.text+0x4cb8): undefined reference to `fixedmult'
C:/Tools/mips-ps1/mips/bin/mipsel-none-elf-ld.exe: (.text+0x4cd4): undefined reference to `transpose'
C:/Tools/mips-ps1/mips/bin/mipsel-none-elf-ld.exe: (.text+0x4d08): undefined reference to `transform'
C:/Tools/mips-ps1/mips/bin/mipsel-none-elf-ld.exe: build/src/game/common/cars.c.o: in function `Cars_DoGravityEffectsOnAcc__FP8Car_tObji':
(.text+0x28): undefined reference to `fixedmult'
C:/Tools/mips-ps1/mips/bin/mipsel-none-elf-ld.exe: (.text+0x44): undefined reference to `fixedmult'
C:/Tools/mips-ps1/mips/bin/mipsel-none-elf-ld.exe: (.text+0x54): undefined reference to `fixedmult'
C:/Tools/mips-ps1/mips/bin/mipsel-none-elf-ld.exe: (.text+0x64): undefined reference to `fixedmult'
C:/Tools/mips-ps1/mips/bin/mipsel-none-elf-ld.exe: (.text+0xc0): undefined reference to `fixedmult'
C:/Tools/mips-ps1/mips/bin/mipsel-none-elf-ld.exe: build/src/game/common/cars.c.o:(.text+0xd0): more undefined references to `fixedmult' follow
C:/Tools/mips-ps1/mips/bin/mipsel-none-elf-ld.exe: build/src/game/common/cars.c.o: in function `Cars_DoExtraCarCollisionProcessing__FP8Car_tObj':
(.text+0xfac): undefined reference to `random'
C:/Tools/mips-ps1/mips/bin/mipsel-none-elf-ld.exe: build/src/game/common/cars.c.o: in function `Car_TireSkiddingStuff__FP8Car_tObj':
(.text+0x21d0): undefined reference to `random'
C:/Tools/mips-ps1/mips/bin/mipsel-none-elf-ld.exe: (.text+0x2884): undefined reference to `random'
C:/Tools/mips-ps1/mips/bin/mipsel-none-elf-ld.exe: (.text+0x2f40): undefined reference to `random'
C:/Tools/mips-ps1/mips/bin/mipsel-none-elf-ld.exe: (.text+0x35fc): undefined reference to `random'
C:/Tools/mips-ps1/mips/bin/mipsel-none-elf-ld.exe: build/src/game/common/cars.c.o: in function `Car_DoPostCollisionStuff__FP8Car_tObj':
(.text+0x3ba0): undefined reference to `AIPhysic_ProcessCollision__FP8Car_tObj'
C:/Tools/mips-ps1/mips/bin/mipsel-none-elf-ld.exe: (.text+0x3cc0): undefined reference to `fixedmult'
C:/Tools/mips-ps1/mips/bin/mipsel-none-elf-ld.exe: (.text+0x3cf0): undefined reference to `fixedmult'
C:/Tools/mips-ps1/mips/bin/mipsel-none-elf-ld.exe: (.text+0x3d08): undefined reference to `fixedmult'
C:/Tools/mips-ps1/mips/bin/mipsel-none-elf-ld.exe: build/src/game/common/cars.c.o: in function `Cars_CalculateStartingGridOffset__FP8Car_tObjPiP8coorddef':
(.text+0x3e9c): undefined reference to `AITune_GetOneWay__Fv'
C:/Tools/mips-ps1/mips/bin/mipsel-none-elf-ld.exe: build/src/game/common/cars.c.o: in function `Cars_IniCarObjects__FP8Car_tObji':
(.text+0x42e4): undefined reference to `AIInit_RestartAICar__FP8Car_tObj'
C:/Tools/mips-ps1/mips/bin/mipsel-none-elf-ld.exe: (.text+0x4360): undefined reference to `rdiv'
C:/Tools/mips-ps1/mips/bin/mipsel-none-elf-ld.exe: (.text+0x4378): undefined reference to `rdiv'
C:/Tools/mips-ps1/mips/bin/mipsel-none-elf-ld.exe: build/src/game/common/cars.c.o: in function `Cars_InitCar__FP8Car_tObji':
(.text+0x43f8): undefined reference to `AIInit_IsNonStandardCarFile__Fi'
C:/Tools/mips-ps1/mips/bin/mipsel-none-elf-ld.exe: (.text+0x4440): undefined reference to `loadpackadr'
C:/Tools/mips-ps1/mips/bin/mipsel-none-elf-ld.exe: (.text+0x44cc): undefined reference to `loadfileadrz'
C:/Tools/mips-ps1/mips/bin/mipsel-none-elf-ld.exe: (.text+0x44dc): undefined reference to `locatebig'
C:/Tools/mips-ps1/mips/bin/mipsel-none-elf-ld.exe: (.text+0x4510): undefined reference to `AIInit_InitAICar__FP8Car_tObjP10Udff_tInfo'
C:/Tools/mips-ps1/mips/bin/mipsel-none-elf-ld.exe: (.text+0x4518): undefined reference to `AIInit_RestartAICar__FP8Car_tObj'
C:/Tools/mips-ps1/mips/bin/mipsel-none-elf-ld.exe: (.text+0x452c): undefined reference to `reservememadr'
C:/Tools/mips-ps1/mips/bin/mipsel-none-elf-ld.exe: (.text+0x45f0): undefined reference to `AIPhysic_Main__FP8Car_tObj'
C:/Tools/mips-ps1/mips/bin/mipsel-none-elf-ld.exe: (.text+0x45f4): undefined reference to `AIPhysic_Main__FP8Car_tObj'
C:/Tools/mips-ps1/mips/bin/mipsel-none-elf-ld.exe: (.text+0x4680): undefined reference to `purgememadr'
C:/Tools/mips-ps1/mips/bin/mipsel-none-elf-ld.exe: (.text+0x4688): undefined reference to `purgememadr'
C:/Tools/mips-ps1/mips/bin/mipsel-none-elf-ld.exe: build/src/game/common/cars.c.o: in function `Cars_DeInitCar__FP8Car_tObj':
(.text+0x46c0): undefined reference to `AIInit_DeInitAICar__FP8Car_tObj'
C:/Tools/mips-ps1/mips/bin/mipsel-none-elf-ld.exe: (.text+0x46d8): undefined reference to `purgememadr'
C:/Tools/mips-ps1/mips/bin/mipsel-none-elf-ld.exe: build/src/game/common/cars.c.o: in function `Cars_StartUp__Fv':
(.text+0x4830): undefined reference to `reservememadr'
C:/Tools/mips-ps1/mips/bin/mipsel-none-elf-ld.exe: (.text+0x4960): undefined reference to `purgememadr'
C:/Tools/mips-ps1/mips/bin/mipsel-none-elf-ld.exe: build/src/game/common/cars.c.o: in function `Cars_CleanUp__Fv':
(.text+0x4da0): undefined reference to `purgememadr'
C:/Tools/mips-ps1/mips/bin/mipsel-none-elf-ld.exe: build/src/game/common/cars.c.o: in function `Cars_ManageBureaucracy__Fv':
(.text+0x54b4): undefined reference to `AIPhysics_UseCoolPhysics__FP8Car_tObj'
C:/Tools/mips-ps1/mips/bin/mipsel-none-elf-ld.exe: (.text+0x5524): undefined reference to `fixedmult'
C:/Tools/mips-ps1/mips/bin/mipsel-none-elf-ld.exe: (.text+0x5548): undefined reference to `fixedmult'
C:/Tools/mips-ps1/mips/bin/mipsel-none-elf-ld.exe: (.text+0x556c): undefined reference to `fixedmult'
C:/Tools/mips-ps1/mips/bin/mipsel-none-elf-ld.exe: build/src/game/common/clock.c.o: in function `Clock_MasterInterruptHandler__Fv':
(.text+0x8): undefined reference to `savegp'
C:/Tools/mips-ps1/mips/bin/mipsel-none-elf-ld.exe: (.text+0x94): undefined reference to `restoregp'
C:/Tools/mips-ps1/mips/bin/mipsel-none-elf-ld.exe: build/src/game/common/clock.c.o: in function `Clock_SystemStartUp__Fv':
(.text+0xd0): undefined reference to `addtimer'
C:/Tools/mips-ps1/mips/bin/mipsel-none-elf-ld.exe: build/src/game/common/clock.c.o: in function `Clock_SystemCleanUp__Fv':
(.text+0x120): undefined reference to `deltimer'
C:/Tools/mips-ps1/mips/bin/mipsel-none-elf-ld.exe: build/src/game/common/collide.c.o: in function `Collide_DoObjectFixedObjectCollision__FP13BO_tNewtonObjP8coorddefN21':
(.text+0x1328): undefined reference to `fixedmult'
C:/Tools/mips-ps1/mips/bin/mipsel-none-elf-ld.exe: (.text+0x1344): undefined reference to `rdiv'
C:/Tools/mips-ps1/mips/bin/mipsel-none-elf-ld.exe: (.text+0x1350): undefined reference to `fixedmult'
C:/Tools/mips-ps1/mips/bin/mipsel-none-elf-ld.exe: (.text+0x14f4): undefined reference to `fixedsqrt'
C:/Tools/mips-ps1/mips/bin/mipsel-none-elf-ld.exe: (.text+0x1514): undefined reference to `rdiv'
C:/Tools/mips-ps1/mips/bin/mipsel-none-elf-ld.exe: (.text+0x1524): undefined reference to `fixedmult'
C:/Tools/mips-ps1/mips/bin/mipsel-none-elf-ld.exe: (.text+0x1534): undefined reference to `fixedmult'
C:/Tools/mips-ps1/mips/bin/mipsel-none-elf-ld.exe: (.text+0x154c): undefined reference to `fixedmult'
C:/Tools/mips-ps1/mips/bin/mipsel-none-elf-ld.exe: (.text+0x155c): undefined reference to `fixedmult'
C:/Tools/mips-ps1/mips/bin/mipsel-none-elf-ld.exe: (.text+0x156c): undefined reference to `fixedmult'
C:/Tools/mips-ps1/mips/bin/mipsel-none-elf-ld.exe: build/src/game/common/collide.c.o:(.text+0x17a8): more undefined references to `fixedmult' follow
C:/Tools/mips-ps1/mips/bin/mipsel-none-elf-ld.exe: build/src/game/common/collide.c.o: in function `Collide_DoObjectFixedObjectCollision__FP13BO_tNewtonObjP8coorddefN21':
(.text+0x1ad0): undefined reference to `rdiv'
C:/Tools/mips-ps1/mips/bin/mipsel-none-elf-ld.exe: (.text+0x1adc): undefined reference to `fixedmult'
C:/Tools/mips-ps1/mips/bin/mipsel-none-elf-ld.exe: (.text+0x1aec): undefined reference to `fixedmult'
C:/Tools/mips-ps1/mips/bin/mipsel-none-elf-ld.exe: (.text+0x1afc): undefined reference to `fixedmult'
C:/Tools/mips-ps1/mips/bin/mipsel-none-elf-ld.exe: (.text+0x1b0c): undefined reference to `fixedmult'
C:/Tools/mips-ps1/mips/bin/mipsel-none-elf-ld.exe: (.text+0x1b20): undefined reference to `fixedmult'
C:/Tools/mips-ps1/mips/bin/mipsel-none-elf-ld.exe: build/src/game/common/collide.c.o:(.text+0x1b30): more undefined references to `fixedmult' follow
C:/Tools/mips-ps1/mips/bin/mipsel-none-elf-ld.exe: build/src/game/common/collide.c.o: in function `Collide_TestWithPlane__FP13BO_tNewtonObjP8coorddefT1':
(.text+0x28e4): undefined reference to `fixedsqrt'
C:/Tools/mips-ps1/mips/bin/mipsel-none-elf-ld.exe: (.text+0x28f4): undefined reference to `fixedsqrt'
C:/Tools/mips-ps1/mips/bin/mipsel-none-elf-ld.exe: (.text+0x2908): undefined reference to `fixedmult'
C:/Tools/mips-ps1/mips/bin/mipsel-none-elf-ld.exe: (.text+0x2918): undefined reference to `fixedmult'
C:/Tools/mips-ps1/mips/bin/mipsel-none-elf-ld.exe: (.text+0x2928): undefined reference to `fixedmult'
C:/Tools/mips-ps1/mips/bin/mipsel-none-elf-ld.exe: (.text+0x2944): undefined reference to `fixedmult'
C:/Tools/mips-ps1/mips/bin/mipsel-none-elf-ld.exe: (.text+0x2954): undefined reference to `fixedmult'
C:/Tools/mips-ps1/mips/bin/mipsel-none-elf-ld.exe: build/src/game/common/collide.c.o:(.text+0x2964): more undefined references to `fixedmult' follow
C:/Tools/mips-ps1/mips/bin/mipsel-none-elf-ld.exe: build/src/game/common/collide.c.o: in function `Collide_DoObjectObjectCollision__FP13BO_tNewtonObjT0P8coorddefT2':
(.text+0x2f1c): undefined reference to `rdiv'
C:/Tools/mips-ps1/mips/bin/mipsel-none-elf-ld.exe: (.text+0x2fbc): undefined reference to `fixedmult'
C:/Tools/mips-ps1/mips/bin/mipsel-none-elf-ld.exe: (.text+0x2fd4): undefined reference to `fixedmult'
C:/Tools/mips-ps1/mips/bin/mipsel-none-elf-ld.exe: (.text+0x2fe8): undefined reference to `fixedmult'
C:/Tools/mips-ps1/mips/bin/mipsel-none-elf-ld.exe: (.text+0x2ffc): undefined reference to `fixedmult'
C:/Tools/mips-ps1/mips/bin/mipsel-none-elf-ld.exe: (.text+0x301c): undefined reference to `fixedmult'
C:/Tools/mips-ps1/mips/bin/mipsel-none-elf-ld.exe: build/src/game/common/collide.c.o:(.text+0x303c): more undefined references to `fixedmult' follow
C:/Tools/mips-ps1/mips/bin/mipsel-none-elf-ld.exe: build/src/game/common/collide.c.o: in function `Collide_TestObjectVertices__FP13BO_tNewtonObjT0P8coorddefT2':
(.text+0x5598): undefined reference to `rdiv'
C:/Tools/mips-ps1/mips/bin/mipsel-none-elf-ld.exe: (.text+0x55d8): undefined reference to `fixedmult'
C:/Tools/mips-ps1/mips/bin/mipsel-none-elf-ld.exe: (.text+0x55e8): undefined reference to `fixedmult'
C:/Tools/mips-ps1/mips/bin/mipsel-none-elf-ld.exe: (.text+0x55f8): undefined reference to `fixedmult'
C:/Tools/mips-ps1/mips/bin/mipsel-none-elf-ld.exe: (.text+0x564c): undefined reference to `fixedmult'
C:/Tools/mips-ps1/mips/bin/mipsel-none-elf-ld.exe: (.text+0x565c): undefined reference to `fixedmult'
C:/Tools/mips-ps1/mips/bin/mipsel-none-elf-ld.exe: build/src/game/common/collide.c.o:(.text+0x566c): more undefined references to `fixedmult' follow
C:/Tools/mips-ps1/mips/bin/mipsel-none-elf-ld.exe: build/src/game/common/collide.c.o: in function `Collide_TestObjectVertices__FP13BO_tNewtonObjT0P8coorddefT2':
(.text+0x56cc): undefined reference to `rdiv'
C:/Tools/mips-ps1/mips/bin/mipsel-none-elf-ld.exe: (.text+0x56dc): undefined reference to `rdiv'
C:/Tools/mips-ps1/mips/bin/mipsel-none-elf-ld.exe: build/src/game/common/collide.c.o: in function `Collide_CheckAccuratePointRadiusCollision__FP13BO_tNewtonObjP8coorddefi':
(.text+0x5cac): undefined reference to `fixedmult'
C:/Tools/mips-ps1/mips/bin/mipsel-none-elf-ld.exe: (.text+0x5cbc): undefined reference to `fixedmult'
C:/Tools/mips-ps1/mips/bin/mipsel-none-elf-ld.exe: (.text+0x5ccc): undefined reference to `fixedmult'
C:/Tools/mips-ps1/mips/bin/mipsel-none-elf-ld.exe: (.text+0x5cec): undefined reference to `fixedmult'
C:/Tools/mips-ps1/mips/bin/mipsel-none-elf-ld.exe: (.text+0x5cfc): undefined reference to `fixedmult'
C:/Tools/mips-ps1/mips/bin/mipsel-none-elf-ld.exe: build/src/game/common/collide.c.o:(.text+0x5d0c): more undefined references to `fixedmult' follow
C:/Tools/mips-ps1/mips/bin/mipsel-none-elf-ld.exe: build/src/game/common/copspeak.c.o: in function `CopSpeak_RadioStaticActive__Fi':
(.text+0xa8): undefined reference to `random'
C:/Tools/mips-ps1/mips/bin/mipsel-none-elf-ld.exe: (.text+0x164): undefined reference to `SNDover'
C:/Tools/mips-ps1/mips/bin/mipsel-none-elf-ld.exe: build/src/game/common/copspeak.c.o: in function `CopSpeak_ReadyNextRequest__Fv':
(.text+0x2e4): undefined reference to `FILE_opstatus'
C:/Tools/mips-ps1/mips/bin/mipsel-none-elf-ld.exe: (.text+0x2f8): undefined reference to `FILE_completeop'
C:/Tools/mips-ps1/mips/bin/mipsel-none-elf-ld.exe: (.text+0x3b8): undefined reference to `FILE_read'
C:/Tools/mips-ps1/mips/bin/mipsel-none-elf-ld.exe: (.text+0x3d4): undefined reference to `FILE_operror'
C:/Tools/mips-ps1/mips/bin/mipsel-none-elf-ld.exe: build/src/game/common/copspeak.c.o: in function `CopSpeak_Cancel__Fv':
(.text+0x538): undefined reference to `systemtask'
C:/Tools/mips-ps1/mips/bin/mipsel-none-elf-ld.exe: build/src/game/common/copspeak.c.o: in function `CopSpeak_CleanUp__Fv':
(.text+0x60c): undefined reference to `FILE_closesync'
C:/Tools/mips-ps1/mips/bin/mipsel-none-elf-ld.exe: (.text+0x628): undefined reference to `purgememadr'
C:/Tools/mips-ps1/mips/bin/mipsel-none-elf-ld.exe: build/src/game/common/copspeak.c.o: in function `CopSpeak_StartUp__Fv':
(.text+0x88c): undefined reference to `loadbigfileheader'
C:/Tools/mips-ps1/mips/bin/mipsel-none-elf-ld.exe: (.text+0x908): undefined reference to `reservememadr'
C:/Tools/mips-ps1/mips/bin/mipsel-none-elf-ld.exe: (.text+0x93c): undefined reference to `locatebigentryz'
C:/Tools/mips-ps1/mips/bin/mipsel-none-elf-ld.exe: (.text+0xa10): undefined reference to `locatebigentryz'
C:/Tools/mips-ps1/mips/bin/mipsel-none-elf-ld.exe: (.text+0xa4c): undefined reference to `purgememadr'
C:/Tools/mips-ps1/mips/bin/mipsel-none-elf-ld.exe: (.text+0xa60): undefined reference to `FILE_opensync'
C:/Tools/mips-ps1/mips/bin/mipsel-none-elf-ld.exe: (.text+0xaa8): undefined reference to `loadbigfileheader'
C:/Tools/mips-ps1/mips/bin/mipsel-none-elf-ld.exe: (.text+0xad4): undefined reference to `loadbigfileheader'
C:/Tools/mips-ps1/mips/bin/mipsel-none-elf-ld.exe: (.text+0xaec): undefined reference to `bigcount'
C:/Tools/mips-ps1/mips/bin/mipsel-none-elf-ld.exe: (.text+0xb04): undefined reference to `reservememadr'
C:/Tools/mips-ps1/mips/bin/mipsel-none-elf-ld.exe: (.text+0xb3c): undefined reference to `locatebigentry'
C:/Tools/mips-ps1/mips/bin/mipsel-none-elf-ld.exe: (.text+0xb58): undefined reference to `purgememadr'
C:/Tools/mips-ps1/mips/bin/mipsel-none-elf-ld.exe: (.text+0xb6c): undefined reference to `FILE_opensync'
C:/Tools/mips-ps1/mips/bin/mipsel-none-elf-ld.exe: (.text+0xbcc): undefined reference to `loadbigfileheader'
C:/Tools/mips-ps1/mips/bin/mipsel-none-elf-ld.exe: (.text+0xbfc): undefined reference to `locatebigentryz'
C:/Tools/mips-ps1/mips/bin/mipsel-none-elf-ld.exe: (.text+0xc20): undefined reference to `reservememadr'
C:/Tools/mips-ps1/mips/bin/mipsel-none-elf-ld.exe: (.text+0xc38): undefined reference to `FILE_opensync'
C:/Tools/mips-ps1/mips/bin/mipsel-none-elf-ld.exe: (.text+0xc5c): undefined reference to `FILE_readsync'
C:/Tools/mips-ps1/mips/bin/mipsel-none-elf-ld.exe: (.text+0xcd8): undefined reference to `reservememadr'
C:/Tools/mips-ps1/mips/bin/mipsel-none-elf-ld.exe: (.text+0xd34): undefined reference to `locatebigentryz'
C:/Tools/mips-ps1/mips/bin/mipsel-none-elf-ld.exe: (.text+0xd74): undefined reference to `purgememadr'
C:/Tools/mips-ps1/mips/bin/mipsel-none-elf-ld.exe: (.text+0xd7c): undefined reference to `purgememadr'
C:/Tools/mips-ps1/mips/bin/mipsel-none-elf-ld.exe: build/src/game/common/copspeak.c.o: in function `CopSpeak_LoadNextRequest__Fv':
(.text+0x1290): undefined reference to `FILE_read'
C:/Tools/mips-ps1/mips/bin/mipsel-none-elf-ld.exe: (.text+0x12ac): undefined reference to `FILE_operror'
C:/Tools/mips-ps1/mips/bin/mipsel-none-elf-ld.exe: build/src/game/common/genericpmx.c.o: in function `GenericPMX_LoadTexture__Fv':
(.text+0xa0): undefined reference to `loadfileadr'
C:/Tools/mips-ps1/mips/bin/mipsel-none-elf-ld.exe: (.text+0x638): undefined reference to `locateshapez'
C:/Tools/mips-ps1/mips/bin/mipsel-none-elf-ld.exe: (.text+0x90c): undefined reference to `purgememadr'
C:/Tools/mips-ps1/mips/bin/mipsel-none-elf-ld.exe: build/src/game/common/gmesetup.c.o: in function `GameSetup_StartUp__FPi':
(.text+0x1fc): undefined reference to `purgememadr'
C:/Tools/mips-ps1/mips/bin/mipsel-none-elf-ld.exe: (.text+0x204): undefined reference to `timedwait'
C:/Tools/mips-ps1/mips/bin/mipsel-none-elf-ld.exe: (.text+0x20c): undefined reference to `PAD_update'
C:/Tools/mips-ps1/mips/bin/mipsel-none-elf-ld.exe: (.text+0x214): undefined reference to `PAD_state'
C:/Tools/mips-ps1/mips/bin/mipsel-none-elf-ld.exe: (.text+0x234): undefined reference to `PAD_state'
C:/Tools/mips-ps1/mips/bin/mipsel-none-elf-ld.exe: (.text+0x254): undefined reference to `PAD_state'
C:/Tools/mips-ps1/mips/bin/mipsel-none-elf-ld.exe: (.text+0x274): undefined reference to `PAD_state'
C:/Tools/mips-ps1/mips/bin/mipsel-none-elf-ld.exe: (.text+0x294): undefined reference to `PAD_state'
C:/Tools/mips-ps1/mips/bin/mipsel-none-elf-ld.exe: build/src/game/common/gmesetup.c.o:(.text+0x2b4): more undefined references to `PAD_state' follow
C:/Tools/mips-ps1/mips/bin/mipsel-none-elf-ld.exe: build/src/game/common/group.c.o: in function `CreateLiteGroup__15SerializedGroupP15SerializedGroupP9SimpleMem':
(.text+0x198): undefined reference to `blockmove'
C:/Tools/mips-ps1/mips/bin/mipsel-none-elf-ld.exe: build/src/game/common/group.c.o: in function `CreateLiteGroupDataSize__15SerializedGroupP15SerializedGroupP9SimpleMemi':
(.text+0x1f8): undefined reference to `blockmove'
C:/Tools/mips-ps1/mips/bin/mipsel-none-elf-ld.exe: build/src/game/common/hudpmx.c.o: in function `HudPmx_InitTextures__Fv':
(.text+0x708): undefined reference to `loadfileadrz'
C:/Tools/mips-ps1/mips/bin/mipsel-none-elf-ld.exe: (.text+0x7a8): undefined reference to `loadfileadr'
C:/Tools/mips-ps1/mips/bin/mipsel-none-elf-ld.exe: (.text+0xa30): undefined reference to `purgememadr'
C:/Tools/mips-ps1/mips/bin/mipsel-none-elf-ld.exe: build/src/game/common/hudpmx.c.o: in function `HudPmx_Kill__Fv':
(.text+0xa60): undefined reference to `purgememadr'
C:/Tools/mips-ps1/mips/bin/mipsel-none-elf-ld.exe: build/src/game/common/hudpmx.c.o: in function `HudPmx_LoadShape__FPcP13HudPmx_tShape':
(.text+0xa94): undefined reference to `locateshape'
C:/Tools/mips-ps1/mips/bin/mipsel-none-elf-ld.exe: build/src/game/common/mathnfs.c.o: in function `Math_ResolveRotatedVector__FiiiPiT3':
(.text+0x27c): undefined reference to `fixedsin'
C:/Tools/mips-ps1/mips/bin/mipsel-none-elf-ld.exe: (.text+0x288): undefined reference to `fixedcos'
C:/Tools/mips-ps1/mips/bin/mipsel-none-elf-ld.exe: (.text+0x298): undefined reference to `fixedmult'
C:/Tools/mips-ps1/mips/bin/mipsel-none-elf-ld.exe: (.text+0x2a8): undefined reference to `fixedmult'
C:/Tools/mips-ps1/mips/bin/mipsel-none-elf-ld.exe: (.text+0x2bc): undefined reference to `fixedmult'
C:/Tools/mips-ps1/mips/bin/mipsel-none-elf-ld.exe: (.text+0x2cc): undefined reference to `fixedmult'
C:/Tools/mips-ps1/mips/bin/mipsel-none-elf-ld.exe: build/src/game/common/mathnfs.c.o: in function `Math_VectorLength__FP8coorddef':
(.text+0x3ac): undefined reference to `fixedmult'
C:/Tools/mips-ps1/mips/bin/mipsel-none-elf-ld.exe: build/src/game/common/mathnfs.c.o:(.text+0x3bc): more undefined references to `fixedmult' follow
C:/Tools/mips-ps1/mips/bin/mipsel-none-elf-ld.exe: build/src/game/common/mathnfs.c.o: in function `Math_VectorLength__FP8coorddef':
(.text+0x460): undefined reference to `fixedsqrt'
C:/Tools/mips-ps1/mips/bin/mipsel-none-elf-ld.exe: build/src/game/common/mathnfs.c.o: in function `Math_VectorLength2__FP8coorddef':
(.text+0x548): undefined reference to `fixedmult'
C:/Tools/mips-ps1/mips/bin/mipsel-none-elf-ld.exe: (.text+0x558): undefined reference to `fixedmult'
C:/Tools/mips-ps1/mips/bin/mipsel-none-elf-ld.exe: (.text+0x568): undefined reference to `fixedmult'
C:/Tools/mips-ps1/mips/bin/mipsel-none-elf-ld.exe: (.text+0x5b0): undefined reference to `fixedmult'
C:/Tools/mips-ps1/mips/bin/mipsel-none-elf-ld.exe: (.text+0x5c0): undefined reference to `fixedmult'
C:/Tools/mips-ps1/mips/bin/mipsel-none-elf-ld.exe: build/src/game/common/mathnfs.c.o:(.text+0x5d0): more undefined references to `fixedmult' follow
C:/Tools/mips-ps1/mips/bin/mipsel-none-elf-ld.exe: build/src/game/common/mathnfs.c.o: in function `Math_NormalizeVector__FP8coorddef':
(.text+0x788): undefined reference to `fixedsqrt'
C:/Tools/mips-ps1/mips/bin/mipsel-none-elf-ld.exe: (.text+0x79c): undefined reference to `rdiv'
C:/Tools/mips-ps1/mips/bin/mipsel-none-elf-ld.exe: (.text+0x7ac): undefined reference to `rdiv'
C:/Tools/mips-ps1/mips/bin/mipsel-none-elf-ld.exe: (.text+0x7bc): undefined reference to `rdiv'
C:/Tools/mips-ps1/mips/bin/mipsel-none-elf-ld.exe: build/src/game/common/mathnfs.c.o: in function `Math_NormalizeShortVector__FP8coorddef':
(.text+0x80c): undefined reference to `fixedmult'
C:/Tools/mips-ps1/mips/bin/mipsel-none-elf-ld.exe: (.text+0x81c): undefined reference to `fixedmult'
C:/Tools/mips-ps1/mips/bin/mipsel-none-elf-ld.exe: (.text+0x82c): undefined reference to `fixedmult'
C:/Tools/mips-ps1/mips/bin/mipsel-none-elf-ld.exe: (.text+0x838): undefined reference to `fixedsqrt'
C:/Tools/mips-ps1/mips/bin/mipsel-none-elf-ld.exe: (.text+0x848): undefined reference to `rdiv'
C:/Tools/mips-ps1/mips/bin/mipsel-none-elf-ld.exe: (.text+0x858): undefined reference to `fixedmult'
C:/Tools/mips-ps1/mips/bin/mipsel-none-elf-ld.exe: (.text+0x868): undefined reference to `fixedmult'
C:/Tools/mips-ps1/mips/bin/mipsel-none-elf-ld.exe: (.text+0x878): undefined reference to `fixedmult'
C:/Tools/mips-ps1/mips/bin/mipsel-none-elf-ld.exe: build/src/game/common/mathnfs.c.o: in function `Math_QDNormalizeVector__FP8coorddef':
(.text+0x924): undefined reference to `fixedinverse'
C:/Tools/mips-ps1/mips/bin/mipsel-none-elf-ld.exe: build/src/game/common/minfront.c.o: in function `MinFront_ParseOptions__Fv':
(.text+0x18): undefined reference to `reservememadr'
C:/Tools/mips-ps1/mips/bin/mipsel-none-elf-ld.exe: (.text+0x2c): undefined reference to `resizememadr'
C:/Tools/mips-ps1/mips/bin/mipsel-none-elf-ld.exe: build/src/game/common/mpause.c.o: in function `MPause_MusicLogic__Fc':
(.text+0x1e4): undefined reference to `SNDover'
C:/Tools/mips-ps1/mips/bin/mipsel-none-elf-ld.exe: build/src/game/common/new.c.o: in function `__builtin_new':
(.text+0x10): undefined reference to `reservememadr'
C:/Tools/mips-ps1/mips/bin/mipsel-none-elf-ld.exe: build/src/game/common/new.c.o: in function `__builtin_vec_new':
(.text+0x38): undefined reference to `reservememadr'
C:/Tools/mips-ps1/mips/bin/mipsel-none-elf-ld.exe: build/src/game/common/new.c.o: in function `__builtin_delete':
(.text+0x58): undefined reference to `purgememadr'
C:/Tools/mips-ps1/mips/bin/mipsel-none-elf-ld.exe: build/src/game/common/new.c.o: in function `__builtin_vec_delete':
(.text+0x78): undefined reference to `purgememadr'
C:/Tools/mips-ps1/mips/bin/mipsel-none-elf-ld.exe: build/src/game/common/newton.c.o: in function `Newton_AddDamageZone__FP13BO_tNewtonObjiii':
(.text+0x560): undefined reference to `fixedmult'
C:/Tools/mips-ps1/mips/bin/mipsel-none-elf-ld.exe: (.text+0x570): undefined reference to `fixedmult'
C:/Tools/mips-ps1/mips/bin/mipsel-none-elf-ld.exe: (.text+0x580): undefined reference to `fixedmult'
C:/Tools/mips-ps1/mips/bin/mipsel-none-elf-ld.exe: (.text+0x598): undefined reference to `fixedmult'
C:/Tools/mips-ps1/mips/bin/mipsel-none-elf-ld.exe: (.text+0x5a8): undefined reference to `fixedmult'
C:/Tools/mips-ps1/mips/bin/mipsel-none-elf-ld.exe: build/src/game/common/newton.c.o:(.text+0x5b8): more undefined references to `fixedmult' follow
C:/Tools/mips-ps1/mips/bin/mipsel-none-elf-ld.exe: build/src/game/common/newton.c.o: in function `Newton_AddDamageZone__FP13BO_tNewtonObjiii':
(.text+0x6f0): undefined reference to `transpose'
C:/Tools/mips-ps1/mips/bin/mipsel-none-elf-ld.exe: (.text+0x700): undefined reference to `fixedmult'
C:/Tools/mips-ps1/mips/bin/mipsel-none-elf-ld.exe: (.text+0x710): undefined reference to `fixedmult'
C:/Tools/mips-ps1/mips/bin/mipsel-none-elf-ld.exe: (.text+0x720): undefined reference to `fixedmult'
C:/Tools/mips-ps1/mips/bin/mipsel-none-elf-ld.exe: (.text+0x73c): undefined reference to `fixedmult'
C:/Tools/mips-ps1/mips/bin/mipsel-none-elf-ld.exe: (.text+0x74c): undefined reference to `fixedmult'
C:/Tools/mips-ps1/mips/bin/mipsel-none-elf-ld.exe: build/src/game/common/newton.c.o:(.text+0x75c): more undefined references to `fixedmult' follow
C:/Tools/mips-ps1/mips/bin/mipsel-none-elf-ld.exe: build/src/game/common/newton.c.o: in function `Newton_CalculateSliceYaw__Fi':
(.text+0x85c): undefined reference to `intatan'
C:/Tools/mips-ps1/mips/bin/mipsel-none-elf-ld.exe: build/src/game/common/newton.c.o: in function `Newton_UpdateRoadGeometry__FP13BO_tNewtonObj':
(.text+0xa90): undefined reference to `fixedmult'
C:/Tools/mips-ps1/mips/bin/mipsel-none-elf-ld.exe: (.text+0xaa0): undefined reference to `fixedmult'
C:/Tools/mips-ps1/mips/bin/mipsel-none-elf-ld.exe: (.text+0xab4): undefined reference to `fixedmult'
C:/Tools/mips-ps1/mips/bin/mipsel-none-elf-ld.exe: (.text+0xac4): undefined reference to `fixedmult'
C:/Tools/mips-ps1/mips/bin/mipsel-none-elf-ld.exe: (.text+0xad8): undefined reference to `fixedmult'
C:/Tools/mips-ps1/mips/bin/mipsel-none-elf-ld.exe: build/src/game/common/newton.c.o:(.text+0xae8): more undefined references to `fixedmult' follow
C:/Tools/mips-ps1/mips/bin/mipsel-none-elf-ld.exe: build/src/game/common/newton.c.o: in function `Newton_UpdateRoadGeometry__FP13BO_tNewtonObj':
(.text+0xbc8): undefined reference to `intatan'
C:/Tools/mips-ps1/mips/bin/mipsel-none-elf-ld.exe: build/src/game/common/newton.c.o: in function `Newton_FindGroundElevationGeneral__FP8coorddefN20':
(.text+0xcb4): undefined reference to `fixedmult'
C:/Tools/mips-ps1/mips/bin/mipsel-none-elf-ld.exe: (.text+0xd3c): undefined reference to `rdiv'
C:/Tools/mips-ps1/mips/bin/mipsel-none-elf-ld.exe: build/src/game/common/newton.c.o: in function `Newton_FindGroundElevationRough__FP8coorddefN20':
(.text+0xef8): undefined reference to `fixedmult'
C:/Tools/mips-ps1/mips/bin/mipsel-none-elf-ld.exe: (.text+0xf08): undefined reference to `rdiv'
C:/Tools/mips-ps1/mips/bin/mipsel-none-elf-ld.exe: build/src/game/common/newton.c.o: in function `Newton_FindGroundElevationAndNormal__FP13BO_tNewtonObjP8coorddef':
(.text+0x1798): undefined reference to `fixedmult'
C:/Tools/mips-ps1/mips/bin/mipsel-none-elf-ld.exe: (.text+0x17b0): undefined reference to `fixedmult'
C:/Tools/mips-ps1/mips/bin/mipsel-none-elf-ld.exe: (.text+0x17c4): undefined reference to `fixedmult'
C:/Tools/mips-ps1/mips/bin/mipsel-none-elf-ld.exe: (.text+0x181c): undefined reference to `fixedmult'
C:/Tools/mips-ps1/mips/bin/mipsel-none-elf-ld.exe: (.text+0x19b4): undefined reference to `fixedmult'
C:/Tools/mips-ps1/mips/bin/mipsel-none-elf-ld.exe: build/src/game/common/newton.c.o:(.text+0x19c4): more undefined references to `fixedmult' follow
C:/Tools/mips-ps1/mips/bin/mipsel-none-elf-ld.exe: build/src/game/common/newton.c.o: in function `Newton_FindGroundElevationAndNormal__FP13BO_tNewtonObjP8coorddef':
(.text+0x1d50): undefined reference to `transpose'
C:/Tools/mips-ps1/mips/bin/mipsel-none-elf-ld.exe: (.text+0x1d60): undefined reference to `fixedmult'
C:/Tools/mips-ps1/mips/bin/mipsel-none-elf-ld.exe: (.text+0x1d70): undefined reference to `fixedmult'
C:/Tools/mips-ps1/mips/bin/mipsel-none-elf-ld.exe: (.text+0x1d80): undefined reference to `fixedmult'
C:/Tools/mips-ps1/mips/bin/mipsel-none-elf-ld.exe: (.text+0x1d9c): undefined reference to `fixedmult'
C:/Tools/mips-ps1/mips/bin/mipsel-none-elf-ld.exe: (.text+0x1dac): undefined reference to `fixedmult'
C:/Tools/mips-ps1/mips/bin/mipsel-none-elf-ld.exe: build/src/game/common/newton.c.o:(.text+0x1dbc): more undefined references to `fixedmult' follow
C:/Tools/mips-ps1/mips/bin/mipsel-none-elf-ld.exe: build/src/game/common/newton.c.o: in function `Newton_SetInitialSlicePositionOrientationEtc__FP13BO_tNewtonObjiP8coorddefi':
(.text+0x2970): undefined reference to `transpose'
C:/Tools/mips-ps1/mips/bin/mipsel-none-elf-ld.exe: (.text+0x2998): undefined reference to `fixedmult'
C:/Tools/mips-ps1/mips/bin/mipsel-none-elf-ld.exe: (.text+0x29a8): undefined reference to `fixedmult'
C:/Tools/mips-ps1/mips/bin/mipsel-none-elf-ld.exe: (.text+0x29b8): undefined reference to `fixedmult'
C:/Tools/mips-ps1/mips/bin/mipsel-none-elf-ld.exe: (.text+0x29d4): undefined reference to `fixedmult'
C:/Tools/mips-ps1/mips/bin/mipsel-none-elf-ld.exe: (.text+0x29e4): undefined reference to `fixedmult'
C:/Tools/mips-ps1/mips/bin/mipsel-none-elf-ld.exe: build/src/game/common/newton.c.o:(.text+0x29f4): more undefined references to `fixedmult' follow
C:/Tools/mips-ps1/mips/bin/mipsel-none-elf-ld.exe: build/src/game/common/newton.c.o: in function `Newton_InitBaseNewtonObj__FP13BO_tNewtonObjiiiiii':
(.text+0x2de8): undefined reference to `rdiv'
C:/Tools/mips-ps1/mips/bin/mipsel-none-elf-ld.exe: (.text+0x2e00): undefined reference to `rdiv'
C:/Tools/mips-ps1/mips/bin/mipsel-none-elf-ld.exe: (.text+0x2e64): undefined reference to `fixedsqrt'
C:/Tools/mips-ps1/mips/bin/mipsel-none-elf-ld.exe: (.text+0x2ea0): undefined reference to `fixedsqrt'
C:/Tools/mips-ps1/mips/bin/mipsel-none-elf-ld.exe: build/src/game/common/newton.c.o: in function `Newton_QDUpdateVel__FP13BO_tNewtonObj':
(.text+0x2f8c): undefined reference to `fixedmult'
C:/Tools/mips-ps1/mips/bin/mipsel-none-elf-ld.exe: (.text+0x2f9c): undefined reference to `fixedmult'
C:/Tools/mips-ps1/mips/bin/mipsel-none-elf-ld.exe: build/src/game/common/newton.c.o: in function `Newton_OptzRotxform__FP10matrixtdefiiiPiiT4':
(.text+0x309c): undefined reference to `fixedxformy'
C:/Tools/mips-ps1/mips/bin/mipsel-none-elf-ld.exe: (.text+0x30b8): undefined reference to `fixedxformx'
C:/Tools/mips-ps1/mips/bin/mipsel-none-elf-ld.exe: (.text+0x3130): undefined reference to `fixedxformz'
C:/Tools/mips-ps1/mips/bin/mipsel-none-elf-ld.exe: build/src/game/common/newton.c.o: in function `Newton_QDUpdateRot64Hz__FP13BO_tNewtonObj':
(.text+0x32a4): undefined reference to `reorthogonalize'
C:/Tools/mips-ps1/mips/bin/mipsel-none-elf-ld.exe: build/src/game/common/newton.c.o: in function `Newton_QDUpdateRot32Hz__FP13BO_tNewtonObj':
(.text+0x33c4): undefined reference to `reorthogonalize'
C:/Tools/mips-ps1/mips/bin/mipsel-none-elf-ld.exe: build/src/game/common/newton.c.o: in function `Newton_CalculateGroundShadowMatrix__FP13BO_tNewtonObjP8coorddefi':
(.text+0x3570): undefined reference to `fixedmult'
C:/Tools/mips-ps1/mips/bin/mipsel-none-elf-ld.exe: (.text+0x3580): undefined reference to `fixedmult'
C:/Tools/mips-ps1/mips/bin/mipsel-none-elf-ld.exe: (.text+0x3594): undefined reference to `fixedmult'
C:/Tools/mips-ps1/mips/bin/mipsel-none-elf-ld.exe: (.text+0x35a4): undefined reference to `fixedmult'
C:/Tools/mips-ps1/mips/bin/mipsel-none-elf-ld.exe: (.text+0x35b8): undefined reference to `fixedmult'
C:/Tools/mips-ps1/mips/bin/mipsel-none-elf-ld.exe: build/src/game/common/newton.c.o:(.text+0x35c8): more undefined references to `fixedmult' follow
C:/Tools/mips-ps1/mips/bin/mipsel-none-elf-ld.exe: build/src/game/common/newton.c.o: in function `Newton_TestForUndrivableSurfaces__FP13BO_tNewtonObj':
(.text+0x4600): undefined reference to `AIPhysic_ProcessBarrierCollision__FP8Car_tObj'
C:/Tools/mips-ps1/mips/bin/mipsel-none-elf-ld.exe: build/src/game/common/newton.c.o: in function `Newton_ApplyTheLawOfGravity__FP13BO_tNewtonObj':
(.text+0x4840): undefined reference to `fixedmult'
C:/Tools/mips-ps1/mips/bin/mipsel-none-elf-ld.exe: (.text+0x485c): undefined reference to `fixedmult'
C:/Tools/mips-ps1/mips/bin/mipsel-none-elf-ld.exe: (.text+0x486c): undefined reference to `fixedmult'
C:/Tools/mips-ps1/mips/bin/mipsel-none-elf-ld.exe: (.text+0x487c): undefined reference to `fixedmult'
C:/Tools/mips-ps1/mips/bin/mipsel-none-elf-ld.exe: (.text+0x4928): undefined reference to `fixedmult'
C:/Tools/mips-ps1/mips/bin/mipsel-none-elf-ld.exe: build/src/game/common/newton.c.o:(.text+0x4b50): more undefined references to `fixedmult' follow
C:/Tools/mips-ps1/mips/bin/mipsel-none-elf-ld.exe: build/src/game/common/nfs3.c.o: in function `Nfs2_GameModuleStartUp__FPi':
(.text+0x250): undefined reference to `largestunused'
C:/Tools/mips-ps1/mips/bin/mipsel-none-elf-ld.exe: (.text+0x2b0): undefined reference to `largestunused'
C:/Tools/mips-ps1/mips/bin/mipsel-none-elf-ld.exe: build/src/game/common/nfs3.c.o: in function `LoadFrontendOverlay__Fv':
(.text+0x484): undefined reference to `asyncloadfileat'
C:/Tools/mips-ps1/mips/bin/mipsel-none-elf-ld.exe: (.text+0x490): undefined reference to `getasyncreadstatus'
C:/Tools/mips-ps1/mips/bin/mipsel-none-elf-ld.exe: (.text+0x4a0): undefined reference to `systemtask'
C:/Tools/mips-ps1/mips/bin/mipsel-none-elf-ld.exe: build/src/game/common/nfs3.c.o: in function `LoadOverlay__Fv':
(.text+0x4f0): undefined reference to `asyncloadfileat'
C:/Tools/mips-ps1/mips/bin/mipsel-none-elf-ld.exe: (.text+0x4fc): undefined reference to `getasyncreadstatus'
C:/Tools/mips-ps1/mips/bin/mipsel-none-elf-ld.exe: (.text+0x50c): undefined reference to `systemtask'
C:/Tools/mips-ps1/mips/bin/mipsel-none-elf-ld.exe: build/src/game/common/nfs3.c.o: in function `NFS4_LoadingIcon__Fv':
(.text+0x558): undefined reference to `loadfileadr'
C:/Tools/mips-ps1/mips/bin/mipsel-none-elf-ld.exe: (.text+0x57c): undefined reference to `shapepointer'
C:/Tools/mips-ps1/mips/bin/mipsel-none-elf-ld.exe: (.text+0x5c4): undefined reference to `initlinkmode'
C:/Tools/mips-ps1/mips/bin/mipsel-none-elf-ld.exe: (.text+0x5fc): undefined reference to `settrans'
C:/Tools/mips-ps1/mips/bin/mipsel-none-elf-ld.exe: (.text+0x614): undefined reference to `movfxya'
C:/Tools/mips-ps1/mips/bin/mipsel-none-elf-ld.exe: (.text+0x624): undefined reference to `purgememadr'
C:/Tools/mips-ps1/mips/bin/mipsel-none-elf-ld.exe: (.text+0x634): undefined reference to `initlinkmode'
C:/Tools/mips-ps1/mips/bin/mipsel-none-elf-ld.exe: build/src/game/common/nfs3.c.o: in function `main':
(.text+0x84c): undefined reference to `initlinkmode'
C:/Tools/mips-ps1/mips/bin/mipsel-none-elf-ld.exe: build/src/game/common/nfs3.c.o: in function `NFS4_LoadPerps__Fv':
(.text+0xabc): undefined reference to `loadfileadr'
C:/Tools/mips-ps1/mips/bin/mipsel-none-elf-ld.exe: (.text+0xaec): undefined reference to `loadfileadr'
C:/Tools/mips-ps1/mips/bin/mipsel-none-elf-ld.exe: (.text+0xcd4): undefined reference to `purgememadr'
C:/Tools/mips-ps1/mips/bin/mipsel-none-elf-ld.exe: (.text+0xcdc): undefined reference to `purgememadr'
C:/Tools/mips-ps1/mips/bin/mipsel-none-elf-ld.exe: build/src/game/common/object.c.o: in function `CalcObjYawAngle__FP8CCOORD16':
(.text+0x1c): undefined reference to `fixedatan'
C:/Tools/mips-ps1/mips/bin/mipsel-none-elf-ld.exe: build/src/game/common/object.c.o: in function `CalcObjExtentPoints__FP8coorddefP8CCOORD16T0P5tQuat':
(.text+0xa4): undefined reference to `transform'
C:/Tools/mips-ps1/mips/bin/mipsel-none-elf-ld.exe: (.text+0xb4): undefined reference to `transform'
C:/Tools/mips-ps1/mips/bin/mipsel-none-elf-ld.exe: build/src/game/common/object.c.o: in function `BuildObjCollisionMatrix__FiiiP10matrixtdef':
(.text+0x134): undefined reference to `fixedmult'
C:/Tools/mips-ps1/mips/bin/mipsel-none-elf-ld.exe: (.text+0x144): undefined reference to `fixedmult'
C:/Tools/mips-ps1/mips/bin/mipsel-none-elf-ld.exe: (.text+0x154): undefined reference to `fixedxformy'
C:/Tools/mips-ps1/mips/bin/mipsel-none-elf-ld.exe: (.text+0x160): undefined reference to `fixedxformy'
C:/Tools/mips-ps1/mips/bin/mipsel-none-elf-ld.exe: build/src/game/common/object.c.o: in function `Object_CheckCollisionResults__FP18Object_tSimObjListiP13BO_tNewtonObj':
(.text+0xa18): undefined reference to `fixedatan'
C:/Tools/mips-ps1/mips/bin/mipsel-none-elf-ld.exe: build/src/game/common/object.c.o: in function `Object_InitCustomObjects__Fv':
(.text+0xabc): undefined reference to `reservememadr'
C:/Tools/mips-ps1/mips/bin/mipsel-none-elf-ld.exe: (.text+0xadc): undefined reference to `reservememadr'
C:/Tools/mips-ps1/mips/bin/mipsel-none-elf-ld.exe: (.text+0xaf4): undefined reference to `blockfill'
C:/Tools/mips-ps1/mips/bin/mipsel-none-elf-ld.exe: (.text+0xb04): undefined reference to `reservememadr'
C:/Tools/mips-ps1/mips/bin/mipsel-none-elf-ld.exe: build/src/game/common/object.c.o: in function `Object_DeInitCustomObjects__Fv':
(.text+0xb38): undefined reference to `purgememadr'
C:/Tools/mips-ps1/mips/bin/mipsel-none-elf-ld.exe: (.text+0xb50): undefined reference to `purgememadr'
C:/Tools/mips-ps1/mips/bin/mipsel-none-elf-ld.exe: (.text+0xb68): undefined reference to `purgememadr'
C:/Tools/mips-ps1/mips/bin/mipsel-none-elf-ld.exe: build/src/game/common/object.c.o: in function `Object_InitIMassObjectInfo__Fv':
(.text+0x1434): undefined reference to `reservememadr'
C:/Tools/mips-ps1/mips/bin/mipsel-none-elf-ld.exe: build/src/game/common/object.c.o: in function `Object_DeInitIMassObjectInfo__Fv':
(.text+0x1508): undefined reference to `purgememadr'
C:/Tools/mips-ps1/mips/bin/mipsel-none-elf-ld.exe: build/src/game/common/object.c.o: in function `Draw__15ObjectMultiAnimP13DRender_tViewP11Draw_DCachei':
(.text+0x19ec): undefined reference to `fixedmult'
C:/Tools/mips-ps1/mips/bin/mipsel-none-elf-ld.exe: (.text+0x19fc): undefined reference to `fixedmult'
C:/Tools/mips-ps1/mips/bin/mipsel-none-elf-ld.exe: (.text+0x1a0c): undefined reference to `fixedmult'
C:/Tools/mips-ps1/mips/bin/mipsel-none-elf-ld.exe: (.text+0x1a24): undefined reference to `fixedmult'
C:/Tools/mips-ps1/mips/bin/mipsel-none-elf-ld.exe: (.text+0x1a34): undefined reference to `fixedmult'
C:/Tools/mips-ps1/mips/bin/mipsel-none-elf-ld.exe: build/src/game/common/object.c.o:(.text+0x1a44): more undefined references to `fixedmult' follow
C:/Tools/mips-ps1/mips/bin/mipsel-none-elf-ld.exe: build/src/game/common/object.c.o: in function `__14ObjectSignAnimP8coorddefiP7AnimDefP19Trk_CollideBoomInstP13Trk_ObjectDefP13Trk_SimObjectT1P22ObjectFinishedSignAnim':
(.text+0x1eb0): undefined reference to `reorthogonalize'
C:/Tools/mips-ps1/mips/bin/mipsel-none-elf-ld.exe: (.text+0x1ec0): undefined reference to `fixedxformx'
C:/Tools/mips-ps1/mips/bin/mipsel-none-elf-ld.exe: (.text+0x1ed4): undefined reference to `fixedxformy'
C:/Tools/mips-ps1/mips/bin/mipsel-none-elf-ld.exe: (.text+0x1ee0): undefined reference to `fixedxformy'
C:/Tools/mips-ps1/mips/bin/mipsel-none-elf-ld.exe: build/src/game/common/physics.c.o: in function `Physics_CalculateDerivedCarSpecs__FP8Car_tObj':
(.text+0x334): undefined reference to `fixedmult'
C:/Tools/mips-ps1/mips/bin/mipsel-none-elf-ld.exe: (.text+0x384): undefined reference to `fixedmult'
C:/Tools/mips-ps1/mips/bin/mipsel-none-elf-ld.exe: (.text+0x3a4): undefined reference to `fixedmult'
C:/Tools/mips-ps1/mips/bin/mipsel-none-elf-ld.exe: (.text+0x3c4): undefined reference to `fixedmult'
C:/Tools/mips-ps1/mips/bin/mipsel-none-elf-ld.exe: (.text+0x3e4): undefined reference to `fixedmult'
C:/Tools/mips-ps1/mips/bin/mipsel-none-elf-ld.exe: build/src/game/common/physics.c.o:(.text+0x43c): more undefined references to `fixedmult' follow
C:/Tools/mips-ps1/mips/bin/mipsel-none-elf-ld.exe: build/src/game/common/physics.c.o: in function `Physics_CalculateDerivedCarSpecs__FP8Car_tObj':
(.text+0x4d8): undefined reference to `rdiv'
C:/Tools/mips-ps1/mips/bin/mipsel-none-elf-ld.exe: (.text+0x504): undefined reference to `rdiv'
C:/Tools/mips-ps1/mips/bin/mipsel-none-elf-ld.exe: (.text+0x52c): undefined reference to `rdiv'
C:/Tools/mips-ps1/mips/bin/mipsel-none-elf-ld.exe: (.text+0x558): undefined reference to `fixedmult'
C:/Tools/mips-ps1/mips/bin/mipsel-none-elf-ld.exe: (.text+0x584): undefined reference to `fixedmult'
C:/Tools/mips-ps1/mips/bin/mipsel-none-elf-ld.exe: (.text+0x590): undefined reference to `rdiv'
C:/Tools/mips-ps1/mips/bin/mipsel-none-elf-ld.exe: (.text+0x5e4): undefined reference to `fixedmult'
C:/Tools/mips-ps1/mips/bin/mipsel-none-elf-ld.exe: (.text+0x638): undefined reference to `fixedmult'
C:/Tools/mips-ps1/mips/bin/mipsel-none-elf-ld.exe: (.text+0x67c): undefined reference to `rdiv'
C:/Tools/mips-ps1/mips/bin/mipsel-none-elf-ld.exe: (.text+0x708): undefined reference to `fixedmult'
C:/Tools/mips-ps1/mips/bin/mipsel-none-elf-ld.exe: (.text+0x728): undefined reference to `fixedmult'
C:/Tools/mips-ps1/mips/bin/mipsel-none-elf-ld.exe: (.text+0x760): undefined reference to `rdiv'
C:/Tools/mips-ps1/mips/bin/mipsel-none-elf-ld.exe: (.text+0x780): undefined reference to `rdiv'
C:/Tools/mips-ps1/mips/bin/mipsel-none-elf-ld.exe: build/src/game/common/physics.c.o: in function `Physics_AttenuateVelocity__FP8Car_tObjiP10matrixtdef':
(.text+0xa70): undefined reference to `transpose'
C:/Tools/mips-ps1/mips/bin/mipsel-none-elf-ld.exe: (.text+0xa80): undefined reference to `fixedmult'
C:/Tools/mips-ps1/mips/bin/mipsel-none-elf-ld.exe: (.text+0xa90): undefined reference to `fixedmult'
C:/Tools/mips-ps1/mips/bin/mipsel-none-elf-ld.exe: (.text+0xaa0): undefined reference to `fixedmult'
C:/Tools/mips-ps1/mips/bin/mipsel-none-elf-ld.exe: (.text+0xabc): undefined reference to `fixedmult'
C:/Tools/mips-ps1/mips/bin/mipsel-none-elf-ld.exe: (.text+0xacc): undefined reference to `fixedmult'
C:/Tools/mips-ps1/mips/bin/mipsel-none-elf-ld.exe: build/src/game/common/physics.c.o:(.text+0xadc): more undefined references to `fixedmult' follow
C:/Tools/mips-ps1/mips/bin/mipsel-none-elf-ld.exe: build/src/game/common/physics.c.o: in function `Physics_CalcWheelLockAcc__FP8Car_tObjP23Physics_tWheelAccStruct':
(.text+0x2f7c): undefined reference to `rdiv'
C:/Tools/mips-ps1/mips/bin/mipsel-none-elf-ld.exe: build/src/game/common/physics.c.o: in function `Physics_CalcTractionCircleAcc__FP8Car_tObjP23Physics_tWheelAccStruct':
(.text+0x3128): undefined reference to `rdiv'
C:/Tools/mips-ps1/mips/bin/mipsel-none-elf-ld.exe: (.text+0x314c): undefined reference to `fixedmult'
C:/Tools/mips-ps1/mips/bin/mipsel-none-elf-ld.exe: (.text+0x31dc): undefined reference to `rdiv'
C:/Tools/mips-ps1/mips/bin/mipsel-none-elf-ld.exe: (.text+0x3250): undefined reference to `fixedmult'
C:/Tools/mips-ps1/mips/bin/mipsel-none-elf-ld.exe: (.text+0x3264): undefined reference to `fixedmult'
C:/Tools/mips-ps1/mips/bin/mipsel-none-elf-ld.exe: build/src/game/common/physics.c.o: in function `Physics_CalculateTireForces__FP8Car_tObjP23Physics_tWheelAccStruct':
(.text+0x3470): undefined reference to `fixedmult'
C:/Tools/mips-ps1/mips/bin/mipsel-none-elf-ld.exe: (.text+0x3644): undefined reference to `fixedatan'
C:/Tools/mips-ps1/mips/bin/mipsel-none-elf-ld.exe: (.text+0x36bc): undefined reference to `fixedmult'
C:/Tools/mips-ps1/mips/bin/mipsel-none-elf-ld.exe: (.text+0x36c8): undefined reference to `fixedmult'
C:/Tools/mips-ps1/mips/bin/mipsel-none-elf-ld.exe: (.text+0x37cc): undefined reference to `fixedmult'
C:/Tools/mips-ps1/mips/bin/mipsel-none-elf-ld.exe: build/src/game/common/physics.c.o: in function `Physics_Real__FP8Car_tObj':
(.text+0x3b84): undefined reference to `fixedmult'
C:/Tools/mips-ps1/mips/bin/mipsel-none-elf-ld.exe: (.text+0x3b94): undefined reference to `fixedmult'
C:/Tools/mips-ps1/mips/bin/mipsel-none-elf-ld.exe: build/src/game/common/physics.c.o:(.text+0x3ba4): more undefined references to `fixedmult' follow
C:/Tools/mips-ps1/mips/bin/mipsel-none-elf-ld.exe: build/src/game/common/physics.c.o: in function `Physics_Real__FP8Car_tObj':
(.text+0x3ce4): undefined reference to `rdiv'
C:/Tools/mips-ps1/mips/bin/mipsel-none-elf-ld.exe: (.text+0x3d60): undefined reference to `fixedmult'
C:/Tools/mips-ps1/mips/bin/mipsel-none-elf-ld.exe: (.text+0x3d8c): undefined reference to `fixedmult'
C:/Tools/mips-ps1/mips/bin/mipsel-none-elf-ld.exe: (.text+0x3d9c): undefined reference to `fixedmult'
C:/Tools/mips-ps1/mips/bin/mipsel-none-elf-ld.exe: (.text+0x3dac): undefined reference to `fixedmult'
C:/Tools/mips-ps1/mips/bin/mipsel-none-elf-ld.exe: (.text+0x3dcc): undefined reference to `fixedmult'
C:/Tools/mips-ps1/mips/bin/mipsel-none-elf-ld.exe: build/src/game/common/physics.c.o:(.text+0x3ddc): more undefined references to `fixedmult' follow
C:/Tools/mips-ps1/mips/bin/mipsel-none-elf-ld.exe: build/src/game/common/physics.c.o: in function `Physics_Real__FP8Car_tObj':
(.text+0x3f70): undefined reference to `rdiv'
C:/Tools/mips-ps1/mips/bin/mipsel-none-elf-ld.exe: (.text+0x403c): undefined reference to `fixedmult'
C:/Tools/mips-ps1/mips/bin/mipsel-none-elf-ld.exe: (.text+0x4180): undefined reference to `fixedmult'
C:/Tools/mips-ps1/mips/bin/mipsel-none-elf-ld.exe: (.text+0x41b4): undefined reference to `fixedmult'
C:/Tools/mips-ps1/mips/bin/mipsel-none-elf-ld.exe: (.text+0x421c): undefined reference to `fixedmult'
C:/Tools/mips-ps1/mips/bin/mipsel-none-elf-ld.exe: (.text+0x4264): undefined reference to `fixedmult'
C:/Tools/mips-ps1/mips/bin/mipsel-none-elf-ld.exe: build/src/game/common/physics.c.o:(.text+0x4398): more undefined references to `fixedmult' follow
C:/Tools/mips-ps1/mips/bin/mipsel-none-elf-ld.exe: build/src/game/common/physics.c.o: in function `Physics_Real__FP8Car_tObj':
(.text+0x45b8): undefined reference to `transpose'
C:/Tools/mips-ps1/mips/bin/mipsel-none-elf-ld.exe: (.text+0x45d4): undefined reference to `fixedmult'
C:/Tools/mips-ps1/mips/bin/mipsel-none-elf-ld.exe: (.text+0x45e4): undefined reference to `fixedmult'
C:/Tools/mips-ps1/mips/bin/mipsel-none-elf-ld.exe: (.text+0x45f4): undefined reference to `fixedmult'
C:/Tools/mips-ps1/mips/bin/mipsel-none-elf-ld.exe: (.text+0x4610): undefined reference to `fixedmult'
C:/Tools/mips-ps1/mips/bin/mipsel-none-elf-ld.exe: (.text+0x4620): undefined reference to `fixedmult'
C:/Tools/mips-ps1/mips/bin/mipsel-none-elf-ld.exe: build/src/game/common/physics.c.o:(.text+0x4630): more undefined references to `fixedmult' follow
C:/Tools/mips-ps1/mips/bin/mipsel-none-elf-ld.exe: build/src/game/common/quatern.c.o: in function `Quatern_MatToQuat__FP10matrixtdefP5tQuat':
(.text+0x3a4): undefined reference to `fixedsqrt'
C:/Tools/mips-ps1/mips/bin/mipsel-none-elf-ld.exe: (.text+0x3c4): undefined reference to `rdiv'
C:/Tools/mips-ps1/mips/bin/mipsel-none-elf-ld.exe: (.text+0x3dc): undefined reference to `fixedmult'
C:/Tools/mips-ps1/mips/bin/mipsel-none-elf-ld.exe: (.text+0x3f8): undefined reference to `fixedmult'
C:/Tools/mips-ps1/mips/bin/mipsel-none-elf-ld.exe: (.text+0x494): undefined reference to `fixedsqrt'
C:/Tools/mips-ps1/mips/bin/mipsel-none-elf-ld.exe: (.text+0x4b8): undefined reference to `rdiv'
C:/Tools/mips-ps1/mips/bin/mipsel-none-elf-ld.exe: (.text+0x4d0): undefined reference to `fixedmult'
C:/Tools/mips-ps1/mips/bin/mipsel-none-elf-ld.exe: (.text+0x4ec): undefined reference to `fixedmult'
C:/Tools/mips-ps1/mips/bin/mipsel-none-elf-ld.exe: (.text+0x50c): undefined reference to `fixedmult'
C:/Tools/mips-ps1/mips/bin/mipsel-none-elf-ld.exe: (.text+0x530): undefined reference to `fixedsqrt'
C:/Tools/mips-ps1/mips/bin/mipsel-none-elf-ld.exe: (.text+0x554): undefined reference to `rdiv'
C:/Tools/mips-ps1/mips/bin/mipsel-none-elf-ld.exe: (.text+0x56c): undefined reference to `fixedmult'
C:/Tools/mips-ps1/mips/bin/mipsel-none-elf-ld.exe: (.text+0x588): undefined reference to `fixedmult'
C:/Tools/mips-ps1/mips/bin/mipsel-none-elf-ld.exe: (.text+0x5a4): undefined reference to `fixedmult'
C:/Tools/mips-ps1/mips/bin/mipsel-none-elf-ld.exe: (.text+0x5c8): undefined reference to `fixedsqrt'
C:/Tools/mips-ps1/mips/bin/mipsel-none-elf-ld.exe: (.text+0x5ec): undefined reference to `rdiv'
C:/Tools/mips-ps1/mips/bin/mipsel-none-elf-ld.exe: (.text+0x604): undefined reference to `fixedmult'
C:/Tools/mips-ps1/mips/bin/mipsel-none-elf-ld.exe: (.text+0x620): undefined reference to `fixedmult'
C:/Tools/mips-ps1/mips/bin/mipsel-none-elf-ld.exe: (.text+0x63c): undefined reference to `fixedmult'
C:/Tools/mips-ps1/mips/bin/mipsel-none-elf-ld.exe: build/src/game/common/r3dcar.c.o: in function `R3DCar_StartUp__Fv':
(.text+0x160): undefined reference to `reservememadr'
C:/Tools/mips-ps1/mips/bin/mipsel-none-elf-ld.exe: (.text+0x178): undefined reference to `reservememadr'
C:/Tools/mips-ps1/mips/bin/mipsel-none-elf-ld.exe: (.text+0x1a0): undefined reference to `loadfileadr'
C:/Tools/mips-ps1/mips/bin/mipsel-none-elf-ld.exe: build/src/game/common/r3dcar.c.o: in function `R3DCar_PostStartUp__Fv':
(.text+0x20c): undefined reference to `reservememadr'
C:/Tools/mips-ps1/mips/bin/mipsel-none-elf-ld.exe: (.text+0x22c): undefined reference to `reservememadr'
C:/Tools/mips-ps1/mips/bin/mipsel-none-elf-ld.exe: (.text+0x264): undefined reference to `reservememadr'
C:/Tools/mips-ps1/mips/bin/mipsel-none-elf-ld.exe: (.text+0x27c): undefined reference to `reservememadr'
C:/Tools/mips-ps1/mips/bin/mipsel-none-elf-ld.exe: build/src/game/common/r3dcar.c.o: in function `R3DCar_CleanUp__Fv':
(.text+0x34c): undefined reference to `purgememadr'
C:/Tools/mips-ps1/mips/bin/mipsel-none-elf-ld.exe: (.text+0x36c): undefined reference to `purgememadr'
C:/Tools/mips-ps1/mips/bin/mipsel-none-elf-ld.exe: (.text+0x3a0): undefined reference to `purgememadr'
C:/Tools/mips-ps1/mips/bin/mipsel-none-elf-ld.exe: (.text+0x3b8): undefined reference to `purgememadr'
C:/Tools/mips-ps1/mips/bin/mipsel-none-elf-ld.exe: (.text+0x3d0): undefined reference to `purgememadr'
C:/Tools/mips-ps1/mips/bin/mipsel-none-elf-ld.exe: build/src/game/common/r3dcar.c.o:(.text+0x3e8): more undefined references to `purgememadr' follow
C:/Tools/mips-ps1/mips/bin/mipsel-none-elf-ld.exe: build/src/game/common/r3dcar.c.o: in function `R3DCar_ReadInCarData__FPcP8Car_tObj':
(.text+0x4f4): undefined reference to `locatebig'
C:/Tools/mips-ps1/mips/bin/mipsel-none-elf-ld.exe: (.text+0x514): undefined reference to `locatebigentry'
C:/Tools/mips-ps1/mips/bin/mipsel-none-elf-ld.exe: (.text+0x524): undefined reference to `reservememadr'
C:/Tools/mips-ps1/mips/bin/mipsel-none-elf-ld.exe: (.text+0x53c): undefined reference to `blockmove'
C:/Tools/mips-ps1/mips/bin/mipsel-none-elf-ld.exe: build/src/game/common/r3dcar.c.o: in function `R3DCcar_ReadeMapData__Fv':
(.text+0x9c0): undefined reference to `loadfileadr'
C:/Tools/mips-ps1/mips/bin/mipsel-none-elf-ld.exe: (.text+0xa18): undefined reference to `purgememadr'
C:/Tools/mips-ps1/mips/bin/mipsel-none-elf-ld.exe: build/src/game/common/r3dcar.c.o: in function `R3DCcar_ReadTrackShadow__Fv':
(.text+0xa6c): undefined reference to `loadfileadr'
C:/Tools/mips-ps1/mips/bin/mipsel-none-elf-ld.exe: (.text+0xb04): undefined reference to `purgememadr'
C:/Tools/mips-ps1/mips/bin/mipsel-none-elf-ld.exe: build/src/game/common/r3dcar.c.o: in function `R3DCar_CalcCarDimensions__FP8Car_tObjP18Transformer_zScenei':
(.text+0xfec): undefined reference to `fixedsqrt'
C:/Tools/mips-ps1/mips/bin/mipsel-none-elf-ld.exe: (.text+0x102c): undefined reference to `fixedsqrt'
C:/Tools/mips-ps1/mips/bin/mipsel-none-elf-ld.exe: build/src/game/common/r3dcar.c.o: in function `R3DCar_DeInstantiate3DCar__FP8Car_tObj':
(.text+0x106c): undefined reference to `purgememadr'
C:/Tools/mips-ps1/mips/bin/mipsel-none-elf-ld.exe: build/src/game/common/r3dcar.c.o: in function `R3DCar_DeInstantiate3DCarMenu__FP8Car_tObj':
(.text+0x1108): undefined reference to `purgememadr'
C:/Tools/mips-ps1/mips/bin/mipsel-none-elf-ld.exe: (.text+0x113c): undefined reference to `getasyncreadstatus'
C:/Tools/mips-ps1/mips/bin/mipsel-none-elf-ld.exe: (.text+0x1150): undefined reference to `systemtask'
C:/Tools/mips-ps1/mips/bin/mipsel-none-elf-ld.exe: (.text+0x1174): undefined reference to `getasyncreadadr'
C:/Tools/mips-ps1/mips/bin/mipsel-none-elf-ld.exe: (.text+0x1184): undefined reference to `purgememadr'
C:/Tools/mips-ps1/mips/bin/mipsel-none-elf-ld.exe: (.text+0x11a8): undefined reference to `purgememadr'
C:/Tools/mips-ps1/mips/bin/mipsel-none-elf-ld.exe: build/src/game/common/r3dcar.c.o: in function `R3DCar_LoadFileAdr__FPc':
(.text+0x1230): undefined reference to `filesize'
C:/Tools/mips-ps1/mips/bin/mipsel-none-elf-ld.exe: (.text+0x1250): undefined reference to `loadfileatadr'
C:/Tools/mips-ps1/mips/bin/mipsel-none-elf-ld.exe: build/src/game/common/r3dcar.c.o: in function `R3DCar_Instantiate3DCar__FP8Car_tObji':
(.text+0x1790): undefined reference to `reservememadr'
C:/Tools/mips-ps1/mips/bin/mipsel-none-elf-ld.exe: (.text+0x18b0): undefined reference to `locatebig'
C:/Tools/mips-ps1/mips/bin/mipsel-none-elf-ld.exe: (.text+0x1a00): undefined reference to `locatebig'
C:/Tools/mips-ps1/mips/bin/mipsel-none-elf-ld.exe: (.text+0x1aac): undefined reference to `resizememadr'
C:/Tools/mips-ps1/mips/bin/mipsel-none-elf-ld.exe: build/src/game/common/r3dcar.c.o: in function `R3DCar_InsertCarFacet__FP8Car_tObjP13DRender_tView':
(.text+0x2380): undefined reference to `fixedatan'
C:/Tools/mips-ps1/mips/bin/mipsel-none-elf-ld.exe: (.text+0x2400): undefined reference to `fixedxformz'
C:/Tools/mips-ps1/mips/bin/mipsel-none-elf-ld.exe: (.text+0x2414): undefined reference to `fixedxformx'
C:/Tools/mips-ps1/mips/bin/mipsel-none-elf-ld.exe: (.text+0x2444): undefined reference to `fixedxformz'
C:/Tools/mips-ps1/mips/bin/mipsel-none-elf-ld.exe: (.text+0x249c): undefined reference to `fixedxformz'
C:/Tools/mips-ps1/mips/bin/mipsel-none-elf-ld.exe: (.text+0x24ac): undefined reference to `fixedxformx'
C:/Tools/mips-ps1/mips/bin/mipsel-none-elf-ld.exe: (.text+0x26b4): undefined reference to `fixedmult'
C:/Tools/mips-ps1/mips/bin/mipsel-none-elf-ld.exe: (.text+0x26c0): undefined reference to `rdiv'
C:/Tools/mips-ps1/mips/bin/mipsel-none-elf-ld.exe: (.text+0x26e4): undefined reference to `fixedxformy'
C:/Tools/mips-ps1/mips/bin/mipsel-none-elf-ld.exe: build/src/game/common/r3dcar.c.o: in function `.L800B0648':
(.text+0x2cb4): undefined reference to `transform'
C:/Tools/mips-ps1/mips/bin/mipsel-none-elf-ld.exe: (.text+0x2d20): undefined reference to `transform'
C:/Tools/mips-ps1/mips/bin/mipsel-none-elf-ld.exe: (.text+0x2d54): undefined reference to `fixedxformy'
C:/Tools/mips-ps1/mips/bin/mipsel-none-elf-ld.exe: (.text+0x2d8c): undefined reference to `fixedxformx'
C:/Tools/mips-ps1/mips/bin/mipsel-none-elf-ld.exe: build/src/game/common/r3dcar.c.o: in function `.L800B0A3C':
(.text+0x2dec): undefined reference to `fixedxformx'
C:/Tools/mips-ps1/mips/bin/mipsel-none-elf-ld.exe: build/src/game/common/r3dcar.c.o: in function `.L800B0A70':
(.text+0x2e20): undefined reference to `fixedxformx'
C:/Tools/mips-ps1/mips/bin/mipsel-none-elf-ld.exe: build/src/game/common/r3dcar.c.o: in function `.L800B0A94':
(.text+0x2e44): undefined reference to `fixedxformx'
C:/Tools/mips-ps1/mips/bin/mipsel-none-elf-ld.exe: build/src/game/common/r3dcar.c.o: in function `.L800B0AC4':
(.text+0x2e90): undefined reference to `fixedxformz'
C:/Tools/mips-ps1/mips/bin/mipsel-none-elf-ld.exe: build/src/game/common/r3dcar.c.o: in function `.L800B0AF4':
(.text+0x2ec4): undefined reference to `fixedxformz'
C:/Tools/mips-ps1/mips/bin/mipsel-none-elf-ld.exe: (.text+0x2ed4): undefined reference to `fixedxformx'
C:/Tools/mips-ps1/mips/bin/mipsel-none-elf-ld.exe: build/src/game/common/r3dcar.c.o: in function `.L800B0B3C':
(.text+0x2f18): undefined reference to `fixedxformx'
C:/Tools/mips-ps1/mips/bin/mipsel-none-elf-ld.exe: (.text+0x2f34): undefined reference to `fixedxformy'
C:/Tools/mips-ps1/mips/bin/mipsel-none-elf-ld.exe: build/src/game/common/r3dcar.c.o: in function `R3DCar_ReadInCarTextureMenu__FP8Car_tObjPcii':
(.text+0x31d4): undefined reference to `reservememadr'
C:/Tools/mips-ps1/mips/bin/mipsel-none-elf-ld.exe: (.text+0x32d4): undefined reference to `locatebig'
C:/Tools/mips-ps1/mips/bin/mipsel-none-elf-ld.exe: (.text+0x3408): undefined reference to `locatebig'
C:/Tools/mips-ps1/mips/bin/mipsel-none-elf-ld.exe: (.text+0x3474): undefined reference to `purgememadr'
C:/Tools/mips-ps1/mips/bin/mipsel-none-elf-ld.exe: build/src/game/common/r3dcar.c.o: in function `R3DCar_InsertCarFacetMenu__FP8Car_tObjP13DRender_tView':
(.text+0x3790): undefined reference to `asyncloadfile'
C:/Tools/mips-ps1/mips/bin/mipsel-none-elf-ld.exe: (.text+0x37cc): undefined reference to `getasyncreadstatus'
C:/Tools/mips-ps1/mips/bin/mipsel-none-elf-ld.exe: (.text+0x3814): undefined reference to `getasyncreadadr'
C:/Tools/mips-ps1/mips/bin/mipsel-none-elf-ld.exe: (.text+0x3824): undefined reference to `purgememadr'
C:/Tools/mips-ps1/mips/bin/mipsel-none-elf-ld.exe: (.text+0x3838): undefined reference to `getasyncreadadr'
C:/Tools/mips-ps1/mips/bin/mipsel-none-elf-ld.exe: (.text+0x3854): undefined reference to `purgememadr'
C:/Tools/mips-ps1/mips/bin/mipsel-none-elf-ld.exe: (.text+0x390c): undefined reference to `purgememadr'
C:/Tools/mips-ps1/mips/bin/mipsel-none-elf-ld.exe: (.text+0x3a2c): undefined reference to `purgememadr'
C:/Tools/mips-ps1/mips/bin/mipsel-none-elf-ld.exe: (.text+0x3d6c): undefined reference to `fixedatan'
C:/Tools/mips-ps1/mips/bin/mipsel-none-elf-ld.exe: build/src/game/common/r3dcar.c.o: in function `.L800B1C0C':
(.text+0x41ac): undefined reference to `transform'
C:/Tools/mips-ps1/mips/bin/mipsel-none-elf-ld.exe: (.text+0x4208): undefined reference to `transform'
C:/Tools/mips-ps1/mips/bin/mipsel-none-elf-ld.exe: (.text+0x42ac): undefined reference to `fixedmult'
C:/Tools/mips-ps1/mips/bin/mipsel-none-elf-ld.exe: (.text+0x42c0): undefined reference to `fixedmult'
C:/Tools/mips-ps1/mips/bin/mipsel-none-elf-ld.exe: (.text+0x42d4): undefined reference to `fixedmult'
C:/Tools/mips-ps1/mips/bin/mipsel-none-elf-ld.exe: (.text+0x42e8): undefined reference to `fixedmult'
C:/Tools/mips-ps1/mips/bin/mipsel-none-elf-ld.exe: (.text+0x42fc): undefined reference to `fixedmult'
C:/Tools/mips-ps1/mips/bin/mipsel-none-elf-ld.exe: build/src/game/common/r3dcar.c.o:(.text+0x4310): more undefined references to `fixedmult' follow
C:/Tools/mips-ps1/mips/bin/mipsel-none-elf-ld.exe: build/src/game/common/replay.c.o: in function `Replay_LoadCameraFile__Fv':
(.text+0x18e8): undefined reference to `FILE_addbigsync'
C:/Tools/mips-ps1/mips/bin/mipsel-none-elf-ld.exe: (.text+0x1930): undefined reference to `loadfileadrz'
C:/Tools/mips-ps1/mips/bin/mipsel-none-elf-ld.exe: (.text+0x1944): undefined reference to `FILE_delbigsync'
C:/Tools/mips-ps1/mips/bin/mipsel-none-elf-ld.exe: (.text+0x1a18): undefined reference to `purgememadr'
C:/Tools/mips-ps1/mips/bin/mipsel-none-elf-ld.exe: build/src/game/common/scene.c.o: in function `Scene_PurgeScene__Fv':
(.text+0x44): undefined reference to `purgememadr'
C:/Tools/mips-ps1/mips/bin/mipsel-none-elf-ld.exe: build/src/game/common/scene.c.o: in function `Scene_LoadSceneFile__Fi':
(.text+0x144): undefined reference to `FILE_addbigsync'
C:/Tools/mips-ps1/mips/bin/mipsel-none-elf-ld.exe: (.text+0x170): undefined reference to `loadfileadr'
C:/Tools/mips-ps1/mips/bin/mipsel-none-elf-ld.exe: (.text+0x180): undefined reference to `FILE_delbigsync'
C:/Tools/mips-ps1/mips/bin/mipsel-none-elf-ld.exe: build/src/game/common/scene.c.o: in function `GetPlaneY__FPC8coorddefN20':
(.text+0x1c0): undefined reference to `fixedmult'
C:/Tools/mips-ps1/mips/bin/mipsel-none-elf-ld.exe: (.text+0x1d0): undefined reference to `fixedmult'
C:/Tools/mips-ps1/mips/bin/mipsel-none-elf-ld.exe: (.text+0x1e0): undefined reference to `fixedmult'
C:/Tools/mips-ps1/mips/bin/mipsel-none-elf-ld.exe: (.text+0x1f8): undefined reference to `fixedmult'
C:/Tools/mips-ps1/mips/bin/mipsel-none-elf-ld.exe: (.text+0x208): undefined reference to `fixedmult'
C:/Tools/mips-ps1/mips/bin/mipsel-none-elf-ld.exe: (.text+0x21c): undefined reference to `rdiv'
C:/Tools/mips-ps1/mips/bin/mipsel-none-elf-ld.exe: build/src/game/common/schedule.c.o: in function `Sched_CreateNewSchedule__FPci':
(.text+0x14c): undefined reference to `reservememadr'
C:/Tools/mips-ps1/mips/bin/mipsel-none-elf-ld.exe: build/src/game/common/schedule.c.o: in function `Sched_CleanUpSchedule__FP15Sched_tSchedule':
(.text+0x1ac): undefined reference to `purgememadr'
C:/Tools/mips-ps1/mips/bin/mipsel-none-elf-ld.exe: build/src/game/common/sim.c.o: in function `Sim_StartUp__Fv':
(.text+0x94): undefined reference to `AIInit_StartUp1__Fv'
C:/Tools/mips-ps1/mips/bin/mipsel-none-elf-ld.exe: (.text+0xd4): undefined reference to `AIInit_StartUp2__Fv'
C:/Tools/mips-ps1/mips/bin/mipsel-none-elf-ld.exe: build/src/game/common/sim.c.o: in function `Sim_Restart__Fv':
(.text+0x178): undefined reference to `AIInit_Reset1__Fv'
C:/Tools/mips-ps1/mips/bin/mipsel-none-elf-ld.exe: (.text+0x1a0): undefined reference to `AIInit_Reset2__Fv'
C:/Tools/mips-ps1/mips/bin/mipsel-none-elf-ld.exe: build/src/game/common/sim.c.o: in function `Sim_CleanUp__Fv':
(.text+0x210): undefined reference to `AIInit_CleanUp2__Fv'
C:/Tools/mips-ps1/mips/bin/mipsel-none-elf-ld.exe: (.text+0x238): undefined reference to `AIInit_CleanUp1__Fv'
C:/Tools/mips-ps1/mips/bin/mipsel-none-elf-ld.exe: build/src/game/common/sim.c.o: in function `Sim_ProcessSimSchedules__Fv':
(.text+0x494): undefined reference to `systemtask'
C:/Tools/mips-ps1/mips/bin/mipsel-none-elf-ld.exe: build/src/game/common/sim.c.o: in function `Sim_MainGameLoop__Fv':
(.text+0x750): undefined reference to `systemtask'
C:/Tools/mips-ps1/mips/bin/mipsel-none-elf-ld.exe: build/src/game/common/simplemem.c.o: in function `ResizeToFit__9SimpleMem':
(.text+0x84): undefined reference to `resizememadr'
C:/Tools/mips-ps1/mips/bin/mipsel-none-elf-ld.exe: build/src/game/common/souffle.c.o: in function `GetGustWind__FP17Souffle_tISouffle':
(.text+0xc): undefined reference to `random'
C:/Tools/mips-ps1/mips/bin/mipsel-none-elf-ld.exe: (.text+0x18): undefined reference to `random'
C:/Tools/mips-ps1/mips/bin/mipsel-none-elf-ld.exe: (.text+0x24): undefined reference to `random'
C:/Tools/mips-ps1/mips/bin/mipsel-none-elf-ld.exe: build/src/game/common/souffle.c.o: in function `GetAngleWind__FP17Souffle_tISouffle':
(.text+0x54): undefined reference to `random'
C:/Tools/mips-ps1/mips/bin/mipsel-none-elf-ld.exe: (.text+0x5c): undefined reference to `random'
C:/Tools/mips-ps1/mips/bin/mipsel-none-elf-ld.exe: build/src/game/common/souffle.c.o: in function `Souffle_DoSouffle__Fv':
(.text+0x2ec): undefined reference to `intcos'
C:/Tools/mips-ps1/mips/bin/mipsel-none-elf-ld.exe: (.text+0x2f8): undefined reference to `fixedmult'
C:/Tools/mips-ps1/mips/bin/mipsel-none-elf-ld.exe: (.text+0x304): undefined reference to `intsin'
C:/Tools/mips-ps1/mips/bin/mipsel-none-elf-ld.exe: (.text+0x310): undefined reference to `fixedmult'
C:/Tools/mips-ps1/mips/bin/mipsel-none-elf-ld.exe: (.text+0x4e8): undefined reference to `intsin'
C:/Tools/mips-ps1/mips/bin/mipsel-none-elf-ld.exe: build/src/game/common/souffle.c.o: in function `Souffle_InitTrackSouffle__Fv':
(.text+0x8b0): undefined reference to `reservememadr'
C:/Tools/mips-ps1/mips/bin/mipsel-none-elf-ld.exe: build/src/game/common/souffle.c.o: in function `Souffle_KillTrackSouffle__Fv':
(.text+0x8f4): undefined reference to `purgememadr'
C:/Tools/mips-ps1/mips/bin/mipsel-none-elf-ld.exe: build/src/game/common/speech.c.o: in function `Speech_AllocateRAM__FlPc':
(.text+0x14): undefined reference to `reservememadr'
C:/Tools/mips-ps1/mips/bin/mipsel-none-elf-ld.exe: build/src/game/common/speech.c.o: in function `Speech_PurgeRAM__FPc':
(.text+0x34): undefined reference to `purgememadr'
C:/Tools/mips-ps1/mips/bin/mipsel-none-elf-ld.exe: build/src/game/common/speech.c.o: in function `FindLocation__Q26Speech7SpeakerP8Car_tObj':
(.text+0x71c): undefined reference to `fixedmult'
C:/Tools/mips-ps1/mips/bin/mipsel-none-elf-ld.exe: (.text+0x744): undefined reference to `fixedmult'
C:/Tools/mips-ps1/mips/bin/mipsel-none-elf-ld.exe: (.text+0x780): undefined reference to `fixedmult'
C:/Tools/mips-ps1/mips/bin/mipsel-none-elf-ld.exe: (.text+0x7b8): undefined reference to `fixedmult'
C:/Tools/mips-ps1/mips/bin/mipsel-none-elf-ld.exe: (.text+0x7e8): undefined reference to `fixedmult'
C:/Tools/mips-ps1/mips/bin/mipsel-none-elf-ld.exe: build/src/game/common/speech.c.o:(.text+0x820): more undefined references to `fixedmult' follow
C:/Tools/mips-ps1/mips/bin/mipsel-none-elf-ld.exe: build/src/game/common/speech.c.o: in function `CalculateBankSize__6SpeechPcPQ26Speech11CarBankNamePlT3':
(.text+0xd1c): undefined reference to `locatebigentry'
C:/Tools/mips-ps1/mips/bin/mipsel-none-elf-ld.exe: build/src/game/common/speech.c.o: in function `LoadBankHeaders__6SpeechPcPQ26Speech11CarBankNamell':
(.text+0xf44): undefined reference to `locatebigentry'
C:/Tools/mips-ps1/mips/bin/mipsel-none-elf-ld.exe: (.text+0xf60): undefined reference to `FILE_readsync'
C:/Tools/mips-ps1/mips/bin/mipsel-none-elf-ld.exe: (.text+0xfbc): undefined reference to `reservememadr'
C:/Tools/mips-ps1/mips/bin/mipsel-none-elf-ld.exe: (.text+0xfd8): undefined reference to `FILE_readsync'
C:/Tools/mips-ps1/mips/bin/mipsel-none-elf-ld.exe: (.text+0xfec): undefined reference to `reservememadr'
C:/Tools/mips-ps1/mips/bin/mipsel-none-elf-ld.exe: (.text+0x1050): undefined reference to `systemtask'
C:/Tools/mips-ps1/mips/bin/mipsel-none-elf-ld.exe: (.text+0x12c8): undefined reference to `purgememadr'
C:/Tools/mips-ps1/mips/bin/mipsel-none-elf-ld.exe: (.text+0x12d4): undefined reference to `purgememadr'
C:/Tools/mips-ps1/mips/bin/mipsel-none-elf-ld.exe: build/src/game/common/speech.c.o: in function `__6Speech':
(.text+0x14c0): undefined reference to `gettick'
C:/Tools/mips-ps1/mips/bin/mipsel-none-elf-ld.exe: (.text+0x1590): undefined reference to `loadbigfileheader'
C:/Tools/mips-ps1/mips/bin/mipsel-none-elf-ld.exe: (.text+0x15e0): undefined reference to `reservememadr'
C:/Tools/mips-ps1/mips/bin/mipsel-none-elf-ld.exe: (.text+0x1644): undefined reference to `FILE_opensync'
C:/Tools/mips-ps1/mips/bin/mipsel-none-elf-ld.exe: (.text+0x1678): undefined reference to `purgememadr'
C:/Tools/mips-ps1/mips/bin/mipsel-none-elf-ld.exe: (.text+0x1680): undefined reference to `gettick'
C:/Tools/mips-ps1/mips/bin/mipsel-none-elf-ld.exe: build/src/game/common/speech.c.o: in function `___6Speech':
(.text+0x1880): undefined reference to `purgememadr'
C:/Tools/mips-ps1/mips/bin/mipsel-none-elf-ld.exe: (.text+0x189c): undefined reference to `FILE_closesync'
C:/Tools/mips-ps1/mips/bin/mipsel-none-elf-ld.exe: build/src/game/common/speech.c.o: in function `CalcMph__Q26Speech7SpeakerP8Car_tObj':
(.text+0x35dc): undefined reference to `fixedmult'
C:/Tools/mips-ps1/mips/bin/mipsel-none-elf-ld.exe: build/src/game/common/speech.c.o: in function `SetSpeed__Q26Speech13MobileSpeakerP8Car_tObj':
(.text+0x3654): undefined reference to `fixedmult'
C:/Tools/mips-ps1/mips/bin/mipsel-none-elf-ld.exe: (.text+0x36b0): undefined reference to `fixedmult'
C:/Tools/mips-ps1/mips/bin/mipsel-none-elf-ld.exe: (.text+0x36ec): undefined reference to `fixedmult'
C:/Tools/mips-ps1/mips/bin/mipsel-none-elf-ld.exe: build/src/game/common/textsys.c.o: in function `TextSys_LoadWordsGeneric__FiPc':
(.text+0x30): undefined reference to `purgememadr'
C:/Tools/mips-ps1/mips/bin/mipsel-none-elf-ld.exe: (.text+0x64): undefined reference to `loadfileadr'
C:/Tools/mips-ps1/mips/bin/mipsel-none-elf-ld.exe: build/src/game/common/textsys.c.o: in function `TextSys_UnloadWords__Fv':
(.text+0x188): undefined reference to `purgememadr'
C:/Tools/mips-ps1/mips/bin/mipsel-none-elf-ld.exe: build/src/game/common/track.c.o: in function `LoadShapesAndMakePmx__FPcP12Draw_tPixMapiii':
(.text+0x198): undefined reference to `reservememadr'
C:/Tools/mips-ps1/mips/bin/mipsel-none-elf-ld.exe: (.text+0x1d8): undefined reference to `reservememadr'
C:/Tools/mips-ps1/mips/bin/mipsel-none-elf-ld.exe: (.text+0x214): undefined reference to `shapecount'
C:/Tools/mips-ps1/mips/bin/mipsel-none-elf-ld.exe: (.text+0x228): undefined reference to `shapepointer'
C:/Tools/mips-ps1/mips/bin/mipsel-none-elf-ld.exe: (.text+0x240): undefined reference to `shapename'
C:/Tools/mips-ps1/mips/bin/mipsel-none-elf-ld.exe: build/src/game/common/track.c.o: in function `LoadShapesAndMakePmx_EnvMap__FPcP12Draw_tPixMapii':
(.text+0x4c0): undefined reference to `shapecount'
C:/Tools/mips-ps1/mips/bin/mipsel-none-elf-ld.exe: (.text+0x4d4): undefined reference to `shapepointer'
C:/Tools/mips-ps1/mips/bin/mipsel-none-elf-ld.exe: build/src/game/common/track.c.o: in function `TexturesLoadInitial__Fv':
(.text+0x5b0): undefined reference to `loadshapeadr'
C:/Tools/mips-ps1/mips/bin/mipsel-none-elf-ld.exe: (.text+0x5d4): undefined reference to `shapecount'
C:/Tools/mips-ps1/mips/bin/mipsel-none-elf-ld.exe: (.text+0x664): undefined reference to `purgememadr'
C:/Tools/mips-ps1/mips/bin/mipsel-none-elf-ld.exe: (.text+0x698): undefined reference to `loadshapeadr'
C:/Tools/mips-ps1/mips/bin/mipsel-none-elf-ld.exe: (.text+0x6cc): undefined reference to `purgememadr'
C:/Tools/mips-ps1/mips/bin/mipsel-none-elf-ld.exe: build/src/game/common/track.c.o: in function `Track_LinkMaterials__FP15SerializedGroupiP15Track_tMaterial':
(.text+0xf0c): undefined reference to `purgememadr'
C:/Tools/mips-ps1/mips/bin/mipsel-none-elf-ld.exe: (.text+0xf18): undefined reference to `purgememadr'
C:/Tools/mips-ps1/mips/bin/mipsel-none-elf-ld.exe: build/src/game/common/track.c.o: in function `CalcObjectBoundingSphere__FP5GroupT0':
(.text+0x1288): undefined reference to `fixedsqrt'
C:/Tools/mips-ps1/mips/bin/mipsel-none-elf-ld.exe: build/src/game/common/track.c.o: in function `Track_Init__FPc':
(.text+0x1558): undefined reference to `filesize'
C:/Tools/mips-ps1/mips/bin/mipsel-none-elf-ld.exe: (.text+0x1570): undefined reference to `reservememadr'
C:/Tools/mips-ps1/mips/bin/mipsel-none-elf-ld.exe: (.text+0x15b0): undefined reference to `reservememadr'
C:/Tools/mips-ps1/mips/bin/mipsel-none-elf-ld.exe: (.text+0x15e4): undefined reference to `loadfileatadr'
C:/Tools/mips-ps1/mips/bin/mipsel-none-elf-ld.exe: (.text+0x18f4): undefined reference to `reservememadr'
C:/Tools/mips-ps1/mips/bin/mipsel-none-elf-ld.exe: build/src/game/common/track.c.o: in function `Track_DeInit__Fv':
(.text+0x1998): undefined reference to `purgememadr'
C:/Tools/mips-ps1/mips/bin/mipsel-none-elf-ld.exe: (.text+0x1a08): undefined reference to `purgememadr'
C:/Tools/mips-ps1/mips/bin/mipsel-none-elf-ld.exe: (.text+0x1a28): undefined reference to `purgememadr'
C:/Tools/mips-ps1/mips/bin/mipsel-none-elf-ld.exe: build/src/game/common/track.c.o: in function `KillFile_OpenRead__Fv':
(.text+0x1a7c): undefined reference to `loadfileadrz'
C:/Tools/mips-ps1/mips/bin/mipsel-none-elf-ld.exe: build/src/game/common/track.c.o: in function `Track_LoadObjectKillData__Fv':
(.text+0x1bbc): undefined reference to `purgememadr'
C:/Tools/mips-ps1/mips/bin/mipsel-none-elf-ld.exe: build/src/game/common/track.c.o: in function `__11SaveSurfacei':
(.text+0x1c9c): undefined reference to `reservememadr'
C:/Tools/mips-ps1/mips/bin/mipsel-none-elf-ld.exe: build/src/game/common/track.c.o: in function `___11SaveSurface':
(.text+0x1d40): undefined reference to `purgememadr'
C:/Tools/mips-ps1/mips/bin/mipsel-none-elf-ld.exe: build/src/game/common/trgsfx.c.o: in function `TrgSfx_CrashCar__FP8coorddef':
(.text+0x334): undefined reference to `random'
C:/Tools/mips-ps1/mips/bin/mipsel-none-elf-ld.exe: build/src/game/common/udff.c.o: in function `Udff_Opena__FPcT0i':
(.text+0x28): undefined reference to `reservememadr'
C:/Tools/mips-ps1/mips/bin/mipsel-none-elf-ld.exe: (.text+0x64): undefined reference to `purgememadr'
C:/Tools/mips-ps1/mips/bin/mipsel-none-elf-ld.exe: (.text+0x84): undefined reference to `loadfileadrz'
C:/Tools/mips-ps1/mips/bin/mipsel-none-elf-ld.exe: (.text+0x9c): undefined reference to `purgememadr'
C:/Tools/mips-ps1/mips/bin/mipsel-none-elf-ld.exe: build/src/game/common/udff.c.o: in function `Udff_Close__FP10Udff_tInfo':
(.text+0xfc): undefined reference to `purgememadr'
C:/Tools/mips-ps1/mips/bin/mipsel-none-elf-ld.exe: (.text+0x104): undefined reference to `purgememadr'
C:/Tools/mips-ps1/mips/bin/mipsel-none-elf-ld.exe: build/src/game/psx/audio.c.o: in function `Audio_InitDriver__Fii':
(.text+0x90): undefined reference to `reservememadr'
C:/Tools/mips-ps1/mips/bin/mipsel-none-elf-ld.exe: build/src/game/psx/audio.c.o: in function `Audio_DeInitDriver__Fv':
(.text+0x124): undefined reference to `purgememadr'
C:/Tools/mips-ps1/mips/bin/mipsel-none-elf-ld.exe: build/src/game/psx/audio.c.o: in function `Audio_CleanUp__Fv':
(.text+0x168): undefined reference to `purgememadr'
C:/Tools/mips-ps1/mips/bin/mipsel-none-elf-ld.exe: build/src/game/psx/audio.c.o: in function `Audio_FECleanUp__Fv':
(.text+0x1a4): undefined reference to `SNDbankremove'
C:/Tools/mips-ps1/mips/bin/mipsel-none-elf-ld.exe: (.text+0x1c4): undefined reference to `purgememadr'
C:/Tools/mips-ps1/mips/bin/mipsel-none-elf-ld.exe: build/src/game/psx/audio.c.o: in function `AudioCmn_AddBank__FPciT0i':
(.text+0x258): undefined reference to `SNDbankadd'
C:/Tools/mips-ps1/mips/bin/mipsel-none-elf-ld.exe: (.text+0x274): undefined reference to `SNDbankheadersize'
C:/Tools/mips-ps1/mips/bin/mipsel-none-elf-ld.exe: (.text+0x284): undefined reference to `reservememadr'
C:/Tools/mips-ps1/mips/bin/mipsel-none-elf-ld.exe: (.text+0x294): undefined reference to `SNDbankheadercopy'
C:/Tools/mips-ps1/mips/bin/mipsel-none-elf-ld.exe: (.text+0x2a0): undefined reference to `SNDbankheadersize'
C:/Tools/mips-ps1/mips/bin/mipsel-none-elf-ld.exe: (.text+0x2b8): undefined reference to `purgememadr'
C:/Tools/mips-ps1/mips/bin/mipsel-none-elf-ld.exe: build/src/game/psx/audio.c.o: in function `AudioCmn_LoadBank__FPci':
(.text+0x344): undefined reference to `loadfileadrz'
C:/Tools/mips-ps1/mips/bin/mipsel-none-elf-ld.exe: (.text+0x358): undefined reference to `filesize'
C:/Tools/mips-ps1/mips/bin/mipsel-none-elf-ld.exe: build/src/game/psx/cario.c.o: in function `CarIO_StartUp__Fv':
(.text+0x1c): undefined reference to `reservememadr'
C:/Tools/mips-ps1/mips/bin/mipsel-none-elf-ld.exe: build/src/game/psx/cario.c.o: in function `CarIO_CleanUp__Fv':
(.text+0x7c): undefined reference to `purgememadr'
C:/Tools/mips-ps1/mips/bin/mipsel-none-elf-ld.exe: build/src/game/psx/cario.c.o: in function `CarIO_CreateLicense__FPcii':
(.text+0x3b8): undefined reference to `reservememadr'
C:/Tools/mips-ps1/mips/bin/mipsel-none-elf-ld.exe: (.text+0x3e0): undefined reference to `reservememadr'
C:/Tools/mips-ps1/mips/bin/mipsel-none-elf-ld.exe: (.text+0x414): undefined reference to `reservememadr'
C:/Tools/mips-ps1/mips/bin/mipsel-none-elf-ld.exe: (.text+0x42c): undefined reference to `locateshapez'
C:/Tools/mips-ps1/mips/bin/mipsel-none-elf-ld.exe: build/src/game/psx/cario.c.o: in function `.L800BC4C4':
(.text+0x5d4): undefined reference to `locateshapez'
C:/Tools/mips-ps1/mips/bin/mipsel-none-elf-ld.exe: (.text+0x6ac): undefined reference to `purgememadr'
C:/Tools/mips-ps1/mips/bin/mipsel-none-elf-ld.exe: build/src/game/psx/cario.c.o: in function `CarIO_CleanUpLicense__Fi':
(.text+0x710): undefined reference to `purgememadr'
C:/Tools/mips-ps1/mips/bin/mipsel-none-elf-ld.exe: (.text+0x738): undefined reference to `purgememadr'
C:/Tools/mips-ps1/mips/bin/mipsel-none-elf-ld.exe: build/src/game/psx/cario.c.o: in function `CarIO_ReadInCarTextureData__FPcP8Car_tObjii':
(.text+0xac8): undefined reference to `locateshapez'
C:/Tools/mips-ps1/mips/bin/mipsel-none-elf-ld.exe: (.text+0xaf0): undefined reference to `locateshapez'
C:/Tools/mips-ps1/mips/bin/mipsel-none-elf-ld.exe: (.text+0xd48): undefined reference to `locateshapez'
C:/Tools/mips-ps1/mips/bin/mipsel-none-elf-ld.exe: build/src/game/psx/cario.c.o: in function `CarIO_UpdateCarTextureData__FPcP8Car_tObji':
(.text+0x107c): undefined reference to `locateshapez'
C:/Tools/mips-ps1/mips/bin/mipsel-none-elf-ld.exe: (.text+0x10a8): undefined reference to `locateshapez'
C:/Tools/mips-ps1/mips/bin/mipsel-none-elf-ld.exe: build/src/game/psx/cario.c.o:(.text+0x129c): more undefined references to `locateshapez' follow
C:/Tools/mips-ps1/mips/bin/mipsel-none-elf-ld.exe: build/src/game/psx/device.c.o: in function `Device_Update__Fv':
(.text+0x120): undefined reference to `PAD_update'
C:/Tools/mips-ps1/mips/bin/mipsel-none-elf-ld.exe: build/src/game/psx/device.c.o: in function `Device_ReadPad__FiUl':
(.text+0x4f4): undefined reference to `PAD_state'
C:/Tools/mips-ps1/mips/bin/mipsel-none-elf-ld.exe: build/src/game/psx/draw.c.o: in function `Draw_InitViewOT__Fv':
(.text+0x160): undefined reference to `reservememadr'
C:/Tools/mips-ps1/mips/bin/mipsel-none-elf-ld.exe: (.text+0x17c): undefined reference to `reservememadr'
C:/Tools/mips-ps1/mips/bin/mipsel-none-elf-ld.exe: build/src/game/psx/draw.c.o: in function `Draw_DeInitViews__Fv':
(.text+0x260): undefined reference to `purgememadr'
C:/Tools/mips-ps1/mips/bin/mipsel-none-elf-ld.exe: (.text+0x278): undefined reference to `purgememadr'
C:/Tools/mips-ps1/mips/bin/mipsel-none-elf-ld.exe: build/src/game/psx/draw.c.o: in function `ClearPrimitivesBuffer__Fv':
(.text+0x508): undefined reference to `purgememadr'
C:/Tools/mips-ps1/mips/bin/mipsel-none-elf-ld.exe: (.text+0x520): undefined reference to `purgememadr'
C:/Tools/mips-ps1/mips/bin/mipsel-none-elf-ld.exe: build/src/game/psx/draw.c.o: in function `Draw_DirectSetEnvironment__Fiiiiiiiiii':
(.text+0xa88): undefined reference to `timedwait'
C:/Tools/mips-ps1/mips/bin/mipsel-none-elf-ld.exe: build/src/game/psx/drawc.c.o: in function `DrawC_ReadLightingData__Fv':
(.text+0x3c): undefined reference to `loadfileadr'
C:/Tools/mips-ps1/mips/bin/mipsel-none-elf-ld.exe: (.text+0x70): undefined reference to `reservememadr'
C:/Tools/mips-ps1/mips/bin/mipsel-none-elf-ld.exe: (.text+0x13c): undefined reference to `reservememadr'
C:/Tools/mips-ps1/mips/bin/mipsel-none-elf-ld.exe: (.text+0x1e4): undefined reference to `purgememadr'
C:/Tools/mips-ps1/mips/bin/mipsel-none-elf-ld.exe: build/src/game/psx/drawc.c.o: in function `DrawC_KillRenderingData__Fv':
(.text+0x264): undefined reference to `purgememadr'
C:/Tools/mips-ps1/mips/bin/mipsel-none-elf-ld.exe: (.text+0x270): undefined reference to `purgememadr'
C:/Tools/mips-ps1/mips/bin/mipsel-none-elf-ld.exe: build/src/game/psx/drawc.c.o: in function `DrawC_NightHeadlight__FP8Car_tObj':
(.text+0x330): undefined reference to `transform'
C:/Tools/mips-ps1/mips/bin/mipsel-none-elf-ld.exe: build/src/game/psx/drawc.c.o: in function `DrawC_MenuColorData__FiP8Car_tObji':
(.text+0x590): undefined reference to `loadfileadr'
C:/Tools/mips-ps1/mips/bin/mipsel-none-elf-ld.exe: (.text+0x5ac): undefined reference to `purgememadr'
C:/Tools/mips-ps1/mips/bin/mipsel-none-elf-ld.exe: build/src/game/psx/drawc.c.o: in function `DrawC_ShowroomPrims__FP10matrixtdefP8coorddefP13Draw_CarCache':
(.text+0x64d0): undefined reference to `gettick'
C:/Tools/mips-ps1/mips/bin/mipsel-none-elf-ld.exe: build/src/game/psx/draww.c.o: in function `DrawW_DoTrough__FP13DRender_tViewP11tBuildEntry':
(.text+0x221c): undefined reference to `transform'
C:/Tools/mips-ps1/mips/bin/mipsel-none-elf-ld.exe: (.text+0x22d8): undefined reference to `transform'
C:/Tools/mips-ps1/mips/bin/mipsel-none-elf-ld.exe: build/src/game/psx/draww.c.o: in function `DrawW_BuildCustomObjectFacets__FP13DRender_tViewP11Draw_DCacheP13Trk_SimObjectP5Groupi':
(.text+0x2d2c): undefined reference to `fixedmult'
C:/Tools/mips-ps1/mips/bin/mipsel-none-elf-ld.exe: (.text+0x2d3c): undefined reference to `fixedmult'
C:/Tools/mips-ps1/mips/bin/mipsel-none-elf-ld.exe: (.text+0x2d4c): undefined reference to `fixedmult'
C:/Tools/mips-ps1/mips/bin/mipsel-none-elf-ld.exe: (.text+0x2d64): undefined reference to `fixedmult'
C:/Tools/mips-ps1/mips/bin/mipsel-none-elf-ld.exe: (.text+0x2d74): undefined reference to `fixedmult'
C:/Tools/mips-ps1/mips/bin/mipsel-none-elf-ld.exe: build/src/game/psx/draww.c.o:(.text+0x2d84): more undefined references to `fixedmult' follow
C:/Tools/mips-ps1/mips/bin/mipsel-none-elf-ld.exe: build/src/game/psx/draww.c.o: in function `DrawObjectTransform__FP13DRender_tViewP11Draw_DCacheP10matrixtdefP13Trk_ObjectDefP8coorddefis':
(.text+0x2ff8): undefined reference to `transform'
C:/Tools/mips-ps1/mips/bin/mipsel-none-elf-ld.exe: (.text+0x3074): undefined reference to `transform'
C:/Tools/mips-ps1/mips/bin/mipsel-none-elf-ld.exe: build/src/game/psx/draww.c.o: in function `DrawObjectSimple__FP13DRender_tViewP11Draw_DCacheP13Trk_ObjectDefP8coorddefi':
(.text+0x333c): undefined reference to `transform'
C:/Tools/mips-ps1/mips/bin/mipsel-none-elf-ld.exe: (.text+0x33b8): undefined reference to `transform'
C:/Tools/mips-ps1/mips/bin/mipsel-none-elf-ld.exe: build/src/game/psx/draww.c.o: in function `DrawW_BuildChunkObjectFacets__FP13DRender_tViewP15ChunkObjectInfo':
(.text+0x362c): undefined reference to `fixedatan'
C:/Tools/mips-ps1/mips/bin/mipsel-none-elf-ld.exe: (.text+0x3638): undefined reference to `fixedxformy'
C:/Tools/mips-ps1/mips/bin/mipsel-none-elf-ld.exe: (.text+0x3664): undefined reference to `fixedmult'
C:/Tools/mips-ps1/mips/bin/mipsel-none-elf-ld.exe: (.text+0x3674): undefined reference to `fixedmult'
C:/Tools/mips-ps1/mips/bin/mipsel-none-elf-ld.exe: (.text+0x3684): undefined reference to `fixedmult'
C:/Tools/mips-ps1/mips/bin/mipsel-none-elf-ld.exe: (.text+0x369c): undefined reference to `fixedmult'
C:/Tools/mips-ps1/mips/bin/mipsel-none-elf-ld.exe: (.text+0x36ac): undefined reference to `fixedmult'
C:/Tools/mips-ps1/mips/bin/mipsel-none-elf-ld.exe: build/src/game/psx/draww.c.o:(.text+0x36bc): more undefined references to `fixedmult' follow
C:/Tools/mips-ps1/mips/bin/mipsel-none-elf-ld.exe: build/src/game/psx/draww.c.o: in function `DrawW_BuildChunkObjectFacets__FP13DRender_tViewP15ChunkObjectInfo':
(.text+0x38dc): undefined reference to `xformy'
C:/Tools/mips-ps1/mips/bin/mipsel-none-elf-ld.exe: (.text+0x38f8): undefined reference to `fixedmult'
C:/Tools/mips-ps1/mips/bin/mipsel-none-elf-ld.exe: (.text+0x3908): undefined reference to `fixedmult'
C:/Tools/mips-ps1/mips/bin/mipsel-none-elf-ld.exe: (.text+0x3918): undefined reference to `fixedmult'
C:/Tools/mips-ps1/mips/bin/mipsel-none-elf-ld.exe: (.text+0x3930): undefined reference to `fixedmult'
C:/Tools/mips-ps1/mips/bin/mipsel-none-elf-ld.exe: (.text+0x3940): undefined reference to `fixedmult'
C:/Tools/mips-ps1/mips/bin/mipsel-none-elf-ld.exe: build/src/game/psx/draww.c.o:(.text+0x3950): more undefined references to `fixedmult' follow
C:/Tools/mips-ps1/mips/bin/mipsel-none-elf-ld.exe: build/src/game/psx/draww.c.o: in function `ObjectClipped__FP13DRender_tViewiP8coorddefP25Draw_tGiveShelbyMoreCache':
(.text+0x3c28): undefined reference to `transform'
C:/Tools/mips-ps1/mips/bin/mipsel-none-elf-ld.exe: build/src/game/psx/draww.c.o: in function `Draw_kCtrlSkidmark__FP18Draw_tCtrlSkidmark':
(.text+0x41d8): undefined reference to `transform'
C:/Tools/mips-ps1/mips/bin/mipsel-none-elf-ld.exe: build/src/game/psx/draww.c.o: in function `DrawW_DoLines__FP13DRender_tViewP11tBuildEntryP11Draw_DCache':
(.text+0x53b4): undefined reference to `transform'
C:/Tools/mips-ps1/mips/bin/mipsel-none-elf-ld.exe: (.text+0x5414): undefined reference to `transform'
C:/Tools/mips-ps1/mips/bin/mipsel-none-elf-ld.exe: build/src/game/psx/draww.c.o: in function `DrawW_BuildSpikeBelt__FP13DRender_tViewiP11Draw_DCache':
(.text+0x5568): undefined reference to `fixedmult'
C:/Tools/mips-ps1/mips/bin/mipsel-none-elf-ld.exe: (.text+0x5588): undefined reference to `fixedmult'
C:/Tools/mips-ps1/mips/bin/mipsel-none-elf-ld.exe: (.text+0x55a8): undefined reference to `fixedmult'
C:/Tools/mips-ps1/mips/bin/mipsel-none-elf-ld.exe: (.text+0x55f0): undefined reference to `fixedmult'
C:/Tools/mips-ps1/mips/bin/mipsel-none-elf-ld.exe: (.text+0x5618): undefined reference to `fixedmult'
C:/Tools/mips-ps1/mips/bin/mipsel-none-elf-ld.exe: build/src/game/psx/draww.c.o:(.text+0x5640): more undefined references to `fixedmult' follow
C:/Tools/mips-ps1/mips/bin/mipsel-none-elf-ld.exe: build/src/game/psx/draww.c.o: in function `DrawW_BuildSpikeBelt__FP13DRender_tViewiP11Draw_DCache':
(.text+0x589c): undefined reference to `transform'
C:/Tools/mips-ps1/mips/bin/mipsel-none-elf-ld.exe: build/src/game/psx/fe3dmenu.c.o: in function `Fe3D_InitShowroom__Fv':
(.text+0xc0): undefined reference to `intsin'
C:/Tools/mips-ps1/mips/bin/mipsel-none-elf-ld.exe: (.text+0xcc): undefined reference to `intcos'
C:/Tools/mips-ps1/mips/bin/mipsel-none-elf-ld.exe: build/src/game/psx/fe3dmenu.c.o: in function `CameraLookAt__FP10matrixtdefP8coorddef':
(.text+0x224): undefined reference to `crossproduct'
C:/Tools/mips-ps1/mips/bin/mipsel-none-elf-ld.exe: (.text+0x234): undefined reference to `crossproduct'
C:/Tools/mips-ps1/mips/bin/mipsel-none-elf-ld.exe: build/src/game/psx/fe3dmenu.c.o: in function `Draw_MenuRenderingView__FP8Car_tObjP13DRender_tViewiiiUliffii':
(.text+0x3c0): undefined reference to `fixedxformy'
C:/Tools/mips-ps1/mips/bin/mipsel-none-elf-ld.exe: (.text+0x434): undefined reference to `fixedxformy'
C:/Tools/mips-ps1/mips/bin/mipsel-none-elf-ld.exe: (.text+0x488): undefined reference to `transpose'
C:/Tools/mips-ps1/mips/bin/mipsel-none-elf-ld.exe: (.text+0x4d4): undefined reference to `transform'
C:/Tools/mips-ps1/mips/bin/mipsel-none-elf-ld.exe: (.text+0x508): undefined reference to `transform'
C:/Tools/mips-ps1/mips/bin/mipsel-none-elf-ld.exe: build/src/game/psx/flare.c.o: in function `Flare_CarShapedHalo__FiP7COORD16N21siP15Draw_FlareCache':
(.text+0x116c): undefined reference to `fixedatan'
C:/Tools/mips-ps1/mips/bin/mipsel-none-elf-ld.exe: (.text+0x1190): undefined reference to `isqrt'
C:/Tools/mips-ps1/mips/bin/mipsel-none-elf-ld.exe: build/src/game/psx/flare.c.o: in function `Flare_Halo2__FP13DRender_tViewiiP8coorddefT3P15Draw_FlareCache':
(.text+0x1a60): undefined reference to `random'
C:/Tools/mips-ps1/mips/bin/mipsel-none-elf-ld.exe: (.text+0x1c18): undefined reference to `fixedatan'
C:/Tools/mips-ps1/mips/bin/mipsel-none-elf-ld.exe: (.text+0x1c3c): undefined reference to `isqrt'
C:/Tools/mips-ps1/mips/bin/mipsel-none-elf-ld.exe: build/src/game/psx/font.c.o: in function `Font_Getcharacter__Fi':
(.text+0x4d8): undefined reference to `geti'
C:/Tools/mips-ps1/mips/bin/mipsel-none-elf-ld.exe: build/src/game/psx/font.c.o: in function `Font_SwitchFont__FPc':
(.text+0x548): undefined reference to `setfont'
C:/Tools/mips-ps1/mips/bin/mipsel-none-elf-ld.exe: build/src/game/psx/font.c.o: in function `Font_LoadFont__FPciic':
(.text+0x640): undefined reference to `setfont'
C:/Tools/mips-ps1/mips/bin/mipsel-none-elf-ld.exe: (.text+0x6f0): undefined reference to `waitdraw'
C:/Tools/mips-ps1/mips/bin/mipsel-none-elf-ld.exe: (.text+0x798): undefined reference to `resizememadr'
C:/Tools/mips-ps1/mips/bin/mipsel-none-elf-ld.exe: build/src/game/psx/font.c.o: in function `Font_TextXY__FPcii':
(.text+0x850): undefined reference to `geti'
C:/Tools/mips-ps1/mips/bin/mipsel-none-elf-ld.exe: (.text+0x860): undefined reference to `geti'
C:/Tools/mips-ps1/mips/bin/mipsel-none-elf-ld.exe: build/src/game/psx/font.c.o: in function `Font_GetUVWH__FcPiN41':
(.text+0x980): undefined reference to `geti'
C:/Tools/mips-ps1/mips/bin/mipsel-none-elf-ld.exe: (.text+0x990): undefined reference to `geti'
C:/Tools/mips-ps1/mips/bin/mipsel-none-elf-ld.exe: build/src/game/psx/font.c.o: in function `Font_textbsearch__FiPcUlUl':
(.text+0xa48): undefined reference to `geti'
C:/Tools/mips-ps1/mips/bin/mipsel-none-elf-ld.exe: build/src/game/psx/force.c.o: in function `.L800CADB0':
(.text+0x4f0): undefined reference to `rdiv'
C:/Tools/mips-ps1/mips/bin/mipsel-none-elf-ld.exe: (.text+0x51c): undefined reference to `rdiv'
C:/Tools/mips-ps1/mips/bin/mipsel-none-elf-ld.exe: (.text+0x550): undefined reference to `fixedmult'
C:/Tools/mips-ps1/mips/bin/mipsel-none-elf-ld.exe: (.text+0x5d0): undefined reference to `fixedmult'
C:/Tools/mips-ps1/mips/bin/mipsel-none-elf-ld.exe: (.text+0x620): undefined reference to `fixedmult'
C:/Tools/mips-ps1/mips/bin/mipsel-none-elf-ld.exe: build/src/game/psx/hrzsku.c.o: in function `Sky_InitStars__Fv':
(.text+0x168): undefined reference to `random'
C:/Tools/mips-ps1/mips/bin/mipsel-none-elf-ld.exe: (.text+0x17c): undefined reference to `seedrandom'
C:/Tools/mips-ps1/mips/bin/mipsel-none-elf-ld.exe: (.text+0x198): undefined reference to `reservememadr'
C:/Tools/mips-ps1/mips/bin/mipsel-none-elf-ld.exe: (.text+0x1b8): undefined reference to `reservememadr'
C:/Tools/mips-ps1/mips/bin/mipsel-none-elf-ld.exe: (.text+0x1e0): undefined reference to `random'
C:/Tools/mips-ps1/mips/bin/mipsel-none-elf-ld.exe: (.text+0x1e8): undefined reference to `random'
C:/Tools/mips-ps1/mips/bin/mipsel-none-elf-ld.exe: (.text+0x224): undefined reference to `fixedsin'
C:/Tools/mips-ps1/mips/bin/mipsel-none-elf-ld.exe: (.text+0x230): undefined reference to `fixedmult'
C:/Tools/mips-ps1/mips/bin/mipsel-none-elf-ld.exe: (.text+0x23c): undefined reference to `fixedcos'
C:/Tools/mips-ps1/mips/bin/mipsel-none-elf-ld.exe: (.text+0x248): undefined reference to `fixedmult'
C:/Tools/mips-ps1/mips/bin/mipsel-none-elf-ld.exe: (.text+0x254): undefined reference to `fixedsin'
C:/Tools/mips-ps1/mips/bin/mipsel-none-elf-ld.exe: (.text+0x260): undefined reference to `fixedmult'
C:/Tools/mips-ps1/mips/bin/mipsel-none-elf-ld.exe: (.text+0x27c): undefined reference to `fixedcos'
C:/Tools/mips-ps1/mips/bin/mipsel-none-elf-ld.exe: (.text+0x288): undefined reference to `fixedmult'
C:/Tools/mips-ps1/mips/bin/mipsel-none-elf-ld.exe: (.text+0x29c): undefined reference to `random'
C:/Tools/mips-ps1/mips/bin/mipsel-none-elf-ld.exe: (.text+0x2fc): undefined reference to `seedrandom'
C:/Tools/mips-ps1/mips/bin/mipsel-none-elf-ld.exe: build/src/game/psx/hrzsku.c.o: in function `Sky_KillStars__Fv':
(.text+0x338): undefined reference to `purgememadr'
C:/Tools/mips-ps1/mips/bin/mipsel-none-elf-ld.exe: (.text+0x350): undefined reference to `purgememadr'
C:/Tools/mips-ps1/mips/bin/mipsel-none-elf-ld.exe: build/src/game/psx/hrzsku.c.o: in function `Hrz_InitSky__Fv':
(.text+0x4f8): undefined reference to `fixedcos'
C:/Tools/mips-ps1/mips/bin/mipsel-none-elf-ld.exe: (.text+0x504): undefined reference to `fixedmult'
C:/Tools/mips-ps1/mips/bin/mipsel-none-elf-ld.exe: (.text+0x518): undefined reference to `fixedsin'
C:/Tools/mips-ps1/mips/bin/mipsel-none-elf-ld.exe: (.text+0x524): undefined reference to `fixedmult'
C:/Tools/mips-ps1/mips/bin/mipsel-none-elf-ld.exe: (.text+0x548): undefined reference to `fixedcos'
C:/Tools/mips-ps1/mips/bin/mipsel-none-elf-ld.exe: (.text+0x554): undefined reference to `fixedmult'
C:/Tools/mips-ps1/mips/bin/mipsel-none-elf-ld.exe: (.text+0x568): undefined reference to `fixedsin'
C:/Tools/mips-ps1/mips/bin/mipsel-none-elf-ld.exe: (.text+0x574): undefined reference to `fixedmult'
C:/Tools/mips-ps1/mips/bin/mipsel-none-elf-ld.exe: (.text+0x628): undefined reference to `fixedcos'
C:/Tools/mips-ps1/mips/bin/mipsel-none-elf-ld.exe: (.text+0x634): undefined reference to `fixedmult'
C:/Tools/mips-ps1/mips/bin/mipsel-none-elf-ld.exe: (.text+0x66c): undefined reference to `fixedcos'
C:/Tools/mips-ps1/mips/bin/mipsel-none-elf-ld.exe: (.text+0x678): undefined reference to `fixedmult'
C:/Tools/mips-ps1/mips/bin/mipsel-none-elf-ld.exe: (.text+0x688): undefined reference to `fixedsin'
C:/Tools/mips-ps1/mips/bin/mipsel-none-elf-ld.exe: (.text+0x694): undefined reference to `fixedmult'
C:/Tools/mips-ps1/mips/bin/mipsel-none-elf-ld.exe: (.text+0x6c0): undefined reference to `fixedsin'
C:/Tools/mips-ps1/mips/bin/mipsel-none-elf-ld.exe: (.text+0x6cc): undefined reference to `fixedmult'
C:/Tools/mips-ps1/mips/bin/mipsel-none-elf-ld.exe: (.text+0x6ec): undefined reference to `fixedcos'
C:/Tools/mips-ps1/mips/bin/mipsel-none-elf-ld.exe: (.text+0x6f8): undefined reference to `fixedmult'
C:/Tools/mips-ps1/mips/bin/mipsel-none-elf-ld.exe: build/src/game/psx/hrzsku.c.o: in function `Hrz_Init2DRing__Fv':
(.text+0x834): undefined reference to `fixedsin'
C:/Tools/mips-ps1/mips/bin/mipsel-none-elf-ld.exe: (.text+0x840): undefined reference to `fixedmult'
C:/Tools/mips-ps1/mips/bin/mipsel-none-elf-ld.exe: (.text+0x85c): undefined reference to `fixedcos'
C:/Tools/mips-ps1/mips/bin/mipsel-none-elf-ld.exe: (.text+0x868): undefined reference to `fixedmult'
C:/Tools/mips-ps1/mips/bin/mipsel-none-elf-ld.exe: build/src/game/psx/hrzsku.c.o: in function `Hrz_InitHorizon__Fv':
(.text+0xbd0): undefined reference to `reservememadr'
C:/Tools/mips-ps1/mips/bin/mipsel-none-elf-ld.exe: build/src/game/psx/hrzsku.c.o: in function `Hrz_KillHorizon__Fv':
(.text+0xc1c): undefined reference to `purgememadr'
C:/Tools/mips-ps1/mips/bin/mipsel-none-elf-ld.exe: build/src/game/psx/hrzsku.c.o: in function `Hrz_SetLightingPosInSky__FP13DRender_tView':
(.text+0xdcc): undefined reference to `random'
C:/Tools/mips-ps1/mips/bin/mipsel-none-elf-ld.exe: (.text+0xe14): undefined reference to `random'
C:/Tools/mips-ps1/mips/bin/mipsel-none-elf-ld.exe: (.text+0xe68): undefined reference to `random'
C:/Tools/mips-ps1/mips/bin/mipsel-none-elf-ld.exe: build/src/game/psx/hrzsku.c.o: in function `Hrz_LightningAddFork__FScScSc':
(.text+0x233c): undefined reference to `random'
C:/Tools/mips-ps1/mips/bin/mipsel-none-elf-ld.exe: (.text+0x2418): undefined reference to `random'
C:/Tools/mips-ps1/mips/bin/mipsel-none-elf-ld.exe: build/src/game/psx/hrzsku.c.o:(.text+0x2470): more undefined references to `random' follow
C:/Tools/mips-ps1/mips/bin/mipsel-none-elf-ld.exe: build/src/game/psx/hud.c.o: in function `Hud_Kill__Fv':
(.text+0xf08): undefined reference to `purgememadr'
C:/Tools/mips-ps1/mips/bin/mipsel-none-elf-ld.exe: (.text+0xf20): undefined reference to `purgememadr'
C:/Tools/mips-ps1/mips/bin/mipsel-none-elf-ld.exe: build/src/game/psx/hud.c.o: in function `Hud_Init0__Fv':
(.text+0xf4c): undefined reference to `reservememadr'
C:/Tools/mips-ps1/mips/bin/mipsel-none-elf-ld.exe: (.text+0xf74): undefined reference to `reservememadr'
C:/Tools/mips-ps1/mips/bin/mipsel-none-elf-ld.exe: build/src/game/psx/hud.c.o: in function `Hud_BuildTach__Fi':
(.text+0x23f0): undefined reference to `fixedsincos'
C:/Tools/mips-ps1/mips/bin/mipsel-none-elf-ld.exe: (.text+0x2420): undefined reference to `fixedmult'
C:/Tools/mips-ps1/mips/bin/mipsel-none-elf-ld.exe: (.text+0x2430): undefined reference to `fixedmult'
C:/Tools/mips-ps1/mips/bin/mipsel-none-elf-ld.exe: (.text+0x2474): undefined reference to `fixedmult'
C:/Tools/mips-ps1/mips/bin/mipsel-none-elf-ld.exe: (.text+0x2488): undefined reference to `fixedmult'
C:/Tools/mips-ps1/mips/bin/mipsel-none-elf-ld.exe: (.text+0x25f0): undefined reference to `fixedsincos'
C:/Tools/mips-ps1/mips/bin/mipsel-none-elf-ld.exe: (.text+0x25fc): undefined reference to `fixedmult'
C:/Tools/mips-ps1/mips/bin/mipsel-none-elf-ld.exe: (.text+0x2614): undefined reference to `fixedmult'
C:/Tools/mips-ps1/mips/bin/mipsel-none-elf-ld.exe: (.text+0x2630): undefined reference to `fixedsincos'
C:/Tools/mips-ps1/mips/bin/mipsel-none-elf-ld.exe: (.text+0x263c): undefined reference to `fixedmult'
C:/Tools/mips-ps1/mips/bin/mipsel-none-elf-ld.exe: (.text+0x2654): undefined reference to `fixedmult'
C:/Tools/mips-ps1/mips/bin/mipsel-none-elf-ld.exe: build/src/game/psx/hud.c.o: in function `Hud_BuildNumbers__Fi':
(.text+0x3adc): undefined reference to `fixedmult'
C:/Tools/mips-ps1/mips/bin/mipsel-none-elf-ld.exe: build/src/game/psx/hud.c.o: in function `Hud_BuildMapMarkers__Fi':
(.text+0x403c): undefined reference to `fixedmult'
C:/Tools/mips-ps1/mips/bin/mipsel-none-elf-ld.exe: (.text+0x404c): undefined reference to `fixedmult'
C:/Tools/mips-ps1/mips/bin/mipsel-none-elf-ld.exe: build/src/game/psx/hud.c.o:(.text+0x4064): more undefined references to `fixedmult' follow
C:/Tools/mips-ps1/mips/bin/mipsel-none-elf-ld.exe: build/src/game/psx/hud.c.o: in function `Hud_BuildCdPlayer__Fii':
(.text+0x48d4): undefined reference to `PAD_state'
C:/Tools/mips-ps1/mips/bin/mipsel-none-elf-ld.exe: (.text+0x48f8): undefined reference to `PAD_state'
C:/Tools/mips-ps1/mips/bin/mipsel-none-elf-ld.exe: build/src/game/psx/loading.c.o: in function `Loading_DrawLoadingScreen__Fv':
(.text+0x50): undefined reference to `loadshapeadr'
C:/Tools/mips-ps1/mips/bin/mipsel-none-elf-ld.exe: (.text+0x74): undefined reference to `loadshapeadr'
C:/Tools/mips-ps1/mips/bin/mipsel-none-elf-ld.exe: (.text+0xac): undefined reference to `shapepointer'
C:/Tools/mips-ps1/mips/bin/mipsel-none-elf-ld.exe: (.text+0xd8): undefined reference to `locateshapez'
C:/Tools/mips-ps1/mips/bin/mipsel-none-elf-ld.exe: (.text+0xfc): undefined reference to `purgememadr'
C:/Tools/mips-ps1/mips/bin/mipsel-none-elf-ld.exe: (.text+0x104): undefined reference to `purgememadr'
C:/Tools/mips-ps1/mips/bin/mipsel-none-elf-ld.exe: build/src/game/psx/loading.c.o: in function `Loading_UpdateLoadingScreen__Fi':
(.text+0x19c): undefined reference to `loadshapeadr'
C:/Tools/mips-ps1/mips/bin/mipsel-none-elf-ld.exe: (.text+0x1cc): undefined reference to `locateshapez'
C:/Tools/mips-ps1/mips/bin/mipsel-none-elf-ld.exe: (.text+0x214): undefined reference to `purgememadr'
C:/Tools/mips-ps1/mips/bin/mipsel-none-elf-ld.exe: build/src/game/psx/loading.c.o: in function `Loading_GetInitialMemory__Fv':
(.text+0x248): undefined reference to `largestunused'
C:/Tools/mips-ps1/mips/bin/mipsel-none-elf-ld.exe: build/src/game/psx/night.c.o: in function `Night_GenerateNextLightningEvent__Fv':
(.text+0x2bc): undefined reference to `random'
C:/Tools/mips-ps1/mips/bin/mipsel-none-elf-ld.exe: (.text+0x2dc): undefined reference to `random'
C:/Tools/mips-ps1/mips/bin/mipsel-none-elf-ld.exe: (.text+0x2fc): undefined reference to `random'
C:/Tools/mips-ps1/mips/bin/mipsel-none-elf-ld.exe: (.text+0x30c): undefined reference to `random'
C:/Tools/mips-ps1/mips/bin/mipsel-none-elf-ld.exe: build/src/game/psx/night.c.o: in function `Night_DoLightningEffect__FP13DRender_tView':
(.text+0x424): undefined reference to `random'
C:/Tools/mips-ps1/mips/bin/mipsel-none-elf-ld.exe: build/src/game/psx/night.c.o:(.text+0x484): more undefined references to `random' follow
C:/Tools/mips-ps1/mips/bin/mipsel-none-elf-ld.exe: build/src/game/psx/night.c.o: in function `Night_InitPlayerHeadLightColor__Fi':
(.text+0x5e8): undefined reference to `reservememadr'
C:/Tools/mips-ps1/mips/bin/mipsel-none-elf-ld.exe: build/src/game/psx/night.c.o: in function `Night_InitCopLightColors__Fv':
(.text+0x678): undefined reference to `reservememadr'
C:/Tools/mips-ps1/mips/bin/mipsel-none-elf-ld.exe: (.text+0x69c): undefined reference to `reservememadr'
C:/Tools/mips-ps1/mips/bin/mipsel-none-elf-ld.exe: build/src/game/psx/night.c.o: in function `Night_InitWeatherTables__Fv':
(.text+0x770): undefined reference to `reservememadr'
C:/Tools/mips-ps1/mips/bin/mipsel-none-elf-ld.exe: build/src/game/psx/night.c.o: in function `Night_InitNightDriving__Fv':
(.text+0xb50): undefined reference to `filesize'
C:/Tools/mips-ps1/mips/bin/mipsel-none-elf-ld.exe: (.text+0xb64): undefined reference to `reservememadr'
C:/Tools/mips-ps1/mips/bin/mipsel-none-elf-ld.exe: (.text+0xb74): undefined reference to `loadshapeadr'
C:/Tools/mips-ps1/mips/bin/mipsel-none-elf-ld.exe: (.text+0xb80): undefined reference to `filesize'
C:/Tools/mips-ps1/mips/bin/mipsel-none-elf-ld.exe: (.text+0xb90): undefined reference to `blockmove'
C:/Tools/mips-ps1/mips/bin/mipsel-none-elf-ld.exe: (.text+0xb98): undefined reference to `purgememadr'
C:/Tools/mips-ps1/mips/bin/mipsel-none-elf-ld.exe: (.text+0xba8): undefined reference to `locateshape'
C:/Tools/mips-ps1/mips/bin/mipsel-none-elf-ld.exe: (.text+0xc14): undefined reference to `random'
C:/Tools/mips-ps1/mips/bin/mipsel-none-elf-ld.exe: (.text+0xc30): undefined reference to `random'
C:/Tools/mips-ps1/mips/bin/mipsel-none-elf-ld.exe: build/src/game/psx/night.c.o: in function `Night_KillNightDriving__Fv':
(.text+0xc78): undefined reference to `purgememadr'
C:/Tools/mips-ps1/mips/bin/mipsel-none-elf-ld.exe: (.text+0xc90): undefined reference to `purgememadr'
C:/Tools/mips-ps1/mips/bin/mipsel-none-elf-ld.exe: (.text+0xca8): undefined reference to `purgememadr'
C:/Tools/mips-ps1/mips/bin/mipsel-none-elf-ld.exe: (.text+0xcc0): undefined reference to `purgememadr'
C:/Tools/mips-ps1/mips/bin/mipsel-none-elf-ld.exe: (.text+0xcd8): undefined reference to `purgememadr'
C:/Tools/mips-ps1/mips/bin/mipsel-none-elf-ld.exe: build/src/game/psx/night.c.o:(.text+0xcf0): more undefined references to `purgememadr' follow
C:/Tools/mips-ps1/mips/bin/mipsel-none-elf-ld.exe: build/src/game/psx/night.c.o: in function `Night_RestartNightDriving__Fv':
(.text+0xd3c): undefined reference to `random'
C:/Tools/mips-ps1/mips/bin/mipsel-none-elf-ld.exe: (.text+0xd58): undefined reference to `random'
C:/Tools/mips-ps1/mips/bin/mipsel-none-elf-ld.exe: build/src/game/psx/platform.c.o: in function `Platform_SysStartUp__Fv':
(.text+0xf0): undefined reference to `initmemadr'
C:/Tools/mips-ps1/mips/bin/mipsel-none-elf-ld.exe: (.text+0x130): undefined reference to `initlinkmode'
C:/Tools/mips-ps1/mips/bin/mipsel-none-elf-ld.exe: (.text+0x13c): undefined reference to `setdirectory'
C:/Tools/mips-ps1/mips/bin/mipsel-none-elf-ld.exe: (.text+0x14c): undefined reference to `initlinkmode'
C:/Tools/mips-ps1/mips/bin/mipsel-none-elf-ld.exe: (.text+0x15c): undefined reference to `initlinkmode'
C:/Tools/mips-ps1/mips/bin/mipsel-none-elf-ld.exe: (.text+0x168): undefined reference to `inittimer'
C:/Tools/mips-ps1/mips/bin/mipsel-none-elf-ld.exe: (.text+0x180): undefined reference to `initasync'
C:/Tools/mips-ps1/mips/bin/mipsel-none-elf-ld.exe: build/src/game/psx/platform.c.o: in function `nfs2eacinit__Fv':
(.text+0x1b8): undefined reference to `initjoy'
C:/Tools/mips-ps1/mips/bin/mipsel-none-elf-ld.exe: (.text+0x1c8): undefined reference to `FILE_init'
C:/Tools/mips-ps1/mips/bin/mipsel-none-elf-ld.exe: build/src/game/psx/psxcontroller.c.o: in function `InGame_GetPSXPadValue__Fii':
(.text+0x4d8): undefined reference to `PAD_update'
C:/Tools/mips-ps1/mips/bin/mipsel-none-elf-ld.exe: build/src/game/psx/rpause.c.o: in function `RPause_StopPauseMenu__Fv':
(.text+0x160): undefined reference to `systemtask'
C:/Tools/mips-ps1/mips/bin/mipsel-none-elf-ld.exe: build/src/game/psx/sfx.c.o: in function `Sfx_BuildSmokeFacet__FP17Souffle_tISouffleP10sfxsouffleP12Draw_tPixMap':
(.text+0x194): undefined reference to `intcos'
C:/Tools/mips-ps1/mips/bin/mipsel-none-elf-ld.exe: (.text+0x1a0): undefined reference to `fixedmult'
C:/Tools/mips-ps1/mips/bin/mipsel-none-elf-ld.exe: (.text+0x1ac): undefined reference to `intsin'
C:/Tools/mips-ps1/mips/bin/mipsel-none-elf-ld.exe: (.text+0x1b8): undefined reference to `fixedmult'
C:/Tools/mips-ps1/mips/bin/mipsel-none-elf-ld.exe: build/src/game/psx/sfx.c.o: in function `Sfx_ThickenXZ__FP7SVECTORP8coorddefN21':
(.text+0x360): undefined reference to `intatan'
C:/Tools/mips-ps1/mips/bin/mipsel-none-elf-ld.exe: (.text+0x36c): undefined reference to `intcos'
C:/Tools/mips-ps1/mips/bin/mipsel-none-elf-ld.exe: (.text+0x378): undefined reference to `fixedmult'
C:/Tools/mips-ps1/mips/bin/mipsel-none-elf-ld.exe: (.text+0x384): undefined reference to `intsin'
C:/Tools/mips-ps1/mips/bin/mipsel-none-elf-ld.exe: (.text+0x390): undefined reference to `fixedmult'
C:/Tools/mips-ps1/mips/bin/mipsel-none-elf-ld.exe: build/src/game/psx/sfx.c.o: in function `.L800DDD0C':
(.text+0xcc8): undefined reference to `intcos'
C:/Tools/mips-ps1/mips/bin/mipsel-none-elf-ld.exe: (.text+0xcd4): undefined reference to `fixedmult'
C:/Tools/mips-ps1/mips/bin/mipsel-none-elf-ld.exe: (.text+0xce0): undefined reference to `intsin'
C:/Tools/mips-ps1/mips/bin/mipsel-none-elf-ld.exe: (.text+0xcec): undefined reference to `fixedmult'
C:/Tools/mips-ps1/mips/bin/mipsel-none-elf-ld.exe: build/src/game/psx/sfx.c.o: in function `.L800DDDEC':
(.text+0xdb0): undefined reference to `intcos'
C:/Tools/mips-ps1/mips/bin/mipsel-none-elf-ld.exe: (.text+0xdbc): undefined reference to `fixedmult'
C:/Tools/mips-ps1/mips/bin/mipsel-none-elf-ld.exe: (.text+0xdc8): undefined reference to `intsin'
C:/Tools/mips-ps1/mips/bin/mipsel-none-elf-ld.exe: (.text+0xdd4): undefined reference to `fixedmult'
C:/Tools/mips-ps1/mips/bin/mipsel-none-elf-ld.exe: build/src/game/psx/sfx.c.o: in function `.L800DDEF4':
(.text+0xeb8): undefined reference to `intcos'
C:/Tools/mips-ps1/mips/bin/mipsel-none-elf-ld.exe: (.text+0xec4): undefined reference to `fixedmult'
C:/Tools/mips-ps1/mips/bin/mipsel-none-elf-ld.exe: (.text+0xed0): undefined reference to `intsin'
C:/Tools/mips-ps1/mips/bin/mipsel-none-elf-ld.exe: (.text+0xedc): undefined reference to `fixedmult'
C:/Tools/mips-ps1/mips/bin/mipsel-none-elf-ld.exe: build/src/game/psx/sfx.c.o: in function `.L800DDFFC':
(.text+0xfc0): undefined reference to `intcos'
C:/Tools/mips-ps1/mips/bin/mipsel-none-elf-ld.exe: (.text+0xfcc): undefined reference to `fixedmult'
C:/Tools/mips-ps1/mips/bin/mipsel-none-elf-ld.exe: (.text+0xfd8): undefined reference to `intsin'
C:/Tools/mips-ps1/mips/bin/mipsel-none-elf-ld.exe: (.text+0xfe4): undefined reference to `fixedmult'
C:/Tools/mips-ps1/mips/bin/mipsel-none-elf-ld.exe: build/src/game/psx/sfx.c.o: in function `.L800DE3C8':
(.text+0x137c): undefined reference to `intcos'
C:/Tools/mips-ps1/mips/bin/mipsel-none-elf-ld.exe: (.text+0x1388): undefined reference to `fixedmult'
C:/Tools/mips-ps1/mips/bin/mipsel-none-elf-ld.exe: (.text+0x1394): undefined reference to `intsin'
C:/Tools/mips-ps1/mips/bin/mipsel-none-elf-ld.exe: (.text+0x13a0): undefined reference to `fixedmult'
C:/Tools/mips-ps1/mips/bin/mipsel-none-elf-ld.exe: build/src/game/psx/sfx.c.o: in function `.L800DE684':
(.text+0x1638): undefined reference to `random'
C:/Tools/mips-ps1/mips/bin/mipsel-none-elf-ld.exe: build/src/game/psx/sfx.c.o: in function `.L800DE69C':
(.text+0x164c): undefined reference to `random'
C:/Tools/mips-ps1/mips/bin/mipsel-none-elf-ld.exe: build/src/game/psx/skidmark.c.o: in function `CalcStartSegment__FP16Skidmark_SegmentT0P8coorddefN22i':
(.text+0x50): undefined reference to `intatan'
C:/Tools/mips-ps1/mips/bin/mipsel-none-elf-ld.exe: (.text+0x5c): undefined reference to `intcos'
C:/Tools/mips-ps1/mips/bin/mipsel-none-elf-ld.exe: (.text+0x68): undefined reference to `fixedmult'
C:/Tools/mips-ps1/mips/bin/mipsel-none-elf-ld.exe: (.text+0x74): undefined reference to `intsin'
C:/Tools/mips-ps1/mips/bin/mipsel-none-elf-ld.exe: (.text+0x80): undefined reference to `fixedmult'
C:/Tools/mips-ps1/mips/bin/mipsel-none-elf-ld.exe: build/src/game/psx/skidmark.c.o: in function `CalcOneSegment__FP16Skidmark_SegmentP8coorddefN21i':
(.text+0x210): undefined reference to `intatan'
C:/Tools/mips-ps1/mips/bin/mipsel-none-elf-ld.exe: (.text+0x21c): undefined reference to `intcos'
C:/Tools/mips-ps1/mips/bin/mipsel-none-elf-ld.exe: (.text+0x228): undefined reference to `fixedmult'
C:/Tools/mips-ps1/mips/bin/mipsel-none-elf-ld.exe: (.text+0x234): undefined reference to `intsin'
C:/Tools/mips-ps1/mips/bin/mipsel-none-elf-ld.exe: (.text+0x240): undefined reference to `fixedmult'
C:/Tools/mips-ps1/mips/bin/mipsel-none-elf-ld.exe: build/src/game/psx/skidmark.c.o: in function `Skidmark_InitSkidmark__Fv':
(.text+0xe60): undefined reference to `reservememadr'
C:/Tools/mips-ps1/mips/bin/mipsel-none-elf-ld.exe: build/src/game/psx/skidmark.c.o: in function `Skidmark_KillSkidmark__Fv':
(.text+0xea8): undefined reference to `purgememadr'
C:/Tools/mips-ps1/mips/bin/mipsel-none-elf-ld.exe: build/src/game/psx/textpix.c.o: in function `textnpixels':
(.text+0x4c): undefined reference to `getcharacter'
C:/Tools/mips-ps1/mips/bin/mipsel-none-elf-ld.exe: build/src/game/psx/texture.c.o: in function `Texture_InitPaletteSharing__Fv':
(.text+0x1c): undefined reference to `reservememadr'
C:/Tools/mips-ps1/mips/bin/mipsel-none-elf-ld.exe: (.text+0x34): undefined reference to `reservememadr'
C:/Tools/mips-ps1/mips/bin/mipsel-none-elf-ld.exe: (.text+0x4c): undefined reference to `reservememadr'
C:/Tools/mips-ps1/mips/bin/mipsel-none-elf-ld.exe: (.text+0x64): undefined reference to `reservememadr'
C:/Tools/mips-ps1/mips/bin/mipsel-none-elf-ld.exe: build/src/game/psx/texture.c.o: in function `Texture_DeInitPaletteSharing__Fv':
(.text+0x88): undefined reference to `purgememadr'
C:/Tools/mips-ps1/mips/bin/mipsel-none-elf-ld.exe: (.text+0x94): undefined reference to `purgememadr'
C:/Tools/mips-ps1/mips/bin/mipsel-none-elf-ld.exe: (.text+0xa0): undefined reference to `purgememadr'
C:/Tools/mips-ps1/mips/bin/mipsel-none-elf-ld.exe: (.text+0xac): undefined reference to `purgememadr'
C:/Tools/mips-ps1/mips/bin/mipsel-none-elf-ld.exe: build/src/game/psx/texture.c.o: in function `Texture_Vramf__FP8shapetbliiii':
(.text+0x690): undefined reference to `shapedepth'
C:/Tools/mips-ps1/mips/bin/mipsel-none-elf-ld.exe: build/src/game/psx/texture.c.o: in function `Texture_Vramcf__FP8shapetbliiii':
(.text+0x7c0): undefined reference to `shapedepth'
C:/Tools/mips-ps1/mips/bin/mipsel-none-elf-ld.exe: build/src/game/psx/texture.c.o: in function `Texture_LoadPmx__FPcT0iiiiiP12Draw_tPixMap':
(.text+0x9a8): undefined reference to `locateshapez'
C:/Tools/mips-ps1/mips/bin/mipsel-none-elf-ld.exe: build/src/game/psx/texture.c.o: in function `Texture_InitMenuClut__Fv':
(.text+0xf70): undefined reference to `reservememadr'
C:/Tools/mips-ps1/mips/bin/mipsel-none-elf-ld.exe: (.text+0xf88): undefined reference to `reservememadr'
C:/Tools/mips-ps1/mips/bin/mipsel-none-elf-ld.exe: build/src/game/psx/texture.c.o: in function `Texture_LoadMenuTexture__Fv':
(.text+0x1130): undefined reference to `loadfileadr'
C:/Tools/mips-ps1/mips/bin/mipsel-none-elf-ld.exe: (.text+0x126c): undefined reference to `purgememadr'
C:/Tools/mips-ps1/mips/bin/mipsel-none-elf-ld.exe: build/src/game/psx/texture.c.o: in function `Texture_KillMenuTexture__Fv':
(.text+0x12a4): undefined reference to `purgememadr'
C:/Tools/mips-ps1/mips/bin/mipsel-none-elf-ld.exe: (.text+0x12b0): undefined reference to `purgememadr'
C:/Tools/mips-ps1/mips/bin/mipsel-none-elf-ld.exe: build/src/game/psx/textureprocess.c.o: in function `TextureProcess_ColorClut__FiiPciii':
(.text+0x108): undefined reference to `fixedmult'
C:/Tools/mips-ps1/mips/bin/mipsel-none-elf-ld.exe: (.text+0x138): undefined reference to `fixedmult'
C:/Tools/mips-ps1/mips/bin/mipsel-none-elf-ld.exe: (.text+0x168): undefined reference to `fixedmult'
C:/Tools/mips-ps1/mips/bin/mipsel-none-elf-ld.exe: build/src/game/psx/textureprocess.c.o: in function `Fog_ReadFogKeys__Fv':
(.text+0x724): undefined reference to `loadfileadr'
C:/Tools/mips-ps1/mips/bin/mipsel-none-elf-ld.exe: (.text+0x780): undefined reference to `purgememadr'
C:/Tools/mips-ps1/mips/bin/mipsel-none-elf-ld.exe: build/src/game/psx/textureprocess.c.o: in function `Fog_InitFogTriggers__Fv':
(.text+0x83c): undefined reference to `reservememadr'
C:/Tools/mips-ps1/mips/bin/mipsel-none-elf-ld.exe: build/src/game/psx/textureprocess.c.o: in function `Fog_DeInitFogTriggers__Fv':
(.text+0x898): undefined reference to `purgememadr'
C:/Tools/mips-ps1/mips/bin/mipsel-none-elf-ld.exe: build/src/game/psx/textureprocess.c.o: in function `CV_ProcessWorldColors_FINAL__FiP7CVECTORs':
(.text+0x938): undefined reference to `fixedmult'
C:/Tools/mips-ps1/mips/bin/mipsel-none-elf-ld.exe: (.text+0x968): undefined reference to `fixedmult'
C:/Tools/mips-ps1/mips/bin/mipsel-none-elf-ld.exe: (.text+0x998): undefined reference to `fixedmult'
C:/Tools/mips-ps1/mips/bin/mipsel-none-elf-ld.exe: build/src/game/psx/trackspec.c.o: in function `TrackSpec_Read__Fi':
(.text+0x2cc): undefined reference to `loadfileadr'
C:/Tools/mips-ps1/mips/bin/mipsel-none-elf-ld.exe: (.text+0x364): undefined reference to `purgememadr'
C:/Tools/mips-ps1/mips/bin/mipsel-none-elf-ld.exe: build/src/game/psx/trsproj.c.o: in function `TrsProj_TransformProjectVertex__FP10matrixtdefP8coorddefiT1P12Draw_tVertex':
(.text+0x408): undefined reference to `transform'
C:/Tools/mips-ps1/mips/bin/mipsel-none-elf-ld.exe: build/src/game/psx/unpack.c.o: in function `unpackz':
(.text+0x78): undefined reference to `unrefpack'
C:/Tools/mips-ps1/mips/bin/mipsel-none-elf-ld.exe: (.text+0x88): undefined reference to `unhuff'
C:/Tools/mips-ps1/mips/bin/mipsel-none-elf-ld.exe: (.text+0x98): undefined reference to `unbtree'
C:/Tools/mips-ps1/mips/bin/mipsel-none-elf-ld.exe: build/src/game/psx/unpack.c.o: in function `unpacksizez':
(.text+0x180): undefined reference to `getm'
C:/Tools/mips-ps1/mips/bin/mipsel-none-elf-ld.exe: build/src/game/psx/weather.c.o: in function `Weather_InitSplats__Fv':
(.text+0x254): undefined reference to `random'
C:/Tools/mips-ps1/mips/bin/mipsel-none-elf-ld.exe: (.text+0x28c): undefined reference to `random'
C:/Tools/mips-ps1/mips/bin/mipsel-none-elf-ld.exe: (.text+0x2b4): undefined reference to `random'
C:/Tools/mips-ps1/mips/bin/mipsel-none-elf-ld.exe: build/src/game/psx/weather.c.o: in function `Weather_GetNewState__Fv':
(.text+0x324): undefined reference to `random'
C:/Tools/mips-ps1/mips/bin/mipsel-none-elf-ld.exe: build/src/game/psx/weather.c.o: in function `Weather_Init__Fv':
(.text+0x7e0): undefined reference to `reservememadr'
C:/Tools/mips-ps1/mips/bin/mipsel-none-elf-ld.exe: (.text+0x804): undefined reference to `reservememadr'
C:/Tools/mips-ps1/mips/bin/mipsel-none-elf-ld.exe: (.text+0x828): undefined reference to `reservememadr'
C:/Tools/mips-ps1/mips/bin/mipsel-none-elf-ld.exe: (.text+0x850): undefined reference to `reservememadr'
C:/Tools/mips-ps1/mips/bin/mipsel-none-elf-ld.exe: (.text+0x9c0): undefined reference to `random'
C:/Tools/mips-ps1/mips/bin/mipsel-none-elf-ld.exe: (.text+0x9f0): undefined reference to `random'
C:/Tools/mips-ps1/mips/bin/mipsel-none-elf-ld.exe: (.text+0xa20): undefined reference to `random'
C:/Tools/mips-ps1/mips/bin/mipsel-none-elf-ld.exe: build/src/game/psx/weather.c.o: in function `Weather_DeInit__Fv':
(.text+0xad0): undefined reference to `purgememadr'
C:/Tools/mips-ps1/mips/bin/mipsel-none-elf-ld.exe: (.text+0xae8): undefined reference to `purgememadr'
C:/Tools/mips-ps1/mips/bin/mipsel-none-elf-ld.exe: (.text+0xb00): undefined reference to `purgememadr'
C:/Tools/mips-ps1/mips/bin/mipsel-none-elf-ld.exe: (.text+0xb18): undefined reference to `purgememadr'
C:/Tools/mips-ps1/mips/bin/mipsel-none-elf-ld.exe: build/src/game/psx/weather.c.o: in function `Weather_CheckAndResetParticles__FP7SVECTOR':
(.text+0xc44): undefined reference to `random'
C:/Tools/mips-ps1/mips/bin/mipsel-none-elf-ld.exe: (.text+0xc74): undefined reference to `random'
C:/Tools/mips-ps1/mips/bin/mipsel-none-elf-ld.exe: (.text+0xcb4): undefined reference to `random'
C:/Tools/mips-ps1/mips/bin/mipsel-none-elf-ld.exe: (.text+0xce4): undefined reference to `random'
C:/Tools/mips-ps1/mips/bin/mipsel-none-elf-ld.exe: (.text+0xd44): undefined reference to `random'
C:/Tools/mips-ps1/mips/bin/mipsel-none-elf-ld.exe: build/src/game/psx/weather.c.o:(.text+0xd74): more undefined references to `random' follow
C:/Tools/mips-ps1/mips/bin/mipsel-none-elf-ld.exe: build/src/game/psx/weather.c.o: in function `Weather_QuickReOrthogonalize__FP10matrixtdefT0':
(.text+0x1004): undefined reference to `fixedmult'
C:/Tools/mips-ps1/mips/bin/mipsel-none-elf-ld.exe: (.text+0x1014): undefined reference to `fixedmult'
C:/Tools/mips-ps1/mips/bin/mipsel-none-elf-ld.exe: (.text+0x1024): undefined reference to `fixedmult'
C:/Tools/mips-ps1/mips/bin/mipsel-none-elf-ld.exe: (.text+0x1044): undefined reference to `fixedmult'
C:/Tools/mips-ps1/mips/bin/mipsel-none-elf-ld.exe: (.text+0x1054): undefined reference to `fixedmult'
C:/Tools/mips-ps1/mips/bin/mipsel-none-elf-ld.exe: build/src/game/psx/weather.c.o:(.text+0x1064): more undefined references to `fixedmult' follow
C:/Tools/mips-ps1/mips/bin/mipsel-none-elf-ld.exe: build/src/game/psx/weather.c.o: in function `Weather_ProcessParticles__FP13DRender_tViewiP7SVECTORPc':
(.text+0x1284): undefined reference to `transpose'
C:/Tools/mips-ps1/mips/bin/mipsel-none-elf-ld.exe: build/src/game/psx/weather.c.o: in function `Weather_DoSplats__FiP18Weather_tSplatInfo':
(.text+0x1b24): undefined reference to `random'
C:/Tools/mips-ps1/mips/bin/mipsel-none-elf-ld.exe: (.text+0x1b64): undefined reference to `random'
C:/Tools/mips-ps1/mips/bin/mipsel-none-elf-ld.exe: (.text+0x1b98): undefined reference to `random'
C:/Tools/mips-ps1/mips/bin/mipsel-none-elf-ld.exe: (.text+0x1bc4): undefined reference to `random'
C:/Tools/mips-ps1/mips/bin/mipsel-none-elf-ld.exe: build/src/syslib/psx/libcard/INIT.c.o: in function `InitCARD':
(.text+0x20): undefined reference to `ReadInitPadFlag'
