C:\Tools\mips-ps1\mips\bin\mipsel-none-elf-ld.exe: build/asm/data/rdata_80010000.rodata.s.o: in function `jtbl_80010078':
(.rodata+0x78): undefined reference to `.L80014C3C'
C:\Tools\mips-ps1\mips\bin\mipsel-none-elf-ld.exe: (.rodata+0x7c): undefined reference to `.L80014C94'
C:\Tools\mips-ps1\mips\bin\mipsel-none-elf-ld.exe: (.rodata+0x80): undefined reference to `.L80014CD4'
C:\Tools\mips-ps1\mips\bin\mipsel-none-elf-ld.exe: (.rodata+0x84): undefined reference to `.L80014D64'
C:\Tools\mips-ps1\mips\bin\mipsel-none-elf-ld.exe: (.rodata+0x88): undefined reference to `.L80015274'
C:\Tools\mips-ps1\mips\bin\mipsel-none-elf-ld.exe: (.rodata+0x8c): undefined reference to `.L800150D0'
C:\Tools\mips-ps1\mips\bin\mipsel-none-elf-ld.exe: (.rodata+0x90): undefined reference to `.L80015274'
C:\Tools\mips-ps1\mips\bin\mipsel-none-elf-ld.exe: (.rodata+0x94): undefined reference to `.L8001537C'
C:\Tools\mips-ps1\mips\bin\mipsel-none-elf-ld.exe: build/asm/data/rdata_80010000.rodata.s.o: in function `D_80010098':
(.rodata+0xa4): undefined reference to `GetShapeInfo__7tScreenRsT1PPcT3'
C:\Tools\mips-ps1\mips\bin\mipsel-none-elf-ld.exe: (.rodata+0xac): undefined reference to `DrawBackground__7tScreen'
C:\Tools\mips-ps1\mips\bin\mipsel-none-elf-ld.exe: (.rodata+0xb4): undefined reference to `DrawForeground__7tScreen'
C:\Tools\mips-ps1\mips\bin\mipsel-none-elf-ld.exe: (.rodata+0xbc): undefined reference to `___31tDialogMessageStringWithTimeout'
C:\Tools\mips-ps1\mips\bin\mipsel-none-elf-ld.exe: (.rodata+0xc4): undefined reference to `PreLoad__7tScreen'
C:\Tools\mips-ps1\mips\bin\mipsel-none-elf-ld.exe: (.rodata+0xcc): undefined reference to `Initialize__7tScreen'
C:\Tools\mips-ps1\mips\bin\mipsel-none-elf-ld.exe: (.rodata+0xd4): undefined reference to `Cleanup__7tScreen'
C:\Tools\mips-ps1\mips\bin\mipsel-none-elf-ld.exe: (.rodata+0xdc): undefined reference to `TransitionIsFinished__7tScreen'
C:\Tools\mips-ps1\mips\bin\mipsel-none-elf-ld.exe: (.rodata+0xe4): undefined reference to `ProcessInput__11tDialogBase7tPlayerR13tInputKeyTypeR12tMenuCommand'
C:\Tools\mips-ps1\mips\bin\mipsel-none-elf-ld.exe: (.rodata+0xec): undefined reference to `CalculateDimensions__20tDialogMessageString'
C:\Tools\mips-ps1\mips\bin\mipsel-none-elf-ld.exe: (.rodata+0xf4): undefined reference to `Draw__20tDialogMessageString'
C:\Tools\mips-ps1\mips\bin\mipsel-none-elf-ld.exe: build/asm/data/rdata_80010000.rodata.s.o: in function `_vt_21tListIteratorCarColor':
(.rodata+0x1e4): undefined reference to `___21tListIteratorCarColor'
C:\Tools\mips-ps1\mips\bin\mipsel-none-elf-ld.exe: (.rodata+0x1ec): undefined reference to `Value__21tListIteratorCarColor7tPlayer'
C:\Tools\mips-ps1\mips\bin\mipsel-none-elf-ld.exe: (.rodata+0x1f4): undefined reference to `TextValue__21tListIteratorCarColor7tPlayer'
C:\Tools\mips-ps1\mips\bin\mipsel-none-elf-ld.exe: (.rodata+0x1fc): undefined reference to `Increment__21tListIteratorCarColor7tPlayer'
C:\Tools\mips-ps1\mips\bin\mipsel-none-elf-ld.exe: (.rodata+0x204): undefined reference to `Decrement__21tListIteratorCarColor7tPlayer'
C:\Tools\mips-ps1\mips\bin\mipsel-none-elf-ld.exe: build/asm/data/rdata_80010000.rodata.s.o: in function `_vt_16tListIteratorCar':
(.rodata+0x214): undefined reference to `___16tListIteratorCar'
C:\Tools\mips-ps1\mips\bin\mipsel-none-elf-ld.exe: (.rodata+0x21c): undefined reference to `Value__16tListIteratorCar7tPlayer'
C:\Tools\mips-ps1\mips\bin\mipsel-none-elf-ld.exe: (.rodata+0x224): undefined reference to `TextValue__16tListIteratorCar7tPlayer'
C:\Tools\mips-ps1\mips\bin\mipsel-none-elf-ld.exe: (.rodata+0x22c): undefined reference to `Increment__16tListIteratorCar7tPlayer'
C:\Tools\mips-ps1\mips\bin\mipsel-none-elf-ld.exe: (.rodata+0x234): undefined reference to `Decrement__16tListIteratorCar7tPlayer'
C:\Tools\mips-ps1\mips\bin\mipsel-none-elf-ld.exe: build/asm/data/rdata_80010000.rodata.s.o: in function `jtbl_80010258':
(.rodata+0x258): undefined reference to `.L80019E10'
C:\Tools\mips-ps1\mips\bin\mipsel-none-elf-ld.exe: (.rodata+0x25c): undefined reference to `.L80019E10'
C:\Tools\mips-ps1\mips\bin\mipsel-none-elf-ld.exe: (.rodata+0x260): undefined reference to `.L80019E14'
C:\Tools\mips-ps1\mips\bin\mipsel-none-elf-ld.exe: (.rodata+0x264): undefined reference to `.L80019E14'
C:\Tools\mips-ps1\mips\bin\mipsel-none-elf-ld.exe: (.rodata+0x268): undefined reference to `.L80019E14'
C:\Tools\mips-ps1\mips\bin\mipsel-none-elf-ld.exe: (.rodata+0x26c): undefined reference to `.L80019E10'
C:\Tools\mips-ps1\mips\bin\mipsel-none-elf-ld.exe: (.rodata+0x270): undefined reference to `.L80019E14'
C:\Tools\mips-ps1\mips\bin\mipsel-none-elf-ld.exe: (.rodata+0x274): undefined reference to `.L80019E14'
C:\Tools\mips-ps1\mips\bin\mipsel-none-elf-ld.exe: (.rodata+0x278): undefined reference to `.L80019E10'
C:\Tools\mips-ps1\mips\bin\mipsel-none-elf-ld.exe: (.rodata+0x27c): undefined reference to `.L80019E10'
C:\Tools\mips-ps1\mips\bin\mipsel-none-elf-ld.exe: (.rodata+0x280): undefined reference to `.L80019E14'
C:\Tools\mips-ps1\mips\bin\mipsel-none-elf-ld.exe: (.rodata+0x284): undefined reference to `.L80019E14'
C:\Tools\mips-ps1\mips\bin\mipsel-none-elf-ld.exe: (.rodata+0x288): undefined reference to `.L80019E14'
C:\Tools\mips-ps1\mips\bin\mipsel-none-elf-ld.exe: (.rodata+0x28c): undefined reference to `.L80019E14'
C:\Tools\mips-ps1\mips\bin\mipsel-none-elf-ld.exe: (.rodata+0x290): undefined reference to `.L80019E10'
C:\Tools\mips-ps1\mips\bin\mipsel-none-elf-ld.exe: (.rodata+0x294): undefined reference to `.L80019E14'
C:\Tools\mips-ps1\mips\bin\mipsel-none-elf-ld.exe: (.rodata+0x298): undefined reference to `.L80019E14'
C:\Tools\mips-ps1\mips\bin\mipsel-none-elf-ld.exe: (.rodata+0x29c): undefined reference to `.L80019E10'
C:\Tools\mips-ps1\mips\bin\mipsel-none-elf-ld.exe: (.rodata+0x2a0): undefined reference to `.L80019E14'
C:\Tools\mips-ps1\mips\bin\mipsel-none-elf-ld.exe: (.rodata+0x2a4): undefined reference to `.L80019E14'
C:\Tools\mips-ps1\mips\bin\mipsel-none-elf-ld.exe: (.rodata+0x2a8): undefined reference to `.L80019E14'
C:\Tools\mips-ps1\mips\bin\mipsel-none-elf-ld.exe: (.rodata+0x2ac): undefined reference to `.L80019E10'
C:\Tools\mips-ps1\mips\bin\mipsel-none-elf-ld.exe: build/asm/data/rdata_80010000.rodata.s.o: in function `_vt_15tDialogYesNoTri':
(.rodata+0x2bc): undefined reference to `GetShapeInfo__7tScreenRsT1PPcT3'
C:\Tools\mips-ps1\mips\bin\mipsel-none-elf-ld.exe: (.rodata+0x2c4): undefined reference to `DrawBackground__7tScreen'
C:\Tools\mips-ps1\mips\bin\mipsel-none-elf-ld.exe: (.rodata+0x2cc): undefined reference to `DrawForeground__7tScreen'
C:\Tools\mips-ps1\mips\bin\mipsel-none-elf-ld.exe: (.rodata+0x2d4): undefined reference to `___15tDialogYesNoTri'
C:\Tools\mips-ps1\mips\bin\mipsel-none-elf-ld.exe: (.rodata+0x2dc): undefined reference to `PreLoad__7tScreen'
C:\Tools\mips-ps1\mips\bin\mipsel-none-elf-ld.exe: (.rodata+0x2e4): undefined reference to `Initialize__7tScreen'
C:\Tools\mips-ps1\mips\bin\mipsel-none-elf-ld.exe: (.rodata+0x2ec): undefined reference to `Cleanup__7tScreen'
C:\Tools\mips-ps1\mips\bin\mipsel-none-elf-ld.exe: (.rodata+0x2f4): undefined reference to `TransitionIsFinished__7tScreen'
C:\Tools\mips-ps1\mips\bin\mipsel-none-elf-ld.exe: (.rodata+0x2fc): undefined reference to `ProcessInput__15tDialogYesNoTri7tPlayerR13tInputKeyTypeR12tMenuCommand'
C:\Tools\mips-ps1\mips\bin\mipsel-none-elf-ld.exe: (.rodata+0x304): undefined reference to `CalculateDimensions__12tDialogYesNo'
C:\Tools\mips-ps1\mips\bin\mipsel-none-elf-ld.exe: (.rodata+0x30c): undefined reference to `Draw__12tDialogYesNo'
C:\Tools\mips-ps1\mips\bin\mipsel-none-elf-ld.exe: build/asm/data/rdata_80010000.rodata.s.o: in function `_vt_15tDialogYesNoMem':
(.rodata+0x31c): undefined reference to `GetShapeInfo__7tScreenRsT1PPcT3'
C:\Tools\mips-ps1\mips\bin\mipsel-none-elf-ld.exe: (.rodata+0x324): undefined reference to `DrawBackground__7tScreen'
C:\Tools\mips-ps1\mips\bin\mipsel-none-elf-ld.exe: (.rodata+0x32c): undefined reference to `DrawForeground__7tScreen'
C:\Tools\mips-ps1\mips\bin\mipsel-none-elf-ld.exe: (.rodata+0x334): undefined reference to `___15tDialogYesNoMem'
C:\Tools\mips-ps1\mips\bin\mipsel-none-elf-ld.exe: (.rodata+0x33c): undefined reference to `PreLoad__7tScreen'
C:\Tools\mips-ps1\mips\bin\mipsel-none-elf-ld.exe: (.rodata+0x344): undefined reference to `Initialize__7tScreen'
C:\Tools\mips-ps1\mips\bin\mipsel-none-elf-ld.exe: (.rodata+0x34c): undefined reference to `Cleanup__7tScreen'
C:\Tools\mips-ps1\mips\bin\mipsel-none-elf-ld.exe: (.rodata+0x354): undefined reference to `TransitionIsFinished__7tScreen'
C:\Tools\mips-ps1\mips\bin\mipsel-none-elf-ld.exe: (.rodata+0x35c): undefined reference to `ProcessInput__15tDialogYesNoMem7tPlayerR13tInputKeyTypeR12tMenuCommand'
C:\Tools\mips-ps1\mips\bin\mipsel-none-elf-ld.exe: (.rodata+0x364): undefined reference to `CalculateDimensions__12tDialogYesNo'
C:\Tools\mips-ps1\mips\bin\mipsel-none-elf-ld.exe: (.rodata+0x36c): undefined reference to `Draw__12tDialogYesNo'
C:\Tools\mips-ps1\mips\bin\mipsel-none-elf-ld.exe: build/asm/data/rdata_80010000.rodata.s.o: in function `_vt_12tDialogYesNo':
(.rodata+0x37c): undefined reference to `GetShapeInfo__7tScreenRsT1PPcT3'
C:\Tools\mips-ps1\mips\bin\mipsel-none-elf-ld.exe: (.rodata+0x384): undefined reference to `DrawBackground__7tScreen'
C:\Tools\mips-ps1\mips\bin\mipsel-none-elf-ld.exe: (.rodata+0x38c): undefined reference to `DrawForeground__7tScreen'
C:\Tools\mips-ps1\mips\bin\mipsel-none-elf-ld.exe: (.rodata+0x394): undefined reference to `___12tDialogYesNo'
C:\Tools\mips-ps1\mips\bin\mipsel-none-elf-ld.exe: (.rodata+0x39c): undefined reference to `PreLoad__7tScreen'
C:\Tools\mips-ps1\mips\bin\mipsel-none-elf-ld.exe: (.rodata+0x3a4): undefined reference to `Initialize__7tScreen'
C:\Tools\mips-ps1\mips\bin\mipsel-none-elf-ld.exe: (.rodata+0x3ac): undefined reference to `Cleanup__7tScreen'
C:\Tools\mips-ps1\mips\bin\mipsel-none-elf-ld.exe: (.rodata+0x3b4): undefined reference to `TransitionIsFinished__7tScreen'
C:\Tools\mips-ps1\mips\bin\mipsel-none-elf-ld.exe: (.rodata+0x3bc): undefined reference to `ProcessInput__12tDialogYesNo7tPlayerR13tInputKeyTypeR12tMenuCommand'
C:\Tools\mips-ps1\mips\bin\mipsel-none-elf-ld.exe: (.rodata+0x3c4): undefined reference to `CalculateDimensions__12tDialogYesNo'
C:\Tools\mips-ps1\mips\bin\mipsel-none-elf-ld.exe: (.rodata+0x3cc): undefined reference to `Draw__12tDialogYesNo'
C:\Tools\mips-ps1\mips\bin\mipsel-none-elf-ld.exe: build/asm/data/rdata_80010000.rodata.s.o: in function `D_800103D0':
(.rodata+0x3dc): undefined reference to `GetShapeInfo__7tScreenRsT1PPcT3'
C:\Tools\mips-ps1\mips\bin\mipsel-none-elf-ld.exe: (.rodata+0x3e4): undefined reference to `DrawBackground__7tScreen'
C:\Tools\mips-ps1\mips\bin\mipsel-none-elf-ld.exe: (.rodata+0x3ec): undefined reference to `DrawForeground__7tScreen'
C:\Tools\mips-ps1\mips\bin\mipsel-none-elf-ld.exe: (.rodata+0x3f4): undefined reference to `___18tDialogInteractive'
C:\Tools\mips-ps1\mips\bin\mipsel-none-elf-ld.exe: (.rodata+0x3fc): undefined reference to `PreLoad__7tScreen'
C:\Tools\mips-ps1\mips\bin\mipsel-none-elf-ld.exe: (.rodata+0x404): undefined reference to `Initialize__7tScreen'
C:\Tools\mips-ps1\mips\bin\mipsel-none-elf-ld.exe: (.rodata+0x40c): undefined reference to `Cleanup__7tScreen'
C:\Tools\mips-ps1\mips\bin\mipsel-none-elf-ld.exe: (.rodata+0x414): undefined reference to `TransitionIsFinished__7tScreen'
C:\Tools\mips-ps1\mips\bin\mipsel-none-elf-ld.exe: (.rodata+0x41c): undefined reference to `ProcessInput__11tDialogBase7tPlayerR13tInputKeyTypeR12tMenuCommand'
C:\Tools\mips-ps1\mips\bin\mipsel-none-elf-ld.exe: (.rodata+0x424): undefined reference to `CalculateDimensions__20tDialogMessageString'
C:\Tools\mips-ps1\mips\bin\mipsel-none-elf-ld.exe: (.rodata+0x42c): undefined reference to `Draw__20tDialogMessageString'
C:\Tools\mips-ps1\mips\bin\mipsel-none-elf-ld.exe: build/asm/data/rdata_80010000.rodata.s.o: in function `_vt_21tDialogNoInputMessage':
(.rodata+0x43c): undefined reference to `GetShapeInfo__7tScreenRsT1PPcT3'
C:\Tools\mips-ps1\mips\bin\mipsel-none-elf-ld.exe: (.rodata+0x444): undefined reference to `DrawBackground__7tScreen'
C:\Tools\mips-ps1\mips\bin\mipsel-none-elf-ld.exe: (.rodata+0x44c): undefined reference to `DrawForeground__7tScreen'
C:\Tools\mips-ps1\mips\bin\mipsel-none-elf-ld.exe: (.rodata+0x454): undefined reference to `___21tDialogNoInputMessage'
C:\Tools\mips-ps1\mips\bin\mipsel-none-elf-ld.exe: (.rodata+0x45c): undefined reference to `PreLoad__7tScreen'
C:\Tools\mips-ps1\mips\bin\mipsel-none-elf-ld.exe: (.rodata+0x464): undefined reference to `Initialize__7tScreen'
C:\Tools\mips-ps1\mips\bin\mipsel-none-elf-ld.exe: (.rodata+0x46c): undefined reference to `Cleanup__7tScreen'
C:\Tools\mips-ps1\mips\bin\mipsel-none-elf-ld.exe: (.rodata+0x474): undefined reference to `TransitionIsFinished__7tScreen'
C:\Tools\mips-ps1\mips\bin\mipsel-none-elf-ld.exe: (.rodata+0x47c): undefined reference to `ProcessInput__21tDialogNoInputMessage7tPlayerR13tInputKeyTypeR12tMenuCommand'
C:\Tools\mips-ps1\mips\bin\mipsel-none-elf-ld.exe: (.rodata+0x484): undefined reference to `CalculateDimensions__20tDialogMessageString'
C:\Tools\mips-ps1\mips\bin\mipsel-none-elf-ld.exe: (.rodata+0x48c): undefined reference to `Draw__20tDialogMessageString'
C:\Tools\mips-ps1\mips\bin\mipsel-none-elf-ld.exe: build/asm/data/rdata_80010000.rodata.s.o: in function `_vt_17tDialogBackUpOnly':
(.rodata+0x49c): undefined reference to `GetShapeInfo__7tScreenRsT1PPcT3'
C:\Tools\mips-ps1\mips\bin\mipsel-none-elf-ld.exe: (.rodata+0x4a4): undefined reference to `DrawBackground__7tScreen'
C:\Tools\mips-ps1\mips\bin\mipsel-none-elf-ld.exe: (.rodata+0x4ac): undefined reference to `DrawForeground__7tScreen'
C:\Tools\mips-ps1\mips\bin\mipsel-none-elf-ld.exe: (.rodata+0x4b4): undefined reference to `___17tDialogBackUpOnly'
C:\Tools\mips-ps1\mips\bin\mipsel-none-elf-ld.exe: (.rodata+0x4bc): undefined reference to `PreLoad__7tScreen'
C:\Tools\mips-ps1\mips\bin\mipsel-none-elf-ld.exe: (.rodata+0x4c4): undefined reference to `Initialize__7tScreen'
C:\Tools\mips-ps1\mips\bin\mipsel-none-elf-ld.exe: (.rodata+0x4cc): undefined reference to `Cleanup__7tScreen'
C:\Tools\mips-ps1\mips\bin\mipsel-none-elf-ld.exe: (.rodata+0x4d4): undefined reference to `TransitionIsFinished__7tScreen'
C:\Tools\mips-ps1\mips\bin\mipsel-none-elf-ld.exe: (.rodata+0x4dc): undefined reference to `ProcessInput__17tDialogBackUpOnly7tPlayerR13tInputKeyTypeR12tMenuCommand'
C:\Tools\mips-ps1\mips\bin\mipsel-none-elf-ld.exe: (.rodata+0x4e4): undefined reference to `CalculateDimensions__20tDialogMessageString'
C:\Tools\mips-ps1\mips\bin\mipsel-none-elf-ld.exe: (.rodata+0x4ec): undefined reference to `Draw__20tDialogMessageString'
C:\Tools\mips-ps1\mips\bin\mipsel-none-elf-ld.exe: build/asm/data/rdata_80010000.rodata.s.o: in function `_vt_20tDialogMessageString':
(.rodata+0x4fc): undefined reference to `GetShapeInfo__7tScreenRsT1PPcT3'
C:\Tools\mips-ps1\mips\bin\mipsel-none-elf-ld.exe: (.rodata+0x504): undefined reference to `DrawBackground__7tScreen'
C:\Tools\mips-ps1\mips\bin\mipsel-none-elf-ld.exe: (.rodata+0x50c): undefined reference to `DrawForeground__7tScreen'
C:\Tools\mips-ps1\mips\bin\mipsel-none-elf-ld.exe: (.rodata+0x514): undefined reference to `___20tDialogMessageString'
C:\Tools\mips-ps1\mips\bin\mipsel-none-elf-ld.exe: (.rodata+0x51c): undefined reference to `PreLoad__7tScreen'
C:\Tools\mips-ps1\mips\bin\mipsel-none-elf-ld.exe: (.rodata+0x524): undefined reference to `Initialize__7tScreen'
C:\Tools\mips-ps1\mips\bin\mipsel-none-elf-ld.exe: (.rodata+0x52c): undefined reference to `Cleanup__7tScreen'
C:\Tools\mips-ps1\mips\bin\mipsel-none-elf-ld.exe: (.rodata+0x534): undefined reference to `TransitionIsFinished__7tScreen'
C:\Tools\mips-ps1\mips\bin\mipsel-none-elf-ld.exe: (.rodata+0x53c): undefined reference to `ProcessInput__11tDialogBase7tPlayerR13tInputKeyTypeR12tMenuCommand'
C:\Tools\mips-ps1\mips\bin\mipsel-none-elf-ld.exe: (.rodata+0x544): undefined reference to `CalculateDimensions__20tDialogMessageString'
C:\Tools\mips-ps1\mips\bin\mipsel-none-elf-ld.exe: (.rodata+0x54c): undefined reference to `Draw__20tDialogMessageString'
C:\Tools\mips-ps1\mips\bin\mipsel-none-elf-ld.exe: build/asm/data/rdata_80010000.rodata.s.o: in function `_vt_11tDialogHelp':
(.rodata+0x55c): undefined reference to `GetShapeInfo__7tScreenRsT1PPcT3'
C:\Tools\mips-ps1\mips\bin\mipsel-none-elf-ld.exe: (.rodata+0x564): undefined reference to `DrawBackground__7tScreen'
C:\Tools\mips-ps1\mips\bin\mipsel-none-elf-ld.exe: (.rodata+0x56c): undefined reference to `DrawForeground__7tScreen'
C:\Tools\mips-ps1\mips\bin\mipsel-none-elf-ld.exe: (.rodata+0x574): undefined reference to `___11tDialogHelp'
C:\Tools\mips-ps1\mips\bin\mipsel-none-elf-ld.exe: (.rodata+0x57c): undefined reference to `PreLoad__7tScreen'
C:\Tools\mips-ps1\mips\bin\mipsel-none-elf-ld.exe: (.rodata+0x584): undefined reference to `Initialize__7tScreen'
C:\Tools\mips-ps1\mips\bin\mipsel-none-elf-ld.exe: (.rodata+0x58c): undefined reference to `Cleanup__7tScreen'
C:\Tools\mips-ps1\mips\bin\mipsel-none-elf-ld.exe: (.rodata+0x594): undefined reference to `TransitionIsFinished__7tScreen'
C:\Tools\mips-ps1\mips\bin\mipsel-none-elf-ld.exe: (.rodata+0x59c): undefined reference to `ProcessInput__11tDialogBase7tPlayerR13tInputKeyTypeR12tMenuCommand'
C:\Tools\mips-ps1\mips\bin\mipsel-none-elf-ld.exe: (.rodata+0x5a4): undefined reference to `CalculateDimensions__11tDialogHelp'
C:\Tools\mips-ps1\mips\bin\mipsel-none-elf-ld.exe: (.rodata+0x5ac): undefined reference to `Draw__11tDialogHelp'
C:\Tools\mips-ps1\mips\bin\mipsel-none-elf-ld.exe: build/asm/data/rdata_80010000.rodata.s.o: in function `_vt_11tDialogBase':
(.rodata+0x5bc): undefined reference to `GetShapeInfo__7tScreenRsT1PPcT3'
C:\Tools\mips-ps1\mips\bin\mipsel-none-elf-ld.exe: (.rodata+0x5c4): undefined reference to `DrawBackground__7tScreen'
C:\Tools\mips-ps1\mips\bin\mipsel-none-elf-ld.exe: (.rodata+0x5cc): undefined reference to `DrawForeground__7tScreen'
C:\Tools\mips-ps1\mips\bin\mipsel-none-elf-ld.exe: (.rodata+0x5d4): undefined reference to `___11tDialogBase'
C:\Tools\mips-ps1\mips\bin\mipsel-none-elf-ld.exe: (.rodata+0x5dc): undefined reference to `PreLoad__7tScreen'
C:\Tools\mips-ps1\mips\bin\mipsel-none-elf-ld.exe: (.rodata+0x5e4): undefined reference to `Initialize__7tScreen'
C:\Tools\mips-ps1\mips\bin\mipsel-none-elf-ld.exe: (.rodata+0x5ec): undefined reference to `Cleanup__7tScreen'
C:\Tools\mips-ps1\mips\bin\mipsel-none-elf-ld.exe: (.rodata+0x5f4): undefined reference to `TransitionIsFinished__7tScreen'
C:\Tools\mips-ps1\mips\bin\mipsel-none-elf-ld.exe: (.rodata+0x5fc): undefined reference to `ProcessInput__11tDialogBase7tPlayerR13tInputKeyTypeR12tMenuCommand'
C:\Tools\mips-ps1\mips\bin\mipsel-none-elf-ld.exe: (.rodata+0x604): undefined reference to `__pure_virtual'
C:\Tools\mips-ps1\mips\bin\mipsel-none-elf-ld.exe: (.rodata+0x60c): undefined reference to `Draw__11tDialogBase'
C:\Tools\mips-ps1\mips\bin\mipsel-none-elf-ld.exe: build/asm/data/rdata_80010000.rodata.s.o: in function `_vt_12tMenuOptions':
(.rodata+0x62c): undefined reference to `___12tMenuOptions'
C:\Tools\mips-ps1\mips\bin\mipsel-none-elf-ld.exe: (.rodata+0x634): undefined reference to `Initialize__9tMenuNFS4'
C:\Tools\mips-ps1\mips\bin\mipsel-none-elf-ld.exe: (.rodata+0x63c): undefined reference to `ProcessInput__12tMenuOptions7tPlayerR13tInputKeyTypeR12tMenuCommand'
C:\Tools\mips-ps1\mips\bin\mipsel-none-elf-ld.exe: (.rodata+0x644): undefined reference to `DebounceKeys__5tMenu'
C:\Tools\mips-ps1\mips\bin\mipsel-none-elf-ld.exe: (.rodata+0x64c): undefined reference to `TransitionOff__12tMenuOptions'
C:\Tools\mips-ps1\mips\bin\mipsel-none-elf-ld.exe: (.rodata+0x654): undefined reference to `TransitionOn__12tMenuOptions'
C:\Tools\mips-ps1\mips\bin\mipsel-none-elf-ld.exe: (.rodata+0x65c): undefined reference to `TransitionIsFinished__12tMenuOptions'
C:\Tools\mips-ps1\mips\bin\mipsel-none-elf-ld.exe: (.rodata+0x664): undefined reference to `IsSubMenu__12tMenuOptions'
C:\Tools\mips-ps1\mips\bin\mipsel-none-elf-ld.exe: (.rodata+0x66c): undefined reference to `Draw__12tMenuOptions'
C:\Tools\mips-ps1\mips\bin\mipsel-none-elf-ld.exe: (.rodata+0x674): undefined reference to `UpdateTransition__9tMenuNFS4'
C:\Tools\mips-ps1\mips\bin\mipsel-none-elf-ld.exe: (.rodata+0x67c): undefined reference to `DrawItem__9tMenuNFS4i'
C:\Tools\mips-ps1\mips\bin\mipsel-none-elf-ld.exe: build/asm/data/rdata_80010000.rodata.s.o: in function `_vt_10tMenuBlank':
(.rodata+0x68c): undefined reference to `___10tMenuBlank'
C:\Tools\mips-ps1\mips\bin\mipsel-none-elf-ld.exe: (.rodata+0x694): undefined reference to `Initialize__10tMenuBlank'
C:\Tools\mips-ps1\mips\bin\mipsel-none-elf-ld.exe: (.rodata+0x69c): undefined reference to `ProcessInput__10tMenuBlank7tPlayerR13tInputKeyTypeR12tMenuCommand'
C:\Tools\mips-ps1\mips\bin\mipsel-none-elf-ld.exe: (.rodata+0x6a4): undefined reference to `DebounceKeys__10tMenuBlank'
C:\Tools\mips-ps1\mips\bin\mipsel-none-elf-ld.exe: (.rodata+0x6ac): undefined reference to `TransitionOff__10tMenuBlank'
C:\Tools\mips-ps1\mips\bin\mipsel-none-elf-ld.exe: (.rodata+0x6b4): undefined reference to `TransitionOn__10tMenuBlank'
C:\Tools\mips-ps1\mips\bin\mipsel-none-elf-ld.exe: (.rodata+0x6bc): undefined reference to `TransitionIsFinished__10tMenuBlank'
C:\Tools\mips-ps1\mips\bin\mipsel-none-elf-ld.exe: (.rodata+0x6c4): undefined reference to `IsSubMenu__5tMenu'
C:\Tools\mips-ps1\mips\bin\mipsel-none-elf-ld.exe: (.rodata+0x6cc): undefined reference to `Draw__10tMenuBlank'
C:\Tools\mips-ps1\mips\bin\mipsel-none-elf-ld.exe: (.rodata+0x6d4): undefined reference to `UpdateTransition__10tMenuBlank'
C:\Tools\mips-ps1\mips\bin\mipsel-none-elf-ld.exe: (.rodata+0x6dc): undefined reference to `DrawItem__9tMenuNFS4i'
C:\Tools\mips-ps1\mips\bin\mipsel-none-elf-ld.exe: build/asm/data/rdata_80010000.rodata.s.o: in function `_vt_15tMenuNFS4Bottom':
(.rodata+0x6ec): undefined reference to `___15tMenuNFS4Bottom'
C:\Tools\mips-ps1\mips\bin\mipsel-none-elf-ld.exe: (.rodata+0x6f4): undefined reference to `Initialize__9tMenuNFS4'
C:\Tools\mips-ps1\mips\bin\mipsel-none-elf-ld.exe: (.rodata+0x6fc): undefined reference to `ProcessInput__9tMenuNFS47tPlayerR13tInputKeyTypeR12tMenuCommand'
C:\Tools\mips-ps1\mips\bin\mipsel-none-elf-ld.exe: (.rodata+0x704): undefined reference to `DebounceKeys__5tMenu'
C:\Tools\mips-ps1\mips\bin\mipsel-none-elf-ld.exe: (.rodata+0x70c): undefined reference to `TransitionOff__9tMenuNFS4'
C:\Tools\mips-ps1\mips\bin\mipsel-none-elf-ld.exe: (.rodata+0x714): undefined reference to `TransitionOn__9tMenuNFS4'
C:\Tools\mips-ps1\mips\bin\mipsel-none-elf-ld.exe: (.rodata+0x71c): undefined reference to `TransitionIsFinished__9tMenuNFS4'
C:\Tools\mips-ps1\mips\bin\mipsel-none-elf-ld.exe: (.rodata+0x724): undefined reference to `IsSubMenu__5tMenu'
C:\Tools\mips-ps1\mips\bin\mipsel-none-elf-ld.exe: (.rodata+0x72c): undefined reference to `Draw__15tMenuNFS4Bottom'
C:\Tools\mips-ps1\mips\bin\mipsel-none-elf-ld.exe: (.rodata+0x734): undefined reference to `UpdateTransition__9tMenuNFS4'
C:\Tools\mips-ps1\mips\bin\mipsel-none-elf-ld.exe: (.rodata+0x73c): undefined reference to `DrawItem__9tMenuNFS4i'
C:\Tools\mips-ps1\mips\bin\mipsel-none-elf-ld.exe: build/asm/data/rdata_80010000.rodata.s.o: in function `_vt_18tMenuNFS4TwoPlayer':
(.rodata+0x74c): undefined reference to `___18tMenuNFS4TwoPlayer'
C:\Tools\mips-ps1\mips\bin\mipsel-none-elf-ld.exe: (.rodata+0x754): undefined reference to `Initialize__9tMenuNFS4'
C:\Tools\mips-ps1\mips\bin\mipsel-none-elf-ld.exe: (.rodata+0x75c): undefined reference to `ProcessInput__9tMenuNFS47tPlayerR13tInputKeyTypeR12tMenuCommand'
C:\Tools\mips-ps1\mips\bin\mipsel-none-elf-ld.exe: (.rodata+0x764): undefined reference to `DebounceKeys__5tMenu'
C:\Tools\mips-ps1\mips\bin\mipsel-none-elf-ld.exe: (.rodata+0x76c): undefined reference to `TransitionOff__9tMenuNFS4'
C:\Tools\mips-ps1\mips\bin\mipsel-none-elf-ld.exe: (.rodata+0x774): undefined reference to `TransitionOn__9tMenuNFS4'
C:\Tools\mips-ps1\mips\bin\mipsel-none-elf-ld.exe: (.rodata+0x77c): undefined reference to `TransitionIsFinished__9tMenuNFS4'
C:\Tools\mips-ps1\mips\bin\mipsel-none-elf-ld.exe: (.rodata+0x784): undefined reference to `IsSubMenu__5tMenu'
C:\Tools\mips-ps1\mips\bin\mipsel-none-elf-ld.exe: (.rodata+0x78c): undefined reference to `Draw__9tMenuNFS4'
C:\Tools\mips-ps1\mips\bin\mipsel-none-elf-ld.exe: (.rodata+0x794): undefined reference to `UpdateTransition__9tMenuNFS4'
C:\Tools\mips-ps1\mips\bin\mipsel-none-elf-ld.exe: (.rodata+0x79c): undefined reference to `DrawItem__18tMenuNFS4TwoPlayeri'
C:\Tools\mips-ps1\mips\bin\mipsel-none-elf-ld.exe: build/asm/data/rdata_80010000.rodata.s.o: in function `_vt_9tMenuNFS4':
(.rodata+0x7ac): undefined reference to `___9tMenuNFS4'
C:\Tools\mips-ps1\mips\bin\mipsel-none-elf-ld.exe: (.rodata+0x7b4): undefined reference to `Initialize__9tMenuNFS4'
C:\Tools\mips-ps1\mips\bin\mipsel-none-elf-ld.exe: (.rodata+0x7bc): undefined reference to `ProcessInput__9tMenuNFS47tPlayerR13tInputKeyTypeR12tMenuCommand'
C:\Tools\mips-ps1\mips\bin\mipsel-none-elf-ld.exe: (.rodata+0x7c4): undefined reference to `DebounceKeys__5tMenu'
C:\Tools\mips-ps1\mips\bin\mipsel-none-elf-ld.exe: (.rodata+0x7cc): undefined reference to `TransitionOff__9tMenuNFS4'
C:\Tools\mips-ps1\mips\bin\mipsel-none-elf-ld.exe: (.rodata+0x7d4): undefined reference to `TransitionOn__9tMenuNFS4'
C:\Tools\mips-ps1\mips\bin\mipsel-none-elf-ld.exe: (.rodata+0x7dc): undefined reference to `TransitionIsFinished__9tMenuNFS4'
C:\Tools\mips-ps1\mips\bin\mipsel-none-elf-ld.exe: (.rodata+0x7e4): undefined reference to `IsSubMenu__5tMenu'
C:\Tools\mips-ps1\mips\bin\mipsel-none-elf-ld.exe: (.rodata+0x7ec): undefined reference to `Draw__9tMenuNFS4'
C:\Tools\mips-ps1\mips\bin\mipsel-none-elf-ld.exe: (.rodata+0x7f4): undefined reference to `UpdateTransition__9tMenuNFS4'
C:\Tools\mips-ps1\mips\bin\mipsel-none-elf-ld.exe: (.rodata+0x7fc): undefined reference to `DrawItem__9tMenuNFS4i'
C:\Tools\mips-ps1\mips\bin\mipsel-none-elf-ld.exe: build/asm/data/rdata_80010000.rodata.s.o: in function `_vt_29tMenuItemOptionsTwoItemChoice':
(.rodata+0x80c): undefined reference to `___29tMenuItemOptionsTwoItemChoice'
C:\Tools\mips-ps1\mips\bin\mipsel-none-elf-ld.exe: (.rodata+0x814): undefined reference to `DebounceKeys__9tMenuItem'
C:\Tools\mips-ps1\mips\bin\mipsel-none-elf-ld.exe: (.rodata+0x81c): undefined reference to `ProcessInput__24tMenuItemLeftRightChoice7tPlayerR13tInputKeyTypeR12tMenuCommand'
C:\Tools\mips-ps1\mips\bin\mipsel-none-elf-ld.exe: (.rodata+0x824): undefined reference to `Draw__24tMenuItemLeftRightChoiceb'
C:\Tools\mips-ps1\mips\bin\mipsel-none-elf-ld.exe: (.rodata+0x82c): undefined reference to `Draw__29tMenuItemOptionsTwoItemChoiceiib'
C:\Tools\mips-ps1\mips\bin\mipsel-none-elf-ld.exe: (.rodata+0x834): undefined reference to `Draw__9tMenuItemiiib'
C:\Tools\mips-ps1\mips\bin\mipsel-none-elf-ld.exe: (.rodata+0x83c): undefined reference to `TransitionOff__9tMenuItem'
C:\Tools\mips-ps1\mips\bin\mipsel-none-elf-ld.exe: (.rodata+0x844): undefined reference to `TransitionOn__29tMenuItemOptionsTwoItemChoice'
C:\Tools\mips-ps1\mips\bin\mipsel-none-elf-ld.exe: (.rodata+0x84c): undefined reference to `TransitionIsFinished__9tMenuItem'
C:\Tools\mips-ps1\mips\bin\mipsel-none-elf-ld.exe: (.rodata+0x854): undefined reference to `UpdateTransition__9tMenuItemb'
C:\Tools\mips-ps1\mips\bin\mipsel-none-elf-ld.exe: build/asm/data/rdata_80010000.rodata.s.o: in function `_vt_31tMenuItemOptionsLeftRightChoice':
(.rodata+0x864): undefined reference to `___31tMenuItemOptionsLeftRightChoice'
C:\Tools\mips-ps1\mips\bin\mipsel-none-elf-ld.exe: (.rodata+0x86c): undefined reference to `DebounceKeys__9tMenuItem'
C:\Tools\mips-ps1\mips\bin\mipsel-none-elf-ld.exe: (.rodata+0x874): undefined reference to `ProcessInput__24tMenuItemLeftRightChoice7tPlayerR13tInputKeyTypeR12tMenuCommand'
C:\Tools\mips-ps1\mips\bin\mipsel-none-elf-ld.exe: (.rodata+0x87c): undefined reference to `Draw__24tMenuItemLeftRightChoiceb'
C:\Tools\mips-ps1\mips\bin\mipsel-none-elf-ld.exe: (.rodata+0x884): undefined reference to `Draw__31tMenuItemOptionsLeftRightChoiceiib'
C:\Tools\mips-ps1\mips\bin\mipsel-none-elf-ld.exe: (.rodata+0x88c): undefined reference to `Draw__9tMenuItemiiib'
C:\Tools\mips-ps1\mips\bin\mipsel-none-elf-ld.exe: (.rodata+0x894): undefined reference to `TransitionOff__9tMenuItem'
C:\Tools\mips-ps1\mips\bin\mipsel-none-elf-ld.exe: (.rodata+0x89c): undefined reference to `TransitionOn__9tMenuItem'
C:\Tools\mips-ps1\mips\bin\mipsel-none-elf-ld.exe: (.rodata+0x8a4): undefined reference to `TransitionIsFinished__9tMenuItem'
C:\Tools\mips-ps1\mips\bin\mipsel-none-elf-ld.exe: (.rodata+0x8ac): undefined reference to `UpdateTransition__9tMenuItemb'
C:\Tools\mips-ps1\mips\bin\mipsel-none-elf-ld.exe: build/asm/data/rdata_80010000.rodata.s.o: in function `_vt_28tMenuItemNFS4LeftRightChoice':
(.rodata+0x8bc): undefined reference to `___28tMenuItemNFS4LeftRightChoice'
C:\Tools\mips-ps1\mips\bin\mipsel-none-elf-ld.exe: (.rodata+0x8c4): undefined reference to `DebounceKeys__9tMenuItem'
C:\Tools\mips-ps1\mips\bin\mipsel-none-elf-ld.exe: (.rodata+0x8cc): undefined reference to `ProcessInput__24tMenuItemLeftRightChoice7tPlayerR13tInputKeyTypeR12tMenuCommand'
C:\Tools\mips-ps1\mips\bin\mipsel-none-elf-ld.exe: (.rodata+0x8d4): undefined reference to `Draw__24tMenuItemLeftRightChoiceb'
C:\Tools\mips-ps1\mips\bin\mipsel-none-elf-ld.exe: (.rodata+0x8dc): undefined reference to `Draw__28tMenuItemNFS4LeftRightChoiceiib'
C:\Tools\mips-ps1\mips\bin\mipsel-none-elf-ld.exe: (.rodata+0x8e4): undefined reference to `Draw__9tMenuItemiiib'
C:\Tools\mips-ps1\mips\bin\mipsel-none-elf-ld.exe: (.rodata+0x8ec): undefined reference to `TransitionOff__28tMenuItemNFS4LeftRightChoice'
C:\Tools\mips-ps1\mips\bin\mipsel-none-elf-ld.exe: (.rodata+0x8f4): undefined reference to `TransitionOn__28tMenuItemNFS4LeftRightChoice'
C:\Tools\mips-ps1\mips\bin\mipsel-none-elf-ld.exe: (.rodata+0x8fc): undefined reference to `TransitionIsFinished__28tMenuItemNFS4LeftRightChoice'
C:\Tools\mips-ps1\mips\bin\mipsel-none-elf-ld.exe: (.rodata+0x904): undefined reference to `UpdateTransition__28tMenuItemNFS4LeftRightChoiceb'
C:\Tools\mips-ps1\mips\bin\mipsel-none-elf-ld.exe: build/asm/data/rdata_80010000.rodata.s.o: in function `_vt_27tMenuItemGoToMenuNFS4Button':
(.rodata+0x914): undefined reference to `___27tMenuItemGoToMenuNFS4Button'
C:\Tools\mips-ps1\mips\bin\mipsel-none-elf-ld.exe: (.rodata+0x91c): undefined reference to `DebounceKeys__9tMenuItem'
C:\Tools\mips-ps1\mips\bin\mipsel-none-elf-ld.exe: (.rodata+0x924): undefined reference to `ProcessInput__23tMenuItemGoToMenuButton7tPlayerR13tInputKeyTypeR12tMenuCommand'
C:\Tools\mips-ps1\mips\bin\mipsel-none-elf-ld.exe: (.rodata+0x92c): undefined reference to `Draw__27tMenuItemGoToMenuNFS4Buttonb'
C:\Tools\mips-ps1\mips\bin\mipsel-none-elf-ld.exe: (.rodata+0x934): undefined reference to `Draw__27tMenuItemGoToMenuNFS4Buttoniib'
C:\Tools\mips-ps1\mips\bin\mipsel-none-elf-ld.exe: (.rodata+0x93c): undefined reference to `Draw__9tMenuItemiiib'
C:\Tools\mips-ps1\mips\bin\mipsel-none-elf-ld.exe: (.rodata+0x944): undefined reference to `TransitionOff__27tMenuItemGoToMenuNFS4Button'
C:\Tools\mips-ps1\mips\bin\mipsel-none-elf-ld.exe: (.rodata+0x94c): undefined reference to `TransitionOn__27tMenuItemGoToMenuNFS4Button'
C:\Tools\mips-ps1\mips\bin\mipsel-none-elf-ld.exe: (.rodata+0x954): undefined reference to `TransitionIsFinished__27tMenuItemGoToMenuNFS4Button'
C:\Tools\mips-ps1\mips\bin\mipsel-none-elf-ld.exe: (.rodata+0x95c): undefined reference to `UpdateTransition__27tMenuItemGoToMenuNFS4Buttonb'
C:\Tools\mips-ps1\mips\bin\mipsel-none-elf-ld.exe: build/asm/data/rdata_80010000.rodata.s.o: in function `jtbl_80010990':
(.rodata+0x990): undefined reference to `.L80020148'
C:\Tools\mips-ps1\mips\bin\mipsel-none-elf-ld.exe: (.rodata+0x994): undefined reference to `.L80020174'
C:\Tools\mips-ps1\mips\bin\mipsel-none-elf-ld.exe: (.rodata+0x998): undefined reference to `.L80020174'
C:\Tools\mips-ps1\mips\bin\mipsel-none-elf-ld.exe: (.rodata+0x99c): undefined reference to `.L80020120'
C:\Tools\mips-ps1\mips\bin\mipsel-none-elf-ld.exe: (.rodata+0x9a0): undefined reference to `.L80020170'
C:\Tools\mips-ps1\mips\bin\mipsel-none-elf-ld.exe: (.rodata+0x9a4): undefined reference to `.L80020174'
C:\Tools\mips-ps1\mips\bin\mipsel-none-elf-ld.exe: (.rodata+0x9a8): undefined reference to `.L80020174'
C:\Tools\mips-ps1\mips\bin\mipsel-none-elf-ld.exe: (.rodata+0x9ac): undefined reference to `.L80020140'
C:\Tools\mips-ps1\mips\bin\mipsel-none-elf-ld.exe: (.rodata+0x9b0): undefined reference to `.L80020138'
C:\Tools\mips-ps1\mips\bin\mipsel-none-elf-ld.exe: (.rodata+0x9b4): undefined reference to `.L80020174'
C:\Tools\mips-ps1\mips\bin\mipsel-none-elf-ld.exe: (.rodata+0x9b8): undefined reference to `.L80020174'
C:\Tools\mips-ps1\mips\bin\mipsel-none-elf-ld.exe: (.rodata+0x9bc): undefined reference to `.L80020174'
C:\Tools\mips-ps1\mips\bin\mipsel-none-elf-ld.exe: (.rodata+0x9c0): undefined reference to `.L80020150'
C:\Tools\mips-ps1\mips\bin\mipsel-none-elf-ld.exe: (.rodata+0x9c4): undefined reference to `.L80020174'
C:\Tools\mips-ps1\mips\bin\mipsel-none-elf-ld.exe: (.rodata+0x9c8): undefined reference to `.L80020174'
C:\Tools\mips-ps1\mips\bin\mipsel-none-elf-ld.exe: (.rodata+0x9cc): undefined reference to `.L80020174'
C:\Tools\mips-ps1\mips\bin\mipsel-none-elf-ld.exe: (.rodata+0x9d0): undefined reference to `.L80020168'
C:\Tools\mips-ps1\mips\bin\mipsel-none-elf-ld.exe: (.rodata+0x9d4): undefined reference to `.L80020174'
C:\Tools\mips-ps1\mips\bin\mipsel-none-elf-ld.exe: (.rodata+0x9d8): undefined reference to `.L80020158'
C:\Tools\mips-ps1\mips\bin\mipsel-none-elf-ld.exe: (.rodata+0x9dc): undefined reference to `.L80020174'
C:\Tools\mips-ps1\mips\bin\mipsel-none-elf-ld.exe: (.rodata+0x9e0): undefined reference to `.L80020174'
C:\Tools\mips-ps1\mips\bin\mipsel-none-elf-ld.exe: (.rodata+0x9e4): undefined reference to `.L80020128'
C:\Tools\mips-ps1\mips\bin\mipsel-none-elf-ld.exe: (.rodata+0x9e8): undefined reference to `.L80020174'
C:\Tools\mips-ps1\mips\bin\mipsel-none-elf-ld.exe: (.rodata+0x9ec): undefined reference to `.L80020174'
C:\Tools\mips-ps1\mips\bin\mipsel-none-elf-ld.exe: (.rodata+0x9f0): undefined reference to `.L80020174'
C:\Tools\mips-ps1\mips\bin\mipsel-none-elf-ld.exe: (.rodata+0x9f4): undefined reference to `.L80020160'
C:\Tools\mips-ps1\mips\bin\mipsel-none-elf-ld.exe: (.rodata+0x9f8): undefined reference to `.L80020174'
C:\Tools\mips-ps1\mips\bin\mipsel-none-elf-ld.exe: (.rodata+0x9fc): undefined reference to `.L80020130'
C:\Tools\mips-ps1\mips\bin\mipsel-none-elf-ld.exe: build/asm/data/rdata_80010000.rodata.s.o: in function `_vt_35tInsideBoxControllerLeftRightSlider':
(.rodata+0xa1c): undefined reference to `___35tInsideBoxControllerLeftRightSlider'
C:\Tools\mips-ps1\mips\bin\mipsel-none-elf-ld.exe: (.rodata+0xa24): undefined reference to `DebounceKeys__24tMenuItemLeftRightSlider'
C:\Tools\mips-ps1\mips\bin\mipsel-none-elf-ld.exe: (.rodata+0xa2c): undefined reference to `ProcessInput__35tInsideBoxControllerLeftRightSlider7tPlayerR13tInputKeyTypeR12tMenuCommand'
C:\Tools\mips-ps1\mips\bin\mipsel-none-elf-ld.exe: (.rodata+0xa34): undefined reference to `Draw__24tMenuItemLeftRightSliderb'
C:\Tools\mips-ps1\mips\bin\mipsel-none-elf-ld.exe: (.rodata+0xa3c): undefined reference to `Draw__9tMenuItemiib'
C:\Tools\mips-ps1\mips\bin\mipsel-none-elf-ld.exe: (.rodata+0xa44): undefined reference to `Draw__25tInsideBoxLeftRightSlideriiib'
C:\Tools\mips-ps1\mips\bin\mipsel-none-elf-ld.exe: (.rodata+0xa4c): undefined reference to `TransitionOff__9tMenuItem'
C:\Tools\mips-ps1\mips\bin\mipsel-none-elf-ld.exe: (.rodata+0xa54): undefined reference to `TransitionOn__9tMenuItem'
C:\Tools\mips-ps1\mips\bin\mipsel-none-elf-ld.exe: (.rodata+0xa5c): undefined reference to `TransitionIsFinished__9tMenuItem'
C:\Tools\mips-ps1\mips\bin\mipsel-none-elf-ld.exe: (.rodata+0xa64): undefined reference to `UpdateTransition__9tMenuItemb'
C:\Tools\mips-ps1\mips\bin\mipsel-none-elf-ld.exe: build/asm/data/rdata_80010000.rodata.s.o: in function `_vt_19tMemoryCardMenuItem':
(.rodata+0xa74): undefined reference to `___19tMemoryCardMenuItem'
C:\Tools\mips-ps1\mips\bin\mipsel-none-elf-ld.exe: (.rodata+0xa7c): undefined reference to `DebounceKeys__9tMenuItem'
C:\Tools\mips-ps1\mips\bin\mipsel-none-elf-ld.exe: (.rodata+0xa84): undefined reference to `ProcessInput__23tMenuItemGoToMenuButton7tPlayerR13tInputKeyTypeR12tMenuCommand'
C:\Tools\mips-ps1\mips\bin\mipsel-none-elf-ld.exe: (.rodata+0xa8c): undefined reference to `Draw__19tMemoryCardMenuItemb'
C:\Tools\mips-ps1\mips\bin\mipsel-none-elf-ld.exe: (.rodata+0xa94): undefined reference to `Draw__9tMenuItemiib'
C:\Tools\mips-ps1\mips\bin\mipsel-none-elf-ld.exe: (.rodata+0xa9c): undefined reference to `Draw__9tMenuItemiiib'
C:\Tools\mips-ps1\mips\bin\mipsel-none-elf-ld.exe: (.rodata+0xaa4): undefined reference to `TransitionOff__27tMenuItemGoToMenuButtonFade'
C:\Tools\mips-ps1\mips\bin\mipsel-none-elf-ld.exe: (.rodata+0xaac): undefined reference to `TransitionOn__27tMenuItemGoToMenuButtonFade'
C:\Tools\mips-ps1\mips\bin\mipsel-none-elf-ld.exe: (.rodata+0xab4): undefined reference to `TransitionIsFinished__27tMenuItemGoToMenuButtonFade'
C:\Tools\mips-ps1\mips\bin\mipsel-none-elf-ld.exe: (.rodata+0xabc): undefined reference to `UpdateTransition__27tMenuItemGoToMenuButtonFadeb'
C:\Tools\mips-ps1\mips\bin\mipsel-none-elf-ld.exe: build/asm/data/rdata_80010000.rodata.s.o: in function `_vt_27tMenuItemGoToMenuButtonFade':
(.rodata+0xacc): undefined reference to `___27tMenuItemGoToMenuButtonFade'
C:\Tools\mips-ps1\mips\bin\mipsel-none-elf-ld.exe: (.rodata+0xad4): undefined reference to `DebounceKeys__9tMenuItem'
C:\Tools\mips-ps1\mips\bin\mipsel-none-elf-ld.exe: (.rodata+0xadc): undefined reference to `ProcessInput__23tMenuItemGoToMenuButton7tPlayerR13tInputKeyTypeR12tMenuCommand'
C:\Tools\mips-ps1\mips\bin\mipsel-none-elf-ld.exe: (.rodata+0xae4): undefined reference to `__pure_virtual'
C:\Tools\mips-ps1\mips\bin\mipsel-none-elf-ld.exe: (.rodata+0xaec): undefined reference to `Draw__9tMenuItemiib'
C:\Tools\mips-ps1\mips\bin\mipsel-none-elf-ld.exe: (.rodata+0xaf4): undefined reference to `Draw__9tMenuItemiiib'
C:\Tools\mips-ps1\mips\bin\mipsel-none-elf-ld.exe: (.rodata+0xafc): undefined reference to `TransitionOff__27tMenuItemGoToMenuButtonFade'
C:\Tools\mips-ps1\mips\bin\mipsel-none-elf-ld.exe: (.rodata+0xb04): undefined reference to `TransitionOn__27tMenuItemGoToMenuButtonFade'
C:\Tools\mips-ps1\mips\bin\mipsel-none-elf-ld.exe: (.rodata+0xb0c): undefined reference to `TransitionIsFinished__27tMenuItemGoToMenuButtonFade'
C:\Tools\mips-ps1\mips\bin\mipsel-none-elf-ld.exe: (.rodata+0xb14): undefined reference to `UpdateTransition__27tMenuItemGoToMenuButtonFadeb'
C:\Tools\mips-ps1\mips\bin\mipsel-none-elf-ld.exe: build/asm/data/rdata_80010000.rodata.s.o: in function `_vt_17tUserNameMenuItem':
(.rodata+0xb24): undefined reference to `___17tUserNameMenuItem'
C:\Tools\mips-ps1\mips\bin\mipsel-none-elf-ld.exe: (.rodata+0xb2c): undefined reference to `DebounceKeys__9tMenuItem'
C:\Tools\mips-ps1\mips\bin\mipsel-none-elf-ld.exe: (.rodata+0xb34): undefined reference to `ProcessInput__17tUserNameMenuItem7tPlayerR13tInputKeyTypeR12tMenuCommand'
C:\Tools\mips-ps1\mips\bin\mipsel-none-elf-ld.exe: (.rodata+0xb3c): undefined reference to `Draw__17tUserNameMenuItemb'
C:\Tools\mips-ps1\mips\bin\mipsel-none-elf-ld.exe: (.rodata+0xb44): undefined reference to `Draw__9tMenuItemiib'
C:\Tools\mips-ps1\mips\bin\mipsel-none-elf-ld.exe: (.rodata+0xb4c): undefined reference to `Draw__9tMenuItemiiib'
C:\Tools\mips-ps1\mips\bin\mipsel-none-elf-ld.exe: (.rodata+0xb54): undefined reference to `TransitionOff__17tUserNameMenuItem'
C:\Tools\mips-ps1\mips\bin\mipsel-none-elf-ld.exe: (.rodata+0xb5c): undefined reference to `TransitionOn__17tUserNameMenuItem'
C:\Tools\mips-ps1\mips\bin\mipsel-none-elf-ld.exe: (.rodata+0xb64): undefined reference to `TransitionIsFinished__17tUserNameMenuItem'
C:\Tools\mips-ps1\mips\bin\mipsel-none-elf-ld.exe: (.rodata+0xb6c): undefined reference to `UpdateTransition__17tUserNameMenuItemb'
C:\Tools\mips-ps1\mips\bin\mipsel-none-elf-ld.exe: build/asm/data/rdata_80010000.rodata.s.o: in function `_vt_22tInsideBoxTwoWaySlider':
(.rodata+0xb7c): undefined reference to `___22tInsideBoxTwoWaySlider'
C:\Tools\mips-ps1\mips\bin\mipsel-none-elf-ld.exe: (.rodata+0xb84): undefined reference to `DebounceKeys__24tMenuItemLeftRightSlider'
C:\Tools\mips-ps1\mips\bin\mipsel-none-elf-ld.exe: (.rodata+0xb8c): undefined reference to `ProcessInput__22tInsideBoxTwoWaySlider7tPlayerR13tInputKeyTypeR12tMenuCommand'
C:\Tools\mips-ps1\mips\bin\mipsel-none-elf-ld.exe: (.rodata+0xb94): undefined reference to `Draw__24tMenuItemLeftRightSliderb'
C:\Tools\mips-ps1\mips\bin\mipsel-none-elf-ld.exe: (.rodata+0xb9c): undefined reference to `Draw__9tMenuItemiib'
C:\Tools\mips-ps1\mips\bin\mipsel-none-elf-ld.exe: (.rodata+0xba4): undefined reference to `Draw__22tInsideBoxTwoWaySlideriiib'
C:\Tools\mips-ps1\mips\bin\mipsel-none-elf-ld.exe: (.rodata+0xbac): undefined reference to `TransitionOff__9tMenuItem'
C:\Tools\mips-ps1\mips\bin\mipsel-none-elf-ld.exe: (.rodata+0xbb4): undefined reference to `TransitionOn__9tMenuItem'
C:\Tools\mips-ps1\mips\bin\mipsel-none-elf-ld.exe: (.rodata+0xbbc): undefined reference to `TransitionIsFinished__9tMenuItem'
C:\Tools\mips-ps1\mips\bin\mipsel-none-elf-ld.exe: (.rodata+0xbc4): undefined reference to `UpdateTransition__9tMenuItemb'
C:\Tools\mips-ps1\mips\bin\mipsel-none-elf-ld.exe: build/asm/data/rdata_80010000.rodata.s.o: in function `_vt_25tInsideBoxLeftRightSlider':
(.rodata+0xbd4): undefined reference to `___25tInsideBoxLeftRightSlider'
C:\Tools\mips-ps1\mips\bin\mipsel-none-elf-ld.exe: (.rodata+0xbdc): undefined reference to `DebounceKeys__24tMenuItemLeftRightSlider'
C:\Tools\mips-ps1\mips\bin\mipsel-none-elf-ld.exe: (.rodata+0xbe4): undefined reference to `ProcessInput__24tMenuItemLeftRightSlider7tPlayerR13tInputKeyTypeR12tMenuCommand'
C:\Tools\mips-ps1\mips\bin\mipsel-none-elf-ld.exe: (.rodata+0xbec): undefined reference to `Draw__24tMenuItemLeftRightSliderb'
C:\Tools\mips-ps1\mips\bin\mipsel-none-elf-ld.exe: (.rodata+0xbf4): undefined reference to `Draw__9tMenuItemiib'
C:\Tools\mips-ps1\mips\bin\mipsel-none-elf-ld.exe: (.rodata+0xbfc): undefined reference to `Draw__25tInsideBoxLeftRightSlideriiib'
C:\Tools\mips-ps1\mips\bin\mipsel-none-elf-ld.exe: (.rodata+0xc04): undefined reference to `TransitionOff__9tMenuItem'
C:\Tools\mips-ps1\mips\bin\mipsel-none-elf-ld.exe: (.rodata+0xc0c): undefined reference to `TransitionOn__9tMenuItem'
C:\Tools\mips-ps1\mips\bin\mipsel-none-elf-ld.exe: (.rodata+0xc14): undefined reference to `TransitionIsFinished__9tMenuItem'
C:\Tools\mips-ps1\mips\bin\mipsel-none-elf-ld.exe: (.rodata+0xc1c): undefined reference to `UpdateTransition__9tMenuItemb'
C:\Tools\mips-ps1\mips\bin\mipsel-none-elf-ld.exe: build/asm/data/rdata_80010000.rodata.s.o: in function `_vt_34tMenuItemControllerLeftRightChoice':
(.rodata+0xc2c): undefined reference to `___34tMenuItemControllerLeftRightChoice'
C:\Tools\mips-ps1\mips\bin\mipsel-none-elf-ld.exe: (.rodata+0xc34): undefined reference to `DebounceKeys__9tMenuItem'
C:\Tools\mips-ps1\mips\bin\mipsel-none-elf-ld.exe: (.rodata+0xc3c): undefined reference to `ProcessInput__24tMenuItemLeftRightChoice7tPlayerR13tInputKeyTypeR12tMenuCommand'
C:\Tools\mips-ps1\mips\bin\mipsel-none-elf-ld.exe: (.rodata+0xc44): undefined reference to `Draw__24tMenuItemLeftRightChoiceb'
C:\Tools\mips-ps1\mips\bin\mipsel-none-elf-ld.exe: (.rodata+0xc4c): undefined reference to `Draw__34tMenuItemControllerLeftRightChoiceiib'
C:\Tools\mips-ps1\mips\bin\mipsel-none-elf-ld.exe: (.rodata+0xc54): undefined reference to `Draw__9tMenuItemiiib'
C:\Tools\mips-ps1\mips\bin\mipsel-none-elf-ld.exe: (.rodata+0xc5c): undefined reference to `TransitionOff__22tMenuItemLeftRightFade'
C:\Tools\mips-ps1\mips\bin\mipsel-none-elf-ld.exe: (.rodata+0xc64): undefined reference to `TransitionOn__22tMenuItemLeftRightFade'
C:\Tools\mips-ps1\mips\bin\mipsel-none-elf-ld.exe: (.rodata+0xc6c): undefined reference to `TransitionIsFinished__22tMenuItemLeftRightFade'
C:\Tools\mips-ps1\mips\bin\mipsel-none-elf-ld.exe: (.rodata+0xc74): undefined reference to `UpdateTransition__22tMenuItemLeftRightFadeb'
C:\Tools\mips-ps1\mips\bin\mipsel-none-elf-ld.exe: build/asm/data/rdata_80010000.rodata.s.o: in function `_vt_18tInsideBoxSongMenu':
(.rodata+0xc84): undefined reference to `___18tInsideBoxSongMenu'
C:\Tools\mips-ps1\mips\bin\mipsel-none-elf-ld.exe: (.rodata+0xc8c): undefined reference to `Initialize__5tMenu'
C:\Tools\mips-ps1\mips\bin\mipsel-none-elf-ld.exe: (.rodata+0xc94): undefined reference to `ProcessInput__18tInsideBoxSongMenu7tPlayerR13tInputKeyTypeR12tMenuCommand'
C:\Tools\mips-ps1\mips\bin\mipsel-none-elf-ld.exe: (.rodata+0xc9c): undefined reference to `DebounceKeys__18tInsideBoxSongMenu'
C:\Tools\mips-ps1\mips\bin\mipsel-none-elf-ld.exe: (.rodata+0xca4): undefined reference to `TransitionOff__5tMenu'
C:\Tools\mips-ps1\mips\bin\mipsel-none-elf-ld.exe: (.rodata+0xcac): undefined reference to `TransitionOn__5tMenu'
C:\Tools\mips-ps1\mips\bin\mipsel-none-elf-ld.exe: (.rodata+0xcb4): undefined reference to `TransitionIsFinished__5tMenu'
C:\Tools\mips-ps1\mips\bin\mipsel-none-elf-ld.exe: (.rodata+0xcbc): undefined reference to `IsSubMenu__5tMenu'
C:\Tools\mips-ps1\mips\bin\mipsel-none-elf-ld.exe: (.rodata+0xcc4): undefined reference to `Draw__5tMenu'
C:\Tools\mips-ps1\mips\bin\mipsel-none-elf-ld.exe: (.rodata+0xccc): undefined reference to `UpdateTransition__5tMenu'
C:\Tools\mips-ps1\mips\bin\mipsel-none-elf-ld.exe: (.rodata+0xcd4): undefined reference to `Draw__18tInsideBoxSongMenusssss'
C:\Tools\mips-ps1\mips\bin\mipsel-none-elf-ld.exe: (.rodata+0xcdc): undefined reference to `DrawOneSong__18tInsideBoxSongMenussssss'
C:\Tools\mips-ps1\mips\bin\mipsel-none-elf-ld.exe: build/asm/data/rdata_80010000.rodata.s.o: in function `_vt_29tMenuItemLeftRightAudioSlider':
(.rodata+0xcec): undefined reference to `___29tMenuItemLeftRightAudioSlider'
C:\Tools\mips-ps1\mips\bin\mipsel-none-elf-ld.exe: (.rodata+0xcf4): undefined reference to `DebounceKeys__24tMenuItemLeftRightSlider'
C:\Tools\mips-ps1\mips\bin\mipsel-none-elf-ld.exe: (.rodata+0xcfc): undefined reference to `ProcessInput__24tMenuItemLeftRightSlider7tPlayerR13tInputKeyTypeR12tMenuCommand'
C:\Tools\mips-ps1\mips\bin\mipsel-none-elf-ld.exe: (.rodata+0xd04): undefined reference to `Draw__24tMenuItemLeftRightSliderb'
C:\Tools\mips-ps1\mips\bin\mipsel-none-elf-ld.exe: (.rodata+0xd0c): undefined reference to `Draw__29tMenuItemLeftRightAudioSlideriib'
C:\Tools\mips-ps1\mips\bin\mipsel-none-elf-ld.exe: (.rodata+0xd14): undefined reference to `Draw__9tMenuItemiiib'
C:\Tools\mips-ps1\mips\bin\mipsel-none-elf-ld.exe: (.rodata+0xd1c): undefined reference to `TransitionOff__29tMenuItemLeftRightAudioSlider'
C:\Tools\mips-ps1\mips\bin\mipsel-none-elf-ld.exe: (.rodata+0xd24): undefined reference to `TransitionOn__29tMenuItemLeftRightAudioSlider'
C:\Tools\mips-ps1\mips\bin\mipsel-none-elf-ld.exe: (.rodata+0xd2c): undefined reference to `TransitionIsFinished__29tMenuItemLeftRightAudioSlider'
C:\Tools\mips-ps1\mips\bin\mipsel-none-elf-ld.exe: (.rodata+0xd34): undefined reference to `UpdateTransition__29tMenuItemLeftRightAudioSliderb'
C:\Tools\mips-ps1\mips\bin\mipsel-none-elf-ld.exe: build/asm/data/rdata_80010000.rodata.s.o: in function `_vt_29tMenuItemOnOffLeftRightChoice':
(.rodata+0xd44): undefined reference to `___29tMenuItemOnOffLeftRightChoice'
C:\Tools\mips-ps1\mips\bin\mipsel-none-elf-ld.exe: (.rodata+0xd4c): undefined reference to `DebounceKeys__9tMenuItem'
C:\Tools\mips-ps1\mips\bin\mipsel-none-elf-ld.exe: (.rodata+0xd54): undefined reference to `ProcessInput__24tMenuItemLeftRightChoice7tPlayerR13tInputKeyTypeR12tMenuCommand'
C:\Tools\mips-ps1\mips\bin\mipsel-none-elf-ld.exe: (.rodata+0xd5c): undefined reference to `Draw__24tMenuItemLeftRightChoiceb'
C:\Tools\mips-ps1\mips\bin\mipsel-none-elf-ld.exe: (.rodata+0xd64): undefined reference to `Draw__29tMenuItemOnOffLeftRightChoiceiib'
C:\Tools\mips-ps1\mips\bin\mipsel-none-elf-ld.exe: (.rodata+0xd6c): undefined reference to `Draw__9tMenuItemiiib'
C:\Tools\mips-ps1\mips\bin\mipsel-none-elf-ld.exe: (.rodata+0xd74): undefined reference to `TransitionOff__22tMenuItemLeftRightFade'
C:\Tools\mips-ps1\mips\bin\mipsel-none-elf-ld.exe: (.rodata+0xd7c): undefined reference to `TransitionOn__29tMenuItemOnOffLeftRightChoice'
C:\Tools\mips-ps1\mips\bin\mipsel-none-elf-ld.exe: (.rodata+0xd84): undefined reference to `TransitionIsFinished__22tMenuItemLeftRightFade'
C:\Tools\mips-ps1\mips\bin\mipsel-none-elf-ld.exe: (.rodata+0xd8c): undefined reference to `UpdateTransition__22tMenuItemLeftRightFadeb'
C:\Tools\mips-ps1\mips\bin\mipsel-none-elf-ld.exe: build/asm/data/rdata_80010000.rodata.s.o: in function `_vt_31tMenuItemDisplayLeftRightChoice':
(.rodata+0xd9c): undefined reference to `___31tMenuItemDisplayLeftRightChoice'
C:\Tools\mips-ps1\mips\bin\mipsel-none-elf-ld.exe: (.rodata+0xda4): undefined reference to `DebounceKeys__9tMenuItem'
C:\Tools\mips-ps1\mips\bin\mipsel-none-elf-ld.exe: (.rodata+0xdac): undefined reference to `ProcessInput__24tMenuItemLeftRightChoice7tPlayerR13tInputKeyTypeR12tMenuCommand'
C:\Tools\mips-ps1\mips\bin\mipsel-none-elf-ld.exe: (.rodata+0xdb4): undefined reference to `Draw__24tMenuItemLeftRightChoiceb'
C:\Tools\mips-ps1\mips\bin\mipsel-none-elf-ld.exe: (.rodata+0xdbc): undefined reference to `Draw__31tMenuItemDisplayLeftRightChoiceiib'
C:\Tools\mips-ps1\mips\bin\mipsel-none-elf-ld.exe: (.rodata+0xdc4): undefined reference to `Draw__9tMenuItemiiib'
C:\Tools\mips-ps1\mips\bin\mipsel-none-elf-ld.exe: (.rodata+0xdcc): undefined reference to `TransitionOff__22tMenuItemLeftRightFade'
C:\Tools\mips-ps1\mips\bin\mipsel-none-elf-ld.exe: (.rodata+0xdd4): undefined reference to `TransitionOn__22tMenuItemLeftRightFade'
C:\Tools\mips-ps1\mips\bin\mipsel-none-elf-ld.exe: (.rodata+0xddc): undefined reference to `TransitionIsFinished__22tMenuItemLeftRightFade'
C:\Tools\mips-ps1\mips\bin\mipsel-none-elf-ld.exe: (.rodata+0xde4): undefined reference to `UpdateTransition__22tMenuItemLeftRightFadeb'
C:\Tools\mips-ps1\mips\bin\mipsel-none-elf-ld.exe: build/asm/data/rdata_80010000.rodata.s.o: in function `_vt_25tMenuItemSlidingActivated':
(.rodata+0xdf4): undefined reference to `___25tMenuItemSlidingActivated'
C:\Tools\mips-ps1\mips\bin\mipsel-none-elf-ld.exe: (.rodata+0xdfc): undefined reference to `DebounceKeys__20tMenuItemSlidingMenu'
C:\Tools\mips-ps1\mips\bin\mipsel-none-elf-ld.exe: (.rodata+0xe04): undefined reference to `ProcessInput__25tMenuItemSlidingActivated7tPlayerR13tInputKeyTypeR12tMenuCommand'
C:\Tools\mips-ps1\mips\bin\mipsel-none-elf-ld.exe: (.rodata+0xe0c): undefined reference to `Draw__20tMenuItemSlidingMenub'
C:\Tools\mips-ps1\mips\bin\mipsel-none-elf-ld.exe: (.rodata+0xe14): undefined reference to `Draw__20tMenuItemSlidingMenuiib'
C:\Tools\mips-ps1\mips\bin\mipsel-none-elf-ld.exe: (.rodata+0xe1c): undefined reference to `Draw__9tMenuItemiiib'
C:\Tools\mips-ps1\mips\bin\mipsel-none-elf-ld.exe: (.rodata+0xe24): undefined reference to `TransitionOff__25tMenuItemSlidingActivated'
C:\Tools\mips-ps1\mips\bin\mipsel-none-elf-ld.exe: (.rodata+0xe2c): undefined reference to `TransitionOn__25tMenuItemSlidingActivated'
C:\Tools\mips-ps1\mips\bin\mipsel-none-elf-ld.exe: (.rodata+0xe34): undefined reference to `TransitionIsFinished__25tMenuItemSlidingActivated'
C:\Tools\mips-ps1\mips\bin\mipsel-none-elf-ld.exe: (.rodata+0xe3c): undefined reference to `UpdateTransition__25tMenuItemSlidingActivatedb'
C:\Tools\mips-ps1\mips\bin\mipsel-none-elf-ld.exe: (.rodata+0xe44): undefined reference to `UpdatefOpenHeight__25tMenuItemSlidingActivatedb'
C:\Tools\mips-ps1\mips\bin\mipsel-none-elf-ld.exe: build/asm/data/rdata_80010000.rodata.s.o: in function `_vt_20tMenuItemSlidingMenu':
(.rodata+0xe54): undefined reference to `___20tMenuItemSlidingMenu'
C:\Tools\mips-ps1\mips\bin\mipsel-none-elf-ld.exe: (.rodata+0xe5c): undefined reference to `DebounceKeys__20tMenuItemSlidingMenu'
C:\Tools\mips-ps1\mips\bin\mipsel-none-elf-ld.exe: (.rodata+0xe64): undefined reference to `ProcessInput__20tMenuItemSlidingMenu7tPlayerR13tInputKeyTypeR12tMenuCommand'
C:\Tools\mips-ps1\mips\bin\mipsel-none-elf-ld.exe: (.rodata+0xe6c): undefined reference to `Draw__20tMenuItemSlidingMenub'
C:\Tools\mips-ps1\mips\bin\mipsel-none-elf-ld.exe: (.rodata+0xe74): undefined reference to `Draw__20tMenuItemSlidingMenuiib'
C:\Tools\mips-ps1\mips\bin\mipsel-none-elf-ld.exe: (.rodata+0xe7c): undefined reference to `Draw__9tMenuItemiiib'
C:\Tools\mips-ps1\mips\bin\mipsel-none-elf-ld.exe: (.rodata+0xe84): undefined reference to `TransitionOff__20tMenuItemSlidingMenu'
C:\Tools\mips-ps1\mips\bin\mipsel-none-elf-ld.exe: (.rodata+0xe8c): undefined reference to `TransitionOn__20tMenuItemSlidingMenu'
C:\Tools\mips-ps1\mips\bin\mipsel-none-elf-ld.exe: (.rodata+0xe94): undefined reference to `TransitionIsFinished__20tMenuItemSlidingMenu'
C:\Tools\mips-ps1\mips\bin\mipsel-none-elf-ld.exe: (.rodata+0xe9c): undefined reference to `UpdateTransition__20tMenuItemSlidingMenub'
C:\Tools\mips-ps1\mips\bin\mipsel-none-elf-ld.exe: (.rodata+0xea4): undefined reference to `UpdatefOpenHeight__20tMenuItemSlidingMenub'
C:\Tools\mips-ps1\mips\bin\mipsel-none-elf-ld.exe: build/asm/data/rdata_80010000.rodata.s.o: in function `_vt_14tInsideBoxMenu':
(.rodata+0xeb4): undefined reference to `___14tInsideBoxMenu'
C:\Tools\mips-ps1\mips\bin\mipsel-none-elf-ld.exe: (.rodata+0xebc): undefined reference to `Initialize__5tMenu'
C:\Tools\mips-ps1\mips\bin\mipsel-none-elf-ld.exe: (.rodata+0xec4): undefined reference to `ProcessInput__14tInsideBoxMenu7tPlayerR13tInputKeyTypeR12tMenuCommand'
C:\Tools\mips-ps1\mips\bin\mipsel-none-elf-ld.exe: (.rodata+0xecc): undefined reference to `DebounceKeys__5tMenu'
C:\Tools\mips-ps1\mips\bin\mipsel-none-elf-ld.exe: (.rodata+0xed4): undefined reference to `TransitionOff__5tMenu'
C:\Tools\mips-ps1\mips\bin\mipsel-none-elf-ld.exe: (.rodata+0xedc): undefined reference to `TransitionOn__5tMenu'
C:\Tools\mips-ps1\mips\bin\mipsel-none-elf-ld.exe: (.rodata+0xee4): undefined reference to `TransitionIsFinished__5tMenu'
C:\Tools\mips-ps1\mips\bin\mipsel-none-elf-ld.exe: (.rodata+0xeec): undefined reference to `IsSubMenu__5tMenu'
C:\Tools\mips-ps1\mips\bin\mipsel-none-elf-ld.exe: (.rodata+0xef4): undefined reference to `Draw__5tMenu'
C:\Tools\mips-ps1\mips\bin\mipsel-none-elf-ld.exe: (.rodata+0xefc): undefined reference to `UpdateTransition__5tMenu'
C:\Tools\mips-ps1\mips\bin\mipsel-none-elf-ld.exe: (.rodata+0xf04): undefined reference to `Draw__14tInsideBoxMenusssss'
C:\Tools\mips-ps1\mips\bin\mipsel-none-elf-ld.exe: build/asm/data/rdata_80010000.rodata.s.o: in function `_vt_12tOptionsMenu':
(.rodata+0xf14): undefined reference to `___12tOptionsMenu'
C:\Tools\mips-ps1\mips\bin\mipsel-none-elf-ld.exe: (.rodata+0xf1c): undefined reference to `Initialize__5tMenu'
C:\Tools\mips-ps1\mips\bin\mipsel-none-elf-ld.exe: (.rodata+0xf24): undefined reference to `ProcessInput__12tOptionsMenu7tPlayerR13tInputKeyTypeR12tMenuCommand'
C:\Tools\mips-ps1\mips\bin\mipsel-none-elf-ld.exe: (.rodata+0xf2c): undefined reference to `DebounceKeys__12tOptionsMenu'
C:\Tools\mips-ps1\mips\bin\mipsel-none-elf-ld.exe: (.rodata+0xf34): undefined reference to `TransitionOff__12tOptionsMenu'
C:\Tools\mips-ps1\mips\bin\mipsel-none-elf-ld.exe: (.rodata+0xf3c): undefined reference to `TransitionOn__12tOptionsMenu'
C:\Tools\mips-ps1\mips\bin\mipsel-none-elf-ld.exe: (.rodata+0xf44): undefined reference to `TransitionIsFinished__12tOptionsMenu'
C:\Tools\mips-ps1\mips\bin\mipsel-none-elf-ld.exe: (.rodata+0xf4c): undefined reference to `IsSubMenu__5tMenu'
C:\Tools\mips-ps1\mips\bin\mipsel-none-elf-ld.exe: (.rodata+0xf54): undefined reference to `Draw__12tOptionsMenu'
C:\Tools\mips-ps1\mips\bin\mipsel-none-elf-ld.exe: (.rodata+0xf5c): undefined reference to `UpdateTransition__12tOptionsMenu'
C:\Tools\mips-ps1\mips\bin\mipsel-none-elf-ld.exe: build/asm/data/rdata_80010000.rodata.s.o: in function `_vt_22tMenuItemLeftRightFade':
(.rodata+0xf6c): undefined reference to `___22tMenuItemLeftRightFade'
C:\Tools\mips-ps1\mips\bin\mipsel-none-elf-ld.exe: (.rodata+0xf74): undefined reference to `DebounceKeys__9tMenuItem'
C:\Tools\mips-ps1\mips\bin\mipsel-none-elf-ld.exe: (.rodata+0xf7c): undefined reference to `ProcessInput__24tMenuItemLeftRightChoice7tPlayerR13tInputKeyTypeR12tMenuCommand'
C:\Tools\mips-ps1\mips\bin\mipsel-none-elf-ld.exe: (.rodata+0xf84): undefined reference to `Draw__24tMenuItemLeftRightChoiceb'
C:\Tools\mips-ps1\mips\bin\mipsel-none-elf-ld.exe: (.rodata+0xf8c): undefined reference to `Draw__9tMenuItemiib'
C:\Tools\mips-ps1\mips\bin\mipsel-none-elf-ld.exe: (.rodata+0xf94): undefined reference to `Draw__9tMenuItemiiib'
C:\Tools\mips-ps1\mips\bin\mipsel-none-elf-ld.exe: (.rodata+0xf9c): undefined reference to `TransitionOff__22tMenuItemLeftRightFade'
C:\Tools\mips-ps1\mips\bin\mipsel-none-elf-ld.exe: (.rodata+0xfa4): undefined reference to `TransitionOn__22tMenuItemLeftRightFade'
C:\Tools\mips-ps1\mips\bin\mipsel-none-elf-ld.exe: (.rodata+0xfac): undefined reference to `TransitionIsFinished__22tMenuItemLeftRightFade'
C:\Tools\mips-ps1\mips\bin\mipsel-none-elf-ld.exe: (.rodata+0xfb4): undefined reference to `UpdateTransition__22tMenuItemLeftRightFadeb'
C:\Tools\mips-ps1\mips\bin\mipsel-none-elf-ld.exe: build/asm/data/rdata_80010000.rodata.s.o: in function `_vt_18tListIteratorTrack':
(.rodata+0xff4): undefined reference to `___18tListIteratorTrack'
C:\Tools\mips-ps1\mips\bin\mipsel-none-elf-ld.exe: (.rodata+0xffc): undefined reference to `Value__20tListIteratorIndexed7tPlayer'
C:\Tools\mips-ps1\mips\bin\mipsel-none-elf-ld.exe: (.rodata+0x1004): undefined reference to `TextValue__18tListIteratorTrack7tPlayer'
C:\Tools\mips-ps1\mips\bin\mipsel-none-elf-ld.exe: (.rodata+0x100c): undefined reference to `Increment__18tListIteratorTrack7tPlayer'
C:\Tools\mips-ps1\mips\bin\mipsel-none-elf-ld.exe: (.rodata+0x1014): undefined reference to `Decrement__18tListIteratorTrack7tPlayer'
C:\Tools\mips-ps1\mips\bin\mipsel-none-elf-ld.exe: build/asm/data/rdata_80010000.rodata.s.o: in function `jtbl_80011028':
(.rodata+0x1028): undefined reference to `.L8002327C'
C:\Tools\mips-ps1\mips\bin\mipsel-none-elf-ld.exe: (.rodata+0x102c): undefined reference to `.L8002327C'
C:\Tools\mips-ps1\mips\bin\mipsel-none-elf-ld.exe: (.rodata+0x1030): undefined reference to `.L8002327C'
C:\Tools\mips-ps1\mips\bin\mipsel-none-elf-ld.exe: (.rodata+0x1034): undefined reference to `.L8002327C'
C:\Tools\mips-ps1\mips\bin\mipsel-none-elf-ld.exe: (.rodata+0x1038): undefined reference to `.L8002327C'
C:\Tools\mips-ps1\mips\bin\mipsel-none-elf-ld.exe: build/asm/data/rdata_80010000.rodata.s.o:(.rodata+0x103c): more undefined references to `.L8002327C' follow
C:\Tools\mips-ps1\mips\bin\mipsel-none-elf-ld.exe: build/asm/data/rdata_80010000.rodata.s.o: in function `jtbl_80011028':
(.rodata+0x1048): undefined reference to `.L800233FC'
C:\Tools\mips-ps1\mips\bin\mipsel-none-elf-ld.exe: (.rodata+0x104c): undefined reference to `.L800233FC'
C:\Tools\mips-ps1\mips\bin\mipsel-none-elf-ld.exe: (.rodata+0x1050): undefined reference to `.L800233FC'
C:\Tools\mips-ps1\mips\bin\mipsel-none-elf-ld.exe: (.rodata+0x1054): undefined reference to `.L80023294'
C:\Tools\mips-ps1\mips\bin\mipsel-none-elf-ld.exe: (.rodata+0x1058): undefined reference to `.L800233FC'
C:\Tools\mips-ps1\mips\bin\mipsel-none-elf-ld.exe: (.rodata+0x105c): undefined reference to `.L800232C8'
C:\Tools\mips-ps1\mips\bin\mipsel-none-elf-ld.exe: (.rodata+0x1060): undefined reference to `.L80023328'
C:\Tools\mips-ps1\mips\bin\mipsel-none-elf-ld.exe: (.rodata+0x1064): undefined reference to `.L800233FC'
C:\Tools\mips-ps1\mips\bin\mipsel-none-elf-ld.exe: (.rodata+0x1068): undefined reference to `.L800233FC'
C:\Tools\mips-ps1\mips\bin\mipsel-none-elf-ld.exe: (.rodata+0x106c): undefined reference to `.L800233FC'
C:\Tools\mips-ps1\mips\bin\mipsel-none-elf-ld.exe: (.rodata+0x1070): undefined reference to `.L800233FC'
C:\Tools\mips-ps1\mips\bin\mipsel-none-elf-ld.exe: (.rodata+0x1074): undefined reference to `.L8002337C'
C:\Tools\mips-ps1\mips\bin\mipsel-none-elf-ld.exe: (.rodata+0x1078): undefined reference to `.L80023364'
C:\Tools\mips-ps1\mips\bin\mipsel-none-elf-ld.exe: (.rodata+0x107c): undefined reference to `.L800233FC'
C:\Tools\mips-ps1\mips\bin\mipsel-none-elf-ld.exe: (.rodata+0x1080): undefined reference to `.L80023328'
C:\Tools\mips-ps1\mips\bin\mipsel-none-elf-ld.exe: (.rodata+0x1084): undefined reference to `.L80023344'
C:\Tools\mips-ps1\mips\bin\mipsel-none-elf-ld.exe: (.rodata+0x1088): undefined reference to `.L800233FC'
C:\Tools\mips-ps1\mips\bin\mipsel-none-elf-ld.exe: (.rodata+0x108c): undefined reference to `.L800233FC'
C:\Tools\mips-ps1\mips\bin\mipsel-none-elf-ld.exe: (.rodata+0x1090): undefined reference to `.L800233FC'
C:\Tools\mips-ps1\mips\bin\mipsel-none-elf-ld.exe: (.rodata+0x1094): undefined reference to `.L800233CC'
C:\Tools\mips-ps1\mips\bin\mipsel-none-elf-ld.exe: (.rodata+0x1098): undefined reference to `.L800233CC'
C:\Tools\mips-ps1\mips\bin\mipsel-none-elf-ld.exe: (.rodata+0x109c): undefined reference to `.L800233CC'
C:\Tools\mips-ps1\mips\bin\mipsel-none-elf-ld.exe: (.rodata+0x10a0): undefined reference to `.L800233CC'
C:\Tools\mips-ps1\mips\bin\mipsel-none-elf-ld.exe: build/asm/data/rdata_80010000.rodata.s.o: in function `_vt_5tMenu':
(.rodata+0x10d4): undefined reference to `___5tMenu'
C:\Tools\mips-ps1\mips\bin\mipsel-none-elf-ld.exe: (.rodata+0x10dc): undefined reference to `Initialize__5tMenu'
C:\Tools\mips-ps1\mips\bin\mipsel-none-elf-ld.exe: (.rodata+0x10e4): undefined reference to `ProcessInput__5tMenu7tPlayerR13tInputKeyTypeR12tMenuCommand'
C:\Tools\mips-ps1\mips\bin\mipsel-none-elf-ld.exe: (.rodata+0x10ec): undefined reference to `DebounceKeys__5tMenu'
C:\Tools\mips-ps1\mips\bin\mipsel-none-elf-ld.exe: (.rodata+0x10f4): undefined reference to `TransitionOff__5tMenu'
C:\Tools\mips-ps1\mips\bin\mipsel-none-elf-ld.exe: (.rodata+0x10fc): undefined reference to `TransitionOn__5tMenu'
C:\Tools\mips-ps1\mips\bin\mipsel-none-elf-ld.exe: (.rodata+0x1104): undefined reference to `TransitionIsFinished__5tMenu'
C:\Tools\mips-ps1\mips\bin\mipsel-none-elf-ld.exe: (.rodata+0x110c): undefined reference to `IsSubMenu__5tMenu'
C:\Tools\mips-ps1\mips\bin\mipsel-none-elf-ld.exe: (.rodata+0x1114): undefined reference to `Draw__5tMenu'
C:\Tools\mips-ps1\mips\bin\mipsel-none-elf-ld.exe: (.rodata+0x111c): undefined reference to `UpdateTransition__5tMenu'
C:\Tools\mips-ps1\mips\bin\mipsel-none-elf-ld.exe: build/asm/data/rdata_80010000.rodata.s.o: in function `_vt_23tMenuItemGoToMenuButton':
(.rodata+0x112c): undefined reference to `___23tMenuItemGoToMenuButton'
C:\Tools\mips-ps1\mips\bin\mipsel-none-elf-ld.exe: (.rodata+0x1134): undefined reference to `DebounceKeys__9tMenuItem'
C:\Tools\mips-ps1\mips\bin\mipsel-none-elf-ld.exe: (.rodata+0x113c): undefined reference to `ProcessInput__23tMenuItemGoToMenuButton7tPlayerR13tInputKeyTypeR12tMenuCommand'
C:\Tools\mips-ps1\mips\bin\mipsel-none-elf-ld.exe: (.rodata+0x1144): undefined reference to `__pure_virtual'
C:\Tools\mips-ps1\mips\bin\mipsel-none-elf-ld.exe: (.rodata+0x114c): undefined reference to `Draw__9tMenuItemiib'
C:\Tools\mips-ps1\mips\bin\mipsel-none-elf-ld.exe: (.rodata+0x1154): undefined reference to `Draw__9tMenuItemiiib'
C:\Tools\mips-ps1\mips\bin\mipsel-none-elf-ld.exe: (.rodata+0x115c): undefined reference to `TransitionOff__9tMenuItem'
C:\Tools\mips-ps1\mips\bin\mipsel-none-elf-ld.exe: (.rodata+0x1164): undefined reference to `TransitionOn__9tMenuItem'
C:\Tools\mips-ps1\mips\bin\mipsel-none-elf-ld.exe: (.rodata+0x116c): undefined reference to `TransitionIsFinished__9tMenuItem'
C:\Tools\mips-ps1\mips\bin\mipsel-none-elf-ld.exe: (.rodata+0x1174): undefined reference to `UpdateTransition__9tMenuItemb'
C:\Tools\mips-ps1\mips\bin\mipsel-none-elf-ld.exe: build/asm/data/rdata_80010000.rodata.s.o: in function `_vt_24tMenuItemLeftRightSlider':
(.rodata+0x1184): undefined reference to `___24tMenuItemLeftRightSlider'
C:\Tools\mips-ps1\mips\bin\mipsel-none-elf-ld.exe: (.rodata+0x118c): undefined reference to `DebounceKeys__24tMenuItemLeftRightSlider'
C:\Tools\mips-ps1\mips\bin\mipsel-none-elf-ld.exe: (.rodata+0x1194): undefined reference to `ProcessInput__24tMenuItemLeftRightSlider7tPlayerR13tInputKeyTypeR12tMenuCommand'
C:\Tools\mips-ps1\mips\bin\mipsel-none-elf-ld.exe: (.rodata+0x119c): undefined reference to `Draw__24tMenuItemLeftRightSliderb'
C:\Tools\mips-ps1\mips\bin\mipsel-none-elf-ld.exe: (.rodata+0x11a4): undefined reference to `Draw__9tMenuItemiib'
C:\Tools\mips-ps1\mips\bin\mipsel-none-elf-ld.exe: (.rodata+0x11ac): undefined reference to `Draw__9tMenuItemiiib'
C:\Tools\mips-ps1\mips\bin\mipsel-none-elf-ld.exe: (.rodata+0x11b4): undefined reference to `TransitionOff__9tMenuItem'
C:\Tools\mips-ps1\mips\bin\mipsel-none-elf-ld.exe: (.rodata+0x11bc): undefined reference to `TransitionOn__9tMenuItem'
C:\Tools\mips-ps1\mips\bin\mipsel-none-elf-ld.exe: (.rodata+0x11c4): undefined reference to `TransitionIsFinished__9tMenuItem'
C:\Tools\mips-ps1\mips\bin\mipsel-none-elf-ld.exe: (.rodata+0x11cc): undefined reference to `UpdateTransition__9tMenuItemb'
C:\Tools\mips-ps1\mips\bin\mipsel-none-elf-ld.exe: build/asm/data/rdata_80010000.rodata.s.o: in function `_vt_24tMenuItemLeftRightChoice':
(.rodata+0x11dc): undefined reference to `___24tMenuItemLeftRightChoice'
C:\Tools\mips-ps1\mips\bin\mipsel-none-elf-ld.exe: (.rodata+0x11e4): undefined reference to `DebounceKeys__9tMenuItem'
C:\Tools\mips-ps1\mips\bin\mipsel-none-elf-ld.exe: (.rodata+0x11ec): undefined reference to `ProcessInput__24tMenuItemLeftRightChoice7tPlayerR13tInputKeyTypeR12tMenuCommand'
C:\Tools\mips-ps1\mips\bin\mipsel-none-elf-ld.exe: (.rodata+0x11f4): undefined reference to `Draw__24tMenuItemLeftRightChoiceb'
C:\Tools\mips-ps1\mips\bin\mipsel-none-elf-ld.exe: (.rodata+0x11fc): undefined reference to `Draw__9tMenuItemiib'
C:\Tools\mips-ps1\mips\bin\mipsel-none-elf-ld.exe: (.rodata+0x1204): undefined reference to `Draw__9tMenuItemiiib'
C:\Tools\mips-ps1\mips\bin\mipsel-none-elf-ld.exe: (.rodata+0x120c): undefined reference to `TransitionOff__9tMenuItem'
C:\Tools\mips-ps1\mips\bin\mipsel-none-elf-ld.exe: (.rodata+0x1214): undefined reference to `TransitionOn__9tMenuItem'
C:\Tools\mips-ps1\mips\bin\mipsel-none-elf-ld.exe: (.rodata+0x121c): undefined reference to `TransitionIsFinished__9tMenuItem'
C:\Tools\mips-ps1\mips\bin\mipsel-none-elf-ld.exe: (.rodata+0x1224): undefined reference to `UpdateTransition__9tMenuItemb'
C:\Tools\mips-ps1\mips\bin\mipsel-none-elf-ld.exe: build/asm/data/rdata_80010000.rodata.s.o: in function `_vt_20tMenuItemInteractive':
(.rodata+0x1234): undefined reference to `___20tMenuItemInteractive'
C:\Tools\mips-ps1\mips\bin\mipsel-none-elf-ld.exe: (.rodata+0x123c): undefined reference to `DebounceKeys__9tMenuItem'
C:\Tools\mips-ps1\mips\bin\mipsel-none-elf-ld.exe: (.rodata+0x1244): undefined reference to `ProcessInput__9tMenuItem7tPlayerR13tInputKeyTypeR12tMenuCommand'
C:\Tools\mips-ps1\mips\bin\mipsel-none-elf-ld.exe: (.rodata+0x124c): undefined reference to `__pure_virtual'
C:\Tools\mips-ps1\mips\bin\mipsel-none-elf-ld.exe: (.rodata+0x1254): undefined reference to `Draw__9tMenuItemiib'
C:\Tools\mips-ps1\mips\bin\mipsel-none-elf-ld.exe: (.rodata+0x125c): undefined reference to `Draw__9tMenuItemiiib'
C:\Tools\mips-ps1\mips\bin\mipsel-none-elf-ld.exe: (.rodata+0x1264): undefined reference to `TransitionOff__9tMenuItem'
C:\Tools\mips-ps1\mips\bin\mipsel-none-elf-ld.exe: (.rodata+0x126c): undefined reference to `TransitionOn__9tMenuItem'
C:\Tools\mips-ps1\mips\bin\mipsel-none-elf-ld.exe: (.rodata+0x1274): undefined reference to `TransitionIsFinished__9tMenuItem'
C:\Tools\mips-ps1\mips\bin\mipsel-none-elf-ld.exe: (.rodata+0x127c): undefined reference to `UpdateTransition__9tMenuItemb'
C:\Tools\mips-ps1\mips\bin\mipsel-none-elf-ld.exe: build/asm/data/rdata_80010000.rodata.s.o: in function `_vt_9tMenuItem':
(.rodata+0x128c): undefined reference to `___9tMenuItem'
C:\Tools\mips-ps1\mips\bin\mipsel-none-elf-ld.exe: (.rodata+0x1294): undefined reference to `DebounceKeys__9tMenuItem'
C:\Tools\mips-ps1\mips\bin\mipsel-none-elf-ld.exe: (.rodata+0x129c): undefined reference to `ProcessInput__9tMenuItem7tPlayerR13tInputKeyTypeR12tMenuCommand'
C:\Tools\mips-ps1\mips\bin\mipsel-none-elf-ld.exe: (.rodata+0x12a4): undefined reference to `__pure_virtual'
C:\Tools\mips-ps1\mips\bin\mipsel-none-elf-ld.exe: (.rodata+0x12ac): undefined reference to `Draw__9tMenuItemiib'
C:\Tools\mips-ps1\mips\bin\mipsel-none-elf-ld.exe: (.rodata+0x12b4): undefined reference to `Draw__9tMenuItemiiib'
C:\Tools\mips-ps1\mips\bin\mipsel-none-elf-ld.exe: (.rodata+0x12bc): undefined reference to `TransitionOff__9tMenuItem'
C:\Tools\mips-ps1\mips\bin\mipsel-none-elf-ld.exe: (.rodata+0x12c4): undefined reference to `TransitionOn__9tMenuItem'
C:\Tools\mips-ps1\mips\bin\mipsel-none-elf-ld.exe: (.rodata+0x12cc): undefined reference to `TransitionIsFinished__9tMenuItem'
C:\Tools\mips-ps1\mips\bin\mipsel-none-elf-ld.exe: (.rodata+0x12d4): undefined reference to `UpdateTransition__9tMenuItemb'
C:\Tools\mips-ps1\mips\bin\mipsel-none-elf-ld.exe: build/asm/data/rdata_80010000.rodata.s.o: in function `_vt_25tListIteratorRangeIndexed':
(.rodata+0x12e4): undefined reference to `___25tListIteratorRangeIndexed'
C:\Tools\mips-ps1\mips\bin\mipsel-none-elf-ld.exe: (.rodata+0x12ec): undefined reference to `Value__25tListIteratorRangeIndexed7tPlayer'
C:\Tools\mips-ps1\mips\bin\mipsel-none-elf-ld.exe: (.rodata+0x12f4): undefined reference to `TextValue__18tListIteratorRange7tPlayer'
C:\Tools\mips-ps1\mips\bin\mipsel-none-elf-ld.exe: (.rodata+0x12fc): undefined reference to `Increment__25tListIteratorRangeIndexed7tPlayer'
C:\Tools\mips-ps1\mips\bin\mipsel-none-elf-ld.exe: (.rodata+0x1304): undefined reference to `Decrement__25tListIteratorRangeIndexed7tPlayer'
C:\Tools\mips-ps1\mips\bin\mipsel-none-elf-ld.exe: build/asm/data/rdata_80010000.rodata.s.o: in function `_vt_18tListIteratorRange':
(.rodata+0x1314): undefined reference to `___18tListIteratorRange'
C:\Tools\mips-ps1\mips\bin\mipsel-none-elf-ld.exe: (.rodata+0x131c): undefined reference to `Value__18tListIteratorRange7tPlayer'
C:\Tools\mips-ps1\mips\bin\mipsel-none-elf-ld.exe: (.rodata+0x1324): undefined reference to `TextValue__18tListIteratorRange7tPlayer'
C:\Tools\mips-ps1\mips\bin\mipsel-none-elf-ld.exe: (.rodata+0x132c): undefined reference to `Increment__18tListIteratorRange7tPlayer'
C:\Tools\mips-ps1\mips\bin\mipsel-none-elf-ld.exe: (.rodata+0x1334): undefined reference to `Decrement__18tListIteratorRange7tPlayer'
C:\Tools\mips-ps1\mips\bin\mipsel-none-elf-ld.exe: build/asm/data/rdata_80010000.rodata.s.o: in function `_vt_24tListIteratorMultiPlayer':
(.rodata+0x1344): undefined reference to `___24tListIteratorMultiPlayer'
C:\Tools\mips-ps1\mips\bin\mipsel-none-elf-ld.exe: (.rodata+0x134c): undefined reference to `Value__24tListIteratorMultiPlayer7tPlayer'
C:\Tools\mips-ps1\mips\bin\mipsel-none-elf-ld.exe: (.rodata+0x1354): undefined reference to `TextValue__24tListIteratorMultiPlayer7tPlayer'
C:\Tools\mips-ps1\mips\bin\mipsel-none-elf-ld.exe: (.rodata+0x135c): undefined reference to `Increment__24tListIteratorMultiPlayer7tPlayer'
C:\Tools\mips-ps1\mips\bin\mipsel-none-elf-ld.exe: (.rodata+0x1364): undefined reference to `Decrement__24tListIteratorMultiPlayer7tPlayer'
C:\Tools\mips-ps1\mips\bin\mipsel-none-elf-ld.exe: build/asm/data/rdata_80010000.rodata.s.o: in function `_vt_26tListIteratorDoubleIndexed':
(.rodata+0x1374): undefined reference to `___26tListIteratorDoubleIndexed'
C:\Tools\mips-ps1\mips\bin\mipsel-none-elf-ld.exe: (.rodata+0x137c): undefined reference to `Value__26tListIteratorDoubleIndexed7tPlayer'
C:\Tools\mips-ps1\mips\bin\mipsel-none-elf-ld.exe: (.rodata+0x1384): undefined reference to `TextValue__26tListIteratorDoubleIndexed7tPlayer'
C:\Tools\mips-ps1\mips\bin\mipsel-none-elf-ld.exe: (.rodata+0x138c): undefined reference to `Increment__26tListIteratorDoubleIndexed7tPlayer'
C:\Tools\mips-ps1\mips\bin\mipsel-none-elf-ld.exe: (.rodata+0x1394): undefined reference to `Decrement__26tListIteratorDoubleIndexed7tPlayer'
C:\Tools\mips-ps1\mips\bin\mipsel-none-elf-ld.exe: build/asm/data/rdata_80010000.rodata.s.o: in function `_vt_20tListIteratorIndexed':
(.rodata+0x13a4): undefined reference to `___20tListIteratorIndexed'
C:\Tools\mips-ps1\mips\bin\mipsel-none-elf-ld.exe: (.rodata+0x13ac): undefined reference to `Value__20tListIteratorIndexed7tPlayer'
C:\Tools\mips-ps1\mips\bin\mipsel-none-elf-ld.exe: (.rodata+0x13b4): undefined reference to `TextValue__20tListIteratorIndexed7tPlayer'
C:\Tools\mips-ps1\mips\bin\mipsel-none-elf-ld.exe: (.rodata+0x13bc): undefined reference to `Increment__20tListIteratorIndexed7tPlayer'
C:\Tools\mips-ps1\mips\bin\mipsel-none-elf-ld.exe: (.rodata+0x13c4): undefined reference to `Decrement__20tListIteratorIndexed7tPlayer'
C:\Tools\mips-ps1\mips\bin\mipsel-none-elf-ld.exe: build/asm/data/rdata_80010000.rodata.s.o: in function `_vt_13tListIterator':
(.rodata+0x13d4): undefined reference to `___13tListIterator'
C:\Tools\mips-ps1\mips\bin\mipsel-none-elf-ld.exe: (.rodata+0x13dc): undefined reference to `Value__13tListIterator7tPlayer'
C:\Tools\mips-ps1\mips\bin\mipsel-none-elf-ld.exe: (.rodata+0x13e4): undefined reference to `TextValue__13tListIterator7tPlayer'
C:\Tools\mips-ps1\mips\bin\mipsel-none-elf-ld.exe: (.rodata+0x13ec): undefined reference to `Increment__13tListIterator7tPlayer'
C:\Tools\mips-ps1\mips\bin\mipsel-none-elf-ld.exe: (.rodata+0x13f4): undefined reference to `Decrement__13tListIterator7tPlayer'
C:\Tools\mips-ps1\mips\bin\mipsel-none-elf-ld.exe: build/asm/data/rdata_80010000.rodata.s.o: in function `_vt_7tScreen':
(.rodata+0x1424): undefined reference to `GetShapeInfo__7tScreenRsT1PPcT3'
C:\Tools\mips-ps1\mips\bin\mipsel-none-elf-ld.exe: (.rodata+0x142c): undefined reference to `DrawBackground__7tScreen'
C:\Tools\mips-ps1\mips\bin\mipsel-none-elf-ld.exe: (.rodata+0x1434): undefined reference to `DrawForeground__7tScreen'
C:\Tools\mips-ps1\mips\bin\mipsel-none-elf-ld.exe: (.rodata+0x143c): undefined reference to `___7tScreen'
C:\Tools\mips-ps1\mips\bin\mipsel-none-elf-ld.exe: (.rodata+0x1444): undefined reference to `PreLoad__7tScreen'
C:\Tools\mips-ps1\mips\bin\mipsel-none-elf-ld.exe: (.rodata+0x144c): undefined reference to `Initialize__7tScreen'
C:\Tools\mips-ps1\mips\bin\mipsel-none-elf-ld.exe: (.rodata+0x1454): undefined reference to `Cleanup__7tScreen'
C:\Tools\mips-ps1\mips\bin\mipsel-none-elf-ld.exe: (.rodata+0x145c): undefined reference to `TransitionIsFinished__7tScreen'
C:\Tools\mips-ps1\mips\bin\mipsel-none-elf-ld.exe: (.rodata+0x1464): undefined reference to `ProcessInput__7tScreen7tPlayerR13tInputKeyTypeR12tMenuCommand'
C:\Tools\mips-ps1\mips\bin\mipsel-none-elf-ld.exe: build/asm/data/rdata_80010000.rodata.s.o: in function `D_800114D8':
(.rodata+0x14e4): undefined reference to `___32tBlankMenuItemGoToMenuNFS4Button'
C:\Tools\mips-ps1\mips\bin\mipsel-none-elf-ld.exe: (.rodata+0x14ec): undefined reference to `DebounceKeys__9tMenuItem'
C:\Tools\mips-ps1\mips\bin\mipsel-none-elf-ld.exe: (.rodata+0x14f4): undefined reference to `ProcessInput__23tMenuItemGoToMenuButton7tPlayerR13tInputKeyTypeR12tMenuCommand'
C:\Tools\mips-ps1\mips\bin\mipsel-none-elf-ld.exe: (.rodata+0x14fc): undefined reference to `Draw__32tBlankMenuItemGoToMenuNFS4Buttonb'
C:\Tools\mips-ps1\mips\bin\mipsel-none-elf-ld.exe: (.rodata+0x1504): undefined reference to `Draw__32tBlankMenuItemGoToMenuNFS4Buttoniib'
C:\Tools\mips-ps1\mips\bin\mipsel-none-elf-ld.exe: (.rodata+0x150c): undefined reference to `Draw__9tMenuItemiiib'
C:\Tools\mips-ps1\mips\bin\mipsel-none-elf-ld.exe: (.rodata+0x1514): undefined reference to `TransitionOff__27tMenuItemGoToMenuNFS4Button'
C:\Tools\mips-ps1\mips\bin\mipsel-none-elf-ld.exe: (.rodata+0x151c): undefined reference to `TransitionOn__27tMenuItemGoToMenuNFS4Button'
C:\Tools\mips-ps1\mips\bin\mipsel-none-elf-ld.exe: (.rodata+0x1524): undefined reference to `TransitionIsFinished__32tBlankMenuItemGoToMenuNFS4Button'
C:\Tools\mips-ps1\mips\bin\mipsel-none-elf-ld.exe: (.rodata+0x152c): undefined reference to `UpdateTransition__27tMenuItemGoToMenuNFS4Buttonb'
C:\Tools\mips-ps1\mips\bin\mipsel-none-elf-ld.exe: build/asm/data/rdata_80010000.rodata.s.o: in function `D_80011530':
(.rodata+0x153c): undefined reference to `___33tBlankMenuItemNFS4LeftRightChoice'
C:\Tools\mips-ps1\mips\bin\mipsel-none-elf-ld.exe: (.rodata+0x1544): undefined reference to `DebounceKeys__9tMenuItem'
C:\Tools\mips-ps1\mips\bin\mipsel-none-elf-ld.exe: (.rodata+0x154c): undefined reference to `ProcessInput__24tMenuItemLeftRightChoice7tPlayerR13tInputKeyTypeR12tMenuCommand'
C:\Tools\mips-ps1\mips\bin\mipsel-none-elf-ld.exe: (.rodata+0x1554): undefined reference to `Draw__24tMenuItemLeftRightChoiceb'
C:\Tools\mips-ps1\mips\bin\mipsel-none-elf-ld.exe: (.rodata+0x155c): undefined reference to `Draw__33tBlankMenuItemNFS4LeftRightChoiceiib'
C:\Tools\mips-ps1\mips\bin\mipsel-none-elf-ld.exe: (.rodata+0x1564): undefined reference to `Draw__9tMenuItemiiib'
C:\Tools\mips-ps1\mips\bin\mipsel-none-elf-ld.exe: (.rodata+0x156c): undefined reference to `TransitionOff__28tMenuItemNFS4LeftRightChoice'
C:\Tools\mips-ps1\mips\bin\mipsel-none-elf-ld.exe: (.rodata+0x1574): undefined reference to `TransitionOn__28tMenuItemNFS4LeftRightChoice'
C:\Tools\mips-ps1\mips\bin\mipsel-none-elf-ld.exe: (.rodata+0x157c): undefined reference to `TransitionIsFinished__33tBlankMenuItemNFS4LeftRightChoice'
C:\Tools\mips-ps1\mips\bin\mipsel-none-elf-ld.exe: (.rodata+0x1584): undefined reference to `UpdateTransition__28tMenuItemNFS4LeftRightChoiceb'
C:\Tools\mips-ps1\mips\bin\mipsel-none-elf-ld.exe: build/asm/data/rdata_80010000.rodata.s.o: in function `_vt_23tListIteratorTournament':
(.rodata+0x167c): undefined reference to `___23tListIteratorTournament'
C:\Tools\mips-ps1\mips\bin\mipsel-none-elf-ld.exe: (.rodata+0x1684): undefined reference to `Value__23tListIteratorTournament7tPlayer'
C:\Tools\mips-ps1\mips\bin\mipsel-none-elf-ld.exe: (.rodata+0x168c): undefined reference to `TextValue__23tListIteratorTournament7tPlayer'
C:\Tools\mips-ps1\mips\bin\mipsel-none-elf-ld.exe: (.rodata+0x1694): undefined reference to `Increment__23tListIteratorTournament7tPlayer'
C:\Tools\mips-ps1\mips\bin\mipsel-none-elf-ld.exe: (.rodata+0x169c): undefined reference to `Decrement__23tListIteratorTournament7tPlayer'
C:\Tools\mips-ps1\mips\bin\mipsel-none-elf-ld.exe: build/asm/data/rdata_80010000.rodata.s.o: in function `jtbl_800116F8':
(.rodata+0x16f8): undefined reference to `.L80034CBC'
C:\Tools\mips-ps1\mips\bin\mipsel-none-elf-ld.exe: (.rodata+0x16fc): undefined reference to `.L80034CBC'
C:\Tools\mips-ps1\mips\bin\mipsel-none-elf-ld.exe: (.rodata+0x1700): undefined reference to `.L80034C3C'
C:\Tools\mips-ps1\mips\bin\mipsel-none-elf-ld.exe: (.rodata+0x1704): undefined reference to `.L80034C3C'
C:\Tools\mips-ps1\mips\bin\mipsel-none-elf-ld.exe: (.rodata+0x1708): undefined reference to `.L80034C3C'
C:\Tools\mips-ps1\mips\bin\mipsel-none-elf-ld.exe: (.rodata+0x170c): undefined reference to `.L80034CBC'
C:\Tools\mips-ps1\mips\bin\mipsel-none-elf-ld.exe: (.rodata+0x1710): undefined reference to `.L80034C3C'
C:\Tools\mips-ps1\mips\bin\mipsel-none-elf-ld.exe: (.rodata+0x1714): undefined reference to `.L80034C3C'
C:\Tools\mips-ps1\mips\bin\mipsel-none-elf-ld.exe: (.rodata+0x1718): undefined reference to `.L80034CBC'
C:\Tools\mips-ps1\mips\bin\mipsel-none-elf-ld.exe: (.rodata+0x171c): undefined reference to `.L80034CBC'
C:\Tools\mips-ps1\mips\bin\mipsel-none-elf-ld.exe: (.rodata+0x1720): undefined reference to `.L80034CAC'
C:\Tools\mips-ps1\mips\bin\mipsel-none-elf-ld.exe: (.rodata+0x1724): undefined reference to `.L80034CBC'
C:\Tools\mips-ps1\mips\bin\mipsel-none-elf-ld.exe: (.rodata+0x1728): undefined reference to `.L80034C3C'
C:\Tools\mips-ps1\mips\bin\mipsel-none-elf-ld.exe: (.rodata+0x172c): undefined reference to `.L80034C3C'
C:\Tools\mips-ps1\mips\bin\mipsel-none-elf-ld.exe: (.rodata+0x1730): undefined reference to `.L80034C3C'
C:\Tools\mips-ps1\mips\bin\mipsel-none-elf-ld.exe: (.rodata+0x1734): undefined reference to `.L80034C3C'
C:\Tools\mips-ps1\mips\bin\mipsel-none-elf-ld.exe: (.rodata+0x1738): undefined reference to `.L80034C3C'
C:\Tools\mips-ps1\mips\bin\mipsel-none-elf-ld.exe: build/asm/data/rdata_80010000.rodata.s.o:(.rodata+0x173c): more undefined references to `.L80034C3C' follow
C:\Tools\mips-ps1\mips\bin\mipsel-none-elf-ld.exe: build/asm/data/rdata_80010000.rodata.s.o: in function `jtbl_800116F8':
(.rodata+0x1748): undefined reference to `.L80034C8C'
C:\Tools\mips-ps1\mips\bin\mipsel-none-elf-ld.exe: (.rodata+0x174c): undefined reference to `.L80034CBC'
C:\Tools\mips-ps1\mips\bin\mipsel-none-elf-ld.exe: build/asm/data/rdata_80010000.rodata.s.o: in function `jtbl_80011750':
(.rodata+0x1750): undefined reference to `.L800351DC'
C:\Tools\mips-ps1\mips\bin\mipsel-none-elf-ld.exe: (.rodata+0x1754): undefined reference to `.L800351DC'
C:\Tools\mips-ps1\mips\bin\mipsel-none-elf-ld.exe: (.rodata+0x1758): undefined reference to `.L8003500C'
C:\Tools\mips-ps1\mips\bin\mipsel-none-elf-ld.exe: (.rodata+0x175c): undefined reference to `.L8003500C'
C:\Tools\mips-ps1\mips\bin\mipsel-none-elf-ld.exe: (.rodata+0x1760): undefined reference to `.L8003500C'
C:\Tools\mips-ps1\mips\bin\mipsel-none-elf-ld.exe: (.rodata+0x1764): undefined reference to `.L800351DC'
C:\Tools\mips-ps1\mips\bin\mipsel-none-elf-ld.exe: (.rodata+0x1768): undefined reference to `.L8003500C'
C:\Tools\mips-ps1\mips\bin\mipsel-none-elf-ld.exe: (.rodata+0x176c): undefined reference to `.L8003500C'
C:\Tools\mips-ps1\mips\bin\mipsel-none-elf-ld.exe: (.rodata+0x1770): undefined reference to `.L800351DC'
C:\Tools\mips-ps1\mips\bin\mipsel-none-elf-ld.exe: (.rodata+0x1774): undefined reference to `.L800351DC'
C:\Tools\mips-ps1\mips\bin\mipsel-none-elf-ld.exe: (.rodata+0x1778): undefined reference to `.L8003500C'
C:\Tools\mips-ps1\mips\bin\mipsel-none-elf-ld.exe: (.rodata+0x177c): undefined reference to `.L8003500C'
C:\Tools\mips-ps1\mips\bin\mipsel-none-elf-ld.exe: (.rodata+0x1780): undefined reference to `.L8003500C'
C:\Tools\mips-ps1\mips\bin\mipsel-none-elf-ld.exe: (.rodata+0x1784): undefined reference to `.L80035074'
C:\Tools\mips-ps1\mips\bin\mipsel-none-elf-ld.exe: (.rodata+0x1788): undefined reference to `.L800351DC'
C:\Tools\mips-ps1\mips\bin\mipsel-none-elf-ld.exe: (.rodata+0x178c): undefined reference to `.L8003500C'
C:\Tools\mips-ps1\mips\bin\mipsel-none-elf-ld.exe: (.rodata+0x1790): undefined reference to `.L8003500C'
C:\Tools\mips-ps1\mips\bin\mipsel-none-elf-ld.exe: (.rodata+0x1794): undefined reference to `.L8003500C'
C:\Tools\mips-ps1\mips\bin\mipsel-none-elf-ld.exe: (.rodata+0x1798): undefined reference to `.L8003500C'
C:\Tools\mips-ps1\mips\bin\mipsel-none-elf-ld.exe: (.rodata+0x179c): undefined reference to `.L8003500C'
C:\Tools\mips-ps1\mips\bin\mipsel-none-elf-ld.exe: (.rodata+0x17a0): undefined reference to `.L8003505C'
C:\Tools\mips-ps1\mips\bin\mipsel-none-elf-ld.exe: (.rodata+0x17a4): undefined reference to `.L800351DC'
C:\Tools\mips-ps1\mips\bin\mipsel-none-elf-ld.exe: build/asm/data/rdata_80010000.rodata.s.o: in function `jtbl_800117A8':
(.rodata+0x17a8): undefined reference to `.L800356C0'
C:\Tools\mips-ps1\mips\bin\mipsel-none-elf-ld.exe: (.rodata+0x17ac): undefined reference to `.L800356F4'
C:\Tools\mips-ps1\mips\bin\mipsel-none-elf-ld.exe: (.rodata+0x17b0): undefined reference to `.L800354E8'
C:\Tools\mips-ps1\mips\bin\mipsel-none-elf-ld.exe: (.rodata+0x17b4): undefined reference to `.L800354E8'
C:\Tools\mips-ps1\mips\bin\mipsel-none-elf-ld.exe: (.rodata+0x17b8): undefined reference to `.L800354E8'
C:\Tools\mips-ps1\mips\bin\mipsel-none-elf-ld.exe: (.rodata+0x17bc): undefined reference to `.L800356F4'
C:\Tools\mips-ps1\mips\bin\mipsel-none-elf-ld.exe: (.rodata+0x17c0): undefined reference to `.L800354E8'
C:\Tools\mips-ps1\mips\bin\mipsel-none-elf-ld.exe: (.rodata+0x17c4): undefined reference to `.L800354E8'
C:\Tools\mips-ps1\mips\bin\mipsel-none-elf-ld.exe: (.rodata+0x17c8): undefined reference to `.L800356F4'
C:\Tools\mips-ps1\mips\bin\mipsel-none-elf-ld.exe: (.rodata+0x17cc): undefined reference to `.L800356F4'
C:\Tools\mips-ps1\mips\bin\mipsel-none-elf-ld.exe: (.rodata+0x17d0): undefined reference to `.L800354E8'
C:\Tools\mips-ps1\mips\bin\mipsel-none-elf-ld.exe: (.rodata+0x17d4): undefined reference to `.L800354E8'
C:\Tools\mips-ps1\mips\bin\mipsel-none-elf-ld.exe: (.rodata+0x17d8): undefined reference to `.L800354E8'
C:\Tools\mips-ps1\mips\bin\mipsel-none-elf-ld.exe: (.rodata+0x17dc): undefined reference to `.L80035550'
C:\Tools\mips-ps1\mips\bin\mipsel-none-elf-ld.exe: (.rodata+0x17e0): undefined reference to `.L800356C0'
C:\Tools\mips-ps1\mips\bin\mipsel-none-elf-ld.exe: (.rodata+0x17e4): undefined reference to `.L800354E8'
C:\Tools\mips-ps1\mips\bin\mipsel-none-elf-ld.exe: (.rodata+0x17e8): undefined reference to `.L800354E8'
C:\Tools\mips-ps1\mips\bin\mipsel-none-elf-ld.exe: (.rodata+0x17ec): undefined reference to `.L800354E8'
C:\Tools\mips-ps1\mips\bin\mipsel-none-elf-ld.exe: (.rodata+0x17f0): undefined reference to `.L800354E8'
C:\Tools\mips-ps1\mips\bin\mipsel-none-elf-ld.exe: (.rodata+0x17f4): undefined reference to `.L800354E8'
C:\Tools\mips-ps1\mips\bin\mipsel-none-elf-ld.exe: (.rodata+0x17f8): undefined reference to `.L80035538'
C:\Tools\mips-ps1\mips\bin\mipsel-none-elf-ld.exe: (.rodata+0x17fc): undefined reference to `.L800356F4'
C:\Tools\mips-ps1\mips\bin\mipsel-none-elf-ld.exe: build/asm/data/rdata_80010000.rodata.s.o: in function `jtbl_80011800':
(.rodata+0x1800): undefined reference to `.L80035674'
C:\Tools\mips-ps1\mips\bin\mipsel-none-elf-ld.exe: (.rodata+0x1804): undefined reference to `.L80035674'
C:\Tools\mips-ps1\mips\bin\mipsel-none-elf-ld.exe: (.rodata+0x1808): undefined reference to `.L80035600'
C:\Tools\mips-ps1\mips\bin\mipsel-none-elf-ld.exe: (.rodata+0x180c): undefined reference to `.L80035600'
C:\Tools\mips-ps1\mips\bin\mipsel-none-elf-ld.exe: (.rodata+0x1810): undefined reference to `.L80035600'
C:\Tools\mips-ps1\mips\bin\mipsel-none-elf-ld.exe: (.rodata+0x1814): undefined reference to `.L80035674'
C:\Tools\mips-ps1\mips\bin\mipsel-none-elf-ld.exe: (.rodata+0x1818): undefined reference to `.L80035600'
C:\Tools\mips-ps1\mips\bin\mipsel-none-elf-ld.exe: (.rodata+0x181c): undefined reference to `.L80035600'
C:\Tools\mips-ps1\mips\bin\mipsel-none-elf-ld.exe: (.rodata+0x1820): undefined reference to `.L80035674'
C:\Tools\mips-ps1\mips\bin\mipsel-none-elf-ld.exe: (.rodata+0x1824): undefined reference to `.L80035674'
C:\Tools\mips-ps1\mips\bin\mipsel-none-elf-ld.exe: (.rodata+0x1828): undefined reference to `.L80035668'
C:\Tools\mips-ps1\mips\bin\mipsel-none-elf-ld.exe: (.rodata+0x182c): undefined reference to `.L80035674'
C:\Tools\mips-ps1\mips\bin\mipsel-none-elf-ld.exe: (.rodata+0x1830): undefined reference to `.L80035600'
C:\Tools\mips-ps1\mips\bin\mipsel-none-elf-ld.exe: (.rodata+0x1834): undefined reference to `.L80035600'
C:\Tools\mips-ps1\mips\bin\mipsel-none-elf-ld.exe: (.rodata+0x1838): undefined reference to `.L80035600'
C:\Tools\mips-ps1\mips\bin\mipsel-none-elf-ld.exe: (.rodata+0x183c): undefined reference to `.L80035600'
C:\Tools\mips-ps1\mips\bin\mipsel-none-elf-ld.exe: (.rodata+0x1840): undefined reference to `.L80035600'
C:\Tools\mips-ps1\mips\bin\mipsel-none-elf-ld.exe: build/asm/data/rdata_80010000.rodata.s.o:(.rodata+0x1844): more undefined references to `.L80035600' follow
C:\Tools\mips-ps1\mips\bin\mipsel-none-elf-ld.exe: build/asm/data/rdata_80010000.rodata.s.o: in function `jtbl_80011800':
(.rodata+0x1850): undefined reference to `.L80035648'
C:\Tools\mips-ps1\mips\bin\mipsel-none-elf-ld.exe: (.rodata+0x1854): undefined reference to `.L80035674'
C:\Tools\mips-ps1\mips\bin\mipsel-none-elf-ld.exe: build/asm/data/rdata_80010000.rodata.s.o: in function `_vt_11tScreenMain':
(.rodata+0x18bc): undefined reference to `GetShapeInfo__11tScreenMainRsT1PPcT3'
C:\Tools\mips-ps1\mips\bin\mipsel-none-elf-ld.exe: (.rodata+0x18c4): undefined reference to `DrawBackground__11tScreenMain'
C:\Tools\mips-ps1\mips\bin\mipsel-none-elf-ld.exe: (.rodata+0x18cc): undefined reference to `DrawForeground__7tScreen'
C:\Tools\mips-ps1\mips\bin\mipsel-none-elf-ld.exe: (.rodata+0x18d4): undefined reference to `___11tScreenMain'
C:\Tools\mips-ps1\mips\bin\mipsel-none-elf-ld.exe: (.rodata+0x18dc): undefined reference to `PreLoad__11tScreenMain'
C:\Tools\mips-ps1\mips\bin\mipsel-none-elf-ld.exe: (.rodata+0x18e4): undefined reference to `Initialize__11tScreenMain'
C:\Tools\mips-ps1\mips\bin\mipsel-none-elf-ld.exe: (.rodata+0x18ec): undefined reference to `Cleanup__11tScreenMain'
C:\Tools\mips-ps1\mips\bin\mipsel-none-elf-ld.exe: (.rodata+0x18f4): undefined reference to `TransitionIsFinished__7tScreen'
C:\Tools\mips-ps1\mips\bin\mipsel-none-elf-ld.exe: (.rodata+0x18fc): undefined reference to `ProcessInput__11tScreenMain7tPlayerR13tInputKeyTypeR12tMenuCommand'
C:\Tools\mips-ps1\mips\bin\mipsel-none-elf-ld.exe: build/asm/data/rdata_80010000.rodata.s.o: in function `_vt_16tScreenPinkSlips':
(.rodata+0x193c): undefined reference to `GetShapeInfo__16tScreenPinkSlipsRsT1PPcT3'
C:\Tools\mips-ps1\mips\bin\mipsel-none-elf-ld.exe: (.rodata+0x1944): undefined reference to `DrawBackground__16tScreenPinkSlips'
C:\Tools\mips-ps1\mips\bin\mipsel-none-elf-ld.exe: (.rodata+0x194c): undefined reference to `DrawForeground__7tScreen'
C:\Tools\mips-ps1\mips\bin\mipsel-none-elf-ld.exe: (.rodata+0x1954): undefined reference to `___16tScreenPinkSlips'
C:\Tools\mips-ps1\mips\bin\mipsel-none-elf-ld.exe: (.rodata+0x195c): undefined reference to `PreLoad__7tScreen'
C:\Tools\mips-ps1\mips\bin\mipsel-none-elf-ld.exe: (.rodata+0x1964): undefined reference to `Initialize__16tScreenPinkSlips'
C:\Tools\mips-ps1\mips\bin\mipsel-none-elf-ld.exe: (.rodata+0x196c): undefined reference to `Cleanup__16tScreenPinkSlips'
C:\Tools\mips-ps1\mips\bin\mipsel-none-elf-ld.exe: (.rodata+0x1974): undefined reference to `TransitionIsFinished__7tScreen'
C:\Tools\mips-ps1\mips\bin\mipsel-none-elf-ld.exe: (.rodata+0x197c): undefined reference to `ProcessInput__16tScreenPinkSlips7tPlayerR13tInputKeyTypeR12tMenuCommand'
C:\Tools\mips-ps1\mips\bin\mipsel-none-elf-ld.exe: build/asm/data/rdata_80010000.rodata.s.o: in function `_vt_24tScreenPinkSlipStandings':
(.rodata+0x19b4): undefined reference to `GetShapeInfo__31tScreenTournamentStandings3itemRsT1PPcT3'
C:\Tools\mips-ps1\mips\bin\mipsel-none-elf-ld.exe: (.rodata+0x19bc): undefined reference to `DrawBackground__24tScreenPinkSlipStandings'
C:\Tools\mips-ps1\mips\bin\mipsel-none-elf-ld.exe: (.rodata+0x19c4): undefined reference to `DrawForeground__7tScreen'
C:\Tools\mips-ps1\mips\bin\mipsel-none-elf-ld.exe: (.rodata+0x19cc): undefined reference to `___24tScreenPinkSlipStandings'
C:\Tools\mips-ps1\mips\bin\mipsel-none-elf-ld.exe: (.rodata+0x19d4): undefined reference to `PreLoad__7tScreen'
C:\Tools\mips-ps1\mips\bin\mipsel-none-elf-ld.exe: (.rodata+0x19dc): undefined reference to `Initialize__26tScreenTournamentStandings'
C:\Tools\mips-ps1\mips\bin\mipsel-none-elf-ld.exe: (.rodata+0x19e4): undefined reference to `Cleanup__26tScreenTournamentStandings'
C:\Tools\mips-ps1\mips\bin\mipsel-none-elf-ld.exe: (.rodata+0x19ec): undefined reference to `TransitionIsFinished__7tScreen'
C:\Tools\mips-ps1\mips\bin\mipsel-none-elf-ld.exe: (.rodata+0x19f4): undefined reference to `ProcessInput__24tScreenPinkSlipStandings7tPlayerR13tInputKeyTypeR12tMenuCommand'
C:\Tools\mips-ps1\mips\bin\mipsel-none-elf-ld.exe: build/asm/data/rdata_80010000.rodata.s.o: in function `_vt_31tScreenTournamentStandings3item':
(.rodata+0x1a04): undefined reference to `GetShapeInfo__31tScreenTournamentStandings3itemRsT1PPcT3'
C:\Tools\mips-ps1\mips\bin\mipsel-none-elf-ld.exe: (.rodata+0x1a0c): undefined reference to `DrawBackground__26tScreenTournamentStandings'
C:\Tools\mips-ps1\mips\bin\mipsel-none-elf-ld.exe: (.rodata+0x1a14): undefined reference to `DrawForeground__7tScreen'
C:\Tools\mips-ps1\mips\bin\mipsel-none-elf-ld.exe: (.rodata+0x1a1c): undefined reference to `___31tScreenTournamentStandings3item'
C:\Tools\mips-ps1\mips\bin\mipsel-none-elf-ld.exe: (.rodata+0x1a24): undefined reference to `PreLoad__7tScreen'
C:\Tools\mips-ps1\mips\bin\mipsel-none-elf-ld.exe: (.rodata+0x1a2c): undefined reference to `Initialize__26tScreenTournamentStandings'
C:\Tools\mips-ps1\mips\bin\mipsel-none-elf-ld.exe: (.rodata+0x1a34): undefined reference to `Cleanup__26tScreenTournamentStandings'
C:\Tools\mips-ps1\mips\bin\mipsel-none-elf-ld.exe: (.rodata+0x1a3c): undefined reference to `TransitionIsFinished__7tScreen'
C:\Tools\mips-ps1\mips\bin\mipsel-none-elf-ld.exe: (.rodata+0x1a44): undefined reference to `ProcessInput__26tScreenTournamentStandings7tPlayerR13tInputKeyTypeR12tMenuCommand'
C:\Tools\mips-ps1\mips\bin\mipsel-none-elf-ld.exe: build/asm/data/rdata_80010000.rodata.s.o: in function `_vt_26tScreenTournamentStandings':
(.rodata+0x1a54): undefined reference to `GetShapeInfo__26tScreenTournamentStandingsRsT1PPcT3'
C:\Tools\mips-ps1\mips\bin\mipsel-none-elf-ld.exe: (.rodata+0x1a5c): undefined reference to `DrawBackground__26tScreenTournamentStandings'
C:\Tools\mips-ps1\mips\bin\mipsel-none-elf-ld.exe: (.rodata+0x1a64): undefined reference to `DrawForeground__7tScreen'
C:\Tools\mips-ps1\mips\bin\mipsel-none-elf-ld.exe: (.rodata+0x1a6c): undefined reference to `___26tScreenTournamentStandings'
C:\Tools\mips-ps1\mips\bin\mipsel-none-elf-ld.exe: (.rodata+0x1a74): undefined reference to `PreLoad__7tScreen'
C:\Tools\mips-ps1\mips\bin\mipsel-none-elf-ld.exe: (.rodata+0x1a7c): undefined reference to `Initialize__26tScreenTournamentStandings'
C:\Tools\mips-ps1\mips\bin\mipsel-none-elf-ld.exe: (.rodata+0x1a84): undefined reference to `Cleanup__26tScreenTournamentStandings'
C:\Tools\mips-ps1\mips\bin\mipsel-none-elf-ld.exe: (.rodata+0x1a8c): undefined reference to `TransitionIsFinished__7tScreen'
C:\Tools\mips-ps1\mips\bin\mipsel-none-elf-ld.exe: (.rodata+0x1a94): undefined reference to `ProcessInput__26tScreenTournamentStandings7tPlayerR13tInputKeyTypeR12tMenuCommand'
C:\Tools\mips-ps1\mips\bin\mipsel-none-elf-ld.exe: build/asm/data/rdata_80010000.rodata.s.o: in function `jtbl_80011AB8':
(.rodata+0x1ab8): undefined reference to `.L8003AED8'
C:\Tools\mips-ps1\mips\bin\mipsel-none-elf-ld.exe: (.rodata+0x1abc): undefined reference to `.L8003AEF8'
C:\Tools\mips-ps1\mips\bin\mipsel-none-elf-ld.exe: (.rodata+0x1ac0): undefined reference to `.L8003AEF8'
C:\Tools\mips-ps1\mips\bin\mipsel-none-elf-ld.exe: (.rodata+0x1ac4): undefined reference to `.L8003AEF8'
C:\Tools\mips-ps1\mips\bin\mipsel-none-elf-ld.exe: (.rodata+0x1ac8): undefined reference to `.L8003B144'
C:\Tools\mips-ps1\mips\bin\mipsel-none-elf-ld.exe: (.rodata+0x1acc): undefined reference to `.L8003B220'
C:\Tools\mips-ps1\mips\bin\mipsel-none-elf-ld.exe: (.rodata+0x1ad0): undefined reference to `.L8003B4D0'
C:\Tools\mips-ps1\mips\bin\mipsel-none-elf-ld.exe: build/asm/data/rdata_80010000.rodata.s.o: in function `jtbl_80011AF8':
(.rodata+0x1af8): undefined reference to `.L8003C270'
C:\Tools\mips-ps1\mips\bin\mipsel-none-elf-ld.exe: (.rodata+0x1afc): undefined reference to `.L8003C3B8'
C:\Tools\mips-ps1\mips\bin\mipsel-none-elf-ld.exe: (.rodata+0x1b00): undefined reference to `.L8003C2D4'
C:\Tools\mips-ps1\mips\bin\mipsel-none-elf-ld.exe: (.rodata+0x1b04): undefined reference to `.L8003C3B8'
C:\Tools\mips-ps1\mips\bin\mipsel-none-elf-ld.exe: (.rodata+0x1b08): undefined reference to `.L8003C3B8'
C:\Tools\mips-ps1\mips\bin\mipsel-none-elf-ld.exe: (.rodata+0x1b0c): undefined reference to `.L8003C270'
C:\Tools\mips-ps1\mips\bin\mipsel-none-elf-ld.exe: (.rodata+0x1b10): undefined reference to `.L8003C2D4'
C:\Tools\mips-ps1\mips\bin\mipsel-none-elf-ld.exe: (.rodata+0x1b14): undefined reference to `.L8003C310'
C:\Tools\mips-ps1\mips\bin\mipsel-none-elf-ld.exe: build/asm/data/rdata_80010000.rodata.s.o: in function `jtbl_80011B38':
(.rodata+0x1b38): undefined reference to `.L8003F45C'
C:\Tools\mips-ps1\mips\bin\mipsel-none-elf-ld.exe: (.rodata+0x1b3c): undefined reference to `.L8003F51C'
C:\Tools\mips-ps1\mips\bin\mipsel-none-elf-ld.exe: (.rodata+0x1b40): undefined reference to `.L8003F50C'
C:\Tools\mips-ps1\mips\bin\mipsel-none-elf-ld.exe: (.rodata+0x1b44): undefined reference to `.L8003F514'
C:\Tools\mips-ps1\mips\bin\mipsel-none-elf-ld.exe: (.rodata+0x1b48): undefined reference to `.L8003F544'
C:\Tools\mips-ps1\mips\bin\mipsel-none-elf-ld.exe: (.rodata+0x1b4c): undefined reference to `.L8003F54C'
C:\Tools\mips-ps1\mips\bin\mipsel-none-elf-ld.exe: (.rodata+0x1b50): undefined reference to `.L8003F3CC'
C:\Tools\mips-ps1\mips\bin\mipsel-none-elf-ld.exe: (.rodata+0x1b54): undefined reference to `.L8003F3BC'
C:\Tools\mips-ps1\mips\bin\mipsel-none-elf-ld.exe: (.rodata+0x1b58): undefined reference to `.L8003F554'
C:\Tools\mips-ps1\mips\bin\mipsel-none-elf-ld.exe: build/asm/data/rdata_80010000.rodata.s.o: in function `_vt_25tScreenPinkSlipsCarSelect':
(.rodata+0x1b6c): undefined reference to `GetShapeInfo__25tScreenPinkSlipsCarSelectRsT1PPcT3'
C:\Tools\mips-ps1\mips\bin\mipsel-none-elf-ld.exe: (.rodata+0x1b74): undefined reference to `DrawBackground__25tScreenPinkSlipsCarSelect'
C:\Tools\mips-ps1\mips\bin\mipsel-none-elf-ld.exe: (.rodata+0x1b7c): undefined reference to `DrawForeground__25tScreenPinkSlipsCarSelect'
C:\Tools\mips-ps1\mips\bin\mipsel-none-elf-ld.exe: (.rodata+0x1b84): undefined reference to `___25tScreenPinkSlipsCarSelect'
C:\Tools\mips-ps1\mips\bin\mipsel-none-elf-ld.exe: (.rodata+0x1b8c): undefined reference to `PreLoad__7tScreen'
C:\Tools\mips-ps1\mips\bin\mipsel-none-elf-ld.exe: (.rodata+0x1b94): undefined reference to `Initialize__25tScreenPinkSlipsCarSelect'
C:\Tools\mips-ps1\mips\bin\mipsel-none-elf-ld.exe: (.rodata+0x1b9c): undefined reference to `Cleanup__25tScreenPinkSlipsCarSelect'
C:\Tools\mips-ps1\mips\bin\mipsel-none-elf-ld.exe: (.rodata+0x1ba4): undefined reference to `TransitionIsFinished__7tScreen'
C:\Tools\mips-ps1\mips\bin\mipsel-none-elf-ld.exe: (.rodata+0x1bac): undefined reference to `ProcessInput__25tScreenPinkSlipsCarSelect7tPlayerR13tInputKeyTypeR12tMenuCommand'
C:\Tools\mips-ps1\mips\bin\mipsel-none-elf-ld.exe: (.rodata+0x1bb4): undefined reference to `DrawVideoWall__25tScreenCarSelectTwoPlayers'
C:\Tools\mips-ps1\mips\bin\mipsel-none-elf-ld.exe: (.rodata+0x1bbc): undefined reference to `InitializeVideoWall__25tScreenCarSelectTwoPlayer'
C:\Tools\mips-ps1\mips\bin\mipsel-none-elf-ld.exe: (.rodata+0x1bc4): undefined reference to `UpdateVideoWall__25tScreenCarSelectTwoPlayerR8tCarInfo'
C:\Tools\mips-ps1\mips\bin\mipsel-none-elf-ld.exe: (.rodata+0x1bcc): undefined reference to `GetCar__25tScreenPinkSlipsCarSelectR8tCarInfo'
C:\Tools\mips-ps1\mips\bin\mipsel-none-elf-ld.exe: (.rodata+0x1bd4): undefined reference to `AllocateAsyncBuffer__25tScreenCarSelectTwoPlayer'
C:\Tools\mips-ps1\mips\bin\mipsel-none-elf-ld.exe: (.rodata+0x1bdc): undefined reference to `FreeAsyncBuffer__16tScreenCarSelect'
C:\Tools\mips-ps1\mips\bin\mipsel-none-elf-ld.exe: (.rodata+0x1be4): undefined reference to `TurnOffVideoWall__25tScreenCarSelectTwoPlayer'
C:\Tools\mips-ps1\mips\bin\mipsel-none-elf-ld.exe: (.rodata+0x1bec): undefined reference to `SetDialog__25tScreenPinkSlipsCarSelect'
C:\Tools\mips-ps1\mips\bin\mipsel-none-elf-ld.exe: build/asm/data/rdata_80010000.rodata.s.o: in function `_vt_25tScreenCarSelectTwoPlayer':
(.rodata+0x1bfc): undefined reference to `GetShapeInfo__25tScreenCarSelectTwoPlayerRsT1PPcT3'
C:\Tools\mips-ps1\mips\bin\mipsel-none-elf-ld.exe: (.rodata+0x1c04): undefined reference to `DrawBackground__25tScreenCarSelectTwoPlayer'
C:\Tools\mips-ps1\mips\bin\mipsel-none-elf-ld.exe: (.rodata+0x1c0c): undefined reference to `DrawForeground__25tScreenCarSelectTwoPlayer'
C:\Tools\mips-ps1\mips\bin\mipsel-none-elf-ld.exe: (.rodata+0x1c14): undefined reference to `___25tScreenCarSelectTwoPlayer'
C:\Tools\mips-ps1\mips\bin\mipsel-none-elf-ld.exe: (.rodata+0x1c1c): undefined reference to `PreLoad__7tScreen'
C:\Tools\mips-ps1\mips\bin\mipsel-none-elf-ld.exe: (.rodata+0x1c24): undefined reference to `Initialize__25tScreenCarSelectTwoPlayer'
C:\Tools\mips-ps1\mips\bin\mipsel-none-elf-ld.exe: (.rodata+0x1c2c): undefined reference to `Cleanup__25tScreenCarSelectTwoPlayer'
C:\Tools\mips-ps1\mips\bin\mipsel-none-elf-ld.exe: (.rodata+0x1c34): undefined reference to `TransitionIsFinished__7tScreen'
C:\Tools\mips-ps1\mips\bin\mipsel-none-elf-ld.exe: (.rodata+0x1c3c): undefined reference to `ProcessInput__16tScreenCarSelect7tPlayerR13tInputKeyTypeR12tMenuCommand'
C:\Tools\mips-ps1\mips\bin\mipsel-none-elf-ld.exe: (.rodata+0x1c44): undefined reference to `DrawVideoWall__25tScreenCarSelectTwoPlayers'
C:\Tools\mips-ps1\mips\bin\mipsel-none-elf-ld.exe: (.rodata+0x1c4c): undefined reference to `InitializeVideoWall__25tScreenCarSelectTwoPlayer'
C:\Tools\mips-ps1\mips\bin\mipsel-none-elf-ld.exe: (.rodata+0x1c54): undefined reference to `UpdateVideoWall__25tScreenCarSelectTwoPlayerR8tCarInfo'
C:\Tools\mips-ps1\mips\bin\mipsel-none-elf-ld.exe: (.rodata+0x1c5c): undefined reference to `GetCar__25tScreenCarSelectTwoPlayerR8tCarInfo'
C:\Tools\mips-ps1\mips\bin\mipsel-none-elf-ld.exe: (.rodata+0x1c64): undefined reference to `AllocateAsyncBuffer__25tScreenCarSelectTwoPlayer'
C:\Tools\mips-ps1\mips\bin\mipsel-none-elf-ld.exe: (.rodata+0x1c6c): undefined reference to `FreeAsyncBuffer__16tScreenCarSelect'
C:\Tools\mips-ps1\mips\bin\mipsel-none-elf-ld.exe: (.rodata+0x1c74): undefined reference to `TurnOffVideoWall__25tScreenCarSelectTwoPlayer'
C:\Tools\mips-ps1\mips\bin\mipsel-none-elf-ld.exe: (.rodata+0x1c7c): undefined reference to `SetDialog__25tScreenCarSelectTwoPlayer'
C:\Tools\mips-ps1\mips\bin\mipsel-none-elf-ld.exe: build/asm/data/rdata_80010000.rodata.s.o: in function `_vt_20tScreenCarSelectDuel':
(.rodata+0x1c8c): undefined reference to `GetShapeInfo__20tScreenCarSelectDuelRsT1PPcT3'
C:\Tools\mips-ps1\mips\bin\mipsel-none-elf-ld.exe: (.rodata+0x1c94): undefined reference to `DrawBackground__20tScreenCarSelectDuel'
C:\Tools\mips-ps1\mips\bin\mipsel-none-elf-ld.exe: (.rodata+0x1c9c): undefined reference to `DrawForeground__20tScreenCarSelectDuel'
C:\Tools\mips-ps1\mips\bin\mipsel-none-elf-ld.exe: (.rodata+0x1ca4): undefined reference to `___20tScreenCarSelectDuel'
C:\Tools\mips-ps1\mips\bin\mipsel-none-elf-ld.exe: (.rodata+0x1cac): undefined reference to `PreLoad__20tScreenCarSelectDuel'
C:\Tools\mips-ps1\mips\bin\mipsel-none-elf-ld.exe: (.rodata+0x1cb4): undefined reference to `Initialize__20tScreenCarSelectDuel'
C:\Tools\mips-ps1\mips\bin\mipsel-none-elf-ld.exe: (.rodata+0x1cbc): undefined reference to `Cleanup__20tScreenCarSelectDuel'
C:\Tools\mips-ps1\mips\bin\mipsel-none-elf-ld.exe: (.rodata+0x1cc4): undefined reference to `TransitionIsFinished__7tScreen'
C:\Tools\mips-ps1\mips\bin\mipsel-none-elf-ld.exe: (.rodata+0x1ccc): undefined reference to `ProcessInput__16tScreenCarSelect7tPlayerR13tInputKeyTypeR12tMenuCommand'
C:\Tools\mips-ps1\mips\bin\mipsel-none-elf-ld.exe: (.rodata+0x1cd4): undefined reference to `DrawVideoWall__20tScreenCarSelectDuels'
C:\Tools\mips-ps1\mips\bin\mipsel-none-elf-ld.exe: (.rodata+0x1cdc): undefined reference to `InitializeVideoWall__20tScreenCarSelectDuel'
C:\Tools\mips-ps1\mips\bin\mipsel-none-elf-ld.exe: (.rodata+0x1ce4): undefined reference to `UpdateVideoWall__20tScreenCarSelectDuelR8tCarInfo'
C:\Tools\mips-ps1\mips\bin\mipsel-none-elf-ld.exe: (.rodata+0x1cec): undefined reference to `GetCar__16tScreenCarSelectR8tCarInfo'
C:\Tools\mips-ps1\mips\bin\mipsel-none-elf-ld.exe: (.rodata+0x1cf4): undefined reference to `AllocateAsyncBuffer__20tScreenCarSelectDuel'
C:\Tools\mips-ps1\mips\bin\mipsel-none-elf-ld.exe: (.rodata+0x1cfc): undefined reference to `FreeAsyncBuffer__20tScreenCarSelectDuel'
C:\Tools\mips-ps1\mips\bin\mipsel-none-elf-ld.exe: (.rodata+0x1d04): undefined reference to `DrawOpponentVideoWall__20tScreenCarSelectDuels'
C:\Tools\mips-ps1\mips\bin\mipsel-none-elf-ld.exe: build/asm/data/rdata_80010000.rodata.s.o: in function `_vt_16tScreenCarSelect':
(.rodata+0x1d14): undefined reference to `GetShapeInfo__16tScreenCarSelectRsT1PPcT3'
C:\Tools\mips-ps1\mips\bin\mipsel-none-elf-ld.exe: (.rodata+0x1d1c): undefined reference to `DrawBackground__16tScreenCarSelect'
C:\Tools\mips-ps1\mips\bin\mipsel-none-elf-ld.exe: (.rodata+0x1d24): undefined reference to `DrawForeground__16tScreenCarSelect'
C:\Tools\mips-ps1\mips\bin\mipsel-none-elf-ld.exe: (.rodata+0x1d2c): undefined reference to `___16tScreenCarSelect'
C:\Tools\mips-ps1\mips\bin\mipsel-none-elf-ld.exe: (.rodata+0x1d34): undefined reference to `PreLoad__7tScreen'
C:\Tools\mips-ps1\mips\bin\mipsel-none-elf-ld.exe: (.rodata+0x1d3c): undefined reference to `Initialize__16tScreenCarSelect'
C:\Tools\mips-ps1\mips\bin\mipsel-none-elf-ld.exe: (.rodata+0x1d44): undefined reference to `Cleanup__16tScreenCarSelect'
C:\Tools\mips-ps1\mips\bin\mipsel-none-elf-ld.exe: (.rodata+0x1d4c): undefined reference to `TransitionIsFinished__7tScreen'
C:\Tools\mips-ps1\mips\bin\mipsel-none-elf-ld.exe: (.rodata+0x1d54): undefined reference to `ProcessInput__16tScreenCarSelect7tPlayerR13tInputKeyTypeR12tMenuCommand'
C:\Tools\mips-ps1\mips\bin\mipsel-none-elf-ld.exe: (.rodata+0x1d5c): undefined reference to `DrawVideoWall__16tScreenCarSelects'
C:\Tools\mips-ps1\mips\bin\mipsel-none-elf-ld.exe: (.rodata+0x1d64): undefined reference to `InitializeVideoWall__16tScreenCarSelect'
C:\Tools\mips-ps1\mips\bin\mipsel-none-elf-ld.exe: (.rodata+0x1d6c): undefined reference to `UpdateVideoWall__16tScreenCarSelectR8tCarInfo'
C:\Tools\mips-ps1\mips\bin\mipsel-none-elf-ld.exe: (.rodata+0x1d74): undefined reference to `GetCar__16tScreenCarSelectR8tCarInfo'
C:\Tools\mips-ps1\mips\bin\mipsel-none-elf-ld.exe: (.rodata+0x1d7c): undefined reference to `AllocateAsyncBuffer__16tScreenCarSelect'
C:\Tools\mips-ps1\mips\bin\mipsel-none-elf-ld.exe: (.rodata+0x1d84): undefined reference to `FreeAsyncBuffer__16tScreenCarSelect'
C:\Tools\mips-ps1\mips\bin\mipsel-none-elf-ld.exe: build/asm/data/rdata_80010000.rodata.s.o: in function `_vt_18tScreenTournSelect':
(.rodata+0x1dbc): undefined reference to `GetShapeInfo__18tScreenTournSelectRsT1PPcT3'
C:\Tools\mips-ps1\mips\bin\mipsel-none-elf-ld.exe: (.rodata+0x1dc4): undefined reference to `DrawBackground__18tScreenTournSelect'
C:\Tools\mips-ps1\mips\bin\mipsel-none-elf-ld.exe: (.rodata+0x1dcc): undefined reference to `DrawForeground__18tScreenTournSelect'
C:\Tools\mips-ps1\mips\bin\mipsel-none-elf-ld.exe: (.rodata+0x1dd4): undefined reference to `___18tScreenTournSelect'
C:\Tools\mips-ps1\mips\bin\mipsel-none-elf-ld.exe: (.rodata+0x1ddc): undefined reference to `PreLoad__7tScreen'
C:\Tools\mips-ps1\mips\bin\mipsel-none-elf-ld.exe: (.rodata+0x1de4): undefined reference to `Initialize__18tScreenTournSelect'
C:\Tools\mips-ps1\mips\bin\mipsel-none-elf-ld.exe: (.rodata+0x1dec): undefined reference to `Cleanup__18tScreenTournSelect'
C:\Tools\mips-ps1\mips\bin\mipsel-none-elf-ld.exe: (.rodata+0x1df4): undefined reference to `TransitionIsFinished__7tScreen'
C:\Tools\mips-ps1\mips\bin\mipsel-none-elf-ld.exe: (.rodata+0x1dfc): undefined reference to `ProcessInput__7tScreen7tPlayerR13tInputKeyTypeR12tMenuCommand'
C:\Tools\mips-ps1\mips\bin\mipsel-none-elf-ld.exe: build/asm/data/rdata_80010000.rodata.s.o: in function `_vt_17tScreenTrophyRoom':
(.rodata+0x1e34): undefined reference to `GetShapeInfo__17tScreenTrophyRoomRsT1PPcT3'
C:\Tools\mips-ps1\mips\bin\mipsel-none-elf-ld.exe: (.rodata+0x1e3c): undefined reference to `DrawBackground__17tScreenTrophyRoom'
C:\Tools\mips-ps1\mips\bin\mipsel-none-elf-ld.exe: (.rodata+0x1e44): undefined reference to `DrawForeground__7tScreen'
C:\Tools\mips-ps1\mips\bin\mipsel-none-elf-ld.exe: (.rodata+0x1e4c): undefined reference to `___17tScreenTrophyRoom'
C:\Tools\mips-ps1\mips\bin\mipsel-none-elf-ld.exe: (.rodata+0x1e54): undefined reference to `PreLoad__17tScreenTrophyRoom'
C:\Tools\mips-ps1\mips\bin\mipsel-none-elf-ld.exe: (.rodata+0x1e5c): undefined reference to `Initialize__17tScreenTrophyRoom'
C:\Tools\mips-ps1\mips\bin\mipsel-none-elf-ld.exe: (.rodata+0x1e64): undefined reference to `Cleanup__17tScreenTrophyRoom'
C:\Tools\mips-ps1\mips\bin\mipsel-none-elf-ld.exe: (.rodata+0x1e6c): undefined reference to `TransitionIsFinished__7tScreen'
C:\Tools\mips-ps1\mips\bin\mipsel-none-elf-ld.exe: (.rodata+0x1e74): undefined reference to `ProcessInput__17tScreenTrophyRoom7tPlayerR13tInputKeyTypeR12tMenuCommand'
C:\Tools\mips-ps1\mips\bin\mipsel-none-elf-ld.exe: build/asm/data/rdata_80010000.rodata.s.o: in function `_vt_17tScreenTrophyInfo':
(.rodata+0x1e9c): undefined reference to `GetShapeInfo__17tScreenTrophyInfoRsT1PPcT3'
C:\Tools\mips-ps1\mips\bin\mipsel-none-elf-ld.exe: (.rodata+0x1ea4): undefined reference to `DrawBackground__17tScreenTrophyInfo'
C:\Tools\mips-ps1\mips\bin\mipsel-none-elf-ld.exe: (.rodata+0x1eac): undefined reference to `DrawForeground__7tScreen'
C:\Tools\mips-ps1\mips\bin\mipsel-none-elf-ld.exe: (.rodata+0x1eb4): undefined reference to `___17tScreenTrophyInfo'
C:\Tools\mips-ps1\mips\bin\mipsel-none-elf-ld.exe: (.rodata+0x1ebc): undefined reference to `PreLoad__7tScreen'
C:\Tools\mips-ps1\mips\bin\mipsel-none-elf-ld.exe: (.rodata+0x1ec4): undefined reference to `Initialize__7tScreen'
C:\Tools\mips-ps1\mips\bin\mipsel-none-elf-ld.exe: (.rodata+0x1ecc): undefined reference to `Cleanup__7tScreen'
C:\Tools\mips-ps1\mips\bin\mipsel-none-elf-ld.exe: (.rodata+0x1ed4): undefined reference to `TransitionIsFinished__7tScreen'
C:\Tools\mips-ps1\mips\bin\mipsel-none-elf-ld.exe: (.rodata+0x1edc): undefined reference to `ProcessInput__7tScreen7tPlayerR13tInputKeyTypeR12tMenuCommand'
C:\Tools\mips-ps1\mips\bin\mipsel-none-elf-ld.exe: build/asm/data/rdata_80010000.rodata.s.o: in function `_vt_18tScreenTrackSelect':
(.rodata+0x1f14): undefined reference to `GetShapeInfo__18tScreenTrackSelectRsT1PPcT3'
C:\Tools\mips-ps1\mips\bin\mipsel-none-elf-ld.exe: (.rodata+0x1f1c): undefined reference to `DrawBackground__18tScreenTrackSelect'
C:\Tools\mips-ps1\mips\bin\mipsel-none-elf-ld.exe: (.rodata+0x1f24): undefined reference to `DrawForeground__7tScreen'
C:\Tools\mips-ps1\mips\bin\mipsel-none-elf-ld.exe: (.rodata+0x1f2c): undefined reference to `___18tScreenTrackSelect'
C:\Tools\mips-ps1\mips\bin\mipsel-none-elf-ld.exe: (.rodata+0x1f34): undefined reference to `PreLoad__7tScreen'
C:\Tools\mips-ps1\mips\bin\mipsel-none-elf-ld.exe: (.rodata+0x1f3c): undefined reference to `Initialize__18tScreenTrackSelect'
C:\Tools\mips-ps1\mips\bin\mipsel-none-elf-ld.exe: (.rodata+0x1f44): undefined reference to `Cleanup__18tScreenTrackSelect'
C:\Tools\mips-ps1\mips\bin\mipsel-none-elf-ld.exe: (.rodata+0x1f4c): undefined reference to `TransitionIsFinished__7tScreen'
C:\Tools\mips-ps1\mips\bin\mipsel-none-elf-ld.exe: (.rodata+0x1f54): undefined reference to `ProcessInput__18tScreenTrackSelect7tPlayerR13tInputKeyTypeR12tMenuCommand'
C:\Tools\mips-ps1\mips\bin\mipsel-none-elf-ld.exe: build/asm/data/rdata_80010000.rodata.s.o: in function `_vt_16tScreenTrackInfo':
(.rodata+0x1f84): undefined reference to `GetShapeInfo__16tScreenTrackInfoRsT1PPcT3'
C:\Tools\mips-ps1\mips\bin\mipsel-none-elf-ld.exe: (.rodata+0x1f8c): undefined reference to `DrawBackground__16tScreenTrackInfo'
C:\Tools\mips-ps1\mips\bin\mipsel-none-elf-ld.exe: (.rodata+0x1f94): undefined reference to `DrawForeground__7tScreen'
C:\Tools\mips-ps1\mips\bin\mipsel-none-elf-ld.exe: (.rodata+0x1f9c): undefined reference to `___16tScreenTrackInfo'
C:\Tools\mips-ps1\mips\bin\mipsel-none-elf-ld.exe: (.rodata+0x1fa4): undefined reference to `PreLoad__7tScreen'
C:\Tools\mips-ps1\mips\bin\mipsel-none-elf-ld.exe: (.rodata+0x1fac): undefined reference to `Initialize__16tScreenTrackInfo'
C:\Tools\mips-ps1\mips\bin\mipsel-none-elf-ld.exe: (.rodata+0x1fb4): undefined reference to `Cleanup__7tScreen'
C:\Tools\mips-ps1\mips\bin\mipsel-none-elf-ld.exe: (.rodata+0x1fbc): undefined reference to `TransitionIsFinished__7tScreen'
C:\Tools\mips-ps1\mips\bin\mipsel-none-elf-ld.exe: (.rodata+0x1fc4): undefined reference to `ProcessInput__16tScreenTrackInfo7tPlayerR13tInputKeyTypeR12tMenuCommand'
C:\Tools\mips-ps1\mips\bin\mipsel-none-elf-ld.exe: build/asm/data/rdata_80010000.rodata.s.o: in function `_vt_19tScreenTrackRecords':
(.rodata+0x1ffc): undefined reference to `GetShapeInfo__19tScreenTrackRecordsRsT1PPcT3'
C:\Tools\mips-ps1\mips\bin\mipsel-none-elf-ld.exe: (.rodata+0x2004): undefined reference to `DrawBackground__19tScreenTrackRecords'
C:\Tools\mips-ps1\mips\bin\mipsel-none-elf-ld.exe: (.rodata+0x200c): undefined reference to `DrawForeground__7tScreen'
C:\Tools\mips-ps1\mips\bin\mipsel-none-elf-ld.exe: (.rodata+0x2014): undefined reference to `___19tScreenTrackRecords'
C:\Tools\mips-ps1\mips\bin\mipsel-none-elf-ld.exe: (.rodata+0x201c): undefined reference to `PreLoad__7tScreen'
C:\Tools\mips-ps1\mips\bin\mipsel-none-elf-ld.exe: (.rodata+0x2024): undefined reference to `Initialize__19tScreenTrackRecords'
C:\Tools\mips-ps1\mips\bin\mipsel-none-elf-ld.exe: (.rodata+0x202c): undefined reference to `Cleanup__19tScreenTrackRecords'
C:\Tools\mips-ps1\mips\bin\mipsel-none-elf-ld.exe: (.rodata+0x2034): undefined reference to `TransitionIsFinished__7tScreen'
C:\Tools\mips-ps1\mips\bin\mipsel-none-elf-ld.exe: (.rodata+0x203c): undefined reference to `ProcessInput__7tScreen7tPlayerR13tInputKeyTypeR12tMenuCommand'
C:\Tools\mips-ps1\mips\bin\mipsel-none-elf-ld.exe: build/asm/data/rdata_80010000.rodata.s.o: in function `_vt_23tScreenControllerConfig':
(.rodata+0x2084): undefined reference to `GetShapeInfo__23tScreenControllerConfigRsT1PPcT3'
C:\Tools\mips-ps1\mips\bin\mipsel-none-elf-ld.exe: (.rodata+0x208c): undefined reference to `DrawBackground__23tScreenControllerConfig'
C:\Tools\mips-ps1\mips\bin\mipsel-none-elf-ld.exe: (.rodata+0x2094): undefined reference to `DrawForeground__23tScreenControllerConfig'
C:\Tools\mips-ps1\mips\bin\mipsel-none-elf-ld.exe: (.rodata+0x209c): undefined reference to `___23tScreenControllerConfig'
C:\Tools\mips-ps1\mips\bin\mipsel-none-elf-ld.exe: (.rodata+0x20a4): undefined reference to `PreLoad__7tScreen'
C:\Tools\mips-ps1\mips\bin\mipsel-none-elf-ld.exe: (.rodata+0x20ac): undefined reference to `Initialize__23tScreenControllerConfig'
C:\Tools\mips-ps1\mips\bin\mipsel-none-elf-ld.exe: (.rodata+0x20b4): undefined reference to `Cleanup__23tScreenControllerConfig'
C:\Tools\mips-ps1\mips\bin\mipsel-none-elf-ld.exe: (.rodata+0x20bc): undefined reference to `TransitionIsFinished__7tScreen'
C:\Tools\mips-ps1\mips\bin\mipsel-none-elf-ld.exe: (.rodata+0x20c4): undefined reference to `ProcessInput__7tScreen7tPlayerR13tInputKeyTypeR12tMenuCommand'
C:\Tools\mips-ps1\mips\bin\mipsel-none-elf-ld.exe: build/asm/data/rdata_80010000.rodata.s.o: in function `_vt_14tScreenDisplay':
(.rodata+0x20dc): undefined reference to `GetShapeInfo__14tScreenDisplayRsT1PPcT3'
C:\Tools\mips-ps1\mips\bin\mipsel-none-elf-ld.exe: (.rodata+0x20e4): undefined reference to `DrawBackground__14tScreenDisplay'
C:\Tools\mips-ps1\mips\bin\mipsel-none-elf-ld.exe: (.rodata+0x20ec): undefined reference to `DrawForeground__7tScreen'
C:\Tools\mips-ps1\mips\bin\mipsel-none-elf-ld.exe: (.rodata+0x20f4): undefined reference to `___14tScreenDisplay'
C:\Tools\mips-ps1\mips\bin\mipsel-none-elf-ld.exe: (.rodata+0x20fc): undefined reference to `PreLoad__7tScreen'
C:\Tools\mips-ps1\mips\bin\mipsel-none-elf-ld.exe: (.rodata+0x2104): undefined reference to `Initialize__7tScreen'
C:\Tools\mips-ps1\mips\bin\mipsel-none-elf-ld.exe: (.rodata+0x210c): undefined reference to `Cleanup__7tScreen'
C:\Tools\mips-ps1\mips\bin\mipsel-none-elf-ld.exe: (.rodata+0x2114): undefined reference to `TransitionIsFinished__7tScreen'
C:\Tools\mips-ps1\mips\bin\mipsel-none-elf-ld.exe: (.rodata+0x211c): undefined reference to `ProcessInput__7tScreen7tPlayerR13tInputKeyTypeR12tMenuCommand'
C:\Tools\mips-ps1\mips\bin\mipsel-none-elf-ld.exe: build/asm/data/rdata_80010000.rodata.s.o: in function `jtbl_80012138':
(.rodata+0x2138): undefined reference to `.L80045F60'
C:\Tools\mips-ps1\mips\bin\mipsel-none-elf-ld.exe: (.rodata+0x213c): undefined reference to `.L80045F70'
C:\Tools\mips-ps1\mips\bin\mipsel-none-elf-ld.exe: (.rodata+0x2140): undefined reference to `.L80045F80'
C:\Tools\mips-ps1\mips\bin\mipsel-none-elf-ld.exe: (.rodata+0x2144): undefined reference to `.L80045F90'
C:\Tools\mips-ps1\mips\bin\mipsel-none-elf-ld.exe: (.rodata+0x2148): undefined reference to `.L80045FA0'
C:\Tools\mips-ps1\mips\bin\mipsel-none-elf-ld.exe: build/asm/data/rdata_80010000.rodata.s.o: in function `_vt_12tScreenAudio':
(.rodata+0x2164): undefined reference to `GetShapeInfo__12tScreenAudioRsT1PPcT3'
C:\Tools\mips-ps1\mips\bin\mipsel-none-elf-ld.exe: (.rodata+0x216c): undefined reference to `DrawBackground__12tScreenAudio'
C:\Tools\mips-ps1\mips\bin\mipsel-none-elf-ld.exe: (.rodata+0x2174): undefined reference to `DrawForeground__12tScreenAudio'
C:\Tools\mips-ps1\mips\bin\mipsel-none-elf-ld.exe: (.rodata+0x217c): undefined reference to `___12tScreenAudio'
C:\Tools\mips-ps1\mips\bin\mipsel-none-elf-ld.exe: (.rodata+0x2184): undefined reference to `PreLoad__7tScreen'
C:\Tools\mips-ps1\mips\bin\mipsel-none-elf-ld.exe: (.rodata+0x218c): undefined reference to `Initialize__12tScreenAudio'
C:\Tools\mips-ps1\mips\bin\mipsel-none-elf-ld.exe: (.rodata+0x2194): undefined reference to `Cleanup__12tScreenAudio'
C:\Tools\mips-ps1\mips\bin\mipsel-none-elf-ld.exe: (.rodata+0x219c): undefined reference to `TransitionIsFinished__7tScreen'
C:\Tools\mips-ps1\mips\bin\mipsel-none-elf-ld.exe: (.rodata+0x21a4): undefined reference to `ProcessInput__7tScreen7tPlayerR13tInputKeyTypeR12tMenuCommand'
C:\Tools\mips-ps1\mips\bin\mipsel-none-elf-ld.exe: build/asm/data/rdata_80010000.rodata.s.o: in function `jtbl_800121C0':
(.rodata+0x21c0): undefined reference to `.L8004684C'
C:\Tools\mips-ps1\mips\bin\mipsel-none-elf-ld.exe: (.rodata+0x21c4): undefined reference to `.L8004684C'
C:\Tools\mips-ps1\mips\bin\mipsel-none-elf-ld.exe: (.rodata+0x21c8): undefined reference to `.L80046688'
C:\Tools\mips-ps1\mips\bin\mipsel-none-elf-ld.exe: (.rodata+0x21cc): undefined reference to `.L80046688'
C:\Tools\mips-ps1\mips\bin\mipsel-none-elf-ld.exe: (.rodata+0x21d0): undefined reference to `.L80046688'
C:\Tools\mips-ps1\mips\bin\mipsel-none-elf-ld.exe: (.rodata+0x21d4): undefined reference to `.L8004684C'
C:\Tools\mips-ps1\mips\bin\mipsel-none-elf-ld.exe: (.rodata+0x21d8): undefined reference to `.L80046688'
C:\Tools\mips-ps1\mips\bin\mipsel-none-elf-ld.exe: (.rodata+0x21dc): undefined reference to `.L80046688'
C:\Tools\mips-ps1\mips\bin\mipsel-none-elf-ld.exe: (.rodata+0x21e0): undefined reference to `.L8004684C'
C:\Tools\mips-ps1\mips\bin\mipsel-none-elf-ld.exe: (.rodata+0x21e4): undefined reference to `.L8004684C'
C:\Tools\mips-ps1\mips\bin\mipsel-none-elf-ld.exe: (.rodata+0x21e8): undefined reference to `.L80046688'
C:\Tools\mips-ps1\mips\bin\mipsel-none-elf-ld.exe: (.rodata+0x21ec): undefined reference to `.L80046688'
C:\Tools\mips-ps1\mips\bin\mipsel-none-elf-ld.exe: (.rodata+0x21f0): undefined reference to `.L80046688'
C:\Tools\mips-ps1\mips\bin\mipsel-none-elf-ld.exe: (.rodata+0x21f4): undefined reference to `.L800466E8'
C:\Tools\mips-ps1\mips\bin\mipsel-none-elf-ld.exe: (.rodata+0x21f8): undefined reference to `.L8004684C'
C:\Tools\mips-ps1\mips\bin\mipsel-none-elf-ld.exe: (.rodata+0x21fc): undefined reference to `.L80046688'
C:\Tools\mips-ps1\mips\bin\mipsel-none-elf-ld.exe: (.rodata+0x2200): undefined reference to `.L80046688'
C:\Tools\mips-ps1\mips\bin\mipsel-none-elf-ld.exe: (.rodata+0x2204): undefined reference to `.L8004684C'
C:\Tools\mips-ps1\mips\bin\mipsel-none-elf-ld.exe: (.rodata+0x2208): undefined reference to `.L80046688'
C:\Tools\mips-ps1\mips\bin\mipsel-none-elf-ld.exe: (.rodata+0x220c): undefined reference to `.L80046688'
C:\Tools\mips-ps1\mips\bin\mipsel-none-elf-ld.exe: (.rodata+0x2210): undefined reference to `.L80046688'
C:\Tools\mips-ps1\mips\bin\mipsel-none-elf-ld.exe: (.rodata+0x2214): undefined reference to `.L8004684C'
C:\Tools\mips-ps1\mips\bin\mipsel-none-elf-ld.exe: build/asm/data/rdata_80010000.rodata.s.o: in function `_vt_14tScreenMemcard':
(.rodata+0x2234): undefined reference to `GetShapeInfo__14tScreenMemcardRsT1PPcT3'
C:\Tools\mips-ps1\mips\bin\mipsel-none-elf-ld.exe: (.rodata+0x223c): undefined reference to `DrawBackground__14tScreenMemcard'
C:\Tools\mips-ps1\mips\bin\mipsel-none-elf-ld.exe: (.rodata+0x2244): undefined reference to `DrawForeground__14tScreenMemcard'
C:\Tools\mips-ps1\mips\bin\mipsel-none-elf-ld.exe: (.rodata+0x224c): undefined reference to `___14tScreenMemcard'
C:\Tools\mips-ps1\mips\bin\mipsel-none-elf-ld.exe: (.rodata+0x2254): undefined reference to `PreLoad__7tScreen'
C:\Tools\mips-ps1\mips\bin\mipsel-none-elf-ld.exe: (.rodata+0x225c): undefined reference to `Initialize__14tScreenMemcard'
C:\Tools\mips-ps1\mips\bin\mipsel-none-elf-ld.exe: (.rodata+0x2264): undefined reference to `Cleanup__14tScreenMemcard'
C:\Tools\mips-ps1\mips\bin\mipsel-none-elf-ld.exe: (.rodata+0x226c): undefined reference to `TransitionIsFinished__7tScreen'
C:\Tools\mips-ps1\mips\bin\mipsel-none-elf-ld.exe: (.rodata+0x2274): undefined reference to `ProcessInput__7tScreen7tPlayerR13tInputKeyTypeR12tMenuCommand'
C:\Tools\mips-ps1\mips\bin\mipsel-none-elf-ld.exe: build/asm/data/rdata_80010000.rodata.s.o: in function `_vt_25tScreenTournamentCongrats':
(.rodata+0x22b4): undefined reference to `GetShapeInfo__15tScreenCongratsRsT1PPcT3'
C:\Tools\mips-ps1\mips\bin\mipsel-none-elf-ld.exe: (.rodata+0x22bc): undefined reference to `DrawBackground__15tScreenCongrats'
C:\Tools\mips-ps1\mips\bin\mipsel-none-elf-ld.exe: (.rodata+0x22c4): undefined reference to `DrawForeground__15tScreenCongrats'
C:\Tools\mips-ps1\mips\bin\mipsel-none-elf-ld.exe: (.rodata+0x22cc): undefined reference to `___25tScreenTournamentCongrats'
C:\Tools\mips-ps1\mips\bin\mipsel-none-elf-ld.exe: (.rodata+0x22d4): undefined reference to `PreLoad__7tScreen'
C:\Tools\mips-ps1\mips\bin\mipsel-none-elf-ld.exe: (.rodata+0x22dc): undefined reference to `Initialize__15tScreenCongrats'
C:\Tools\mips-ps1\mips\bin\mipsel-none-elf-ld.exe: (.rodata+0x22e4): undefined reference to `Cleanup__15tScreenCongrats'
C:\Tools\mips-ps1\mips\bin\mipsel-none-elf-ld.exe: (.rodata+0x22ec): undefined reference to `TransitionIsFinished__7tScreen'
C:\Tools\mips-ps1\mips\bin\mipsel-none-elf-ld.exe: (.rodata+0x22f4): undefined reference to `ProcessInput__15tScreenCongrats7tPlayerR13tInputKeyTypeR12tMenuCommand'
C:\Tools\mips-ps1\mips\bin\mipsel-none-elf-ld.exe: (.rodata+0x22fc): undefined reference to `CalculatePrizes__25tScreenTournamentCongrats'
C:\Tools\mips-ps1\mips\bin\mipsel-none-elf-ld.exe: (.rodata+0x2304): undefined reference to `DrawCongratsMessage__25tScreenTournamentCongrats'
C:\Tools\mips-ps1\mips\bin\mipsel-none-elf-ld.exe: (.rodata+0x230c): undefined reference to `GetCar__25tScreenTournamentCongratsR8tCarInfo'
C:\Tools\mips-ps1\mips\bin\mipsel-none-elf-ld.exe: build/asm/data/rdata_80010000.rodata.s.o: in function `_vt_23tScreenBeTheCopCongrats':
(.rodata+0x231c): undefined reference to `GetShapeInfo__15tScreenCongratsRsT1PPcT3'
C:\Tools\mips-ps1\mips\bin\mipsel-none-elf-ld.exe: (.rodata+0x2324): undefined reference to `DrawBackground__15tScreenCongrats'
C:\Tools\mips-ps1\mips\bin\mipsel-none-elf-ld.exe: (.rodata+0x232c): undefined reference to `DrawForeground__15tScreenCongrats'
C:\Tools\mips-ps1\mips\bin\mipsel-none-elf-ld.exe: (.rodata+0x2334): undefined reference to `___23tScreenBeTheCopCongrats'
C:\Tools\mips-ps1\mips\bin\mipsel-none-elf-ld.exe: (.rodata+0x233c): undefined reference to `PreLoad__7tScreen'
C:\Tools\mips-ps1\mips\bin\mipsel-none-elf-ld.exe: (.rodata+0x2344): undefined reference to `Initialize__15tScreenCongrats'
C:\Tools\mips-ps1\mips\bin\mipsel-none-elf-ld.exe: (.rodata+0x234c): undefined reference to `Cleanup__15tScreenCongrats'
C:\Tools\mips-ps1\mips\bin\mipsel-none-elf-ld.exe: (.rodata+0x2354): undefined reference to `TransitionIsFinished__7tScreen'
C:\Tools\mips-ps1\mips\bin\mipsel-none-elf-ld.exe: (.rodata+0x235c): undefined reference to `ProcessInput__15tScreenCongrats7tPlayerR13tInputKeyTypeR12tMenuCommand'
C:\Tools\mips-ps1\mips\bin\mipsel-none-elf-ld.exe: (.rodata+0x2364): undefined reference to `CalculatePrizes__23tScreenBeTheCopCongrats'
C:\Tools\mips-ps1\mips\bin\mipsel-none-elf-ld.exe: (.rodata+0x236c): undefined reference to `DrawCongratsMessage__23tScreenBeTheCopCongrats'
C:\Tools\mips-ps1\mips\bin\mipsel-none-elf-ld.exe: (.rodata+0x2374): undefined reference to `GetCar__23tScreenBeTheCopCongratsR8tCarInfo'
C:\Tools\mips-ps1\mips\bin\mipsel-none-elf-ld.exe: build/asm/data/rdata_80010000.rodata.s.o: in function `_vt_23tScreenPinkSlipCongrats':
(.rodata+0x2384): undefined reference to `GetShapeInfo__15tScreenCongratsRsT1PPcT3'
C:\Tools\mips-ps1\mips\bin\mipsel-none-elf-ld.exe: (.rodata+0x238c): undefined reference to `DrawBackground__15tScreenCongrats'
C:\Tools\mips-ps1\mips\bin\mipsel-none-elf-ld.exe: (.rodata+0x2394): undefined reference to `DrawForeground__15tScreenCongrats'
C:\Tools\mips-ps1\mips\bin\mipsel-none-elf-ld.exe: (.rodata+0x239c): undefined reference to `___23tScreenPinkSlipCongrats'
C:\Tools\mips-ps1\mips\bin\mipsel-none-elf-ld.exe: (.rodata+0x23a4): undefined reference to `PreLoad__7tScreen'
C:\Tools\mips-ps1\mips\bin\mipsel-none-elf-ld.exe: (.rodata+0x23ac): undefined reference to `Initialize__23tScreenPinkSlipCongrats'
C:\Tools\mips-ps1\mips\bin\mipsel-none-elf-ld.exe: (.rodata+0x23b4): undefined reference to `Cleanup__23tScreenPinkSlipCongrats'
C:\Tools\mips-ps1\mips\bin\mipsel-none-elf-ld.exe: (.rodata+0x23bc): undefined reference to `TransitionIsFinished__7tScreen'
C:\Tools\mips-ps1\mips\bin\mipsel-none-elf-ld.exe: (.rodata+0x23c4): undefined reference to `ProcessInput__15tScreenCongrats7tPlayerR13tInputKeyTypeR12tMenuCommand'
C:\Tools\mips-ps1\mips\bin\mipsel-none-elf-ld.exe: (.rodata+0x23cc): undefined reference to `CalculatePrizes__23tScreenPinkSlipCongrats'
C:\Tools\mips-ps1\mips\bin\mipsel-none-elf-ld.exe: (.rodata+0x23d4): undefined reference to `DrawCongratsMessage__23tScreenPinkSlipCongrats'
C:\Tools\mips-ps1\mips\bin\mipsel-none-elf-ld.exe: (.rodata+0x23dc): undefined reference to `GetCar__23tScreenPinkSlipCongratsR8tCarInfo'
C:\Tools\mips-ps1\mips\bin\mipsel-none-elf-ld.exe: build/asm/data/rdata_80010000.rodata.s.o: in function `_vt_23tScreenTournamentTrophy':
(.rodata+0x23ec): undefined reference to `GetShapeInfo__15tScreenCongratsRsT1PPcT3'
C:\Tools\mips-ps1\mips\bin\mipsel-none-elf-ld.exe: (.rodata+0x23f4): undefined reference to `DrawBackground__15tScreenCongrats'
C:\Tools\mips-ps1\mips\bin\mipsel-none-elf-ld.exe: (.rodata+0x23fc): undefined reference to `DrawForeground__15tScreenCongrats'
C:\Tools\mips-ps1\mips\bin\mipsel-none-elf-ld.exe: (.rodata+0x2404): undefined reference to `___23tScreenTournamentTrophy'
C:\Tools\mips-ps1\mips\bin\mipsel-none-elf-ld.exe: (.rodata+0x240c): undefined reference to `PreLoad__7tScreen'
C:\Tools\mips-ps1\mips\bin\mipsel-none-elf-ld.exe: (.rodata+0x2414): undefined reference to `Initialize__15tScreenCongrats'
C:\Tools\mips-ps1\mips\bin\mipsel-none-elf-ld.exe: (.rodata+0x241c): undefined reference to `Cleanup__15tScreenCongrats'
C:\Tools\mips-ps1\mips\bin\mipsel-none-elf-ld.exe: (.rodata+0x2424): undefined reference to `TransitionIsFinished__7tScreen'
C:\Tools\mips-ps1\mips\bin\mipsel-none-elf-ld.exe: (.rodata+0x242c): undefined reference to `ProcessInput__23tScreenTournamentTrophy7tPlayerR13tInputKeyTypeR12tMenuCommand'
C:\Tools\mips-ps1\mips\bin\mipsel-none-elf-ld.exe: (.rodata+0x2434): undefined reference to `CalculatePrizes__23tScreenTournamentTrophy'
C:\Tools\mips-ps1\mips\bin\mipsel-none-elf-ld.exe: (.rodata+0x243c): undefined reference to `DrawCongratsMessage__23tScreenTournamentTrophy'
C:\Tools\mips-ps1\mips\bin\mipsel-none-elf-ld.exe: (.rodata+0x2444): undefined reference to `GetCar__23tScreenTournamentTrophyR8tCarInfo'
C:\Tools\mips-ps1\mips\bin\mipsel-none-elf-ld.exe: build/asm/data/rdata_80010000.rodata.s.o: in function `_vt_15tScreenCongrats':
(.rodata+0x2454): undefined reference to `GetShapeInfo__15tScreenCongratsRsT1PPcT3'
C:\Tools\mips-ps1\mips\bin\mipsel-none-elf-ld.exe: (.rodata+0x245c): undefined reference to `DrawBackground__15tScreenCongrats'
C:\Tools\mips-ps1\mips\bin\mipsel-none-elf-ld.exe: (.rodata+0x2464): undefined reference to `DrawForeground__15tScreenCongrats'
C:\Tools\mips-ps1\mips\bin\mipsel-none-elf-ld.exe: (.rodata+0x246c): undefined reference to `___15tScreenCongrats'
C:\Tools\mips-ps1\mips\bin\mipsel-none-elf-ld.exe: (.rodata+0x2474): undefined reference to `PreLoad__7tScreen'
C:\Tools\mips-ps1\mips\bin\mipsel-none-elf-ld.exe: (.rodata+0x247c): undefined reference to `Initialize__15tScreenCongrats'
C:\Tools\mips-ps1\mips\bin\mipsel-none-elf-ld.exe: (.rodata+0x2484): undefined reference to `Cleanup__15tScreenCongrats'
C:\Tools\mips-ps1\mips\bin\mipsel-none-elf-ld.exe: (.rodata+0x248c): undefined reference to `TransitionIsFinished__7tScreen'
C:\Tools\mips-ps1\mips\bin\mipsel-none-elf-ld.exe: (.rodata+0x2494): undefined reference to `ProcessInput__15tScreenCongrats7tPlayerR13tInputKeyTypeR12tMenuCommand'
C:\Tools\mips-ps1\mips\bin\mipsel-none-elf-ld.exe: (.rodata+0x249c): undefined reference to `CalculatePrizes__15tScreenCongrats'
C:\Tools\mips-ps1\mips\bin\mipsel-none-elf-ld.exe: (.rodata+0x24a4): undefined reference to `__pure_virtual'
C:\Tools\mips-ps1\mips\bin\mipsel-none-elf-ld.exe: (.rodata+0x24ac): undefined reference to `GetCar__15tScreenCongratsR8tCarInfo'
C:\Tools\mips-ps1\mips\bin\mipsel-none-elf-ld.exe: build/asm/data/rdata_80010000.rodata.s.o: in function `jtbl_80012538':
(.rodata+0x2538): undefined reference to `.L8004AB80'
C:\Tools\mips-ps1\mips\bin\mipsel-none-elf-ld.exe: (.rodata+0x253c): undefined reference to `.L8004AB38'
C:\Tools\mips-ps1\mips\bin\mipsel-none-elf-ld.exe: (.rodata+0x2540): undefined reference to `.L8004ABC8'
C:\Tools\mips-ps1\mips\bin\mipsel-none-elf-ld.exe: (.rodata+0x2544): undefined reference to `.L8004ABC8'
C:\Tools\mips-ps1\mips\bin\mipsel-none-elf-ld.exe: (.rodata+0x2548): undefined reference to `.L8004AB08'
C:\Tools\mips-ps1\mips\bin\mipsel-none-elf-ld.exe: (.rodata+0x254c): undefined reference to `.L8004AB74'
C:\Tools\mips-ps1\mips\bin\mipsel-none-elf-ld.exe: (.rodata+0x2550): undefined reference to `.L8004ABC8'
C:\Tools\mips-ps1\mips\bin\mipsel-none-elf-ld.exe: (.rodata+0x2554): undefined reference to `.L8004ABC8'
C:\Tools\mips-ps1\mips\bin\mipsel-none-elf-ld.exe: (.rodata+0x2558): undefined reference to `.L8004AB8C'
C:\Tools\mips-ps1\mips\bin\mipsel-none-elf-ld.exe: (.rodata+0x255c): undefined reference to `.L8004AB2C'
C:\Tools\mips-ps1\mips\bin\mipsel-none-elf-ld.exe: (.rodata+0x2560): undefined reference to `.L8004ABC8'
C:\Tools\mips-ps1\mips\bin\mipsel-none-elf-ld.exe: (.rodata+0x2564): undefined reference to `.L8004ABC8'
C:\Tools\mips-ps1\mips\bin\mipsel-none-elf-ld.exe: (.rodata+0x2568): undefined reference to `.L8004ABA8'
C:\Tools\mips-ps1\mips\bin\mipsel-none-elf-ld.exe: (.rodata+0x256c): undefined reference to `.L8004AB44'
C:\Tools\mips-ps1\mips\bin\mipsel-none-elf-ld.exe: (.rodata+0x2570): undefined reference to `.L8004ABC8'
C:\Tools\mips-ps1\mips\bin\mipsel-none-elf-ld.exe: (.rodata+0x2574): undefined reference to `.L8004ABC8'
C:\Tools\mips-ps1\mips\bin\mipsel-none-elf-ld.exe: (.rodata+0x2578): undefined reference to `.L8004ABC8'
C:\Tools\mips-ps1\mips\bin\mipsel-none-elf-ld.exe: (.rodata+0x257c): undefined reference to `.L8004AB68'
C:\Tools\mips-ps1\mips\bin\mipsel-none-elf-ld.exe: (.rodata+0x2580): undefined reference to `.L8004ABB4'
C:\Tools\mips-ps1\mips\bin\mipsel-none-elf-ld.exe: (.rodata+0x2584): undefined reference to `.L8004AB50'
C:\Tools\mips-ps1\mips\bin\mipsel-none-elf-ld.exe: (.rodata+0x2588): undefined reference to `.L8004ABC8'
C:\Tools\mips-ps1\mips\bin\mipsel-none-elf-ld.exe: (.rodata+0x258c): undefined reference to `.L8004ABC8'
C:\Tools\mips-ps1\mips\bin\mipsel-none-elf-ld.exe: (.rodata+0x2590): undefined reference to `.L8004AB14'
C:\Tools\mips-ps1\mips\bin\mipsel-none-elf-ld.exe: (.rodata+0x2594): undefined reference to `.L8004ABC8'
C:\Tools\mips-ps1\mips\bin\mipsel-none-elf-ld.exe: (.rodata+0x2598): undefined reference to `.L8004ABC8'
C:\Tools\mips-ps1\mips\bin\mipsel-none-elf-ld.exe: (.rodata+0x259c): undefined reference to `.L8004ABC0'
C:\Tools\mips-ps1\mips\bin\mipsel-none-elf-ld.exe: (.rodata+0x25a0): undefined reference to `.L8004AB5C'
C:\Tools\mips-ps1\mips\bin\mipsel-none-elf-ld.exe: (.rodata+0x25a4): undefined reference to `.L8004ABC8'
C:\Tools\mips-ps1\mips\bin\mipsel-none-elf-ld.exe: (.rodata+0x25a8): undefined reference to `.L8004AB20'
C:\Tools\mips-ps1\mips\bin\mipsel-none-elf-ld.exe: build/asm/data/rdata_80010000.rodata.s.o: in function `jtbl_800125F0':
(.rodata+0x25f0): undefined reference to `.L8004B3D4'
C:\Tools\mips-ps1\mips\bin\mipsel-none-elf-ld.exe: (.rodata+0x25f4): undefined reference to `.L8004B5E0'
C:\Tools\mips-ps1\mips\bin\mipsel-none-elf-ld.exe: (.rodata+0x25f8): undefined reference to `.L8004B468'
C:\Tools\mips-ps1\mips\bin\mipsel-none-elf-ld.exe: (.rodata+0x25fc): undefined reference to `.L8004B470'
C:\Tools\mips-ps1\mips\bin\mipsel-none-elf-ld.exe: (.rodata+0x2600): undefined reference to `.L8004B5E0'
C:\Tools\mips-ps1\mips\bin\mipsel-none-elf-ld.exe: (.rodata+0x2604): undefined reference to `.L8004B4FC'
C:\Tools\mips-ps1\mips\bin\mipsel-none-elf-ld.exe: (.rodata+0x2608): undefined reference to `.L8004B5E0'
C:\Tools\mips-ps1\mips\bin\mipsel-none-elf-ld.exe: (.rodata+0x260c): undefined reference to `.L8004B5E0'
C:\Tools\mips-ps1\mips\bin\mipsel-none-elf-ld.exe: (.rodata+0x2610): undefined reference to `.L8004B5E0'
C:\Tools\mips-ps1\mips\bin\mipsel-none-elf-ld.exe: (.rodata+0x2614): undefined reference to `.L8004B5E0'
C:\Tools\mips-ps1\mips\bin\mipsel-none-elf-ld.exe: (.rodata+0x2618): undefined reference to `.L8004B5E0'
C:\Tools\mips-ps1\mips\bin\mipsel-none-elf-ld.exe: build/asm/data/rdata_80010000.rodata.s.o:(.rodata+0x261c): more undefined references to `.L8004B5E0' follow
C:\Tools\mips-ps1\mips\bin\mipsel-none-elf-ld.exe: build/asm/data/rdata_80010000.rodata.s.o: in function `jtbl_800125F0':
(.rodata+0x2620): undefined reference to `.L8004B604'
C:\Tools\mips-ps1\mips\bin\mipsel-none-elf-ld.exe: (.rodata+0x2624): undefined reference to `.L8004B5E0'
C:\Tools\mips-ps1\mips\bin\mipsel-none-elf-ld.exe: (.rodata+0x2628): undefined reference to `.L8004B5E0'
C:\Tools\mips-ps1\mips\bin\mipsel-none-elf-ld.exe: (.rodata+0x262c): undefined reference to `.L8004B5E0'
C:\Tools\mips-ps1\mips\bin\mipsel-none-elf-ld.exe: (.rodata+0x2630): undefined reference to `.L8004B5E0'
C:\Tools\mips-ps1\mips\bin\mipsel-none-elf-ld.exe: (.rodata+0x2634): undefined reference to `.L8004B5E0'
C:\Tools\mips-ps1\mips\bin\mipsel-none-elf-ld.exe: build/asm/data/rdata_80010000.rodata.s.o:(.rodata+0x2638): more undefined references to `.L8004B5E0' follow
C:\Tools\mips-ps1\mips\bin\mipsel-none-elf-ld.exe: build/asm/data/rdata_80010000.rodata.s.o: in function `jtbl_800125F0':
(.rodata+0x266c): undefined reference to `.L8004B3DC'
C:\Tools\mips-ps1\mips\bin\mipsel-none-elf-ld.exe: (.rodata+0x2670): undefined reference to `.L8004B5E0'
C:\Tools\mips-ps1\mips\bin\mipsel-none-elf-ld.exe: (.rodata+0x2674): undefined reference to `.L8004B5E0'
C:\Tools\mips-ps1\mips\bin\mipsel-none-elf-ld.exe: (.rodata+0x2678): undefined reference to `.L8004B5E0'
C:\Tools\mips-ps1\mips\bin\mipsel-none-elf-ld.exe: (.rodata+0x267c): undefined reference to `.L8004B5E0'
C:\Tools\mips-ps1\mips\bin\mipsel-none-elf-ld.exe: (.rodata+0x2680): undefined reference to `.L8004B5E0'
C:\Tools\mips-ps1\mips\bin\mipsel-none-elf-ld.exe: build/asm/data/rdata_80010000.rodata.s.o:(.rodata+0x2684): more undefined references to `.L8004B5E0' follow
C:\Tools\mips-ps1\mips\bin\mipsel-none-elf-ld.exe: build/asm/data/rdata_80010000.rodata.s.o: in function `jtbl_800125F0':
(.rodata+0x26e4): undefined reference to `.L8004B554'
C:\Tools\mips-ps1\mips\bin\mipsel-none-elf-ld.exe: build/asm/data/rdata_80010000.rodata.s.o: in function `_vt_15tScreenUserName':
(.rodata+0x26f4): undefined reference to `GetShapeInfo__15tScreenUserNameRsT1PPcT3'
C:\Tools\mips-ps1\mips\bin\mipsel-none-elf-ld.exe: (.rodata+0x26fc): undefined reference to `DrawBackground__15tScreenUserName'
C:\Tools\mips-ps1\mips\bin\mipsel-none-elf-ld.exe: (.rodata+0x2704): undefined reference to `DrawForeground__7tScreen'
C:\Tools\mips-ps1\mips\bin\mipsel-none-elf-ld.exe: (.rodata+0x270c): undefined reference to `___15tScreenUserName'
C:\Tools\mips-ps1\mips\bin\mipsel-none-elf-ld.exe: (.rodata+0x2714): undefined reference to `PreLoad__7tScreen'
C:\Tools\mips-ps1\mips\bin\mipsel-none-elf-ld.exe: (.rodata+0x271c): undefined reference to `Initialize__15tScreenUserName'
C:\Tools\mips-ps1\mips\bin\mipsel-none-elf-ld.exe: (.rodata+0x2724): undefined reference to `Cleanup__7tScreen'
C:\Tools\mips-ps1\mips\bin\mipsel-none-elf-ld.exe: (.rodata+0x272c): undefined reference to `TransitionIsFinished__7tScreen'
C:\Tools\mips-ps1\mips\bin\mipsel-none-elf-ld.exe: (.rodata+0x2734): undefined reference to `ProcessInput__7tScreen7tPlayerR13tInputKeyTypeR12tMenuCommand'
C:\Tools\mips-ps1\mips\bin\mipsel-none-elf-ld.exe: build/asm/data/rdata_80010000.rodata.s.o: in function `jtbl_80012858':
(.rodata+0x2858): undefined reference to `.L8005000C'
C:\Tools\mips-ps1\mips\bin\mipsel-none-elf-ld.exe: (.rodata+0x285c): undefined reference to `.L80050028'
C:\Tools\mips-ps1\mips\bin\mipsel-none-elf-ld.exe: (.rodata+0x2860): undefined reference to `.L80050040'
C:\Tools\mips-ps1\mips\bin\mipsel-none-elf-ld.exe: (.rodata+0x2864): undefined reference to `.L8005000C'
C:\Tools\mips-ps1\mips\bin\mipsel-none-elf-ld.exe: (.rodata+0x2868): undefined reference to `.L80050050'
C:\Tools\mips-ps1\mips\bin\mipsel-none-elf-ld.exe: build/asm/data/rdata_80010000.rodata.s.o: in function `jtbl_80012870':
(.rodata+0x2870): undefined reference to `.L80050094'
C:\Tools\mips-ps1\mips\bin\mipsel-none-elf-ld.exe: (.rodata+0x2874): undefined reference to `.L800500E0'
C:\Tools\mips-ps1\mips\bin\mipsel-none-elf-ld.exe: (.rodata+0x2878): undefined reference to `.L80050114'
C:\Tools\mips-ps1\mips\bin\mipsel-none-elf-ld.exe: (.rodata+0x287c): undefined reference to `.L80050148'
C:\Tools\mips-ps1\mips\bin\mipsel-none-elf-ld.exe: (.rodata+0x2880): undefined reference to `.L8005017C'
C:\Tools\mips-ps1\mips\bin\mipsel-none-elf-ld.exe: build/asm/data/rdata_80010000.rodata.s.o: in function `jtbl_80012888':
(.rodata+0x2888): undefined reference to `.L800506C4'
C:\Tools\mips-ps1\mips\bin\mipsel-none-elf-ld.exe: (.rodata+0x288c): undefined reference to `.L8005057C'
C:\Tools\mips-ps1\mips\bin\mipsel-none-elf-ld.exe: (.rodata+0x2890): undefined reference to `.L8005058C'
C:\Tools\mips-ps1\mips\bin\mipsel-none-elf-ld.exe: (.rodata+0x2894): undefined reference to `.L8005059C'
C:\Tools\mips-ps1\mips\bin\mipsel-none-elf-ld.exe: (.rodata+0x2898): undefined reference to `.L800505CC'
C:\Tools\mips-ps1\mips\bin\mipsel-none-elf-ld.exe: (.rodata+0x289c): undefined reference to `.L80050654'
C:\Tools\mips-ps1\mips\bin\mipsel-none-elf-ld.exe: (.rodata+0x28a0): undefined reference to `.L8005065C'
C:\Tools\mips-ps1\mips\bin\mipsel-none-elf-ld.exe: (.rodata+0x28a4): undefined reference to `.L800506A8'
C:\Tools\mips-ps1\mips\bin\mipsel-none-elf-ld.exe: build/asm/data/rdata_80054548.rodata.s.o: in function `D_80054DCC':
(.rodata+0x890): undefined reference to `__pure_virtual'
C:\Tools\mips-ps1\mips\bin\mipsel-none-elf-ld.exe: (.rodata+0x898): undefined reference to `___15AIHigh_BTC_Perp'
C:\Tools\mips-ps1\mips\bin\mipsel-none-elf-ld.exe: (.rodata+0x8a0): undefined reference to `CheckForCrimes__16AIHigh_BasicPerp'
C:\Tools\mips-ps1\mips\bin\mipsel-none-elf-ld.exe: build/asm/data/rdata_80054548.rodata.s.o: in function `D_80054DEC':
(.rodata+0x8b0): undefined reference to `HighExecute__11AIHigh_None'
C:\Tools\mips-ps1\mips\bin\mipsel-none-elf-ld.exe: (.rodata+0x8b8): undefined reference to `___11AIHigh_None'
C:\Tools\mips-ps1\mips\bin\mipsel-none-elf-ld.exe: build/asm/data/rdata_80054548.rodata.s.o: in function `_vt_11AIHigh_Base':
(.rodata+0x8c8): undefined reference to `__pure_virtual'
C:\Tools\mips-ps1\mips\bin\mipsel-none-elf-ld.exe: (.rodata+0x8d0): undefined reference to `___11AIHigh_Base'
C:\Tools\mips-ps1\mips\bin\mipsel-none-elf-ld.exe: build/asm/data/rdata_80054548.rodata.s.o: in function `D_80054E1C':
(.rodata+0x8e0): undefined reference to `Execute__12AIState_None'
C:\Tools\mips-ps1\mips\bin\mipsel-none-elf-ld.exe: (.rodata+0x8e8): undefined reference to `___12AIState_None'
C:\Tools\mips-ps1\mips\bin\mipsel-none-elf-ld.exe: (.rodata+0x8f0): undefined reference to `TestForRelease__12AIState_Base'
C:\Tools\mips-ps1\mips\bin\mipsel-none-elf-ld.exe: build/asm/data/rdata_80054548.rodata.s.o: in function `D_80054E3C':
(.rodata+0x900): undefined reference to `__pure_virtual'
C:\Tools\mips-ps1\mips\bin\mipsel-none-elf-ld.exe: (.rodata+0x908): undefined reference to `___12AIState_Base'
C:\Tools\mips-ps1\mips\bin\mipsel-none-elf-ld.exe: (.rodata+0x910): undefined reference to `TestForRelease__12AIState_Base'
C:\Tools\mips-ps1\mips\bin\mipsel-none-elf-ld.exe: build/asm/data/rdata_80054548.rodata.s.o: in function `_vt_16AIHigh_BasicPerp':
(.rodata+0x930): undefined reference to `__pure_virtual'
C:\Tools\mips-ps1\mips\bin\mipsel-none-elf-ld.exe: (.rodata+0x938): undefined reference to `___16AIHigh_BasicPerp'
C:\Tools\mips-ps1\mips\bin\mipsel-none-elf-ld.exe: (.rodata+0x940): undefined reference to `CheckForCrimes__16AIHigh_BasicPerp'
C:\Tools\mips-ps1\mips\bin\mipsel-none-elf-ld.exe: build/asm/data/rdata_80054548.rodata.s.o: in function `D_80054E9C':
(.rodata+0x960): undefined reference to `__pure_virtual'
C:\Tools\mips-ps1\mips\bin\mipsel-none-elf-ld.exe: (.rodata+0x968): undefined reference to `___15AIHigh_BasicCop'
C:\Tools\mips-ps1\mips\bin\mipsel-none-elf-ld.exe: build/asm/data/rdata_80054548.rodata.s.o: in function `_vt_18AIHigh_BTC_Wingman':
(.rodata+0x988): undefined reference to `HighExecute__18AIHigh_BTC_Wingman'
C:\Tools\mips-ps1\mips\bin\mipsel-none-elf-ld.exe: (.rodata+0x990): undefined reference to `___18AIHigh_BTC_Wingman'
C:\Tools\mips-ps1\mips\bin\mipsel-none-elf-ld.exe: (.rodata+0x998): undefined reference to `FreezeAndEndChase__14AIHigh_BTC_Cop'
C:\Tools\mips-ps1\mips\bin\mipsel-none-elf-ld.exe: build/asm/data/rdata_80054548.rodata.s.o: in function `_vt_19AIHigh_BTC_HumanCop':
(.rodata+0x9a8): undefined reference to `HighExecute__19AIHigh_BTC_HumanCop'
C:\Tools\mips-ps1\mips\bin\mipsel-none-elf-ld.exe: (.rodata+0x9b0): undefined reference to `___19AIHigh_BTC_HumanCop'
C:\Tools\mips-ps1\mips\bin\mipsel-none-elf-ld.exe: (.rodata+0x9b8): undefined reference to `FreezeAndEndChase__19AIHigh_BTC_HumanCop'
C:\Tools\mips-ps1\mips\bin\mipsel-none-elf-ld.exe: build/asm/data/rdata_80054548.rodata.s.o: in function `_vt_14AIHigh_BTC_Cop':
(.rodata+0x9c8): undefined reference to `__pure_virtual'
C:\Tools\mips-ps1\mips\bin\mipsel-none-elf-ld.exe: (.rodata+0x9d0): undefined reference to `___14AIHigh_BTC_Cop'
C:\Tools\mips-ps1\mips\bin\mipsel-none-elf-ld.exe: (.rodata+0x9d8): undefined reference to `FreezeAndEndChase__14AIHigh_BTC_Cop'
C:\Tools\mips-ps1\mips\bin\mipsel-none-elf-ld.exe: build/asm/data/rdata_80054548.rodata.s.o: in function `D_80054F24':
(.rodata+0x9e8): undefined reference to `Execute__17AIState_NonActive'
C:\Tools\mips-ps1\mips\bin\mipsel-none-elf-ld.exe: (.rodata+0x9f0): undefined reference to `___17AIState_NonActive'
C:\Tools\mips-ps1\mips\bin\mipsel-none-elf-ld.exe: (.rodata+0x9f8): undefined reference to `TestForRelease__12AIState_Base_8005F678'
C:\Tools\mips-ps1\mips\bin\mipsel-none-elf-ld.exe: build/asm/data/rdata_80054548.rodata.s.o: in function `D_80054F44':
(.rodata+0xa08): undefined reference to `__pure_virtual'
C:\Tools\mips-ps1\mips\bin\mipsel-none-elf-ld.exe: (.rodata+0xa10): undefined reference to `___12AIState_Base_8005F680'
C:\Tools\mips-ps1\mips\bin\mipsel-none-elf-ld.exe: (.rodata+0xa18): undefined reference to `TestForRelease__12AIState_Base_8005F678'
C:\Tools\mips-ps1\mips\bin\mipsel-none-elf-ld.exe: build/asm/data/rdata_80054548.rodata.s.o: in function `jtbl_80054F64':
(.rodata+0xa1c): undefined reference to `.L8005E390'
C:\Tools\mips-ps1\mips\bin\mipsel-none-elf-ld.exe: (.rodata+0xa20): undefined reference to `.L8005EDA4'
C:\Tools\mips-ps1\mips\bin\mipsel-none-elf-ld.exe: (.rodata+0xa24): undefined reference to `.L8005E448'
C:\Tools\mips-ps1\mips\bin\mipsel-none-elf-ld.exe: (.rodata+0xa28): undefined reference to `.L8005E91C'
C:\Tools\mips-ps1\mips\bin\mipsel-none-elf-ld.exe: (.rodata+0xa2c): undefined reference to `.L8005E650'
C:\Tools\mips-ps1\mips\bin\mipsel-none-elf-ld.exe: (.rodata+0xa30): undefined reference to `.L8005EDA4'
C:\Tools\mips-ps1\mips\bin\mipsel-none-elf-ld.exe: (.rodata+0xa34): undefined reference to `.L8005EDA4'
C:\Tools\mips-ps1\mips\bin\mipsel-none-elf-ld.exe: (.rodata+0xa38): undefined reference to `.L8005EC68'
C:\Tools\mips-ps1\mips\bin\mipsel-none-elf-ld.exe: (.rodata+0xa3c): undefined reference to `.L8005EDA4'
C:\Tools\mips-ps1\mips\bin\mipsel-none-elf-ld.exe: (.rodata+0xa40): undefined reference to `.L8005ED34'
C:\Tools\mips-ps1\mips\bin\mipsel-none-elf-ld.exe: (.rodata+0xa44): undefined reference to `.L8005EDA4'
C:\Tools\mips-ps1\mips\bin\mipsel-none-elf-ld.exe: build/asm/data/rdata_80054548.rodata.s.o: in function `_vt_17AIHigh_BTC_AIPerp':
(.rodata+0xa64): undefined reference to `HighExecute__17AIHigh_BTC_AIPerp'
C:\Tools\mips-ps1\mips\bin\mipsel-none-elf-ld.exe: (.rodata+0xa6c): undefined reference to `___17AIHigh_BTC_AIPerp'
C:\Tools\mips-ps1\mips\bin\mipsel-none-elf-ld.exe: (.rodata+0xa74): undefined reference to `CheckForCrimes__16AIHigh_BasicPerp'
C:\Tools\mips-ps1\mips\bin\mipsel-none-elf-ld.exe: build/asm/data/rdata_80054548.rodata.s.o: in function `_vt_20AIHigh_BTC_HumanPerp':
(.rodata+0xa84): undefined reference to `HighExecute__20AIHigh_BTC_HumanPerp'
C:\Tools\mips-ps1\mips\bin\mipsel-none-elf-ld.exe: (.rodata+0xa8c): undefined reference to `___20AIHigh_BTC_HumanPerp'
C:\Tools\mips-ps1\mips\bin\mipsel-none-elf-ld.exe: (.rodata+0xa94): undefined reference to `CheckForCrimes__16AIHigh_BasicPerp'
C:\Tools\mips-ps1\mips\bin\mipsel-none-elf-ld.exe: build/asm/data/rdata_80054548.rodata.s.o: in function `D_80054FE0':
(.rodata+0xaa4): undefined reference to `__pure_virtual'
C:\Tools\mips-ps1\mips\bin\mipsel-none-elf-ld.exe: (.rodata+0xaac): undefined reference to `___15AIHigh_BTC_Perp'
C:\Tools\mips-ps1\mips\bin\mipsel-none-elf-ld.exe: (.rodata+0xab4): undefined reference to `CheckForCrimes__16AIHigh_BasicPerp'
C:\Tools\mips-ps1\mips\bin\mipsel-none-elf-ld.exe: build/asm/data/rdata_80054548.rodata.s.o: in function `D_80055000':
(.rodata+0xac4): undefined reference to `Execute__17AIState_NonActive_80061370'
C:\Tools\mips-ps1\mips\bin\mipsel-none-elf-ld.exe: (.rodata+0xacc): undefined reference to `___17AIState_NonActive_80061378'
C:\Tools\mips-ps1\mips\bin\mipsel-none-elf-ld.exe: (.rodata+0xad4): undefined reference to `TestForRelease__12AIState_Base_800613C4'
C:\Tools\mips-ps1\mips\bin\mipsel-none-elf-ld.exe: build/asm/data/rdata_80054548.rodata.s.o: in function `D_80055020':
(.rodata+0xae4): undefined reference to `__pure_virtual'
C:\Tools\mips-ps1\mips\bin\mipsel-none-elf-ld.exe: (.rodata+0xaec): undefined reference to `___12AIState_Base_800613CC'
C:\Tools\mips-ps1\mips\bin\mipsel-none-elf-ld.exe: (.rodata+0xaf4): undefined reference to `TestForRelease__12AIState_Base_800613C4'
C:\Tools\mips-ps1\mips\bin\mipsel-none-elf-ld.exe: build/asm/data/rdata_80054548.rodata.s.o: in function `jtbl_80055040':
(.rodata+0xaf8): undefined reference to `.L80060B70'
C:\Tools\mips-ps1\mips\bin\mipsel-none-elf-ld.exe: (.rodata+0xafc): undefined reference to `.L80060D50'
C:\Tools\mips-ps1\mips\bin\mipsel-none-elf-ld.exe: (.rodata+0xb00): undefined reference to `.L80060924'
C:\Tools\mips-ps1\mips\bin\mipsel-none-elf-ld.exe: (.rodata+0xb04): undefined reference to `.L80060D50'
C:\Tools\mips-ps1\mips\bin\mipsel-none-elf-ld.exe: (.rodata+0xb08): undefined reference to `.L80060D50'
C:\Tools\mips-ps1\mips\bin\mipsel-none-elf-ld.exe: (.rodata+0xb0c): undefined reference to `.L80060D50'
C:\Tools\mips-ps1\mips\bin\mipsel-none-elf-ld.exe: (.rodata+0xb10): undefined reference to `.L80060D50'
C:\Tools\mips-ps1\mips\bin\mipsel-none-elf-ld.exe: (.rodata+0xb14): undefined reference to `.L80060C1C'
C:\Tools\mips-ps1\mips\bin\mipsel-none-elf-ld.exe: (.rodata+0xb18): undefined reference to `.L80060D50'
C:\Tools\mips-ps1\mips\bin\mipsel-none-elf-ld.exe: (.rodata+0xb1c): undefined reference to `.L80060D50'
C:\Tools\mips-ps1\mips\bin\mipsel-none-elf-ld.exe: (.rodata+0xb20): undefined reference to `.L80060C48'
C:\Tools\mips-ps1\mips\bin\mipsel-none-elf-ld.exe: build/asm/data/rdata_80054548.rodata.s.o: in function `jtbl_80055070':
(.rodata+0xb28): undefined reference to `.L80060B30'
C:\Tools\mips-ps1\mips\bin\mipsel-none-elf-ld.exe: (.rodata+0xb2c): undefined reference to `.L80060954'
C:\Tools\mips-ps1\mips\bin\mipsel-none-elf-ld.exe: (.rodata+0xb30): undefined reference to `.L800609EC'
C:\Tools\mips-ps1\mips\bin\mipsel-none-elf-ld.exe: (.rodata+0xb34): undefined reference to `.L80060B30'
C:\Tools\mips-ps1\mips\bin\mipsel-none-elf-ld.exe: (.rodata+0xb38): undefined reference to `.L800609F8'
C:\Tools\mips-ps1\mips\bin\mipsel-none-elf-ld.exe: (.rodata+0xb3c): undefined reference to `.L80060B30'
C:\Tools\mips-ps1\mips\bin\mipsel-none-elf-ld.exe: build/asm/data/rdata_80054548.rodata.s.o: in function `D_80055098':
(.rodata+0xb5c): undefined reference to `__pure_virtual'
C:\Tools\mips-ps1\mips\bin\mipsel-none-elf-ld.exe: (.rodata+0xb64): undefined reference to `___13AIHigh_Player'
C:\Tools\mips-ps1\mips\bin\mipsel-none-elf-ld.exe: (.rodata+0xb6c): undefined reference to `CheckForCrimes__16AIHigh_BasicPerp'
C:\Tools\mips-ps1\mips\bin\mipsel-none-elf-ld.exe: build/asm/data/rdata_80054548.rodata.s.o: in function `_vt_12AIHigh_Human':
(.rodata+0xb8c): undefined reference to `HighExecute__12AIHigh_Human'
C:\Tools\mips-ps1\mips\bin\mipsel-none-elf-ld.exe: (.rodata+0xb94): undefined reference to `___12AIHigh_Human'
C:\Tools\mips-ps1\mips\bin\mipsel-none-elf-ld.exe: (.rodata+0xb9c): undefined reference to `CheckForCrimes__16AIHigh_BasicPerp'
C:\Tools\mips-ps1\mips\bin\mipsel-none-elf-ld.exe: build/asm/data/rdata_80054548.rodata.s.o: in function `_vt_15AIHigh_Opponent':
(.rodata+0xbbc): undefined reference to `HighExecute__15AIHigh_Opponent'
C:\Tools\mips-ps1\mips\bin\mipsel-none-elf-ld.exe: (.rodata+0xbc4): undefined reference to `___15AIHigh_Opponent'
C:\Tools\mips-ps1\mips\bin\mipsel-none-elf-ld.exe: (.rodata+0xbcc): undefined reference to `CheckForCrimes__16AIHigh_BasicPerp'
C:\Tools\mips-ps1\mips\bin\mipsel-none-elf-ld.exe: build/asm/data/rdata_80054548.rodata.s.o: in function `jtbl_80055118':
(.rodata+0xbd0): undefined reference to `.L80063808'
C:\Tools\mips-ps1\mips\bin\mipsel-none-elf-ld.exe: (.rodata+0xbd4): undefined reference to `.L80063AC0'
C:\Tools\mips-ps1\mips\bin\mipsel-none-elf-ld.exe: (.rodata+0xbd8): undefined reference to `.L80063858'
C:\Tools\mips-ps1\mips\bin\mipsel-none-elf-ld.exe: (.rodata+0xbdc): undefined reference to `.L80063AC0'
C:\Tools\mips-ps1\mips\bin\mipsel-none-elf-ld.exe: (.rodata+0xbe0): undefined reference to `.L80063988'
C:\Tools\mips-ps1\mips\bin\mipsel-none-elf-ld.exe: (.rodata+0xbe4): undefined reference to `.L80063AC0'
C:\Tools\mips-ps1\mips\bin\mipsel-none-elf-ld.exe: (.rodata+0xbe8): undefined reference to `.L80063AC0'
C:\Tools\mips-ps1\mips\bin\mipsel-none-elf-ld.exe: (.rodata+0xbec): undefined reference to `.L80063AC0'
C:\Tools\mips-ps1\mips\bin\mipsel-none-elf-ld.exe: (.rodata+0xbf0): undefined reference to `.L80063AC0'
C:\Tools\mips-ps1\mips\bin\mipsel-none-elf-ld.exe: (.rodata+0xbf4): undefined reference to `.L80063AC0'
C:\Tools\mips-ps1\mips\bin\mipsel-none-elf-ld.exe: build/asm/data/rdata_80054548.rodata.s.o:(.rodata+0xbf8): more undefined references to `.L80063AC0' follow
C:\Tools\mips-ps1\mips\bin\mipsel-none-elf-ld.exe: build/asm/data/rdata_80054548.rodata.s.o: in function `_vt_10AIHigh_Cop':
(.rodata+0xc18): undefined reference to `HighExecute__10AIHigh_Cop'
C:\Tools\mips-ps1\mips\bin\mipsel-none-elf-ld.exe: (.rodata+0xc20): undefined reference to `___10AIHigh_Cop'
C:\Tools\mips-ps1\mips\bin\mipsel-none-elf-ld.exe: build/asm/data/rdata_80054548.rodata.s.o: in function `jtbl_8005516C':
(.rodata+0xc24): undefined reference to `.L80063D38'
C:\Tools\mips-ps1\mips\bin\mipsel-none-elf-ld.exe: (.rodata+0xc28): undefined reference to `.L80063E28'
C:\Tools\mips-ps1\mips\bin\mipsel-none-elf-ld.exe: (.rodata+0xc2c): undefined reference to `.L8006422C'
C:\Tools\mips-ps1\mips\bin\mipsel-none-elf-ld.exe: (.rodata+0xc30): undefined reference to `.L800648D8'
C:\Tools\mips-ps1\mips\bin\mipsel-none-elf-ld.exe: (.rodata+0xc34): undefined reference to `.L80064440'
C:\Tools\mips-ps1\mips\bin\mipsel-none-elf-ld.exe: (.rodata+0xc38): undefined reference to `.L80065118'
C:\Tools\mips-ps1\mips\bin\mipsel-none-elf-ld.exe: (.rodata+0xc3c): undefined reference to `.L8006536C'
C:\Tools\mips-ps1\mips\bin\mipsel-none-elf-ld.exe: (.rodata+0xc40): undefined reference to `.L8006536C'
C:\Tools\mips-ps1\mips\bin\mipsel-none-elf-ld.exe: (.rodata+0xc44): undefined reference to `.L8006536C'
C:\Tools\mips-ps1\mips\bin\mipsel-none-elf-ld.exe: (.rodata+0xc48): undefined reference to `.L800652FC'
C:\Tools\mips-ps1\mips\bin\mipsel-none-elf-ld.exe: (.rodata+0xc4c): undefined reference to `.L8006536C'
C:\Tools\mips-ps1\mips\bin\mipsel-none-elf-ld.exe: build/asm/data/rdata_80054548.rodata.s.o: in function `_vt_14AIHigh_Traffic':
(.rodata+0xc74): undefined reference to `HighExecute__14AIHigh_Traffic'
C:\Tools\mips-ps1\mips\bin\mipsel-none-elf-ld.exe: (.rodata+0xc7c): undefined reference to `___14AIHigh_Traffic'
C:\Tools\mips-ps1\mips\bin\mipsel-none-elf-ld.exe: build/asm/data/rdata_80054548.rodata.s.o: in function `jtbl_800551C8':
(.rodata+0xc80): undefined reference to `.L80065ED0'
C:\Tools\mips-ps1\mips\bin\mipsel-none-elf-ld.exe: (.rodata+0xc84): undefined reference to `.L80065FD4'
C:\Tools\mips-ps1\mips\bin\mipsel-none-elf-ld.exe: (.rodata+0xc88): undefined reference to `.L800661E0'
C:\Tools\mips-ps1\mips\bin\mipsel-none-elf-ld.exe: (.rodata+0xc8c): undefined reference to `.L80066514'
C:\Tools\mips-ps1\mips\bin\mipsel-none-elf-ld.exe: (.rodata+0xc90): undefined reference to `.L800666D0'
C:\Tools\mips-ps1\mips\bin\mipsel-none-elf-ld.exe: (.rodata+0xc94): undefined reference to `.L800666D0'
C:\Tools\mips-ps1\mips\bin\mipsel-none-elf-ld.exe: (.rodata+0xc98): undefined reference to `.L800665A4'
C:\Tools\mips-ps1\mips\bin\mipsel-none-elf-ld.exe: (.rodata+0xc9c): undefined reference to `.L800666D0'
C:\Tools\mips-ps1\mips\bin\mipsel-none-elf-ld.exe: (.rodata+0xca0): undefined reference to `.L800666D0'
C:\Tools\mips-ps1\mips\bin\mipsel-none-elf-ld.exe: (.rodata+0xca4): undefined reference to `.L800666D0'
C:\Tools\mips-ps1\mips\bin\mipsel-none-elf-ld.exe: (.rodata+0xca8): undefined reference to `.L800666D0'
C:\Tools\mips-ps1\mips\bin\mipsel-none-elf-ld.exe: build/asm/data/rdata_80054548.rodata.s.o: in function `D_80055410':
(.rodata+0xef0): undefined reference to `___26AIDataRecord_CarTracking_t'
C:\Tools\mips-ps1\mips\bin\mipsel-none-elf-ld.exe: (.rodata+0xef8): undefined reference to `Setup__14AIDataRecord_t'
C:\Tools\mips-ps1\mips\bin\mipsel-none-elf-ld.exe: (.rodata+0xf00): undefined reference to `Get__26AIDataRecord_CarTracking_ti'
C:\Tools\mips-ps1\mips\bin\mipsel-none-elf-ld.exe: build/asm/data/rdata_80054548.rodata.s.o: in function `D_8005544C':
(.rodata+0xf10): undefined reference to `___30AIDataRecord_CurveSpeedTable_t'
C:\Tools\mips-ps1\mips\bin\mipsel-none-elf-ld.exe: (.rodata+0xf18): undefined reference to `Setup__14AIDataRecord_t'
C:\Tools\mips-ps1\mips\bin\mipsel-none-elf-ld.exe: build/asm/data/rdata_80054548.rodata.s.o: in function `D_80055464':
(.rodata+0xf28): undefined reference to `___25AIDataRecord_TrackCurve_t'
C:\Tools\mips-ps1\mips\bin\mipsel-none-elf-ld.exe: (.rodata+0xf30): undefined reference to `Setup__14AIDataRecord_t'
C:\Tools\mips-ps1\mips\bin\mipsel-none-elf-ld.exe: build/asm/data/rdata_80054548.rodata.s.o: in function `D_8005547C':
(.rodata+0xf40): undefined reference to `___23AIDataRecord_BestLine_t'
C:\Tools\mips-ps1\mips\bin\mipsel-none-elf-ld.exe: (.rodata+0xf48): undefined reference to `Setup__14AIDataRecord_t'
C:\Tools\mips-ps1\mips\bin\mipsel-none-elf-ld.exe: build/asm/data/rdata_80054548.rodata.s.o: in function `_vt_23AIDataRecord_AccTable_t':
(.rodata+0xf58): undefined reference to `___23AIDataRecord_AccTable_t'
C:\Tools\mips-ps1\mips\bin\mipsel-none-elf-ld.exe: (.rodata+0xf60): undefined reference to `Setup__23AIDataRecord_AccTable_t'
C:\Tools\mips-ps1\mips\bin\mipsel-none-elf-ld.exe: build/asm/data/rdata_80054548.rodata.s.o: in function `_vt_14AIDataRecord_t':
(.rodata+0xf70): undefined reference to `___14AIDataRecord_t'
C:\Tools\mips-ps1\mips\bin\mipsel-none-elf-ld.exe: (.rodata+0xf78): undefined reference to `Setup__14AIDataRecord_t'
C:\Tools\mips-ps1\mips\bin\mipsel-none-elf-ld.exe: build/asm/data/rdata_80054548.rodata.s.o: in function `_vt_14AIState_Cruise':
(.rodata+0xfc4): undefined reference to `Execute__14AIState_Cruise'
C:\Tools\mips-ps1\mips\bin\mipsel-none-elf-ld.exe: (.rodata+0xfcc): undefined reference to `___14AIState_Cruise'
C:\Tools\mips-ps1\mips\bin\mipsel-none-elf-ld.exe: (.rodata+0xfd4): undefined reference to `TestForRelease__12AIState_Base_80072830'
C:\Tools\mips-ps1\mips\bin\mipsel-none-elf-ld.exe: build/asm/data/rdata_80054548.rodata.s.o: in function `_vt_17AIState_GotoSlice':
(.rodata+0xfe4): undefined reference to `Execute__17AIState_GotoSlice'
C:\Tools\mips-ps1\mips\bin\mipsel-none-elf-ld.exe: (.rodata+0xfec): undefined reference to `___17AIState_GotoSlice'
C:\Tools\mips-ps1\mips\bin\mipsel-none-elf-ld.exe: (.rodata+0xff4): undefined reference to `TestForRelease__12AIState_Base_80072830'
C:\Tools\mips-ps1\mips\bin\mipsel-none-elf-ld.exe: build/asm/data/rdata_80054548.rodata.s.o: in function `_vt_14AIState_Donuts':
(.rodata+0x1004): undefined reference to `Execute__14AIState_Donuts'
C:\Tools\mips-ps1\mips\bin\mipsel-none-elf-ld.exe: (.rodata+0x100c): undefined reference to `___14AIState_Donuts'
C:\Tools\mips-ps1\mips\bin\mipsel-none-elf-ld.exe: (.rodata+0x1014): undefined reference to `TestForRelease__12AIState_Base_80072830'
C:\Tools\mips-ps1\mips\bin\mipsel-none-elf-ld.exe: build/asm/data/rdata_80054548.rodata.s.o: in function `_vt_21AIState_RovingTraffic':
(.rodata+0x1024): undefined reference to `Execute__21AIState_RovingTraffic'
C:\Tools\mips-ps1\mips\bin\mipsel-none-elf-ld.exe: (.rodata+0x102c): undefined reference to `___21AIState_RovingTraffic'
C:\Tools\mips-ps1\mips\bin\mipsel-none-elf-ld.exe: (.rodata+0x1034): undefined reference to `TestForRelease__21AIState_RovingTraffic'
C:\Tools\mips-ps1\mips\bin\mipsel-none-elf-ld.exe: build/asm/data/rdata_80054548.rodata.s.o: in function `_vt_17AIState_Purgatory':
(.rodata+0x1044): undefined reference to `Execute__17AIState_Purgatory'
C:\Tools\mips-ps1\mips\bin\mipsel-none-elf-ld.exe: (.rodata+0x104c): undefined reference to `___17AIState_Purgatory'
C:\Tools\mips-ps1\mips\bin\mipsel-none-elf-ld.exe: (.rodata+0x1054): undefined reference to `TestForRelease__17AIState_Purgatory'
C:\Tools\mips-ps1\mips\bin\mipsel-none-elf-ld.exe: build/asm/data/rdata_80054548.rodata.s.o: in function `D_800555A0':
(.rodata+0x1064): undefined reference to `Execute__17AIState_NonActive_80072750'
C:\Tools\mips-ps1\mips\bin\mipsel-none-elf-ld.exe: (.rodata+0x106c): undefined reference to `___17AIState_NonActive_80072758'
C:\Tools\mips-ps1\mips\bin\mipsel-none-elf-ld.exe: (.rodata+0x1074): undefined reference to `TestForRelease__12AIState_Base_80072830'
C:\Tools\mips-ps1\mips\bin\mipsel-none-elf-ld.exe: build/asm/data/rdata_80054548.rodata.s.o: in function `_vt_15AIState_Offroad':
(.rodata+0x1084): undefined reference to `Execute__15AIState_Offroad'
C:\Tools\mips-ps1\mips\bin\mipsel-none-elf-ld.exe: (.rodata+0x108c): undefined reference to `___15AIState_Offroad'
C:\Tools\mips-ps1\mips\bin\mipsel-none-elf-ld.exe: (.rodata+0x1094): undefined reference to `TestForRelease__12AIState_Base_80072830'
C:\Tools\mips-ps1\mips\bin\mipsel-none-elf-ld.exe: build/asm/data/rdata_80054548.rodata.s.o: in function `_vt_13AIState_Chase':
(.rodata+0x10a4): undefined reference to `Execute__13AIState_Chase'
C:\Tools\mips-ps1\mips\bin\mipsel-none-elf-ld.exe: (.rodata+0x10ac): undefined reference to `___13AIState_Chase'
C:\Tools\mips-ps1\mips\bin\mipsel-none-elf-ld.exe: (.rodata+0x10b4): undefined reference to `TestForRelease__12AIState_Base_80072830'
C:\Tools\mips-ps1\mips\bin\mipsel-none-elf-ld.exe: build/asm/data/rdata_80054548.rodata.s.o: in function `_vt_12AIState_Idle':
(.rodata+0x10c4): undefined reference to `Execute__12AIState_Idle'
C:\Tools\mips-ps1\mips\bin\mipsel-none-elf-ld.exe: (.rodata+0x10cc): undefined reference to `___12AIState_Idle'
C:\Tools\mips-ps1\mips\bin\mipsel-none-elf-ld.exe: (.rodata+0x10d4): undefined reference to `TestForRelease__12AIState_Base_80072830'
C:\Tools\mips-ps1\mips\bin\mipsel-none-elf-ld.exe: build/asm/data/rdata_80054548.rodata.s.o: in function `_vt_14AIState_Normal':
(.rodata+0x10e4): undefined reference to `Execute__14AIState_Normal'
C:\Tools\mips-ps1\mips\bin\mipsel-none-elf-ld.exe: (.rodata+0x10ec): undefined reference to `___14AIState_Normal'
C:\Tools\mips-ps1\mips\bin\mipsel-none-elf-ld.exe: (.rodata+0x10f4): undefined reference to `TestForRelease__12AIState_Base_80072830'
C:\Tools\mips-ps1\mips\bin\mipsel-none-elf-ld.exe: build/asm/data/rdata_80054548.rodata.s.o: in function `D_80055640':
(.rodata+0x1104): undefined reference to `__pure_virtual'
C:\Tools\mips-ps1\mips\bin\mipsel-none-elf-ld.exe: (.rodata+0x110c): undefined reference to `___12AIState_Base_80072838'
C:\Tools\mips-ps1\mips\bin\mipsel-none-elf-ld.exe: (.rodata+0x1114): undefined reference to `TestForRelease__12AIState_Base_80072830'
C:\Tools\mips-ps1\mips\bin\mipsel-none-elf-ld.exe: build/asm/data/rdata_80054548.rodata.s.o: in function `jtbl_8005573C':
(.rodata+0x11f4): undefined reference to `.L80078BAC'
C:\Tools\mips-ps1\mips\bin\mipsel-none-elf-ld.exe: (.rodata+0x11f8): undefined reference to `.L80078C84'
C:\Tools\mips-ps1\mips\bin\mipsel-none-elf-ld.exe: (.rodata+0x11fc): undefined reference to `.L80078BCC'
C:\Tools\mips-ps1\mips\bin\mipsel-none-elf-ld.exe: (.rodata+0x1200): undefined reference to `.L80078C84'
C:\Tools\mips-ps1\mips\bin\mipsel-none-elf-ld.exe: (.rodata+0x1204): undefined reference to `.L80078C84'
C:\Tools\mips-ps1\mips\bin\mipsel-none-elf-ld.exe: (.rodata+0x1208): undefined reference to `.L80078BCC'
C:\Tools\mips-ps1\mips\bin\mipsel-none-elf-ld.exe: (.rodata+0x120c): undefined reference to `.L80078C84'
C:\Tools\mips-ps1\mips\bin\mipsel-none-elf-ld.exe: (.rodata+0x1210): undefined reference to `.L80078C84'
C:\Tools\mips-ps1\mips\bin\mipsel-none-elf-ld.exe: (.rodata+0x1214): undefined reference to `.L80078BAC'
C:\Tools\mips-ps1\mips\bin\mipsel-none-elf-ld.exe: (.rodata+0x1218): undefined reference to `.L80078BAC'
C:\Tools\mips-ps1\mips\bin\mipsel-none-elf-ld.exe: (.rodata+0x121c): undefined reference to `.L80078BCC'
C:\Tools\mips-ps1\mips\bin\mipsel-none-elf-ld.exe: (.rodata+0x1220): undefined reference to `.L80078BAC'
C:\Tools\mips-ps1\mips\bin\mipsel-none-elf-ld.exe: build/asm/data/rdata_80054548.rodata.s.o: in function `jtbl_800558C8':
(.rodata+0x1380): undefined reference to `.L80083710'
C:\Tools\mips-ps1\mips\bin\mipsel-none-elf-ld.exe: (.rodata+0x1384): undefined reference to `.L80083710'
C:\Tools\mips-ps1\mips\bin\mipsel-none-elf-ld.exe: (.rodata+0x1388): undefined reference to `.L80083720'
C:\Tools\mips-ps1\mips\bin\mipsel-none-elf-ld.exe: (.rodata+0x138c): undefined reference to `.L80083734'
C:\Tools\mips-ps1\mips\bin\mipsel-none-elf-ld.exe: (.rodata+0x1390): undefined reference to `.L80083748'
C:\Tools\mips-ps1\mips\bin\mipsel-none-elf-ld.exe: (.rodata+0x1394): undefined reference to `.L8008375C'
C:\Tools\mips-ps1\mips\bin\mipsel-none-elf-ld.exe: (.rodata+0x1398): undefined reference to `.L80083770'
C:\Tools\mips-ps1\mips\bin\mipsel-none-elf-ld.exe: (.rodata+0x139c): undefined reference to `.L80083784'
C:\Tools\mips-ps1\mips\bin\mipsel-none-elf-ld.exe: (.rodata+0x13a0): undefined reference to `.L800837E8'
C:\Tools\mips-ps1\mips\bin\mipsel-none-elf-ld.exe: (.rodata+0x13a4): undefined reference to `.L800837E8'
C:\Tools\mips-ps1\mips\bin\mipsel-none-elf-ld.exe: (.rodata+0x13a8): undefined reference to `.L80083798'
C:\Tools\mips-ps1\mips\bin\mipsel-none-elf-ld.exe: (.rodata+0x13ac): undefined reference to `.L800837A8'
C:\Tools\mips-ps1\mips\bin\mipsel-none-elf-ld.exe: (.rodata+0x13b0): undefined reference to `.L800837B8'
C:\Tools\mips-ps1\mips\bin\mipsel-none-elf-ld.exe: (.rodata+0x13b4): undefined reference to `.L800837C8'
C:\Tools\mips-ps1\mips\bin\mipsel-none-elf-ld.exe: (.rodata+0x13b8): undefined reference to `.L800837D8'
C:\Tools\mips-ps1\mips\bin\mipsel-none-elf-ld.exe: (.rodata+0x13bc): undefined reference to `.L800837E8'
C:\Tools\mips-ps1\mips\bin\mipsel-none-elf-ld.exe: (.rodata+0x13c0): undefined reference to `.L800837F8'
C:\Tools\mips-ps1\mips\bin\mipsel-none-elf-ld.exe: (.rodata+0x13c4): undefined reference to `.L80083808'
C:\Tools\mips-ps1\mips\bin\mipsel-none-elf-ld.exe: (.rodata+0x13c8): undefined reference to `.L80083808'
C:\Tools\mips-ps1\mips\bin\mipsel-none-elf-ld.exe: build/asm/data/rdata_80054548.rodata.s.o: in function `jtbl_80055918':
(.rodata+0x13d0): undefined reference to `.L80084F74'
C:\Tools\mips-ps1\mips\bin\mipsel-none-elf-ld.exe: (.rodata+0x13d4): undefined reference to `.L80084F74'
C:\Tools\mips-ps1\mips\bin\mipsel-none-elf-ld.exe: (.rodata+0x13d8): undefined reference to `.L80084F74'
C:\Tools\mips-ps1\mips\bin\mipsel-none-elf-ld.exe: (.rodata+0x13dc): undefined reference to `.L80084F94'
C:\Tools\mips-ps1\mips\bin\mipsel-none-elf-ld.exe: (.rodata+0x13e0): undefined reference to `.L80084F94'
C:\Tools\mips-ps1\mips\bin\mipsel-none-elf-ld.exe: (.rodata+0x13e4): undefined reference to `.L80084F84'
C:\Tools\mips-ps1\mips\bin\mipsel-none-elf-ld.exe: build/asm/data/rdata_80054548.rodata.s.o: in function `jtbl_80055930':
(.rodata+0x13e8): undefined reference to `.L8008552C'
C:\Tools\mips-ps1\mips\bin\mipsel-none-elf-ld.exe: (.rodata+0x13ec): undefined reference to `.L8008552C'
C:\Tools\mips-ps1\mips\bin\mipsel-none-elf-ld.exe: (.rodata+0x13f0): undefined reference to `.L8008552C'
C:\Tools\mips-ps1\mips\bin\mipsel-none-elf-ld.exe: (.rodata+0x13f4): undefined reference to `.L8008552C'
C:\Tools\mips-ps1\mips\bin\mipsel-none-elf-ld.exe: (.rodata+0x13f8): undefined reference to `.L8008552C'
C:\Tools\mips-ps1\mips\bin\mipsel-none-elf-ld.exe: build/asm/data/rdata_80054548.rodata.s.o:(.rodata+0x13fc): more undefined references to `.L8008552C' follow
C:\Tools\mips-ps1\mips\bin\mipsel-none-elf-ld.exe: build/asm/data/rdata_80054548.rodata.s.o: in function `jtbl_80055930':
(.rodata+0x1418): undefined reference to `.L80085524'
C:\Tools\mips-ps1\mips\bin\mipsel-none-elf-ld.exe: (.rodata+0x141c): undefined reference to `.L8008552C'
C:\Tools\mips-ps1\mips\bin\mipsel-none-elf-ld.exe: (.rodata+0x1420): undefined reference to `.L80085524'
C:\Tools\mips-ps1\mips\bin\mipsel-none-elf-ld.exe: (.rodata+0x1424): undefined reference to `.L8008552C'
C:\Tools\mips-ps1\mips\bin\mipsel-none-elf-ld.exe: (.rodata+0x1428): undefined reference to `.L8008552C'
C:\Tools\mips-ps1\mips\bin\mipsel-none-elf-ld.exe: (.rodata+0x142c): undefined reference to `.L8008552C'
C:\Tools\mips-ps1\mips\bin\mipsel-none-elf-ld.exe: (.rodata+0x1430): undefined reference to `.L8008552C'
C:\Tools\mips-ps1\mips\bin\mipsel-none-elf-ld.exe: build/asm/data/rdata_80054548.rodata.s.o: in function `jtbl_80055A28':
(.rodata+0x14e0): undefined reference to `.L800921A8'
C:\Tools\mips-ps1\mips\bin\mipsel-none-elf-ld.exe: (.rodata+0x14e4): undefined reference to `.L800921CC'
C:\Tools\mips-ps1\mips\bin\mipsel-none-elf-ld.exe: (.rodata+0x14e8): undefined reference to `.L800921F0'
C:\Tools\mips-ps1\mips\bin\mipsel-none-elf-ld.exe: (.rodata+0x14ec): undefined reference to `.L80092220'
C:\Tools\mips-ps1\mips\bin\mipsel-none-elf-ld.exe: (.rodata+0x14f0): undefined reference to `.L80092274'
C:\Tools\mips-ps1\mips\bin\mipsel-none-elf-ld.exe: (.rodata+0x14f4): undefined reference to `.L8009240C'
C:\Tools\mips-ps1\mips\bin\mipsel-none-elf-ld.exe: (.rodata+0x14f8): undefined reference to `.L8009240C'
C:\Tools\mips-ps1\mips\bin\mipsel-none-elf-ld.exe: (.rodata+0x14fc): undefined reference to `.L800922D8'
C:\Tools\mips-ps1\mips\bin\mipsel-none-elf-ld.exe: (.rodata+0x1500): undefined reference to `.L8009236C'
C:\Tools\mips-ps1\mips\bin\mipsel-none-elf-ld.exe: (.rodata+0x1504): undefined reference to `.L8009240C'
C:\Tools\mips-ps1\mips\bin\mipsel-none-elf-ld.exe: (.rodata+0x1508): undefined reference to `.L800923BC'
C:\Tools\mips-ps1\mips\bin\mipsel-none-elf-ld.exe: build/asm/data/rdata_80054548.rodata.s.o: in function `_vt_Q26Speech13MobileSpeaker':
(.rodata+0x1698): undefined reference to `Report__Q26Speech13MobileSpeakerP8Car_tObj'
C:\Tools\mips-ps1\mips\bin\mipsel-none-elf-ld.exe: (.rodata+0x16a0): undefined reference to `Status__Q26Speech13MobileSpeaker'
C:\Tools\mips-ps1\mips\bin\mipsel-none-elf-ld.exe: (.rodata+0x16a8): undefined reference to `Deny__Q26Speech7Speaker'
C:\Tools\mips-ps1\mips\bin\mipsel-none-elf-ld.exe: (.rodata+0x16b0): undefined reference to `Grant__Q26Speech7Speaker'
C:\Tools\mips-ps1\mips\bin\mipsel-none-elf-ld.exe: (.rodata+0x16b8): undefined reference to `Ready__Q26Speech7SpeakerP8Car_tObj'
C:\Tools\mips-ps1\mips\bin\mipsel-none-elf-ld.exe: (.rodata+0x16c0): undefined reference to `Engage__Q26Speech13MobileSpeakerP8Car_tObj'
C:\Tools\mips-ps1\mips\bin\mipsel-none-elf-ld.exe: (.rodata+0x16c8): undefined reference to `Lose__Q26Speech13MobileSpeaker'
C:\Tools\mips-ps1\mips\bin\mipsel-none-elf-ld.exe: (.rodata+0x16d0): undefined reference to `Accident__Q26Speech13MobileSpeakeri'
C:\Tools\mips-ps1\mips\bin\mipsel-none-elf-ld.exe: (.rodata+0x16d8): undefined reference to `Catch__Q26Speech13MobileSpeakeri'
C:\Tools\mips-ps1\mips\bin\mipsel-none-elf-ld.exe: (.rodata+0x16e0): undefined reference to `RoadBlock__Q26Speech13MobileSpeaker'
C:\Tools\mips-ps1\mips\bin\mipsel-none-elf-ld.exe: (.rodata+0x16e8): undefined reference to `SpikeBelt__Q26Speech13MobileSpeaker'
C:\Tools\mips-ps1\mips\bin\mipsel-none-elf-ld.exe: (.rodata+0x16f0): undefined reference to `Backup__Q26Speech13MobileSpeaker'
C:\Tools\mips-ps1\mips\bin\mipsel-none-elf-ld.exe: (.rodata+0x16f8): undefined reference to `ReportBlockade__Q26Speech13MobileSpeaker'
C:\Tools\mips-ps1\mips\bin\mipsel-none-elf-ld.exe: (.rodata+0x1700): undefined reference to `Roger__Q26Speech13MobileSpeaker'
C:\Tools\mips-ps1\mips\bin\mipsel-none-elf-ld.exe: (.rodata+0x1708): undefined reference to `Bullhorn__Q26Speech13MobileSpeaker'
C:\Tools\mips-ps1\mips\bin\mipsel-none-elf-ld.exe: (.rodata+0x1710): undefined reference to `Purge__Q26Speech13MobileSpeaker'
C:\Tools\mips-ps1\mips\bin\mipsel-none-elf-ld.exe: (.rodata+0x1718): undefined reference to `Unit__Q26Speech13MobileSpeaker'
C:\Tools\mips-ps1\mips\bin\mipsel-none-elf-ld.exe: (.rodata+0x1720): undefined reference to `KnownPerp__Q26Speech7SpeakerP8Car_tObj'
C:\Tools\mips-ps1\mips\bin\mipsel-none-elf-ld.exe: (.rodata+0x1728): undefined reference to `ClearPerp__Q26Speech7SpeakerP8Car_tObj'
C:\Tools\mips-ps1\mips\bin\mipsel-none-elf-ld.exe: (.rodata+0x1730): undefined reference to `IsSuper__Q26Speech13MobileSpeaker'
C:\Tools\mips-ps1\mips\bin\mipsel-none-elf-ld.exe: (.rodata+0x1738): undefined reference to `StatusCount__Q26Speech7Speaker'
C:\Tools\mips-ps1\mips\bin\mipsel-none-elf-ld.exe: (.rodata+0x1740): undefined reference to `StatusSub__Q26Speech7Speaker'
C:\Tools\mips-ps1\mips\bin\mipsel-none-elf-ld.exe: (.rodata+0x1748): undefined reference to `PurgeStatusSub__Q26Speech7Speaker'
C:\Tools\mips-ps1\mips\bin\mipsel-none-elf-ld.exe: (.rodata+0x1750): undefined reference to `DistToPerp__Q26Speech13MobileSpeaker'
C:\Tools\mips-ps1\mips\bin\mipsel-none-elf-ld.exe: (.rodata+0x1758): undefined reference to `CarObj__Q26Speech13MobileSpeaker'
C:\Tools\mips-ps1\mips\bin\mipsel-none-elf-ld.exe: (.rodata+0x1760): undefined reference to `ReActivate__Q26Speech13MobileSpeaker'
C:\Tools\mips-ps1\mips\bin\mipsel-none-elf-ld.exe: (.rodata+0x1768): undefined reference to `Perp__Q26Speech13MobileSpeaker'
C:\Tools\mips-ps1\mips\bin\mipsel-none-elf-ld.exe: (.rodata+0x1770): undefined reference to `GetCarBank__Q26Speech13MobileSpeakeri'
C:\Tools\mips-ps1\mips\bin\mipsel-none-elf-ld.exe: (.rodata+0x1778): undefined reference to `FindClosestLocationTo__Q26Speech13MobileSpeakeri'
C:\Tools\mips-ps1\mips\bin\mipsel-none-elf-ld.exe: (.rodata+0x1780): undefined reference to `CallSign__Q26Speech13MobileSpeaker'
C:\Tools\mips-ps1\mips\bin\mipsel-none-elf-ld.exe: build/asm/data/rdata_80054548.rodata.s.o: in function `_vt_Q26Speech15DispatchSpeaker':
(.rodata+0x1790): undefined reference to `Report__Q26Speech15DispatchSpeakerP8Car_tObj'
C:\Tools\mips-ps1\mips\bin\mipsel-none-elf-ld.exe: (.rodata+0x1798): undefined reference to `Status__Q26Speech15DispatchSpeaker'
C:\Tools\mips-ps1\mips\bin\mipsel-none-elf-ld.exe: (.rodata+0x17a0): undefined reference to `Deny__Q26Speech15DispatchSpeaker'
C:\Tools\mips-ps1\mips\bin\mipsel-none-elf-ld.exe: (.rodata+0x17a8): undefined reference to `Grant__Q26Speech15DispatchSpeaker'
C:\Tools\mips-ps1\mips\bin\mipsel-none-elf-ld.exe: (.rodata+0x17b0): undefined reference to `Ready__Q26Speech15DispatchSpeakerP8Car_tObj'
C:\Tools\mips-ps1\mips\bin\mipsel-none-elf-ld.exe: (.rodata+0x17b8): undefined reference to `Engage__Q26Speech7SpeakerP8Car_tObj'
C:\Tools\mips-ps1\mips\bin\mipsel-none-elf-ld.exe: (.rodata+0x17c0): undefined reference to `Lose__Q26Speech7Speaker'
C:\Tools\mips-ps1\mips\bin\mipsel-none-elf-ld.exe: (.rodata+0x17c8): undefined reference to `Accident__Q26Speech15DispatchSpeakeri'
C:\Tools\mips-ps1\mips\bin\mipsel-none-elf-ld.exe: (.rodata+0x17d0): undefined reference to `Catch__Q26Speech7Speakeri'
C:\Tools\mips-ps1\mips\bin\mipsel-none-elf-ld.exe: (.rodata+0x17d8): undefined reference to `RoadBlock__Q26Speech7Speaker'
C:\Tools\mips-ps1\mips\bin\mipsel-none-elf-ld.exe: (.rodata+0x17e0): undefined reference to `SpikeBelt__Q26Speech7Speaker'
C:\Tools\mips-ps1\mips\bin\mipsel-none-elf-ld.exe: (.rodata+0x17e8): undefined reference to `Backup__Q26Speech7Speaker'
C:\Tools\mips-ps1\mips\bin\mipsel-none-elf-ld.exe: (.rodata+0x17f0): undefined reference to `ReportBlockade__Q26Speech7Speaker'
C:\Tools\mips-ps1\mips\bin\mipsel-none-elf-ld.exe: (.rodata+0x17f8): undefined reference to `Roger__Q26Speech15DispatchSpeaker'
C:\Tools\mips-ps1\mips\bin\mipsel-none-elf-ld.exe: (.rodata+0x1800): undefined reference to `Bullhorn__Q26Speech7Speaker'
C:\Tools\mips-ps1\mips\bin\mipsel-none-elf-ld.exe: (.rodata+0x1808): undefined reference to `Purge__Q26Speech7Speaker'
C:\Tools\mips-ps1\mips\bin\mipsel-none-elf-ld.exe: (.rodata+0x1810): undefined reference to `Unit__Q26Speech7Speaker'
C:\Tools\mips-ps1\mips\bin\mipsel-none-elf-ld.exe: (.rodata+0x1818): undefined reference to `KnownPerp__Q26Speech15DispatchSpeakerP8Car_tObj'
C:\Tools\mips-ps1\mips\bin\mipsel-none-elf-ld.exe: (.rodata+0x1820): undefined reference to `ClearPerp__Q26Speech15DispatchSpeakerP8Car_tObj'
C:\Tools\mips-ps1\mips\bin\mipsel-none-elf-ld.exe: (.rodata+0x1828): undefined reference to `IsSuper__Q26Speech7Speaker'
C:\Tools\mips-ps1\mips\bin\mipsel-none-elf-ld.exe: (.rodata+0x1830): undefined reference to `StatusCount__Q26Speech15DispatchSpeaker'
C:\Tools\mips-ps1\mips\bin\mipsel-none-elf-ld.exe: (.rodata+0x1838): undefined reference to `StatusSub__Q26Speech15DispatchSpeaker'
C:\Tools\mips-ps1\mips\bin\mipsel-none-elf-ld.exe: (.rodata+0x1840): undefined reference to `PurgeStatusSub__Q26Speech15DispatchSpeaker'
C:\Tools\mips-ps1\mips\bin\mipsel-none-elf-ld.exe: (.rodata+0x1848): undefined reference to `DistToPerp__Q26Speech7Speaker'
C:\Tools\mips-ps1\mips\bin\mipsel-none-elf-ld.exe: (.rodata+0x1850): undefined reference to `CarObj__Q26Speech7Speaker'
C:\Tools\mips-ps1\mips\bin\mipsel-none-elf-ld.exe: (.rodata+0x1858): undefined reference to `ReActivate__Q26Speech7Speaker'
C:\Tools\mips-ps1\mips\bin\mipsel-none-elf-ld.exe: (.rodata+0x1860): undefined reference to `Perp__Q26Speech7Speaker'
C:\Tools\mips-ps1\mips\bin\mipsel-none-elf-ld.exe: (.rodata+0x1868): undefined reference to `GetCarBank__Q26Speech15DispatchSpeakeri'
C:\Tools\mips-ps1\mips\bin\mipsel-none-elf-ld.exe: (.rodata+0x1870): undefined reference to `FindClosestLocationTo__Q26Speech15DispatchSpeakeri'
C:\Tools\mips-ps1\mips\bin\mipsel-none-elf-ld.exe: (.rodata+0x1878): undefined reference to `CallSign__Q26Speech15DispatchSpeaker'
C:\Tools\mips-ps1\mips\bin\mipsel-none-elf-ld.exe: build/asm/data/rdata_80054548.rodata.s.o: in function `_vt_Q26Speech7Speaker':
(.rodata+0x1888): undefined reference to `Report__Q26Speech7SpeakerP8Car_tObj'
C:\Tools\mips-ps1\mips\bin\mipsel-none-elf-ld.exe: (.rodata+0x1890): undefined reference to `Status__Q26Speech7Speaker'
C:\Tools\mips-ps1\mips\bin\mipsel-none-elf-ld.exe: (.rodata+0x1898): undefined reference to `Deny__Q26Speech7Speaker'
C:\Tools\mips-ps1\mips\bin\mipsel-none-elf-ld.exe: (.rodata+0x18a0): undefined reference to `Grant__Q26Speech7Speaker'
C:\Tools\mips-ps1\mips\bin\mipsel-none-elf-ld.exe: (.rodata+0x18a8): undefined reference to `Ready__Q26Speech7SpeakerP8Car_tObj'
C:\Tools\mips-ps1\mips\bin\mipsel-none-elf-ld.exe: (.rodata+0x18b0): undefined reference to `Engage__Q26Speech7SpeakerP8Car_tObj'
C:\Tools\mips-ps1\mips\bin\mipsel-none-elf-ld.exe: (.rodata+0x18b8): undefined reference to `Lose__Q26Speech7Speaker'
C:\Tools\mips-ps1\mips\bin\mipsel-none-elf-ld.exe: (.rodata+0x18c0): undefined reference to `Accident__Q26Speech7Speakeri'
C:\Tools\mips-ps1\mips\bin\mipsel-none-elf-ld.exe: (.rodata+0x18c8): undefined reference to `Catch__Q26Speech7Speakeri'
C:\Tools\mips-ps1\mips\bin\mipsel-none-elf-ld.exe: (.rodata+0x18d0): undefined reference to `RoadBlock__Q26Speech7Speaker'
C:\Tools\mips-ps1\mips\bin\mipsel-none-elf-ld.exe: (.rodata+0x18d8): undefined reference to `SpikeBelt__Q26Speech7Speaker'
C:\Tools\mips-ps1\mips\bin\mipsel-none-elf-ld.exe: (.rodata+0x18e0): undefined reference to `Backup__Q26Speech7Speaker'
C:\Tools\mips-ps1\mips\bin\mipsel-none-elf-ld.exe: (.rodata+0x18e8): undefined reference to `ReportBlockade__Q26Speech7Speaker'
C:\Tools\mips-ps1\mips\bin\mipsel-none-elf-ld.exe: (.rodata+0x18f0): undefined reference to `Roger__Q26Speech7Speaker'
C:\Tools\mips-ps1\mips\bin\mipsel-none-elf-ld.exe: (.rodata+0x18f8): undefined reference to `Bullhorn__Q26Speech7Speaker'
C:\Tools\mips-ps1\mips\bin\mipsel-none-elf-ld.exe: (.rodata+0x1900): undefined reference to `Purge__Q26Speech7Speaker'
C:\Tools\mips-ps1\mips\bin\mipsel-none-elf-ld.exe: (.rodata+0x1908): undefined reference to `Unit__Q26Speech7Speaker'
C:\Tools\mips-ps1\mips\bin\mipsel-none-elf-ld.exe: (.rodata+0x1910): undefined reference to `KnownPerp__Q26Speech7SpeakerP8Car_tObj'
C:\Tools\mips-ps1\mips\bin\mipsel-none-elf-ld.exe: (.rodata+0x1918): undefined reference to `ClearPerp__Q26Speech7SpeakerP8Car_tObj'
C:\Tools\mips-ps1\mips\bin\mipsel-none-elf-ld.exe: (.rodata+0x1920): undefined reference to `IsSuper__Q26Speech7Speaker'
C:\Tools\mips-ps1\mips\bin\mipsel-none-elf-ld.exe: (.rodata+0x1928): undefined reference to `StatusCount__Q26Speech7Speaker'
C:\Tools\mips-ps1\mips\bin\mipsel-none-elf-ld.exe: (.rodata+0x1930): undefined reference to `StatusSub__Q26Speech7Speaker'
C:\Tools\mips-ps1\mips\bin\mipsel-none-elf-ld.exe: (.rodata+0x1938): undefined reference to `PurgeStatusSub__Q26Speech7Speaker'
C:\Tools\mips-ps1\mips\bin\mipsel-none-elf-ld.exe: (.rodata+0x1940): undefined reference to `DistToPerp__Q26Speech7Speaker'
C:\Tools\mips-ps1\mips\bin\mipsel-none-elf-ld.exe: (.rodata+0x1948): undefined reference to `CarObj__Q26Speech7Speaker'
C:\Tools\mips-ps1\mips\bin\mipsel-none-elf-ld.exe: (.rodata+0x1950): undefined reference to `ReActivate__Q26Speech7Speaker'
C:\Tools\mips-ps1\mips\bin\mipsel-none-elf-ld.exe: (.rodata+0x1958): undefined reference to `Perp__Q26Speech7Speaker'
C:\Tools\mips-ps1\mips\bin\mipsel-none-elf-ld.exe: (.rodata+0x1960): undefined reference to `GetCarBank__Q26Speech7Speakeri'
C:\Tools\mips-ps1\mips\bin\mipsel-none-elf-ld.exe: (.rodata+0x1968): undefined reference to `FindClosestLocationTo__Q26Speech7Speakeri'
C:\Tools\mips-ps1\mips\bin\mipsel-none-elf-ld.exe: (.rodata+0x1970): undefined reference to `CallSign__Q26Speech7Speaker'
C:\Tools\mips-ps1\mips\bin\mipsel-none-elf-ld.exe: build/asm/data/rdata_80054548.rodata.s.o: in function `_vt_14ObjectSignAnim':
(.rodata+0x1b4c): undefined reference to `___14ObjectSignAnim'
C:\Tools\mips-ps1\mips\bin\mipsel-none-elf-ld.exe: (.rodata+0x1b54): undefined reference to `Draw__14ObjectSignAnimP13DRender_tViewP11Draw_DCachei'
C:\Tools\mips-ps1\mips\bin\mipsel-none-elf-ld.exe: build/asm/data/rdata_80054548.rodata.s.o: in function `_vt_22ObjectFinishedSignAnim':
(.rodata+0x1b64): undefined reference to `___22ObjectFinishedSignAnim'
C:\Tools\mips-ps1\mips\bin\mipsel-none-elf-ld.exe: (.rodata+0x1b6c): undefined reference to `Draw__22ObjectFinishedSignAnimP13DRender_tViewP11Draw_DCachei'
C:\Tools\mips-ps1\mips\bin\mipsel-none-elf-ld.exe: build/asm/data/rdata_80054548.rodata.s.o: in function `_vt_15ObjectMultiAnim':
(.rodata+0x1b7c): undefined reference to `___15ObjectMultiAnim'
C:\Tools\mips-ps1\mips\bin\mipsel-none-elf-ld.exe: (.rodata+0x1b84): undefined reference to `Draw__15ObjectMultiAnimP13DRender_tViewP11Draw_DCachei'
C:\Tools\mips-ps1\mips\bin\mipsel-none-elf-ld.exe: build/asm/data/rdata_80054548.rodata.s.o: in function `_vt_23ObjectFinishedMultiAnim':
(.rodata+0x1b94): undefined reference to `___23ObjectFinishedMultiAnim'
C:\Tools\mips-ps1\mips\bin\mipsel-none-elf-ld.exe: (.rodata+0x1b9c): undefined reference to `Draw__23ObjectFinishedMultiAnimP13DRender_tViewP11Draw_DCachei'
C:\Tools\mips-ps1\mips\bin\mipsel-none-elf-ld.exe: build/asm/data/rdata_80054548.rodata.s.o: in function `D_800560E8':
(.rodata+0x1bac): undefined reference to `___10ObjectAnim'
C:\Tools\mips-ps1\mips\bin\mipsel-none-elf-ld.exe: (.rodata+0x1bb4): undefined reference to `__pure_virtual'
C:\Tools\mips-ps1\mips\bin\mipsel-none-elf-ld.exe: build/asm/data/rdata_80054548.rodata.s.o: in function `_vt_6tPMenu':
(.rodata+0x1be0): undefined reference to `___6tPMenu'
C:\Tools\mips-ps1\mips\bin\mipsel-none-elf-ld.exe: (.rodata+0x1be8): undefined reference to `Initialize__6tPMenu'
C:\Tools\mips-ps1\mips\bin\mipsel-none-elf-ld.exe: (.rodata+0x1bf0): undefined reference to `ProcessInput__6tPMenuR13tInputKeyTypeR13tPMenuCommand'
C:\Tools\mips-ps1\mips\bin\mipsel-none-elf-ld.exe: (.rodata+0x1bf8): undefined reference to `Draw__6tPMenu'
C:\Tools\mips-ps1\mips\bin\mipsel-none-elf-ld.exe: build/asm/data/rdata_80054548.rodata.s.o: in function `_vt_23tPMenuItemCommandButton':
(.rodata+0x1c08): undefined reference to `___23tPMenuItemCommandButton'
C:\Tools\mips-ps1\mips\bin\mipsel-none-elf-ld.exe: (.rodata+0x1c10): undefined reference to `NextMenu__10tPMenuItem'
C:\Tools\mips-ps1\mips\bin\mipsel-none-elf-ld.exe: (.rodata+0x1c18): undefined reference to `Debounce__10tPMenuItem'
C:\Tools\mips-ps1\mips\bin\mipsel-none-elf-ld.exe: (.rodata+0x1c20): undefined reference to `ProcessInput__23tPMenuItemCommandButtonR13tInputKeyTypeR13tPMenuCommand'
C:\Tools\mips-ps1\mips\bin\mipsel-none-elf-ld.exe: (.rodata+0x1c28): undefined reference to `IsNavigable__21tPMenuItemInteractive'
C:\Tools\mips-ps1\mips\bin\mipsel-none-elf-ld.exe: (.rodata+0x1c30): undefined reference to `Draw__21tPMenuItemInteractiveb'
C:\Tools\mips-ps1\mips\bin\mipsel-none-elf-ld.exe: build/asm/data/rdata_80054548.rodata.s.o: in function `_vt_24tPMenuItemGoToMenuButton':
(.rodata+0x1c40): undefined reference to `___24tPMenuItemGoToMenuButton'
C:\Tools\mips-ps1\mips\bin\mipsel-none-elf-ld.exe: (.rodata+0x1c48): undefined reference to `NextMenu__24tPMenuItemGoToMenuButton'
C:\Tools\mips-ps1\mips\bin\mipsel-none-elf-ld.exe: (.rodata+0x1c50): undefined reference to `Debounce__10tPMenuItem'
C:\Tools\mips-ps1\mips\bin\mipsel-none-elf-ld.exe: (.rodata+0x1c58): undefined reference to `ProcessInput__24tPMenuItemGoToMenuButtonR13tInputKeyTypeR13tPMenuCommand'
C:\Tools\mips-ps1\mips\bin\mipsel-none-elf-ld.exe: (.rodata+0x1c60): undefined reference to `IsNavigable__21tPMenuItemInteractive'
C:\Tools\mips-ps1\mips\bin\mipsel-none-elf-ld.exe: (.rodata+0x1c68): undefined reference to `Draw__21tPMenuItemInteractiveb'
C:\Tools\mips-ps1\mips\bin\mipsel-none-elf-ld.exe: build/asm/data/rdata_80054548.rodata.s.o: in function `_vt_32tPMenuItemLeftRightSliderIndexed':
(.rodata+0x1c78): undefined reference to `___32tPMenuItemLeftRightSliderIndexed'
C:\Tools\mips-ps1\mips\bin\mipsel-none-elf-ld.exe: (.rodata+0x1c80): undefined reference to `NextMenu__10tPMenuItem'
C:\Tools\mips-ps1\mips\bin\mipsel-none-elf-ld.exe: (.rodata+0x1c88): undefined reference to `Debounce__25tPMenuItemLeftRightSlider'
C:\Tools\mips-ps1\mips\bin\mipsel-none-elf-ld.exe: (.rodata+0x1c90): undefined reference to `ProcessInput__32tPMenuItemLeftRightSliderIndexedR13tInputKeyTypeR13tPMenuCommand'
C:\Tools\mips-ps1\mips\bin\mipsel-none-elf-ld.exe: (.rodata+0x1c98): undefined reference to `IsNavigable__21tPMenuItemInteractive'
C:\Tools\mips-ps1\mips\bin\mipsel-none-elf-ld.exe: (.rodata+0x1ca0): undefined reference to `Draw__32tPMenuItemLeftRightSliderIndexedb'
C:\Tools\mips-ps1\mips\bin\mipsel-none-elf-ld.exe: build/asm/data/rdata_80054548.rodata.s.o: in function `_vt_25tPMenuItemLeftRightSlider':
(.rodata+0x1cb0): undefined reference to `___25tPMenuItemLeftRightSlider'
C:\Tools\mips-ps1\mips\bin\mipsel-none-elf-ld.exe: (.rodata+0x1cb8): undefined reference to `NextMenu__10tPMenuItem'
C:\Tools\mips-ps1\mips\bin\mipsel-none-elf-ld.exe: (.rodata+0x1cc0): undefined reference to `Debounce__25tPMenuItemLeftRightSlider'
C:\Tools\mips-ps1\mips\bin\mipsel-none-elf-ld.exe: (.rodata+0x1cc8): undefined reference to `ProcessInput__25tPMenuItemLeftRightSliderR13tInputKeyTypeR13tPMenuCommand'
C:\Tools\mips-ps1\mips\bin\mipsel-none-elf-ld.exe: (.rodata+0x1cd0): undefined reference to `IsNavigable__21tPMenuItemInteractive'
C:\Tools\mips-ps1\mips\bin\mipsel-none-elf-ld.exe: (.rodata+0x1cd8): undefined reference to `Draw__25tPMenuItemLeftRightSliderb'
C:\Tools\mips-ps1\mips\bin\mipsel-none-elf-ld.exe: build/asm/data/rdata_80054548.rodata.s.o: in function `_vt_25tPMenuItemLeftRightChoice':
(.rodata+0x1ce8): undefined reference to `___25tPMenuItemLeftRightChoice'
C:\Tools\mips-ps1\mips\bin\mipsel-none-elf-ld.exe: (.rodata+0x1cf0): undefined reference to `NextMenu__10tPMenuItem'
C:\Tools\mips-ps1\mips\bin\mipsel-none-elf-ld.exe: (.rodata+0x1cf8): undefined reference to `Debounce__10tPMenuItem'
C:\Tools\mips-ps1\mips\bin\mipsel-none-elf-ld.exe: (.rodata+0x1d00): undefined reference to `ProcessInput__25tPMenuItemLeftRightChoiceR13tInputKeyTypeR13tPMenuCommand'
C:\Tools\mips-ps1\mips\bin\mipsel-none-elf-ld.exe: (.rodata+0x1d08): undefined reference to `IsNavigable__21tPMenuItemInteractive'
C:\Tools\mips-ps1\mips\bin\mipsel-none-elf-ld.exe: (.rodata+0x1d10): undefined reference to `Draw__25tPMenuItemLeftRightChoiceb'
C:\Tools\mips-ps1\mips\bin\mipsel-none-elf-ld.exe: build/asm/data/rdata_80054548.rodata.s.o: in function `_vt_21tPMenuItemInteractive':
(.rodata+0x1d20): undefined reference to `___21tPMenuItemInteractive'
C:\Tools\mips-ps1\mips\bin\mipsel-none-elf-ld.exe: (.rodata+0x1d28): undefined reference to `NextMenu__10tPMenuItem'
C:\Tools\mips-ps1\mips\bin\mipsel-none-elf-ld.exe: (.rodata+0x1d30): undefined reference to `Debounce__10tPMenuItem'
C:\Tools\mips-ps1\mips\bin\mipsel-none-elf-ld.exe: (.rodata+0x1d38): undefined reference to `ProcessInput__10tPMenuItemR13tInputKeyTypeR13tPMenuCommand'
C:\Tools\mips-ps1\mips\bin\mipsel-none-elf-ld.exe: (.rodata+0x1d40): undefined reference to `IsNavigable__21tPMenuItemInteractive'
C:\Tools\mips-ps1\mips\bin\mipsel-none-elf-ld.exe: (.rodata+0x1d48): undefined reference to `Draw__21tPMenuItemInteractiveb'
C:\Tools\mips-ps1\mips\bin\mipsel-none-elf-ld.exe: build/asm/data/rdata_80054548.rodata.s.o: in function `_vt_28tPMenuItemNonInteractiveText':
(.rodata+0x1d58): undefined reference to `___28tPMenuItemNonInteractiveText'
C:\Tools\mips-ps1\mips\bin\mipsel-none-elf-ld.exe: (.rodata+0x1d60): undefined reference to `NextMenu__10tPMenuItem'
C:\Tools\mips-ps1\mips\bin\mipsel-none-elf-ld.exe: (.rodata+0x1d68): undefined reference to `Debounce__10tPMenuItem'
C:\Tools\mips-ps1\mips\bin\mipsel-none-elf-ld.exe: (.rodata+0x1d70): undefined reference to `ProcessInput__10tPMenuItemR13tInputKeyTypeR13tPMenuCommand'
C:\Tools\mips-ps1\mips\bin\mipsel-none-elf-ld.exe: (.rodata+0x1d78): undefined reference to `IsNavigable__28tPMenuItemNonInteractiveText'
C:\Tools\mips-ps1\mips\bin\mipsel-none-elf-ld.exe: (.rodata+0x1d80): undefined reference to `Draw__28tPMenuItemNonInteractiveTextb'
C:\Tools\mips-ps1\mips\bin\mipsel-none-elf-ld.exe: build/asm/data/rdata_80054548.rodata.s.o: in function `_vt_10tPMenuItem':
(.rodata+0x1d90): undefined reference to `___10tPMenuItem'
C:\Tools\mips-ps1\mips\bin\mipsel-none-elf-ld.exe: (.rodata+0x1d98): undefined reference to `NextMenu__10tPMenuItem'
C:\Tools\mips-ps1\mips\bin\mipsel-none-elf-ld.exe: (.rodata+0x1da0): undefined reference to `Debounce__10tPMenuItem'
C:\Tools\mips-ps1\mips\bin\mipsel-none-elf-ld.exe: (.rodata+0x1da8): undefined reference to `ProcessInput__10tPMenuItemR13tInputKeyTypeR13tPMenuCommand'
C:\Tools\mips-ps1\mips\bin\mipsel-none-elf-ld.exe: (.rodata+0x1db0): undefined reference to `__pure_virtual'
C:\Tools\mips-ps1\mips\bin\mipsel-none-elf-ld.exe: (.rodata+0x1db8): undefined reference to `__pure_virtual'
C:\Tools\mips-ps1\mips\bin\mipsel-none-elf-ld.exe: build/asm/data/rdata_80054548.rodata.s.o: in function `_vt_21tPListIteratorIndexed':
(.rodata+0x1dc8): undefined reference to `___21tPListIteratorIndexed'
C:\Tools\mips-ps1\mips\bin\mipsel-none-elf-ld.exe: (.rodata+0x1dd0): undefined reference to `Value__21tPListIteratorIndexed7tPlayer'
C:\Tools\mips-ps1\mips\bin\mipsel-none-elf-ld.exe: (.rodata+0x1dd8): undefined reference to `TextValue__21tPListIteratorIndexed7tPlayer'
C:\Tools\mips-ps1\mips\bin\mipsel-none-elf-ld.exe: (.rodata+0x1de0): undefined reference to `Increment__21tPListIteratorIndexed7tPlayer'
C:\Tools\mips-ps1\mips\bin\mipsel-none-elf-ld.exe: (.rodata+0x1de8): undefined reference to `Decrement__21tPListIteratorIndexed7tPlayer'
C:\Tools\mips-ps1\mips\bin\mipsel-none-elf-ld.exe: build/asm/data/rdata_80054548.rodata.s.o: in function `_vt_14tPListIterator':
(.rodata+0x1df8): undefined reference to `___14tPListIterator'
C:\Tools\mips-ps1\mips\bin\mipsel-none-elf-ld.exe: (.rodata+0x1e00): undefined reference to `Value__14tPListIterator7tPlayer'
C:\Tools\mips-ps1\mips\bin\mipsel-none-elf-ld.exe: (.rodata+0x1e08): undefined reference to `TextValue__14tPListIterator7tPlayer'
C:\Tools\mips-ps1\mips\bin\mipsel-none-elf-ld.exe: (.rodata+0x1e10): undefined reference to `Increment__14tPListIterator7tPlayer'
C:\Tools\mips-ps1\mips\bin\mipsel-none-elf-ld.exe: (.rodata+0x1e18): undefined reference to `Decrement__14tPListIterator7tPlayer'
C:\Tools\mips-ps1\mips\bin\mipsel-none-elf-ld.exe: build/asm/data/rdata_80054548.rodata.s.o: in function `jtbl_80056418':
(.rodata+0x1ed0): undefined reference to `.L800B03F4'
C:\Tools\mips-ps1\mips\bin\mipsel-none-elf-ld.exe: (.rodata+0x1ed4): undefined reference to `.L800B0400'
C:\Tools\mips-ps1\mips\bin\mipsel-none-elf-ld.exe: (.rodata+0x1ed8): undefined reference to `.L800B0400'
C:\Tools\mips-ps1\mips\bin\mipsel-none-elf-ld.exe: (.rodata+0x1edc): undefined reference to `.L800B04AC'
C:\Tools\mips-ps1\mips\bin\mipsel-none-elf-ld.exe: (.rodata+0x1ee0): undefined reference to `.L800B04B8'
C:\Tools\mips-ps1\mips\bin\mipsel-none-elf-ld.exe: (.rodata+0x1ee4): undefined reference to `.L800B0440'
C:\Tools\mips-ps1\mips\bin\mipsel-none-elf-ld.exe: (.rodata+0x1ee8): undefined reference to `.L800B044C'
C:\Tools\mips-ps1\mips\bin\mipsel-none-elf-ld.exe: (.rodata+0x1eec): undefined reference to `.L800B03F4'
C:\Tools\mips-ps1\mips\bin\mipsel-none-elf-ld.exe: (.rodata+0x1ef0): undefined reference to `.L800B05D0'
C:\Tools\mips-ps1\mips\bin\mipsel-none-elf-ld.exe: (.rodata+0x1ef4): undefined reference to `.L800B0418'
C:\Tools\mips-ps1\mips\bin\mipsel-none-elf-ld.exe: (.rodata+0x1ef8): undefined reference to `.L800B0424'
C:\Tools\mips-ps1\mips\bin\mipsel-none-elf-ld.exe: (.rodata+0x1efc): undefined reference to `.L800B04A0'
C:\Tools\mips-ps1\mips\bin\mipsel-none-elf-ld.exe: (.rodata+0x1f00): undefined reference to `.L800B0484'
C:\Tools\mips-ps1\mips\bin\mipsel-none-elf-ld.exe: (.rodata+0x1f04): undefined reference to `.L800B05A0'
C:\Tools\mips-ps1\mips\bin\mipsel-none-elf-ld.exe: (.rodata+0x1f08): undefined reference to `.L800B05B0'
C:\Tools\mips-ps1\mips\bin\mipsel-none-elf-ld.exe: (.rodata+0x1f0c): undefined reference to `.L800B05CC'
C:\Tools\mips-ps1\mips\bin\mipsel-none-elf-ld.exe: (.rodata+0x1f10): undefined reference to `.L800B04C4'
C:\Tools\mips-ps1\mips\bin\mipsel-none-elf-ld.exe: (.rodata+0x1f14): undefined reference to `.L800B04DC'
C:\Tools\mips-ps1\mips\bin\mipsel-none-elf-ld.exe: (.rodata+0x1f18): undefined reference to `.L800B0510'
C:\Tools\mips-ps1\mips\bin\mipsel-none-elf-ld.exe: (.rodata+0x1f1c): undefined reference to `.L800B0534'
C:\Tools\mips-ps1\mips\bin\mipsel-none-elf-ld.exe: (.rodata+0x1f20): undefined reference to `.L800B0468'
C:\Tools\mips-ps1\mips\bin\mipsel-none-elf-ld.exe: build/asm/data/rdata_80054548.rodata.s.o: in function `jtbl_80056470':
(.rodata+0x1f28): undefined reference to `.L800B05F4'
C:\Tools\mips-ps1\mips\bin\mipsel-none-elf-ld.exe: (.rodata+0x1f2c): undefined reference to `.L800B05F4'
C:\Tools\mips-ps1\mips\bin\mipsel-none-elf-ld.exe: (.rodata+0x1f30): undefined reference to `.L800B0600'
C:\Tools\mips-ps1\mips\bin\mipsel-none-elf-ld.exe: (.rodata+0x1f34): undefined reference to `.L800B0600'
C:\Tools\mips-ps1\mips\bin\mipsel-none-elf-ld.exe: (.rodata+0x1f38): undefined reference to `.L800B0648'
C:\Tools\mips-ps1\mips\bin\mipsel-none-elf-ld.exe: (.rodata+0x1f3c): undefined reference to `.L800B0648'
C:\Tools\mips-ps1\mips\bin\mipsel-none-elf-ld.exe: build/asm/data/rdata_80054548.rodata.s.o: in function `jtbl_80056488':
(.rodata+0x1f40): undefined reference to `.L800B0AB8'
C:\Tools\mips-ps1\mips\bin\mipsel-none-elf-ld.exe: (.rodata+0x1f44): undefined reference to `.L800B0AB8'
C:\Tools\mips-ps1\mips\bin\mipsel-none-elf-ld.exe: (.rodata+0x1f48): undefined reference to `.L800B0AC4'
C:\Tools\mips-ps1\mips\bin\mipsel-none-elf-ld.exe: (.rodata+0x1f4c): undefined reference to `.L800B0AF4'
C:\Tools\mips-ps1\mips\bin\mipsel-none-elf-ld.exe: (.rodata+0x1f50): undefined reference to `.L800B0B3C'
C:\Tools\mips-ps1\mips\bin\mipsel-none-elf-ld.exe: (.rodata+0x1f54): undefined reference to `.L800B0B3C'
C:\Tools\mips-ps1\mips\bin\mipsel-none-elf-ld.exe: (.rodata+0x1f58): undefined reference to `.L800B0BD0'
C:\Tools\mips-ps1\mips\bin\mipsel-none-elf-ld.exe: (.rodata+0x1f5c): undefined reference to `.L800B0BD0'
C:\Tools\mips-ps1\mips\bin\mipsel-none-elf-ld.exe: (.rodata+0x1f60): undefined reference to `.L800B0BD0'
C:\Tools\mips-ps1\mips\bin\mipsel-none-elf-ld.exe: (.rodata+0x1f64): undefined reference to `.L800B0BD0'
C:\Tools\mips-ps1\mips\bin\mipsel-none-elf-ld.exe: (.rodata+0x1f68): undefined reference to `.L800B0BD0'
C:\Tools\mips-ps1\mips\bin\mipsel-none-elf-ld.exe: build/asm/data/rdata_80054548.rodata.s.o:(.rodata+0x1f6c): more undefined references to `.L800B0BD0' follow
C:\Tools\mips-ps1\mips\bin\mipsel-none-elf-ld.exe: build/asm/data/rdata_80054548.rodata.s.o: in function `jtbl_80056488':
(.rodata+0x1f70): undefined reference to `.L800B0A3C'
C:\Tools\mips-ps1\mips\bin\mipsel-none-elf-ld.exe: (.rodata+0x1f74): undefined reference to `.L800B0A64'
C:\Tools\mips-ps1\mips\bin\mipsel-none-elf-ld.exe: (.rodata+0x1f78): undefined reference to `.L800B0A64'
C:\Tools\mips-ps1\mips\bin\mipsel-none-elf-ld.exe: (.rodata+0x1f7c): undefined reference to `.L800B0A64'
C:\Tools\mips-ps1\mips\bin\mipsel-none-elf-ld.exe: (.rodata+0x1f80): undefined reference to `.L800B0A64'
C:\Tools\mips-ps1\mips\bin\mipsel-none-elf-ld.exe: (.rodata+0x1f84): undefined reference to `.L800B0A64'
C:\Tools\mips-ps1\mips\bin\mipsel-none-elf-ld.exe: (.rodata+0x1f88): undefined reference to `.L800B0A70'
C:\Tools\mips-ps1\mips\bin\mipsel-none-elf-ld.exe: (.rodata+0x1f8c): undefined reference to `.L800B0A88'
C:\Tools\mips-ps1\mips\bin\mipsel-none-elf-ld.exe: (.rodata+0x1f90): undefined reference to `.L800B0A94'
C:\Tools\mips-ps1\mips\bin\mipsel-none-elf-ld.exe: (.rodata+0x1f94): undefined reference to `.L800B0AAC'
C:\Tools\mips-ps1\mips\bin\mipsel-none-elf-ld.exe: build/asm/data/rdata_80054548.rodata.s.o: in function `jtbl_800564E0':
(.rodata+0x1f98): undefined reference to `.L800B1B00'
C:\Tools\mips-ps1\mips\bin\mipsel-none-elf-ld.exe: (.rodata+0x1f9c): undefined reference to `.L800B1B14'
C:\Tools\mips-ps1\mips\bin\mipsel-none-elf-ld.exe: (.rodata+0x1fa0): undefined reference to `.L800B1C08'
C:\Tools\mips-ps1\mips\bin\mipsel-none-elf-ld.exe: (.rodata+0x1fa4): undefined reference to `.L800B1C0C'
C:\Tools\mips-ps1\mips\bin\mipsel-none-elf-ld.exe: (.rodata+0x1fa8): undefined reference to `.L800B1C0C'
C:\Tools\mips-ps1\mips\bin\mipsel-none-elf-ld.exe: (.rodata+0x1fac): undefined reference to `.L800B1B84'
C:\Tools\mips-ps1\mips\bin\mipsel-none-elf-ld.exe: (.rodata+0x1fb0): undefined reference to `.L800B1BA0'
C:\Tools\mips-ps1\mips\bin\mipsel-none-elf-ld.exe: (.rodata+0x1fb4): undefined reference to `.L800B1B30'
C:\Tools\mips-ps1\mips\bin\mipsel-none-elf-ld.exe: (.rodata+0x1fb8): undefined reference to `.L800B1C08'
C:\Tools\mips-ps1\mips\bin\mipsel-none-elf-ld.exe: (.rodata+0x1fbc): undefined reference to `.L800B1B4C'
C:\Tools\mips-ps1\mips\bin\mipsel-none-elf-ld.exe: (.rodata+0x1fc0): undefined reference to `.L800B1B68'
C:\Tools\mips-ps1\mips\bin\mipsel-none-elf-ld.exe: (.rodata+0x1fc4): undefined reference to `.L800B1BF4'
C:\Tools\mips-ps1\mips\bin\mipsel-none-elf-ld.exe: (.rodata+0x1fc8): undefined reference to `.L800B1BD8'
C:\Tools\mips-ps1\mips\bin\mipsel-none-elf-ld.exe: (.rodata+0x1fcc): undefined reference to `.L800B1C0C'
C:\Tools\mips-ps1\mips\bin\mipsel-none-elf-ld.exe: (.rodata+0x1fd0): undefined reference to `.L800B1C00'
C:\Tools\mips-ps1\mips\bin\mipsel-none-elf-ld.exe: (.rodata+0x1fd4): undefined reference to `.L800B1C0C'
C:\Tools\mips-ps1\mips\bin\mipsel-none-elf-ld.exe: (.rodata+0x1fd8): undefined reference to `.L800B1C0C'
C:\Tools\mips-ps1\mips\bin\mipsel-none-elf-ld.exe: (.rodata+0x1fdc): undefined reference to `.L800B1C00'
C:\Tools\mips-ps1\mips\bin\mipsel-none-elf-ld.exe: (.rodata+0x1fe0): undefined reference to `.L800B1C0C'
C:\Tools\mips-ps1\mips\bin\mipsel-none-elf-ld.exe: (.rodata+0x1fe4): undefined reference to `.L800B1C0C'
C:\Tools\mips-ps1\mips\bin\mipsel-none-elf-ld.exe: (.rodata+0x1fe8): undefined reference to `.L800B1BBC'
C:\Tools\mips-ps1\mips\bin\mipsel-none-elf-ld.exe: build/asm/data/rdata_80054548.rodata.s.o: in function `jtbl_80056578':
(.rodata+0x2030): undefined reference to `.L800B522C'
C:\Tools\mips-ps1\mips\bin\mipsel-none-elf-ld.exe: (.rodata+0x2034): undefined reference to `.L800B5244'
C:\Tools\mips-ps1\mips\bin\mipsel-none-elf-ld.exe: (.rodata+0x2038): undefined reference to `.L800B5254'
C:\Tools\mips-ps1\mips\bin\mipsel-none-elf-ld.exe: (.rodata+0x203c): undefined reference to `.L800B526C'
C:\Tools\mips-ps1\mips\bin\mipsel-none-elf-ld.exe: (.rodata+0x2040): undefined reference to `.L800B52EC'
C:\Tools\mips-ps1\mips\bin\mipsel-none-elf-ld.exe: build/asm/data/rdata_80054548.rodata.s.o: in function `jtbl_80056690':
(.rodata+0x2148): undefined reference to `.L800BA714'
C:\Tools\mips-ps1\mips\bin\mipsel-none-elf-ld.exe: (.rodata+0x214c): undefined reference to `.L800BA7BC'
C:\Tools\mips-ps1\mips\bin\mipsel-none-elf-ld.exe: (.rodata+0x2150): undefined reference to `.L800BA7BC'
C:\Tools\mips-ps1\mips\bin\mipsel-none-elf-ld.exe: (.rodata+0x2154): undefined reference to `.L800BA7BC'
C:\Tools\mips-ps1\mips\bin\mipsel-none-elf-ld.exe: (.rodata+0x2158): undefined reference to `.L800BA7BC'
C:\Tools\mips-ps1\mips\bin\mipsel-none-elf-ld.exe: (.rodata+0x215c): undefined reference to `.L800BA770'
C:\Tools\mips-ps1\mips\bin\mipsel-none-elf-ld.exe: (.rodata+0x2160): undefined reference to `.L800BA78C'
C:\Tools\mips-ps1\mips\bin\mipsel-none-elf-ld.exe: (.rodata+0x2164): undefined reference to `.L800BA7BC'
C:\Tools\mips-ps1\mips\bin\mipsel-none-elf-ld.exe: (.rodata+0x2168): undefined reference to `.L800BA7BC'
C:\Tools\mips-ps1\mips\bin\mipsel-none-elf-ld.exe: (.rodata+0x216c): undefined reference to `.L800BA7BC'
C:\Tools\mips-ps1\mips\bin\mipsel-none-elf-ld.exe: (.rodata+0x2170): undefined reference to `.L800BA7BC'
C:\Tools\mips-ps1\mips\bin\mipsel-none-elf-ld.exe: (.rodata+0x2174): undefined reference to `.L800BA7BC'
C:\Tools\mips-ps1\mips\bin\mipsel-none-elf-ld.exe: build/asm/data/rdata_80054548.rodata.s.o:(.rodata+0x2178): more undefined references to `.L800BA7BC' follow
C:\Tools\mips-ps1\mips\bin\mipsel-none-elf-ld.exe: build/asm/data/rdata_80054548.rodata.s.o: in function `jtbl_80056690':
(.rodata+0x217c): undefined reference to `.L800BA734'
C:\Tools\mips-ps1\mips\bin\mipsel-none-elf-ld.exe: (.rodata+0x2180): undefined reference to `.L800BA7BC'
C:\Tools\mips-ps1\mips\bin\mipsel-none-elf-ld.exe: (.rodata+0x2184): undefined reference to `.L800BA7BC'
C:\Tools\mips-ps1\mips\bin\mipsel-none-elf-ld.exe: (.rodata+0x2188): undefined reference to `.L800BA7BC'
C:\Tools\mips-ps1\mips\bin\mipsel-none-elf-ld.exe: (.rodata+0x218c): undefined reference to `.L800BA7BC'
C:\Tools\mips-ps1\mips\bin\mipsel-none-elf-ld.exe: (.rodata+0x2190): undefined reference to `.L800BA7BC'
C:\Tools\mips-ps1\mips\bin\mipsel-none-elf-ld.exe: build/asm/data/rdata_80054548.rodata.s.o:(.rodata+0x2194): more undefined references to `.L800BA7BC' follow
C:\Tools\mips-ps1\mips\bin\mipsel-none-elf-ld.exe: build/asm/data/rdata_80054548.rodata.s.o: in function `jtbl_80056690':
(.rodata+0x21d0): undefined reference to `.L800BA754'
C:\Tools\mips-ps1\mips\bin\mipsel-none-elf-ld.exe: (.rodata+0x21d4): undefined reference to `.L800BA7BC'
C:\Tools\mips-ps1\mips\bin\mipsel-none-elf-ld.exe: (.rodata+0x21d8): undefined reference to `.L800BA7A8'
C:\Tools\mips-ps1\mips\bin\mipsel-none-elf-ld.exe: build/asm/data/rdata_80054548.rodata.s.o: in function `jtbl_80056788':
(.rodata+0x2240): undefined reference to `.L800BC4A0'
C:\Tools\mips-ps1\mips\bin\mipsel-none-elf-ld.exe: (.rodata+0x2244): undefined reference to `.L800BC4C4'
C:\Tools\mips-ps1\mips\bin\mipsel-none-elf-ld.exe: (.rodata+0x2248): undefined reference to `.L800BC4C4'
C:\Tools\mips-ps1\mips\bin\mipsel-none-elf-ld.exe: (.rodata+0x224c): undefined reference to `.L800BC4C4'
C:\Tools\mips-ps1\mips\bin\mipsel-none-elf-ld.exe: (.rodata+0x2250): undefined reference to `.L800BC4A0'
C:\Tools\mips-ps1\mips\bin\mipsel-none-elf-ld.exe: (.rodata+0x2254): undefined reference to `.L800BC4A0'
C:\Tools\mips-ps1\mips\bin\mipsel-none-elf-ld.exe: (.rodata+0x2258): undefined reference to `.L800BC4C4'
C:\Tools\mips-ps1\mips\bin\mipsel-none-elf-ld.exe: (.rodata+0x225c): undefined reference to `.L800BC4C4'
C:\Tools\mips-ps1\mips\bin\mipsel-none-elf-ld.exe: (.rodata+0x2260): undefined reference to `.L800BC4A8'
C:\Tools\mips-ps1\mips\bin\mipsel-none-elf-ld.exe: (.rodata+0x2264): undefined reference to `.L800BC4C4'
C:\Tools\mips-ps1\mips\bin\mipsel-none-elf-ld.exe: (.rodata+0x2268): undefined reference to `.L800BC4C4'
C:\Tools\mips-ps1\mips\bin\mipsel-none-elf-ld.exe: (.rodata+0x226c): undefined reference to `.L800BC4C4'
C:\Tools\mips-ps1\mips\bin\mipsel-none-elf-ld.exe: (.rodata+0x2270): undefined reference to `.L800BC4B0'
C:\Tools\mips-ps1\mips\bin\mipsel-none-elf-ld.exe: (.rodata+0x2274): undefined reference to `.L800BC4C4'
C:\Tools\mips-ps1\mips\bin\mipsel-none-elf-ld.exe: (.rodata+0x2278): undefined reference to `.L800BC4C4'
C:\Tools\mips-ps1\mips\bin\mipsel-none-elf-ld.exe: (.rodata+0x227c): undefined reference to `.L800BC4C4'
C:\Tools\mips-ps1\mips\bin\mipsel-none-elf-ld.exe: (.rodata+0x2280): undefined reference to `.L800BC4C4'
C:\Tools\mips-ps1\mips\bin\mipsel-none-elf-ld.exe: (.rodata+0x2284): undefined reference to `.L800BC498'
C:\Tools\mips-ps1\mips\bin\mipsel-none-elf-ld.exe: (.rodata+0x2288): undefined reference to `.L800BC4B8'
C:\Tools\mips-ps1\mips\bin\mipsel-none-elf-ld.exe: (.rodata+0x228c): undefined reference to `.L800BC4C4'
C:\Tools\mips-ps1\mips\bin\mipsel-none-elf-ld.exe: (.rodata+0x2290): undefined reference to `.L800BC4C4'
C:\Tools\mips-ps1\mips\bin\mipsel-none-elf-ld.exe: (.rodata+0x2294): undefined reference to `.L800BC4C4'
C:\Tools\mips-ps1\mips\bin\mipsel-none-elf-ld.exe: (.rodata+0x2298): undefined reference to `.L800BC4B8'
C:\Tools\mips-ps1\mips\bin\mipsel-none-elf-ld.exe: (.rodata+0x229c): undefined reference to `.L800BC4C4'
C:\Tools\mips-ps1\mips\bin\mipsel-none-elf-ld.exe: (.rodata+0x22a0): undefined reference to `.L800BC4C4'
C:\Tools\mips-ps1\mips\bin\mipsel-none-elf-ld.exe: (.rodata+0x22a4): undefined reference to `.L800BC4C0'
C:\Tools\mips-ps1\mips\bin\mipsel-none-elf-ld.exe: (.rodata+0x22a8): undefined reference to `.L800BC4C4'
C:\Tools\mips-ps1\mips\bin\mipsel-none-elf-ld.exe: (.rodata+0x22ac): undefined reference to `.L800BC4C4'
C:\Tools\mips-ps1\mips\bin\mipsel-none-elf-ld.exe: (.rodata+0x22b0): undefined reference to `.L800BC4C0'
C:\Tools\mips-ps1\mips\bin\mipsel-none-elf-ld.exe: build/asm/data/rdata_80054548.rodata.s.o: in function `jtbl_8005684C':
(.rodata+0x2304): undefined reference to `.L800CAD3C'
C:\Tools\mips-ps1\mips\bin\mipsel-none-elf-ld.exe: (.rodata+0x2308): undefined reference to `.L800CAD3C'
C:\Tools\mips-ps1\mips\bin\mipsel-none-elf-ld.exe: (.rodata+0x230c): undefined reference to `.L800CAD3C'
C:\Tools\mips-ps1\mips\bin\mipsel-none-elf-ld.exe: (.rodata+0x2310): undefined reference to `.L800CAD3C'
C:\Tools\mips-ps1\mips\bin\mipsel-none-elf-ld.exe: (.rodata+0x2314): undefined reference to `.L800CAD3C'
C:\Tools\mips-ps1\mips\bin\mipsel-none-elf-ld.exe: build/asm/data/rdata_80054548.rodata.s.o:(.rodata+0x2318): more undefined references to `.L800CAD3C' follow
C:\Tools\mips-ps1\mips\bin\mipsel-none-elf-ld.exe: build/asm/data/rdata_80054548.rodata.s.o: in function `jtbl_8005684C':
(.rodata+0x2324): undefined reference to `.L800CAD78'
C:\Tools\mips-ps1\mips\bin\mipsel-none-elf-ld.exe: (.rodata+0x2328): undefined reference to `.L800CAD78'
C:\Tools\mips-ps1\mips\bin\mipsel-none-elf-ld.exe: (.rodata+0x232c): undefined reference to `.L800CAD78'
C:\Tools\mips-ps1\mips\bin\mipsel-none-elf-ld.exe: (.rodata+0x2330): undefined reference to `.L800CAD78'
C:\Tools\mips-ps1\mips\bin\mipsel-none-elf-ld.exe: (.rodata+0x2334): undefined reference to `.L800CADB0'
C:\Tools\mips-ps1\mips\bin\mipsel-none-elf-ld.exe: (.rodata+0x2338): undefined reference to `.L800CAD78'
C:\Tools\mips-ps1\mips\bin\mipsel-none-elf-ld.exe: build/asm/data/rdata_80054548.rodata.s.o: in function `jtbl_80056894':
(.rodata+0x234c): undefined reference to `.L800CF0C8'
C:\Tools\mips-ps1\mips\bin\mipsel-none-elf-ld.exe: (.rodata+0x2350): undefined reference to `.L800CF0C8'
C:\Tools\mips-ps1\mips\bin\mipsel-none-elf-ld.exe: (.rodata+0x2354): undefined reference to `.L800CF0E8'
C:\Tools\mips-ps1\mips\bin\mipsel-none-elf-ld.exe: (.rodata+0x2358): undefined reference to `.L800CF100'
C:\Tools\mips-ps1\mips\bin\mipsel-none-elf-ld.exe: (.rodata+0x235c): undefined reference to `.L800CF118'
C:\Tools\mips-ps1\mips\bin\mipsel-none-elf-ld.exe: build/asm/data/rdata_80054548.rodata.s.o: in function `jtbl_8005699C':
(.rodata+0x2454): undefined reference to `.L800DD7E8'
C:\Tools\mips-ps1\mips\bin\mipsel-none-elf-ld.exe: (.rodata+0x2458): undefined reference to `.L800DD804'
C:\Tools\mips-ps1\mips\bin\mipsel-none-elf-ld.exe: (.rodata+0x245c): undefined reference to `.L800DD850'
C:\Tools\mips-ps1\mips\bin\mipsel-none-elf-ld.exe: (.rodata+0x2460): undefined reference to `.L800DD874'
C:\Tools\mips-ps1\mips\bin\mipsel-none-elf-ld.exe: (.rodata+0x2464): undefined reference to `.L800DE61C'
C:\Tools\mips-ps1\mips\bin\mipsel-none-elf-ld.exe: (.rodata+0x2468): undefined reference to `.L800DDD0C'
C:\Tools\mips-ps1\mips\bin\mipsel-none-elf-ld.exe: (.rodata+0x246c): undefined reference to `.L800DDDEC'
C:\Tools\mips-ps1\mips\bin\mipsel-none-elf-ld.exe: (.rodata+0x2470): undefined reference to `.L800DE130'
C:\Tools\mips-ps1\mips\bin\mipsel-none-elf-ld.exe: (.rodata+0x2474): undefined reference to `.L800DDEF4'
C:\Tools\mips-ps1\mips\bin\mipsel-none-elf-ld.exe: (.rodata+0x2478): undefined reference to `.L800DDA74'
C:\Tools\mips-ps1\mips\bin\mipsel-none-elf-ld.exe: (.rodata+0x247c): undefined reference to `.L800DDFFC'
C:\Tools\mips-ps1\mips\bin\mipsel-none-elf-ld.exe: (.rodata+0x2480): undefined reference to `.L800DE61C'
C:\Tools\mips-ps1\mips\bin\mipsel-none-elf-ld.exe: (.rodata+0x2484): undefined reference to `.L800DE3C8'
C:\Tools\mips-ps1\mips\bin\mipsel-none-elf-ld.exe: (.rodata+0x2488): undefined reference to `.L800DE3C8'
C:\Tools\mips-ps1\mips\bin\mipsel-none-elf-ld.exe: build/asm/data/rdata_80054548.rodata.s.o: in function `jtbl_800569D4':
(.rodata+0x248c): undefined reference to `.L800DE67C'
C:\Tools\mips-ps1\mips\bin\mipsel-none-elf-ld.exe: (.rodata+0x2490): undefined reference to `.L800DE67C'
C:\Tools\mips-ps1\mips\bin\mipsel-none-elf-ld.exe: (.rodata+0x2494): undefined reference to `.L800DE67C'
C:\Tools\mips-ps1\mips\bin\mipsel-none-elf-ld.exe: (.rodata+0x2498): undefined reference to `.L800DE6B8'
C:\Tools\mips-ps1\mips\bin\mipsel-none-elf-ld.exe: (.rodata+0x249c): undefined reference to `.L800DE6E4'
C:\Tools\mips-ps1\mips\bin\mipsel-none-elf-ld.exe: (.rodata+0x24a0): undefined reference to `.L800DE684'
C:\Tools\mips-ps1\mips\bin\mipsel-none-elf-ld.exe: (.rodata+0x24a4): undefined reference to `.L800DE684'
C:\Tools\mips-ps1\mips\bin\mipsel-none-elf-ld.exe: (.rodata+0x24a8): undefined reference to `.L800DE6B8'
C:\Tools\mips-ps1\mips\bin\mipsel-none-elf-ld.exe: (.rodata+0x24ac): undefined reference to `.L800DE684'
C:\Tools\mips-ps1\mips\bin\mipsel-none-elf-ld.exe: (.rodata+0x24b0): undefined reference to `.L800DE6B8'
C:\Tools\mips-ps1\mips\bin\mipsel-none-elf-ld.exe: (.rodata+0x24b4): undefined reference to `.L800DE69C'
C:\Tools\mips-ps1\mips\bin\mipsel-none-elf-ld.exe: (.rodata+0x24b8): undefined reference to `.L800DE6E4'
C:\Tools\mips-ps1\mips\bin\mipsel-none-elf-ld.exe: (.rodata+0x24bc): undefined reference to `.L800DE6C4'
C:\Tools\mips-ps1\mips\bin\mipsel-none-elf-ld.exe: build/asm/data/rdata_80054548.rodata.s.o: in function `jtbl_80056A98':
(.rodata+0x2550): undefined reference to `.L800E03C0'
C:\Tools\mips-ps1\mips\bin\mipsel-none-elf-ld.exe: (.rodata+0x2554): undefined reference to `.L800E03F0'
C:\Tools\mips-ps1\mips\bin\mipsel-none-elf-ld.exe: (.rodata+0x2558): undefined reference to `.L800E0420'
C:\Tools\mips-ps1\mips\bin\mipsel-none-elf-ld.exe: (.rodata+0x255c): undefined reference to `.L800E0450'
C:\Tools\mips-ps1\mips\bin\mipsel-none-elf-ld.exe: (.rodata+0x2560): undefined reference to `.L800E0480'
C:\Tools\mips-ps1\mips\bin\mipsel-none-elf-ld.exe: build/asm/data/rdata_80054548.rodata.s.o: in function `jtbl_80056B60':
(.rodata+0x2618): undefined reference to `.L800E4798'
C:\Tools\mips-ps1\mips\bin\mipsel-none-elf-ld.exe: (.rodata+0x261c): undefined reference to `.L800E4C44'
C:\Tools\mips-ps1\mips\bin\mipsel-none-elf-ld.exe: (.rodata+0x2620): undefined reference to `.L800E4C44'
C:\Tools\mips-ps1\mips\bin\mipsel-none-elf-ld.exe: (.rodata+0x2624): undefined reference to `.L800E4C44'
C:\Tools\mips-ps1\mips\bin\mipsel-none-elf-ld.exe: (.rodata+0x2628): undefined reference to `.L800E4C44'
C:\Tools\mips-ps1\mips\bin\mipsel-none-elf-ld.exe: (.rodata+0x262c): undefined reference to `.L800E4C44'
C:\Tools\mips-ps1\mips\bin\mipsel-none-elf-ld.exe: build/asm/data/rdata_80054548.rodata.s.o:(.rodata+0x2630): more undefined references to `.L800E4C44' follow
C:\Tools\mips-ps1\mips\bin\mipsel-none-elf-ld.exe: build/asm/data/rdata_80054548.rodata.s.o: in function `jtbl_80056B60':
(.rodata+0x2648): undefined reference to `.L800E4A50'
C:\Tools\mips-ps1\mips\bin\mipsel-none-elf-ld.exe: (.rodata+0x264c): undefined reference to `.L800E4C44'
C:\Tools\mips-ps1\mips\bin\mipsel-none-elf-ld.exe: (.rodata+0x2650): undefined reference to `.L800E4C44'
C:\Tools\mips-ps1\mips\bin\mipsel-none-elf-ld.exe: (.rodata+0x2654): undefined reference to `.L800E4C44'
C:\Tools\mips-ps1\mips\bin\mipsel-none-elf-ld.exe: (.rodata+0x2658): undefined reference to `.L800E4C44'
C:\Tools\mips-ps1\mips\bin\mipsel-none-elf-ld.exe: (.rodata+0x265c): undefined reference to `.L800E4C44'
C:\Tools\mips-ps1\mips\bin\mipsel-none-elf-ld.exe: build/asm/data/rdata_80054548.rodata.s.o:(.rodata+0x2660): more undefined references to `.L800E4C44' follow
C:\Tools\mips-ps1\mips\bin\mipsel-none-elf-ld.exe: build/asm/data/rdata_80054548.rodata.s.o: in function `jtbl_80056B60':
(.rodata+0x2674): undefined reference to `.L800E4B64'
C:\Tools\mips-ps1\mips\bin\mipsel-none-elf-ld.exe: (.rodata+0x2678): undefined reference to `.L800E47C4'
C:\Tools\mips-ps1\mips\bin\mipsel-none-elf-ld.exe: (.rodata+0x267c): undefined reference to `.L800E4C44'
C:\Tools\mips-ps1\mips\bin\mipsel-none-elf-ld.exe: (.rodata+0x2680): undefined reference to `.L800E4C44'
C:\Tools\mips-ps1\mips\bin\mipsel-none-elf-ld.exe: (.rodata+0x2684): undefined reference to `.L800E4C44'
C:\Tools\mips-ps1\mips\bin\mipsel-none-elf-ld.exe: (.rodata+0x2688): undefined reference to `.L800E4780'
C:\Tools\mips-ps1\mips\bin\mipsel-none-elf-ld.exe: (.rodata+0x268c): undefined reference to `.L800E47C4'
C:\Tools\mips-ps1\mips\bin\mipsel-none-elf-ld.exe: (.rodata+0x2690): undefined reference to `.L800E4C44'
C:\Tools\mips-ps1\mips\bin\mipsel-none-elf-ld.exe: (.rodata+0x2694): undefined reference to `.L800E4C44'
C:\Tools\mips-ps1\mips\bin\mipsel-none-elf-ld.exe: (.rodata+0x2698): undefined reference to `.L800E478C'
C:\Tools\mips-ps1\mips\bin\mipsel-none-elf-ld.exe: (.rodata+0x269c): undefined reference to `.L800E4C44'
C:\Tools\mips-ps1\mips\bin\mipsel-none-elf-ld.exe: (.rodata+0x26a0): undefined reference to `.L800E4C10'
C:\Tools\mips-ps1\mips\bin\mipsel-none-elf-ld.exe: (.rodata+0x26a4): undefined reference to `.L800E493C'
C:\Tools\mips-ps1\mips\bin\mipsel-none-elf-ld.exe: (.rodata+0x26a8): undefined reference to `.L800E4A3C'
C:\Tools\mips-ps1\mips\bin\mipsel-none-elf-ld.exe: (.rodata+0x26ac): undefined reference to `.L800E4C44'
C:\Tools\mips-ps1\mips\bin\mipsel-none-elf-ld.exe: (.rodata+0x26b0): undefined reference to `.L800E4C44'
C:\Tools\mips-ps1\mips\bin\mipsel-none-elf-ld.exe: (.rodata+0x26b4): undefined reference to `.L800E4B84'
C:\Tools\mips-ps1\mips\bin\mipsel-none-elf-ld.exe: (.rodata+0x26b8): undefined reference to `.L800E4C44'
C:\Tools\mips-ps1\mips\bin\mipsel-none-elf-ld.exe: (.rodata+0x26bc): undefined reference to `.L800E481C'
C:\Tools\mips-ps1\mips\bin\mipsel-none-elf-ld.exe: (.rodata+0x26c0): undefined reference to `.L800E4C44'
C:\Tools\mips-ps1\mips\bin\mipsel-none-elf-ld.exe: (.rodata+0x26c4): undefined reference to `.L800E4C44'
C:\Tools\mips-ps1\mips\bin\mipsel-none-elf-ld.exe: (.rodata+0x26c8): undefined reference to `.L800E4A5C'
C:\Tools\mips-ps1\mips\bin\mipsel-none-elf-ld.exe: build/asm/data/rdata_80054548.rodata.s.o: in function `jtbl_80056C6C':
(.rodata+0x2724): undefined reference to `.L800EC328'
C:\Tools\mips-ps1\mips\bin\mipsel-none-elf-ld.exe: (.rodata+0x2728): undefined reference to `.L800EC334'
C:\Tools\mips-ps1\mips\bin\mipsel-none-elf-ld.exe: (.rodata+0x272c): undefined reference to `.L800EC34C'
C:\Tools\mips-ps1\mips\bin\mipsel-none-elf-ld.exe: (.rodata+0x2730): undefined reference to `.L800EC34C'
C:\Tools\mips-ps1\mips\bin\mipsel-none-elf-ld.exe: (.rodata+0x2734): undefined reference to `.L800EC340'
C:\Tools\mips-ps1\mips\bin\mipsel-none-elf-ld.exe: (.rodata+0x2738): undefined reference to `.L800EC334'
C:\Tools\mips-ps1\mips\bin\mipsel-none-elf-ld.exe: (.rodata+0x273c): undefined reference to `.L800EC340'
C:\Tools\mips-ps1\mips\bin\mipsel-none-elf-ld.exe: (.rodata+0x2740): undefined reference to `.L800EC328'
C:\Tools\mips-ps1\mips\bin\mipsel-none-elf-ld.exe: (.rodata+0x2744): undefined reference to `.L800EC334'
C:\Tools\mips-ps1\mips\bin\mipsel-none-elf-ld.exe: build/asm/data/rdata_80054548.rodata.s.o: in function `jtbl_80056C94':
(.rodata+0x274c): undefined reference to `.L800ECD04'
C:\Tools\mips-ps1\mips\bin\mipsel-none-elf-ld.exe: (.rodata+0x2750): undefined reference to `.L800ECF08'
C:\Tools\mips-ps1\mips\bin\mipsel-none-elf-ld.exe: (.rodata+0x2754): undefined reference to `.L800ECF4C'
C:\Tools\mips-ps1\mips\bin\mipsel-none-elf-ld.exe: (.rodata+0x2758): undefined reference to `.L800ECFB4'
C:\Tools\mips-ps1\mips\bin\mipsel-none-elf-ld.exe: (.rodata+0x275c): undefined reference to `.L800ECFD8'
C:\Tools\mips-ps1\mips\bin\mipsel-none-elf-ld.exe: (.rodata+0x2760): undefined reference to `.L800ECFF0'
C:\Tools\mips-ps1\mips\bin\mipsel-none-elf-ld.exe: (.rodata+0x2764): undefined reference to `.L800ECD04'
C:\Tools\mips-ps1\mips\bin\mipsel-none-elf-ld.exe: (.rodata+0x2768): undefined reference to `.L800ECFF0'
C:\Tools\mips-ps1\mips\bin\mipsel-none-elf-ld.exe: (.rodata+0x276c): undefined reference to `.L800ECFF0'
C:\Tools\mips-ps1\mips\bin\mipsel-none-elf-ld.exe: build/asm/data/rdata_80054548.rodata.s.o: in function `jtbl_80056CB8':
(.rodata+0x2770): undefined reference to `.L800ED658'
C:\Tools\mips-ps1\mips\bin\mipsel-none-elf-ld.exe: (.rodata+0x2774): undefined reference to `.L800ED610'
C:\Tools\mips-ps1\mips\bin\mipsel-none-elf-ld.exe: (.rodata+0x2778): undefined reference to `.L800ED61C'
C:\Tools\mips-ps1\mips\bin\mipsel-none-elf-ld.exe: (.rodata+0x277c): undefined reference to `.L800ED628'
C:\Tools\mips-ps1\mips\bin\mipsel-none-elf-ld.exe: (.rodata+0x2780): undefined reference to `.L800ED630'
C:\Tools\mips-ps1\mips\bin\mipsel-none-elf-ld.exe: (.rodata+0x2784): undefined reference to `.L800ED638'
C:\Tools\mips-ps1\mips\bin\mipsel-none-elf-ld.exe: (.rodata+0x2788): undefined reference to `.L800ED640'
C:\Tools\mips-ps1\mips\bin\mipsel-none-elf-ld.exe: (.rodata+0x278c): undefined reference to `.L800ED64C'
C:\Tools\mips-ps1\mips\bin\mipsel-none-elf-ld.exe: build/asm/data/rdata_80054548.rodata.s.o: in function `jtbl_80056EF8':
(.rodata+0x29b0): undefined reference to `.L800F00D8'
C:\Tools\mips-ps1\mips\bin\mipsel-none-elf-ld.exe: (.rodata+0x29b4): undefined reference to `.L800F00E4'
C:\Tools\mips-ps1\mips\bin\mipsel-none-elf-ld.exe: (.rodata+0x29b8): undefined reference to `.L800F00F0'
C:\Tools\mips-ps1\mips\bin\mipsel-none-elf-ld.exe: (.rodata+0x29bc): undefined reference to `.L800F00FC'
C:\Tools\mips-ps1\mips\bin\mipsel-none-elf-ld.exe: (.rodata+0x29c0): undefined reference to `.L800F0108'
C:\Tools\mips-ps1\mips\bin\mipsel-none-elf-ld.exe: build/asm/data/rdata_80054548.rodata.s.o: in function `jtbl_80056FBC':
(.rodata+0x2a74): undefined reference to `.L800F3D94'
C:\Tools\mips-ps1\mips\bin\mipsel-none-elf-ld.exe: (.rodata+0x2a78): undefined reference to `.L800F3DAC'
C:\Tools\mips-ps1\mips\bin\mipsel-none-elf-ld.exe: (.rodata+0x2a7c): undefined reference to `.L800F3DC4'
C:\Tools\mips-ps1\mips\bin\mipsel-none-elf-ld.exe: (.rodata+0x2a80): undefined reference to `.L800F3E38'
C:\Tools\mips-ps1\mips\bin\mipsel-none-elf-ld.exe: (.rodata+0x2a84): undefined reference to `.L800F3DF0'
C:\Tools\mips-ps1\mips\bin\mipsel-none-elf-ld.exe: (.rodata+0x2a88): undefined reference to `.L800F3E38'
C:\Tools\mips-ps1\mips\bin\mipsel-none-elf-ld.exe: (.rodata+0x2a8c): undefined reference to `.L800F3E24'
C:\Tools\mips-ps1\mips\bin\mipsel-none-elf-ld.exe: build/asm/data/rdata_80054548.rodata.s.o: in function `jtbl_80056FD8':
(.rodata+0x2a90): undefined reference to `.L800F6AC8'
C:\Tools\mips-ps1\mips\bin\mipsel-none-elf-ld.exe: (.rodata+0x2a94): undefined reference to `.L800F6ABC'
C:\Tools\mips-ps1\mips\bin\mipsel-none-elf-ld.exe: (.rodata+0x2a98): undefined reference to `.L800F6B34'
C:\Tools\mips-ps1\mips\bin\mipsel-none-elf-ld.exe: (.rodata+0x2a9c): undefined reference to `.L800F6BE0'
C:\Tools\mips-ps1\mips\bin\mipsel-none-elf-ld.exe: (.rodata+0x2aa0): undefined reference to `.L800F6BE0'
C:\Tools\mips-ps1\mips\bin\mipsel-none-elf-ld.exe: (.rodata+0x2aa4): undefined reference to `.L800F6BE0'
C:\Tools\mips-ps1\mips\bin\mipsel-none-elf-ld.exe: (.rodata+0x2aa8): undefined reference to `.L800F6BE0'
C:\Tools\mips-ps1\mips\bin\mipsel-none-elf-ld.exe: (.rodata+0x2aac): undefined reference to `.L800F6BE0'
C:\Tools\mips-ps1\mips\bin\mipsel-none-elf-ld.exe: build/asm/data/rdata_80054548.rodata.s.o:(.rodata+0x2ab0): more undefined references to `.L800F6BE0' follow
C:\Tools\mips-ps1\mips\bin\mipsel-none-elf-ld.exe: build/asm/data/rdata_80054548.rodata.s.o: in function `jtbl_80056FD8':
(.rodata+0x2b08): undefined reference to `.L800F6A44'
C:\Tools\mips-ps1\mips\bin\mipsel-none-elf-ld.exe: (.rodata+0x2b0c): undefined reference to `.L800F6A44'
C:\Tools\mips-ps1\mips\bin\mipsel-none-elf-ld.exe: (.rodata+0x2b10): undefined reference to `.L800F6A44'
C:\Tools\mips-ps1\mips\bin\mipsel-none-elf-ld.exe: (.rodata+0x2b14): undefined reference to `.L800F6A44'
C:\Tools\mips-ps1\mips\bin\mipsel-none-elf-ld.exe: build/asm/data/rdata_80054548.rodata.s.o: in function `jtbl_80057078':
(.rodata+0x2b30): undefined reference to `.L800F725C'
C:\Tools\mips-ps1\mips\bin\mipsel-none-elf-ld.exe: (.rodata+0x2b34): undefined reference to `.L800F7314'
C:\Tools\mips-ps1\mips\bin\mipsel-none-elf-ld.exe: (.rodata+0x2b38): undefined reference to `.L800F7314'
C:\Tools\mips-ps1\mips\bin\mipsel-none-elf-ld.exe: (.rodata+0x2b3c): undefined reference to `.L800F7314'
C:\Tools\mips-ps1\mips\bin\mipsel-none-elf-ld.exe: (.rodata+0x2b40): undefined reference to `.L800F7314'
C:\Tools\mips-ps1\mips\bin\mipsel-none-elf-ld.exe: (.rodata+0x2b44): undefined reference to `.L800F7314'
C:\Tools\mips-ps1\mips\bin\mipsel-none-elf-ld.exe: build/asm/data/rdata_80054548.rodata.s.o:(.rodata+0x2b48): more undefined references to `.L800F7314' follow
C:\Tools\mips-ps1\mips\bin\mipsel-none-elf-ld.exe: build/asm/data/rdata_80054548.rodata.s.o: in function `jtbl_80057078':
(.rodata+0x2b5c): undefined reference to `.L800F72D4'
C:\Tools\mips-ps1\mips\bin\mipsel-none-elf-ld.exe: (.rodata+0x2b60): undefined reference to `.L800F71DC'
C:\Tools\mips-ps1\mips\bin\mipsel-none-elf-ld.exe: (.rodata+0x2b64): undefined reference to `.L800F7314'
C:\Tools\mips-ps1\mips\bin\mipsel-none-elf-ld.exe: (.rodata+0x2b68): undefined reference to `.L800F7314'
C:\Tools\mips-ps1\mips\bin\mipsel-none-elf-ld.exe: (.rodata+0x2b6c): undefined reference to `.L800F7314'
C:\Tools\mips-ps1\mips\bin\mipsel-none-elf-ld.exe: (.rodata+0x2b70): undefined reference to `.L800F7314'
C:\Tools\mips-ps1\mips\bin\mipsel-none-elf-ld.exe: (.rodata+0x2b74): undefined reference to `.L800F7314'
C:\Tools\mips-ps1\mips\bin\mipsel-none-elf-ld.exe: build/asm/data/rdata_80054548.rodata.s.o:(.rodata+0x2b78): more undefined references to `.L800F7314' follow
C:\Tools\mips-ps1\mips\bin\mipsel-none-elf-ld.exe: build/asm/data/rdata_80054548.rodata.s.o: in function `jtbl_80057078':
(.rodata+0x2b9c): undefined reference to `.L800F72F4'
C:\Tools\mips-ps1\mips\bin\mipsel-none-elf-ld.exe: (.rodata+0x2ba0): undefined reference to `.L800F7314'
C:\Tools\mips-ps1\mips\bin\mipsel-none-elf-ld.exe: (.rodata+0x2ba4): undefined reference to `.L800F7314'
C:\Tools\mips-ps1\mips\bin\mipsel-none-elf-ld.exe: (.rodata+0x2ba8): undefined reference to `.L800F7314'
C:\Tools\mips-ps1\mips\bin\mipsel-none-elf-ld.exe: (.rodata+0x2bac): undefined reference to `.L800F7314'
C:\Tools\mips-ps1\mips\bin\mipsel-none-elf-ld.exe: (.rodata+0x2bb0): undefined reference to `.L800F725C'
C:\Tools\mips-ps1\mips\bin\mipsel-none-elf-ld.exe: build/asm/data/rdata_80054548.rodata.s.o: in function `jtbl_80057398':
(.rodata+0x2e50): undefined reference to `.L800FAE6C'
C:\Tools\mips-ps1\mips\bin\mipsel-none-elf-ld.exe: (.rodata+0x2e54): undefined reference to `.L800FB048'
C:\Tools\mips-ps1\mips\bin\mipsel-none-elf-ld.exe: (.rodata+0x2e58): undefined reference to `.L800FB048'
C:\Tools\mips-ps1\mips\bin\mipsel-none-elf-ld.exe: (.rodata+0x2e5c): undefined reference to `.L800FB048'
C:\Tools\mips-ps1\mips\bin\mipsel-none-elf-ld.exe: (.rodata+0x2e60): undefined reference to `.L800FB048'
C:\Tools\mips-ps1\mips\bin\mipsel-none-elf-ld.exe: (.rodata+0x2e64): undefined reference to `.L800FB048'
C:\Tools\mips-ps1\mips\bin\mipsel-none-elf-ld.exe: build/asm/data/rdata_80054548.rodata.s.o:(.rodata+0x2e68): more undefined references to `.L800FB048' follow
C:\Tools\mips-ps1\mips\bin\mipsel-none-elf-ld.exe: build/asm/data/rdata_80054548.rodata.s.o: in function `jtbl_80057398':
(.rodata+0x2e78): undefined reference to `.L800FAE9C'
C:\Tools\mips-ps1\mips\bin\mipsel-none-elf-ld.exe: (.rodata+0x2e7c): undefined reference to `.L800FB048'
C:\Tools\mips-ps1\mips\bin\mipsel-none-elf-ld.exe: (.rodata+0x2e80): undefined reference to `.L800FB048'
C:\Tools\mips-ps1\mips\bin\mipsel-none-elf-ld.exe: (.rodata+0x2e84): undefined reference to `.L800FB048'
C:\Tools\mips-ps1\mips\bin\mipsel-none-elf-ld.exe: (.rodata+0x2e88): undefined reference to `.L800FB048'
C:\Tools\mips-ps1\mips\bin\mipsel-none-elf-ld.exe: (.rodata+0x2e8c): undefined reference to `.L800FB048'
C:\Tools\mips-ps1\mips\bin\mipsel-none-elf-ld.exe: build/asm/data/rdata_80054548.rodata.s.o:(.rodata+0x2e90): more undefined references to `.L800FB048' follow
C:\Tools\mips-ps1\mips\bin\mipsel-none-elf-ld.exe: build/asm/data/rdata_80054548.rodata.s.o: in function `jtbl_80057398':
(.rodata+0x2ea4): undefined reference to `.L800FAF00'
C:\Tools\mips-ps1\mips\bin\mipsel-none-elf-ld.exe: (.rodata+0x2ea8): undefined reference to `.L800FB048'
C:\Tools\mips-ps1\mips\bin\mipsel-none-elf-ld.exe: (.rodata+0x2eac): undefined reference to `.L800FB048'
C:\Tools\mips-ps1\mips\bin\mipsel-none-elf-ld.exe: (.rodata+0x2eb0): undefined reference to `.L800FB048'
C:\Tools\mips-ps1\mips\bin\mipsel-none-elf-ld.exe: (.rodata+0x2eb4): undefined reference to `.L800FB048'
C:\Tools\mips-ps1\mips\bin\mipsel-none-elf-ld.exe: (.rodata+0x2eb8): undefined reference to `.L800FB048'
C:\Tools\mips-ps1\mips\bin\mipsel-none-elf-ld.exe: build/asm/data/rdata_80054548.rodata.s.o:(.rodata+0x2ebc): more undefined references to `.L800FB048' follow
C:\Tools\mips-ps1\mips\bin\mipsel-none-elf-ld.exe: build/asm/data/rdata_80054548.rodata.s.o: in function `jtbl_80057398':
(.rodata+0x2ec8): undefined reference to `.L800FAF20'
C:\Tools\mips-ps1\mips\bin\mipsel-none-elf-ld.exe: (.rodata+0x2ecc): undefined reference to `.L800FAF4C'
C:\Tools\mips-ps1\mips\bin\mipsel-none-elf-ld.exe: build/asm/data/rdata_80054548.rodata.s.o: in function `jtbl_800574F0':
(.rodata+0x2fa8): undefined reference to `.L800FC280'
C:\Tools\mips-ps1\mips\bin\mipsel-none-elf-ld.exe: (.rodata+0x2fac): undefined reference to `.L800FC280'
C:\Tools\mips-ps1\mips\bin\mipsel-none-elf-ld.exe: (.rodata+0x2fb0): undefined reference to `.L800FC28C'
C:\Tools\mips-ps1\mips\bin\mipsel-none-elf-ld.exe: (.rodata+0x2fb4): undefined reference to `.L800FC288'
C:\Tools\mips-ps1\mips\bin\mipsel-none-elf-ld.exe: (.rodata+0x2fb8): undefined reference to `.L800FC28C'
C:\Tools\mips-ps1\mips\bin\mipsel-none-elf-ld.exe: (.rodata+0x2fbc): undefined reference to `.L800FC28C'
C:\Tools\mips-ps1\mips\bin\mipsel-none-elf-ld.exe: (.rodata+0x2fc0): undefined reference to `.L800FC28C'
C:\Tools\mips-ps1\mips\bin\mipsel-none-elf-ld.exe: (.rodata+0x2fc4): undefined reference to `.L800FC28C'
C:\Tools\mips-ps1\mips\bin\mipsel-none-elf-ld.exe: (.rodata+0x2fc8): undefined reference to `.L800FC28C'
C:\Tools\mips-ps1\mips\bin\mipsel-none-elf-ld.exe: (.rodata+0x2fcc): undefined reference to `.L800FC288'
C:\Tools\mips-ps1\mips\bin\mipsel-none-elf-ld.exe: (.rodata+0x2fd0): undefined reference to `.L800FC28C'
C:\Tools\mips-ps1\mips\bin\mipsel-none-elf-ld.exe: (.rodata+0x2fd4): undefined reference to `.L800FC28C'
C:\Tools\mips-ps1\mips\bin\mipsel-none-elf-ld.exe: (.rodata+0x2fd8): undefined reference to `.L800FC28C'
C:\Tools\mips-ps1\mips\bin\mipsel-none-elf-ld.exe: (.rodata+0x2fdc): undefined reference to `.L800FC28C'
C:\Tools\mips-ps1\mips\bin\mipsel-none-elf-ld.exe: (.rodata+0x2fe0): undefined reference to `.L800FC28C'
C:\Tools\mips-ps1\mips\bin\mipsel-none-elf-ld.exe: build/asm/data/rdata_80054548.rodata.s.o:(.rodata+0x2fe4): more undefined references to `.L800FC28C' follow
C:\Tools\mips-ps1\mips\bin\mipsel-none-elf-ld.exe: build/asm/data/rdata_80054548.rodata.s.o: in function `jtbl_800574F0':
(.rodata+0x2fec): undefined reference to `.L800FC288'
C:\Tools\mips-ps1\mips\bin\mipsel-none-elf-ld.exe: build/asm/data/rdata_80054548.rodata.s.o: in function `jtbl_80057538':
(.rodata+0x2ff0): undefined reference to `.L800FC2C4'
C:\Tools\mips-ps1\mips\bin\mipsel-none-elf-ld.exe: (.rodata+0x2ff4): undefined reference to `.L800FC2F0'
C:\Tools\mips-ps1\mips\bin\mipsel-none-elf-ld.exe: (.rodata+0x2ff8): undefined reference to `.L800FC2F0'
C:\Tools\mips-ps1\mips\bin\mipsel-none-elf-ld.exe: (.rodata+0x2ffc): undefined reference to `.L800FC2CC'
C:\Tools\mips-ps1\mips\bin\mipsel-none-elf-ld.exe: (.rodata+0x3000): undefined reference to `.L800FC2F0'
C:\Tools\mips-ps1\mips\bin\mipsel-none-elf-ld.exe: (.rodata+0x3004): undefined reference to `.L800FC2F0'
C:\Tools\mips-ps1\mips\bin\mipsel-none-elf-ld.exe: (.rodata+0x3008): undefined reference to `.L800FC2F0'
C:\Tools\mips-ps1\mips\bin\mipsel-none-elf-ld.exe: (.rodata+0x300c): undefined reference to `.L800FC2D4'
C:\Tools\mips-ps1\mips\bin\mipsel-none-elf-ld.exe: (.rodata+0x3010): undefined reference to `.L800FC2F0'
C:\Tools\mips-ps1\mips\bin\mipsel-none-elf-ld.exe: (.rodata+0x3014): undefined reference to `.L800FC2F0'
C:\Tools\mips-ps1\mips\bin\mipsel-none-elf-ld.exe: (.rodata+0x3018): undefined reference to `.L800FC2F0'
C:\Tools\mips-ps1\mips\bin\mipsel-none-elf-ld.exe: (.rodata+0x301c): undefined reference to `.L800FC2F0'
C:\Tools\mips-ps1\mips\bin\mipsel-none-elf-ld.exe: (.rodata+0x3020): undefined reference to `.L800FC2F0'
C:\Tools\mips-ps1\mips\bin\mipsel-none-elf-ld.exe: build/asm/data/rdata_80054548.rodata.s.o:(.rodata+0x3024): more undefined references to `.L800FC2F0' follow
C:\Tools\mips-ps1\mips\bin\mipsel-none-elf-ld.exe: build/asm/data/rdata_80054548.rodata.s.o: in function `jtbl_80057538':
(.rodata+0x3028): undefined reference to `.L800FC2DC'
C:\Tools\mips-ps1\mips\bin\mipsel-none-elf-ld.exe: (.rodata+0x302c): undefined reference to `.L800FC2DC'
C:\Tools\mips-ps1\mips\bin\mipsel-none-elf-ld.exe: (.rodata+0x3030): undefined reference to `.L800FC2F0'
C:\Tools\mips-ps1\mips\bin\mipsel-none-elf-ld.exe: (.rodata+0x3034): undefined reference to `.L800FC2F0'
C:\Tools\mips-ps1\mips\bin\mipsel-none-elf-ld.exe: (.rodata+0x3038): undefined reference to `.L800FC2F0'
C:\Tools\mips-ps1\mips\bin\mipsel-none-elf-ld.exe: (.rodata+0x303c): undefined reference to `.L800FC2F0'
C:\Tools\mips-ps1\mips\bin\mipsel-none-elf-ld.exe: (.rodata+0x3040): undefined reference to `.L800FC2F0'
C:\Tools\mips-ps1\mips\bin\mipsel-none-elf-ld.exe: build/asm/data/rdata_80054548.rodata.s.o:(.rodata+0x3044): more undefined references to `.L800FC2F0' follow
C:\Tools\mips-ps1\mips\bin\mipsel-none-elf-ld.exe: build/asm/data/rdata_80054548.rodata.s.o: in function `jtbl_80057538':
(.rodata+0x304c): undefined reference to `.L800FC2E4'
C:\Tools\mips-ps1\mips\bin\mipsel-none-elf-ld.exe: (.rodata+0x3050): undefined reference to `.L800FC2F0'
C:\Tools\mips-ps1\mips\bin\mipsel-none-elf-ld.exe: (.rodata+0x3054): undefined reference to `.L800FC2F0'
C:\Tools\mips-ps1\mips\bin\mipsel-none-elf-ld.exe: (.rodata+0x3058): undefined reference to `.L800FC2F0'
C:\Tools\mips-ps1\mips\bin\mipsel-none-elf-ld.exe: (.rodata+0x305c): undefined reference to `.L800FC2F0'
C:\Tools\mips-ps1\mips\bin\mipsel-none-elf-ld.exe: (.rodata+0x3060): undefined reference to `.L800FC2F0'
C:\Tools\mips-ps1\mips\bin\mipsel-none-elf-ld.exe: build/asm/data/rdata_80054548.rodata.s.o:(.rodata+0x3064): more undefined references to `.L800FC2F0' follow
C:\Tools\mips-ps1\mips\bin\mipsel-none-elf-ld.exe: build/asm/data/rdata_80054548.rodata.s.o: in function `jtbl_80057538':
(.rodata+0x306c): undefined reference to `.L800FC2EC'
C:\Tools\mips-ps1\mips\bin\mipsel-none-elf-ld.exe: build/asm/data/rdata_80054548.rodata.s.o: in function `jtbl_800577E8':
(.rodata+0x32a0): undefined reference to `.L80107428'
C:\Tools\mips-ps1\mips\bin\mipsel-none-elf-ld.exe: (.rodata+0x32a4): undefined reference to `.L801073DC'
C:\Tools\mips-ps1\mips\bin\mipsel-none-elf-ld.exe: (.rodata+0x32a8): undefined reference to `.L801072DC'
C:\Tools\mips-ps1\mips\bin\mipsel-none-elf-ld.exe: (.rodata+0x32ac): undefined reference to `.L801074A8'
C:\Tools\mips-ps1\mips\bin\mipsel-none-elf-ld.exe: (.rodata+0x32b0): undefined reference to `.L80107528'
C:\Tools\mips-ps1\mips\bin\mipsel-none-elf-ld.exe: build/asm/data/rdata_80054548.rodata.s.o: in function `jtbl_80057968':
(.rodata+0x3420): undefined reference to `.L8010B358'
C:\Tools\mips-ps1\mips\bin\mipsel-none-elf-ld.exe: (.rodata+0x3424): undefined reference to `.L8010B38C'
C:\Tools\mips-ps1\mips\bin\mipsel-none-elf-ld.exe: (.rodata+0x3428): undefined reference to `.L8010B38C'
C:\Tools\mips-ps1\mips\bin\mipsel-none-elf-ld.exe: (.rodata+0x342c): undefined reference to `.L8010B358'
C:\Tools\mips-ps1\mips\bin\mipsel-none-elf-ld.exe: (.rodata+0x3430): undefined reference to `.L8010B38C'
C:\Tools\mips-ps1\mips\bin\mipsel-none-elf-ld.exe: scratchpad/w64a18/proofwork/data_8010CCD4.data.s.ctl.o: in function `Device_gDeviceList':
(.data+0x11f48): undefined reference to `Device_Null__FUl'
C:\Tools\mips-ps1\mips\bin\mipsel-none-elf-ld.exe: (.data+0x11f54): undefined reference to `Device_Analog__FUl'
C:\Tools\mips-ps1\mips\bin\mipsel-none-elf-ld.exe: (.data+0x11f60): undefined reference to `Device_PSXPad__FUl'
C:\Tools\mips-ps1\mips\bin\mipsel-none-elf-ld.exe: (.data+0x11f6c): undefined reference to `Device_PSXPadMulti__FUl'
C:\Tools\mips-ps1\mips\bin\mipsel-none-elf-ld.exe: scratchpad/w64a18/proofwork/data_8010CCD4.data.s.ctl.o: in function `D_80123654':
(.data+0x16984): undefined reference to `_que_ref'
C:\Tools\mips-ps1\mips\bin\mipsel-none-elf-ld.exe: (.data+0x16988): undefined reference to `_gpu_que_push'
C:\Tools\mips-ps1\mips\bin\mipsel-none-elf-ld.exe: (.data+0x1698c): undefined reference to `_BlitClear'
C:\Tools\mips-ps1\mips\bin\mipsel-none-elf-ld.exe: (.data+0x16990): undefined reference to `_send_gp1'
C:\Tools\mips-ps1\mips\bin\mipsel-none-elf-ld.exe: (.data+0x16994): undefined reference to `_send_gp0'
C:\Tools\mips-ps1\mips\bin\mipsel-none-elf-ld.exe: (.data+0x16998): undefined reference to `_gpu_dma_chain'
C:\Tools\mips-ps1\mips\bin\mipsel-none-elf-ld.exe: (.data+0x1699c): undefined reference to `_drs'
C:\Tools\mips-ps1\mips\bin\mipsel-none-elf-ld.exe: (.data+0x169a0): undefined reference to `_dws'
C:\Tools\mips-ps1\mips\bin\mipsel-none-elf-ld.exe: (.data+0x169a4): undefined reference to `_gpu_que_drain'
C:\Tools\mips-ps1\mips\bin\mipsel-none-elf-ld.exe: (.data+0x169a8): undefined reference to `_get_gp1'
C:\Tools\mips-ps1\mips\bin\mipsel-none-elf-ld.exe: (.data+0x169ac): undefined reference to `_clearOTagR_dma'
C:\Tools\mips-ps1\mips\bin\mipsel-none-elf-ld.exe: (.data+0x169b0): undefined reference to `_get_gpuinfo'
C:\Tools\mips-ps1\mips\bin\mipsel-none-elf-ld.exe: (.data+0x169b4): undefined reference to `_reset'
C:\Tools\mips-ps1\mips\bin\mipsel-none-elf-ld.exe: (.data+0x169b8): undefined reference to `_get_status'
C:\Tools\mips-ps1\mips\bin\mipsel-none-elf-ld.exe: (.data+0x169bc): undefined reference to `_sync'
C:\Tools\mips-ps1\mips\bin\mipsel-none-elf-ld.exe: scratchpad/w64a18/proofwork/data_8010CCD4.data.s.ctl.o: in function `GPU_printf':
(.data+0x169c4): undefined reference to `printf'
C:\Tools\mips-ps1\mips\bin\mipsel-none-elf-ld.exe: scratchpad/w64a18/proofwork/data_8010CCD4.data.s.ctl.o: in function `D_80135B60':
(.data+0x28e94): undefined reference to `_set_intr_callback'
C:\Tools\mips-ps1\mips\bin\mipsel-none-elf-ld.exe: (.data+0x28e98): undefined reference to `_initIntr'
C:\Tools\mips-ps1\mips\bin\mipsel-none-elf-ld.exe: (.data+0x28e9c): undefined reference to `StopCallback'
C:\Tools\mips-ps1\mips\bin\mipsel-none-elf-ld.exe: (.data+0x28ea4): undefined reference to `RestartCallback'
C:\Tools\mips-ps1\mips\bin\mipsel-none-elf-ld.exe: scratchpad/w64a18/proofwork/data_8010CCD4.data.s.ctl.o: in function `padIntFunc':
(.data+0x2f640): undefined reference to `_padIntInit'
C:\Tools\mips-ps1\mips\bin\mipsel-none-elf-ld.exe: (.data+0x2f644): undefined reference to `_padIntQuery'
C:\Tools\mips-ps1\mips\bin\mipsel-none-elf-ld.exe: (.data+0x2f648): undefined reference to `_padIntRecvId'
C:\Tools\mips-ps1\mips\bin\mipsel-none-elf-ld.exe: (.data+0x2f64c): undefined reference to `_padIntRecvHdr'
C:\Tools\mips-ps1\mips\bin\mipsel-none-elf-ld.exe: (.data+0x2f650): undefined reference to `_padIntRecvData'
